CarreraKey,CarreraID,Carrera,AreaConocimiento,Cine2013Area,Cine2013Subarea,ClasificacionCarrera1,ClasificacionCarrera2,AcreditacionCarrera
2023|I171S1C64J4V1,I171S1C64J4V1,ADMINISTRACION COMERCIAL,Administración y Comercio,Administración de Empresas y Derecho,Educación Comercial y Administración,Técnico de Nivel Superior,Carreras Técnicas,NO ACREDITADA
2023|I426S1C2J4V1,I426S1C2J4V1,ADMINISTRACION COMERCIAL,Administración y Comercio,Administración de Empresas y Derecho,Educación Comercial y Administración,Técnico de Nivel Superior,Carreras Técnicas,NO ACREDITADA
2023|I426S1C2J4V2,I426S1C2J4V2,ADMINISTRACION COMERCIAL,Administración y Comercio,Administración de Empresas y Derecho,Educación Comercial y Administración,Técnico de Nivel Superior,Carreras Técnicas,NO ACREDITADA
2024|I171S1C64J4V1,I171S1C64J4V1,ADMINISTRACION COMERCIAL,Administración y Comercio,Administración de Empresas y Derecho,Educación Comercial y Administración,Técnico de Nivel Superior,Carreras Técnicas,NO ACREDITADA
2025|I171S1C64J4V1,I171S1C64J4V1,ADMINISTRACION COMERCIAL,Administración y Comercio,Administración de Empresas y Derecho,Educación Comercial y Administración,Técnico de Nivel Superior,Carreras Técnicas,NO ACREDITADA
2026|I171S1C64J4V1,I171S1C64J4V1,ADMINISTRACION COMERCIAL,Administración y Comercio,Administración de Empresas y Derecho,Educación Comercial y Administración,Técnico de Nivel Superior,Carreras Técnicas,NO ACREDITADA
2023|I426S1C54J4V1,I426S1C54J4V1,ADMINISTRACION DE EMPRESAS,Administración y Comercio,Administración de Empresas y Derecho,Educación Comercial y Administración,Técnico de Nivel Superior,Carreras Técnicas,NO ACREDITADA
2024|I111S27C518J4V1,I111S27C518J4V1,ADMINISTRACION DE EMPRESAS,Administración y Comercio,Administración de Empresas y Derecho,Educación Comercial y Administración,Técnico de Nivel Superior,Carreras Técnicas,NO ACREDITADA
2024|I214S1C28J4V2,I214S1C28J4V2,ADMINISTRACION DE EMPRESAS,Administración y Comercio,Administración de Empresas y Derecho,Educación Comercial y Administración,Técnico de Nivel Superior,Carreras Técnicas,NO ACREDITADA
2024|I430S40C201J4V1,I430S40C201J4V1,ADMINISTRACION DE EMPRESAS,Administración y Comercio,Administración de Empresas y Derecho,Educación Comercial y Administración,Técnico de Nivel Superior,Carreras Técnicas,NO ACREDITADA
2025|I111S27C518J4V1,I111S27C518J4V1,ADMINISTRACION DE EMPRESAS,Administración y Comercio,Administración de Empresas y Derecho,Educación Comercial y Administración,Técnico de Nivel Superior,Carreras Técnicas,NO ACREDITADA
2025|I430S40C201J4V1,I430S40C201J4V1,ADMINISTRACION DE EMPRESAS,Administración y Comercio,Administración de Empresas y Derecho,Educación Comercial y Administración,Técnico de Nivel Superior,Carreras Técnicas,NO ACREDITADA
2026|I100S43C350J4V1,I100S43C350J4V1,ADMINISTRACION DE EMPRESAS,Administración y Comercio,Administración de Empresas y Derecho,Educación Comercial y Administración,Técnico de Nivel Superior,Carreras Técnicas,NO ACREDITADA
2026|I111S27C518J4V1,I111S27C518J4V1,ADMINISTRACION DE EMPRESAS,Administración y Comercio,Administración de Empresas y Derecho,Educación Comercial y Administración,Técnico de Nivel Superior,Carreras Técnicas,NO ACREDITADA
2026|I143S28C651J4V1,I143S28C651J4V1,ADMINISTRACION DE EMPRESAS,Administración y Comercio,Administración de Empresas y Derecho,Educación Comercial y Administración,Técnico de Nivel Superior,Carreras Técnicas,NO ACREDITADA
2026|I143S5C651J3V1,I143S5C651J3V1,ADMINISTRACION DE EMPRESAS,Administración y Comercio,Administración de Empresas y Derecho,Educación Comercial y Administración,Técnico de Nivel Superior,Carreras Técnicas,NO ACREDITADA
2023|I111S12C285J2V1,I111S12C285J2V1,ADMINISTRACION DE EMPRESAS MENCION MARKETING PEV,Administración y Comercio,Administración de Empresas y Derecho,Educación Comercial y Administración,Técnico de Nivel Superior,Carreras Técnicas,NO ACREDITADA
2023|I111S3C285J2V1,I111S3C285J2V1,ADMINISTRACION DE EMPRESAS MENCION MARKETING PEV,Administración y Comercio,Administración de Empresas y Derecho,Educación Comercial y Administración,Técnico de Nivel Superior,Carreras Técnicas,NO ACREDITADA
2023|I111S4C285J2V1,I111S4C285J2V1,ADMINISTRACION DE EMPRESAS MENCION MARKETING PEV,Administración y Comercio,Administración de Empresas y Derecho,Educación Comercial y Administración,Técnico de Nivel Superior,Carreras Técnicas,NO ACREDITADA
2023|I111S5C285J2V1,I111S5C285J2V1,ADMINISTRACION DE EMPRESAS MENCION MARKETING PEV,Administración y Comercio,Administración de Empresas y Derecho,Educación Comercial y Administración,Técnico de Nivel Superior,Carreras Técnicas,NO ACREDITADA
2023|I111S9C285J2V1,I111S9C285J2V1,ADMINISTRACION DE EMPRESAS MENCION MARKETING PEV,Administración y Comercio,Administración de Empresas y Derecho,Educación Comercial y Administración,Técnico de Nivel Superior,Carreras Técnicas,NO ACREDITADA
2024|I111S15C285J2V1,I111S15C285J2V1,ADMINISTRACION DE EMPRESAS MENCION MARKETING PEV,Administración y Comercio,Administración de Empresas y Derecho,Educación Comercial y Administración,Técnico de Nivel Superior,Carreras Técnicas,NO ACREDITADA
2024|I111S22C285J2V1,I111S22C285J2V1,ADMINISTRACION DE EMPRESAS MENCION MARKETING PEV,Administración y Comercio,Administración de Empresas y Derecho,Educación Comercial y Administración,Técnico de Nivel Superior,Carreras Técnicas,NO ACREDITADA
2024|I111S3C285J2V1,I111S3C285J2V1,ADMINISTRACION DE EMPRESAS MENCION MARKETING PEV,Administración y Comercio,Administración de Empresas y Derecho,Educación Comercial y Administración,Técnico de Nivel Superior,Carreras Técnicas,NO ACREDITADA
2024|I111S9C285J2V1,I111S9C285J2V1,ADMINISTRACION DE EMPRESAS MENCION MARKETING PEV,Administración y Comercio,Administración de Empresas y Derecho,Educación Comercial y Administración,Técnico de Nivel Superior,Carreras Técnicas,NO ACREDITADA
2025|I111S15C285J2V1,I111S15C285J2V1,ADMINISTRACION DE EMPRESAS MENCION MARKETING PEV,Administración y Comercio,Administración de Empresas y Derecho,Educación Comercial y Administración,Técnico de Nivel Superior,Carreras Técnicas,NO ACREDITADA
2023|I701S0C3J4V1,I701S0C3J4V1,ADMINISTRACION DE EMPRESAS MENCION MARKETING Y VENTAS O COMERCIO EXTERIOR O GESTION DEL CAPITAL HUMANO,Administración y Comercio,Administración de Empresas y Derecho,Educación Comercial y Administración,Técnico de Nivel Superior,Carreras Técnicas,NO ACREDITADA
2024|I701S0C3J4V1,I701S0C3J4V1,ADMINISTRACION DE EMPRESAS MENCION MARKETING Y VENTAS O COMERCIO EXTERIOR O GESTION DEL CAPITAL HUMANO,Administración y Comercio,Administración de Empresas y Derecho,Educación Comercial y Administración,Técnico de Nivel Superior,Carreras Técnicas,NO ACREDITADA
2025|I701S0C3J4V1,I701S0C3J4V1,ADMINISTRACION DE EMPRESAS MENCION MARKETING Y VENTAS O COMERCIO EXTERIOR O GESTION DEL CAPITAL HUMANO,Administración y Comercio,Administración de Empresas y Derecho,Educación Comercial y Administración,Técnico de Nivel Superior,Carreras Técnicas,NO ACREDITADA
2026|I701S0C3J4V1,I701S0C3J4V1,ADMINISTRACION DE EMPRESAS MENCION MARKETING Y VENTAS O COMERCIO EXTERIOR O GESTION DEL CAPITAL HUMANO,Administración y Comercio,Administración de Empresas y Derecho,Educación Comercial y Administración,Técnico de Nivel Superior,Carreras Técnicas,NO ACREDITADA
2026|I257S1C125J4V1,I257S1C125J4V1,ADMINISTRACION DE PROCESOS MINEROS,Administración y Comercio,Administración de Empresas y Derecho,Educación Comercial y Administración,Técnico de Nivel Superior,Carreras Técnicas,NO ACREDITADA
2023|I426S1C13J4V2,I426S1C13J4V2,ADMINISTRACION DE RECURSOS HUMANOS,Administración y Comercio,Administración de Empresas y Derecho,Educación Comercial y Administración,Técnico de Nivel Superior,Carreras Técnicas,NO ACREDITADA
2023|I111S20C278J2V1,I111S20C278J2V1,ADMINISTRACION DE RECURSOS HUMANOS PEV,Administración y Comercio,Administración de Empresas y Derecho,Educación Comercial y Administración,Técnico de Nivel Superior,Carreras Técnicas,NO ACREDITADA
2023|I111S3C278J2V1,I111S3C278J2V1,ADMINISTRACION DE RECURSOS HUMANOS PEV,Administración y Comercio,Administración de Empresas y Derecho,Educación Comercial y Administración,Técnico de Nivel Superior,Carreras Técnicas,NO ACREDITADA
2023|I111S4C278J2V1,I111S4C278J2V1,ADMINISTRACION DE RECURSOS HUMANOS PEV,Administración y Comercio,Administración de Empresas y Derecho,Educación Comercial y Administración,Técnico de Nivel Superior,Carreras Técnicas,NO ACREDITADA
2025|I111S4C278J2V1,I111S4C278J2V1,ADMINISTRACION DE RECURSOS HUMANOS PEV,Administración y Comercio,Administración de Empresas y Derecho,Educación Comercial y Administración,Técnico de Nivel Superior,Carreras Técnicas,NO ACREDITADA
2024|I214S1C330J4V3,I214S1C330J4V3,ADMINISTRACION DE SEGURIDAD,Administración y Comercio,Servicios,Servicios de Seguridad,Técnico de Nivel Superior,Carreras Técnicas,NO ACREDITADA
2023|I426S1C1J4V1,I426S1C1J4V1,ADMINISTRACION EN COMERCIO EXTERIOR,Administración y Comercio,Administración de Empresas y Derecho,Educación Comercial y Administración,Técnico de Nivel Superior,Carreras Técnicas,NO ACREDITADA
2023|I426S1C1J4V2,I426S1C1J4V2,ADMINISTRACION EN COMERCIO EXTERIOR,Administración y Comercio,Administración de Empresas y Derecho,Educación Comercial y Administración,Técnico de Nivel Superior,Carreras Técnicas,NO ACREDITADA
2024|I171S1C65J4V1,I171S1C65J4V1,ADMINISTRACION EN COMERCIO EXTERIOR,Administración y Comercio,Administración de Empresas y Derecho,Educación Comercial y Administración,Técnico de Nivel Superior,Carreras Técnicas,NO ACREDITADA
2025|I171S1C65J4V1,I171S1C65J4V1,ADMINISTRACION EN COMERCIO EXTERIOR,Administración y Comercio,Administración de Empresas y Derecho,Educación Comercial y Administración,Técnico de Nivel Superior,Carreras Técnicas,NO ACREDITADA
2026|I171S1C65J4V1,I171S1C65J4V1,ADMINISTRACION EN COMERCIO EXTERIOR,Administración y Comercio,Administración de Empresas y Derecho,Educación Comercial y Administración,Técnico de Nivel Superior,Carreras Técnicas,NO ACREDITADA
2026|I143S26C715J3V1,I143S26C715J3V1,ADMINISTRACION EN EMPRESAS GASTRONOMICAS,Administración y Comercio,Servicios,Servicios personales,Profesional Sin Licenciatura,Carreras Profesionales,NO ACREDITADA
2023|I171S1C41J4V1,I171S1C41J4V1,ADMINISTRACION EN RECURSOS HUMANOS,Administración y Comercio,Administración de Empresas y Derecho,Educación Comercial y Administración,Técnico de Nivel Superior,Carreras Técnicas,NO ACREDITADA
2023|I426S1C13J4V1,I426S1C13J4V1,ADMINISTRACION EN RECURSOS HUMANOS,Administración y Comercio,Administración de Empresas y Derecho,Educación Comercial y Administración,Técnico de Nivel Superior,Carreras Técnicas,NO ACREDITADA
2024|I171S1C41J4V1,I171S1C41J4V1,ADMINISTRACION EN RECURSOS HUMANOS,Administración y Comercio,Administración de Empresas y Derecho,Educación Comercial y Administración,Técnico de Nivel Superior,Carreras Técnicas,NO ACREDITADA
2025|I171S1C41J4V1,I171S1C41J4V1,ADMINISTRACION EN RECURSOS HUMANOS,Administración y Comercio,Administración de Empresas y Derecho,Educación Comercial y Administración,Técnico de Nivel Superior,Carreras Técnicas,NO ACREDITADA
2026|I171S1C41J4V1,I171S1C41J4V1,ADMINISTRACION EN RECURSOS HUMANOS,Administración y Comercio,Administración de Empresas y Derecho,Educación Comercial y Administración,Técnico de Nivel Superior,Carreras Técnicas,NO ACREDITADA
2023|I111S12C259J2V1,I111S12C259J2V1,ADMINISTRACION FINANCIERA PEV,Administración y Comercio,Administración de Empresas y Derecho,Educación Comercial y Administración,Técnico de Nivel Superior,Carreras Técnicas,NO ACREDITADA
2023|I111S20C259J2V1,I111S20C259J2V1,ADMINISTRACION FINANCIERA PEV,Administración y Comercio,Administración de Empresas y Derecho,Educación Comercial y Administración,Técnico de Nivel Superior,Carreras Técnicas,NO ACREDITADA
2023|I111S21C259J2V1,I111S21C259J2V1,ADMINISTRACION FINANCIERA PEV,Administración y Comercio,Administración de Empresas y Derecho,Educación Comercial y Administración,Técnico de Nivel Superior,Carreras Técnicas,NO ACREDITADA
2023|I111S22C259J2V1,I111S22C259J2V1,ADMINISTRACION FINANCIERA PEV,Administración y Comercio,Administración de Empresas y Derecho,Educación Comercial y Administración,Técnico de Nivel Superior,Carreras Técnicas,NO ACREDITADA
2023|I111S9C259J2V1,I111S9C259J2V1,ADMINISTRACION FINANCIERA PEV,Administración y Comercio,Administración de Empresas y Derecho,Educación Comercial y Administración,Técnico de Nivel Superior,Carreras Técnicas,NO ACREDITADA
2024|I111S12C259J2V1,I111S12C259J2V1,ADMINISTRACION FINANCIERA PEV,Administración y Comercio,Administración de Empresas y Derecho,Educación Comercial y Administración,Técnico de Nivel Superior,Carreras Técnicas,NO ACREDITADA
2024|I111S15C259J2V1,I111S15C259J2V1,ADMINISTRACION FINANCIERA PEV,Administración y Comercio,Administración de Empresas y Derecho,Educación Comercial y Administración,Técnico de Nivel Superior,Carreras Técnicas,NO ACREDITADA
2024|I111S22C259J2V1,I111S22C259J2V1,ADMINISTRACION FINANCIERA PEV,Administración y Comercio,Administración de Empresas y Derecho,Educación Comercial y Administración,Técnico de Nivel Superior,Carreras Técnicas,NO ACREDITADA
2025|I111S22C259J2V1,I111S22C259J2V1,ADMINISTRACION FINANCIERA PEV,Administración y Comercio,Administración de Empresas y Derecho,Educación Comercial y Administración,Técnico de Nivel Superior,Carreras Técnicas,NO ACREDITADA
2026|I111S9C259J2V1,I111S9C259J2V1,ADMINISTRACION FINANCIERA PEV,Administración y Comercio,Administración de Empresas y Derecho,Educación Comercial y Administración,Técnico de Nivel Superior,Carreras Técnicas,NO ACREDITADA
2024|I152S10C432J3V1,I152S10C432J3V1,ADMINISTRACION GASTRONOMICA INTERNACIONAL Y CULTURAL,Administración y Comercio,Servicios,Servicios personales,Profesional Sin Licenciatura,Carreras Profesionales,NO ACREDITADA
2025|I152S10C432J3V1,I152S10C432J3V1,ADMINISTRACION GASTRONOMICA INTERNACIONAL Y CULTURAL,Administración y Comercio,Servicios,Servicios personales,Profesional Sin Licenciatura,Carreras Profesionales,NO ACREDITADA
2026|I152S10C432J3V1,I152S10C432J3V1,ADMINISTRACION GASTRONOMICA INTERNACIONAL Y CULTURAL,Administración y Comercio,Servicios,Servicios personales,Profesional Sin Licenciatura,Carreras Profesionales,NO ACREDITADA
2024|I152S10C471J4V1,I152S10C471J4V1,ADMINISTRACION TURISTICA,Administración y Comercio,Servicios,Servicios personales,Profesional Sin Licenciatura,Carreras Profesionales,NO ACREDITADA
2025|I152S10C471J4V1,I152S10C471J4V1,ADMINISTRACION TURISTICA,Administración y Comercio,Servicios,Servicios personales,Profesional Sin Licenciatura,Carreras Profesionales,NO ACREDITADA
2026|I152S10C471J4V1,I152S10C471J4V1,ADMINISTRACION TURISTICA,Administración y Comercio,Servicios,Servicios personales,Profesional Sin Licenciatura,Carreras Profesionales,NO ACREDITADA
2023|I9S1C359J4V1,I9S1C359J4V1,ADVANCE INGENIERIA COMERCIAL,Administración y Comercio,Administración de Empresas y Derecho,Educación Comercial y Administración,Profesional Con Licenciatura,Carreras Profesionales,NO ACREDITADA
2024|I9S1C359J4V1,I9S1C359J4V1,ADVANCE INGENIERIA COMERCIAL,Administración y Comercio,Administración de Empresas y Derecho,Educación Comercial y Administración,Profesional Con Licenciatura,Carreras Profesionales,NO ACREDITADA
2025|I9S1C359J4V1,I9S1C359J4V1,ADVANCE INGENIERIA COMERCIAL,Administración y Comercio,Administración de Empresas y Derecho,Educación Comercial y Administración,Profesional Con Licenciatura,Carreras Profesionales,NO ACREDITADA
2026|I9S1C359J4V1,I9S1C359J4V1,ADVANCE INGENIERIA COMERCIAL,Administración y Comercio,Administración de Empresas y Derecho,Educación Comercial y Administración,Profesional Con Licenciatura,Carreras Profesionales,NO ACREDITADA
2023|I701S0C2J3V1,I701S0C2J3V1,ASISTENTE EJECUTIVO BILINGÜE,Administración y Comercio,Administración de Empresas y Derecho,Educación Comercial y Administración,Técnico de Nivel Superior,Carreras Técnicas,NO ACREDITADA
2024|I701S0C2J3V1,I701S0C2J3V1,ASISTENTE EJECUTIVO BILINGÜE,Administración y Comercio,Administración de Empresas y Derecho,Educación Comercial y Administración,Técnico de Nivel Superior,Carreras Técnicas,NO ACREDITADA
2024|I701S0C2J4V1,I701S0C2J4V1,ASISTENTE EJECUTIVO BILINGÜE,Administración y Comercio,Administración de Empresas y Derecho,Educación Comercial y Administración,Técnico de Nivel Superior,Carreras Técnicas,NO ACREDITADA
2025|I701S0C2J3V1,I701S0C2J3V1,ASISTENTE EJECUTIVO BILINGÜE,Administración y Comercio,Administración de Empresas y Derecho,Educación Comercial y Administración,Técnico de Nivel Superior,Carreras Técnicas,NO ACREDITADA
2025|I701S0C2J4V1,I701S0C2J4V1,ASISTENTE EJECUTIVO BILINGÜE,Administración y Comercio,Administración de Empresas y Derecho,Educación Comercial y Administración,Técnico de Nivel Superior,Carreras Técnicas,NO ACREDITADA
2026|I701S0C2J3V1,I701S0C2J3V1,ASISTENTE EJECUTIVO BILINGÜE,Administración y Comercio,Administración de Empresas y Derecho,Educación Comercial y Administración,Técnico de Nivel Superior,Carreras Técnicas,NO ACREDITADA
2026|I701S0C2J4V1,I701S0C2J4V1,ASISTENTE EJECUTIVO BILINGÜE,Administración y Comercio,Administración de Empresas y Derecho,Educación Comercial y Administración,Técnico de Nivel Superior,Carreras Técnicas,NO ACREDITADA
2023|I701S0C30J3V1,I701S0C30J3V1,ASISTENTE EJECUTIVO Y DE GESTION,Administración y Comercio,Administración de Empresas y Derecho,Educación Comercial y Administración,Técnico de Nivel Superior,Carreras Técnicas,NO ACREDITADA
2023|I701S0C30J4V1,I701S0C30J4V1,ASISTENTE EJECUTIVO Y DE GESTION,Administración y Comercio,Administración de Empresas y Derecho,Educación Comercial y Administración,Técnico de Nivel Superior,Carreras Técnicas,NO ACREDITADA
2024|I701S0C30J3V1,I701S0C30J3V1,ASISTENTE EJECUTIVO Y DE GESTION,Administración y Comercio,Administración de Empresas y Derecho,Educación Comercial y Administración,Técnico de Nivel Superior,Carreras Técnicas,NO ACREDITADA
2024|I701S0C30J4V1,I701S0C30J4V1,ASISTENTE EJECUTIVO Y DE GESTION,Administración y Comercio,Administración de Empresas y Derecho,Educación Comercial y Administración,Técnico de Nivel Superior,Carreras Técnicas,NO ACREDITADA
2025|I701S0C30J3V1,I701S0C30J3V1,ASISTENTE EJECUTIVO Y DE GESTION,Administración y Comercio,Administración de Empresas y Derecho,Educación Comercial y Administración,Técnico de Nivel Superior,Carreras Técnicas,NO ACREDITADA
2025|I701S0C30J4V1,I701S0C30J4V1,ASISTENTE EJECUTIVO Y DE GESTION,Administración y Comercio,Administración de Empresas y Derecho,Educación Comercial y Administración,Técnico de Nivel Superior,Carreras Técnicas,NO ACREDITADA
2026|I701S0C30J3V1,I701S0C30J3V1,ASISTENTE EJECUTIVO Y DE GESTION,Administración y Comercio,Administración de Empresas y Derecho,Educación Comercial y Administración,Técnico de Nivel Superior,Carreras Técnicas,NO ACREDITADA
2026|I701S0C30J4V1,I701S0C30J4V1,ASISTENTE EJECUTIVO Y DE GESTION,Administración y Comercio,Administración de Empresas y Derecho,Educación Comercial y Administración,Técnico de Nivel Superior,Carreras Técnicas,NO ACREDITADA
2023|I111S15C6J2V2,I111S15C6J2V2,AUDITORIA,Administración y Comercio,Administración de Empresas y Derecho,Educación Comercial y Administración,Profesional Sin Licenciatura,Carreras Profesionales,NO ACREDITADA
2023|I111S5C6J2V2,I111S5C6J2V2,AUDITORIA,Administración y Comercio,Administración de Empresas y Derecho,Educación Comercial y Administración,Profesional Sin Licenciatura,Carreras Profesionales,NO ACREDITADA
2023|I123S1C9J4V1,I123S1C9J4V1,AUDITORIA,Administración y Comercio,Administración de Empresas y Derecho,Educación Comercial y Administración,Profesional Sin Licenciatura,Carreras Profesionales,NO ACREDITADA
2023|I123S1C9J4V3,I123S1C9J4V3,AUDITORIA,Administración y Comercio,Administración de Empresas y Derecho,Educación Comercial y Administración,Profesional Sin Licenciatura,Carreras Profesionales,NO ACREDITADA
2023|I123S2C9J4V1,I123S2C9J4V1,AUDITORIA,Administración y Comercio,Administración de Empresas y Derecho,Educación Comercial y Administración,Profesional Sin Licenciatura,Carreras Profesionales,NO ACREDITADA
2023|I123S2C9J4V3,I123S2C9J4V3,AUDITORIA,Administración y Comercio,Administración de Empresas y Derecho,Educación Comercial y Administración,Profesional Sin Licenciatura,Carreras Profesionales,NO ACREDITADA
2023|I123S3C9J4V1,I123S3C9J4V1,AUDITORIA,Administración y Comercio,Administración de Empresas y Derecho,Educación Comercial y Administración,Profesional Sin Licenciatura,Carreras Profesionales,NO ACREDITADA
2023|I123S3C9J4V3,I123S3C9J4V3,AUDITORIA,Administración y Comercio,Administración de Empresas y Derecho,Educación Comercial y Administración,Profesional Sin Licenciatura,Carreras Profesionales,NO ACREDITADA
2023|I123S5C9J4V1,I123S5C9J4V1,AUDITORIA,Administración y Comercio,Administración de Empresas y Derecho,Educación Comercial y Administración,Profesional Sin Licenciatura,Carreras Profesionales,NO ACREDITADA
2023|I143S13C73J3V1,I143S13C73J3V1,AUDITORIA,Administración y Comercio,Administración de Empresas y Derecho,Educación Comercial y Administración,Profesional Sin Licenciatura,Carreras Profesionales,NO ACREDITADA
2023|I143S28C73J4V1,I143S28C73J4V1,AUDITORIA,Administración y Comercio,Administración de Empresas y Derecho,Educación Comercial y Administración,Profesional Sin Licenciatura,Carreras Profesionales,NO ACREDITADA
2023|I152S10C9J4V3,I152S10C9J4V3,AUDITORIA,Administración y Comercio,Administración de Empresas y Derecho,Educación Comercial y Administración,Profesional Sin Licenciatura,Carreras Profesionales,NO ACREDITADA
2023|I152S10C9J4V4,I152S10C9J4V4,AUDITORIA,Administración y Comercio,Administración de Empresas y Derecho,Educación Comercial y Administración,Profesional Sin Licenciatura,Carreras Profesionales,NO ACREDITADA
2024|I111S5C6J2V2,I111S5C6J2V2,AUDITORIA,Administración y Comercio,Administración de Empresas y Derecho,Educación Comercial y Administración,Profesional Sin Licenciatura,Carreras Profesionales,NO ACREDITADA
2024|I123S1C9J4V1,I123S1C9J4V1,AUDITORIA,Administración y Comercio,Administración de Empresas y Derecho,Educación Comercial y Administración,Profesional Sin Licenciatura,Carreras Profesionales,NO ACREDITADA
2024|I123S2C9J4V1,I123S2C9J4V1,AUDITORIA,Administración y Comercio,Administración de Empresas y Derecho,Educación Comercial y Administración,Profesional Sin Licenciatura,Carreras Profesionales,NO ACREDITADA
2024|I123S2C9J4V3,I123S2C9J4V3,AUDITORIA,Administración y Comercio,Administración de Empresas y Derecho,Educación Comercial y Administración,Profesional Sin Licenciatura,Carreras Profesionales,NO ACREDITADA
2024|I123S3C9J4V1,I123S3C9J4V1,AUDITORIA,Administración y Comercio,Administración de Empresas y Derecho,Educación Comercial y Administración,Profesional Sin Licenciatura,Carreras Profesionales,NO ACREDITADA
2024|I123S3C9J4V3,I123S3C9J4V3,AUDITORIA,Administración y Comercio,Administración de Empresas y Derecho,Educación Comercial y Administración,Profesional Sin Licenciatura,Carreras Profesionales,NO ACREDITADA
2024|I123S5C9J4V1,I123S5C9J4V1,AUDITORIA,Administración y Comercio,Administración de Empresas y Derecho,Educación Comercial y Administración,Profesional Sin Licenciatura,Carreras Profesionales,NO ACREDITADA
2024|I143S28C73J4V1,I143S28C73J4V1,AUDITORIA,Administración y Comercio,Administración de Empresas y Derecho,Educación Comercial y Administración,Profesional Sin Licenciatura,Carreras Profesionales,NO ACREDITADA
2024|I152S10C9J4V3,I152S10C9J4V3,AUDITORIA,Administración y Comercio,Administración de Empresas y Derecho,Educación Comercial y Administración,Profesional Sin Licenciatura,Carreras Profesionales,NO ACREDITADA
2024|I68S1C4J4V1,I68S1C4J4V1,AUDITORIA,Administración y Comercio,Administración de Empresas y Derecho,Educación Comercial y Administración,Profesional Con Licenciatura,Carreras Profesionales,NO ACREDITADA
2025|I123S2C9J4V1,I123S2C9J4V1,AUDITORIA,Administración y Comercio,Administración de Empresas y Derecho,Educación Comercial y Administración,Profesional Sin Licenciatura,Carreras Profesionales,NO ACREDITADA
2025|I123S2C9J4V3,I123S2C9J4V3,AUDITORIA,Administración y Comercio,Administración de Empresas y Derecho,Educación Comercial y Administración,Profesional Sin Licenciatura,Carreras Profesionales,NO ACREDITADA
2025|I143S28C73J4V1,I143S28C73J4V1,AUDITORIA,Administración y Comercio,Administración de Empresas y Derecho,Educación Comercial y Administración,Profesional Sin Licenciatura,Carreras Profesionales,NO ACREDITADA
2025|I152S10C9J4V4,I152S10C9J4V4,AUDITORIA,Administración y Comercio,Administración de Empresas y Derecho,Educación Comercial y Administración,Profesional Sin Licenciatura,Carreras Profesionales,NO ACREDITADA
2025|I162S2C86J4V1,I162S2C86J4V1,AUDITORIA,Administración y Comercio,Administración de Empresas y Derecho,Educación Comercial y Administración,Profesional Sin Licenciatura,Carreras Profesionales,NO ACREDITADA
2025|I68S1C4J4V1,I68S1C4J4V1,AUDITORIA,Administración y Comercio,Administración de Empresas y Derecho,Educación Comercial y Administración,Profesional Con Licenciatura,Carreras Profesionales,NO ACREDITADA
2026|I123S2C9J4V1,I123S2C9J4V1,AUDITORIA,Administración y Comercio,Administración de Empresas y Derecho,Educación Comercial y Administración,Profesional Sin Licenciatura,Carreras Profesionales,NO ACREDITADA
2026|I123S2C9J4V3,I123S2C9J4V3,AUDITORIA,Administración y Comercio,Administración de Empresas y Derecho,Educación Comercial y Administración,Profesional Sin Licenciatura,Carreras Profesionales,NO ACREDITADA
2026|I123S5C9J4V1,I123S5C9J4V1,AUDITORIA,Administración y Comercio,Administración de Empresas y Derecho,Educación Comercial y Administración,Profesional Sin Licenciatura,Carreras Profesionales,NO ACREDITADA
2026|I143S28C73J4V1,I143S28C73J4V1,AUDITORIA,Administración y Comercio,Administración de Empresas y Derecho,Educación Comercial y Administración,Profesional Sin Licenciatura,Carreras Profesionales,NO ACREDITADA
2026|I152S10C9J4V3,I152S10C9J4V3,AUDITORIA,Administración y Comercio,Administración de Empresas y Derecho,Educación Comercial y Administración,Profesional Sin Licenciatura,Carreras Profesionales,NO ACREDITADA
2026|I162S2C86J4V1,I162S2C86J4V1,AUDITORIA,Administración y Comercio,Administración de Empresas y Derecho,Educación Comercial y Administración,Profesional Sin Licenciatura,Carreras Profesionales,NO ACREDITADA
2026|I68S1C4J4V1,I68S1C4J4V1,AUDITORIA,Administración y Comercio,Administración de Empresas y Derecho,Educación Comercial y Administración,Profesional Con Licenciatura,Carreras Profesionales,NO ACREDITADA
2023|I111S9C410J2V1,I111S9C410J2V1,AUDITORIA PEV,Administración y Comercio,Administración de Empresas y Derecho,Educación Comercial y Administración,Profesional Sin Licenciatura,Carreras Profesionales,NO ACREDITADA
2024|I111S9C410J2V1,I111S9C410J2V1,AUDITORIA PEV,Administración y Comercio,Administración de Empresas y Derecho,Educación Comercial y Administración,Profesional Sin Licenciatura,Carreras Profesionales,NO ACREDITADA
2025|I111S9C410J2V1,I111S9C410J2V1,AUDITORIA PEV,Administración y Comercio,Administración de Empresas y Derecho,Educación Comercial y Administración,Profesional Sin Licenciatura,Carreras Profesionales,NO ACREDITADA
2026|I111S9C410J2V1,I111S9C410J2V1,AUDITORIA PEV,Administración y Comercio,Administración de Empresas y Derecho,Educación Comercial y Administración,Profesional Sin Licenciatura,Carreras Profesionales,NO ACREDITADA
2026|I111S27C547J4V1,I111S27C547J4V1,AUDITORIA Y ANALISIS DE NEGOCIO,Administración y Comercio,Administración de Empresas y Derecho,Educación Comercial y Administración,Profesional Sin Licenciatura,Carreras Profesionales,NO ACREDITADA
2023|I701S0C42J4V1,I701S0C42J4V1,COMERCIO EXTERIOR,Administración y Comercio,Administración de Empresas y Derecho,Educación Comercial y Administración,Técnico de Nivel Superior,Carreras Técnicas,NO ACREDITADA
2024|I701S0C42J4V1,I701S0C42J4V1,COMERCIO EXTERIOR,Administración y Comercio,Administración de Empresas y Derecho,Educación Comercial y Administración,Técnico de Nivel Superior,Carreras Técnicas,NO ACREDITADA
2025|I430S40C2J4V1,I430S40C2J4V1,COMERCIO EXTERIOR,Administración y Comercio,Administración de Empresas y Derecho,Educación Comercial y Administración,Técnico de Nivel Superior,Carreras Técnicas,NO ACREDITADA
2025|I701S0C42J4V1,I701S0C42J4V1,COMERCIO EXTERIOR,Administración y Comercio,Administración de Empresas y Derecho,Educación Comercial y Administración,Técnico de Nivel Superior,Carreras Técnicas,NO ACREDITADA
2026|I100S43C353J4V1,I100S43C353J4V1,COMERCIO EXTERIOR,Administración y Comercio,Administración de Empresas y Derecho,Educación Comercial y Administración,Técnico de Nivel Superior,Carreras Técnicas,NO ACREDITADA
2026|I701S0C42J4V1,I701S0C42J4V1,COMERCIO EXTERIOR,Administración y Comercio,Administración de Empresas y Derecho,Educación Comercial y Administración,Técnico de Nivel Superior,Carreras Técnicas,NO ACREDITADA
2023|I152S10C295J4V4,I152S10C295J4V4,CONTABILIDAD,Administración y Comercio,Administración de Empresas y Derecho,Educación Comercial y Administración,Técnico de Nivel Superior,Carreras Técnicas,NO ACREDITADA
2024|I152S10C295J4V1,I152S10C295J4V1,CONTABILIDAD,Administración y Comercio,Administración de Empresas y Derecho,Educación Comercial y Administración,Técnico de Nivel Superior,Carreras Técnicas,NO ACREDITADA
2025|I152S10C295J4V4,I152S10C295J4V4,CONTABILIDAD,Administración y Comercio,Administración de Empresas y Derecho,Educación Comercial y Administración,Técnico de Nivel Superior,Carreras Técnicas,NO ACREDITADA
2026|I152S10C295J4V1,I152S10C295J4V1,CONTABILIDAD,Administración y Comercio,Administración de Empresas y Derecho,Educación Comercial y Administración,Técnico de Nivel Superior,Carreras Técnicas,NO ACREDITADA
2023|I117S1C30J4V1,I117S1C30J4V1,CONTABILIDAD GENERAL,Administración y Comercio,Administración de Empresas y Derecho,Educación Comercial y Administración,Técnico de Nivel Superior,Carreras Técnicas,ACREDITADA
2023|I123S1C49J4V1,I123S1C49J4V1,CONTABILIDAD GENERAL,Administración y Comercio,Administración de Empresas y Derecho,Educación Comercial y Administración,Técnico de Nivel Superior,Carreras Técnicas,NO ACREDITADA
2023|I123S2C49J4V1,I123S2C49J4V1,CONTABILIDAD GENERAL,Administración y Comercio,Administración de Empresas y Derecho,Educación Comercial y Administración,Técnico de Nivel Superior,Carreras Técnicas,NO ACREDITADA
2023|I123S3C49J4V1,I123S3C49J4V1,CONTABILIDAD GENERAL,Administración y Comercio,Administración de Empresas y Derecho,Educación Comercial y Administración,Técnico de Nivel Superior,Carreras Técnicas,NO ACREDITADA
2023|I123S5C49J4V1,I123S5C49J4V1,CONTABILIDAD GENERAL,Administración y Comercio,Administración de Empresas y Derecho,Educación Comercial y Administración,Técnico de Nivel Superior,Carreras Técnicas,NO ACREDITADA
2023|I143S13C9J3V1,I143S13C9J3V1,CONTABILIDAD GENERAL,Administración y Comercio,Administración de Empresas y Derecho,Educación Comercial y Administración,Técnico de Nivel Superior,Carreras Técnicas,NO ACREDITADA
2023|I143S26C9J3V1,I143S26C9J3V1,CONTABILIDAD GENERAL,Administración y Comercio,Administración de Empresas y Derecho,Educación Comercial y Administración,Técnico de Nivel Superior,Carreras Técnicas,NO ACREDITADA
2023|I143S28C9J4V1,I143S28C9J4V1,CONTABILIDAD GENERAL,Administración y Comercio,Administración de Empresas y Derecho,Educación Comercial y Administración,Técnico de Nivel Superior,Carreras Técnicas,NO ACREDITADA
2023|I171S1C42J4V1,I171S1C42J4V1,CONTABILIDAD GENERAL,Administración y Comercio,Administración de Empresas y Derecho,Educación Comercial y Administración,Técnico de Nivel Superior,Carreras Técnicas,NO ACREDITADA
2023|I426S1C7J4V1,I426S1C7J4V1,CONTABILIDAD GENERAL,Administración y Comercio,Administración de Empresas y Derecho,Educación Comercial y Administración,Técnico de Nivel Superior,Carreras Técnicas,NO ACREDITADA
2023|I426S1C7J4V2,I426S1C7J4V2,CONTABILIDAD GENERAL,Administración y Comercio,Administración de Empresas y Derecho,Educación Comercial y Administración,Técnico de Nivel Superior,Carreras Técnicas,NO ACREDITADA
2024|I117S1C30J4V1,I117S1C30J4V1,CONTABILIDAD GENERAL,Administración y Comercio,Administración de Empresas y Derecho,Educación Comercial y Administración,Técnico de Nivel Superior,Carreras Técnicas,NO ACREDITADA
2024|I123S1C49J4V1,I123S1C49J4V1,CONTABILIDAD GENERAL,Administración y Comercio,Administración de Empresas y Derecho,Educación Comercial y Administración,Técnico de Nivel Superior,Carreras Técnicas,NO ACREDITADA
2024|I123S2C49J4V1,I123S2C49J4V1,CONTABILIDAD GENERAL,Administración y Comercio,Administración de Empresas y Derecho,Educación Comercial y Administración,Técnico de Nivel Superior,Carreras Técnicas,NO ACREDITADA
2024|I123S3C49J4V1,I123S3C49J4V1,CONTABILIDAD GENERAL,Administración y Comercio,Administración de Empresas y Derecho,Educación Comercial y Administración,Técnico de Nivel Superior,Carreras Técnicas,NO ACREDITADA
2024|I123S5C49J4V1,I123S5C49J4V1,CONTABILIDAD GENERAL,Administración y Comercio,Administración de Empresas y Derecho,Educación Comercial y Administración,Técnico de Nivel Superior,Carreras Técnicas,NO ACREDITADA
2024|I143S28C9J4V1,I143S28C9J4V1,CONTABILIDAD GENERAL,Administración y Comercio,Administración de Empresas y Derecho,Educación Comercial y Administración,Técnico de Nivel Superior,Carreras Técnicas,NO ACREDITADA
2024|I171S1C42J4V1,I171S1C42J4V1,CONTABILIDAD GENERAL,Administración y Comercio,Administración de Empresas y Derecho,Educación Comercial y Administración,Técnico de Nivel Superior,Carreras Técnicas,NO ACREDITADA
2024|I214S1C8J4V2,I214S1C8J4V2,CONTABILIDAD GENERAL,Administración y Comercio,Administración de Empresas y Derecho,Educación Comercial y Administración,Técnico de Nivel Superior,Carreras Técnicas,NO ACREDITADA
2024|I260S51C107J4V1,I260S51C107J4V1,CONTABILIDAD GENERAL,Administración y Comercio,Administración de Empresas y Derecho,Educación Comercial y Administración,Técnico de Nivel Superior,Carreras Técnicas,NO ACREDITADA
2025|I117S1C30J4V1,I117S1C30J4V1,CONTABILIDAD GENERAL,Administración y Comercio,Administración de Empresas y Derecho,Educación Comercial y Administración,Técnico de Nivel Superior,Carreras Técnicas,NO ACREDITADA
2025|I123S2C49J4V1,I123S2C49J4V1,CONTABILIDAD GENERAL,Administración y Comercio,Administración de Empresas y Derecho,Educación Comercial y Administración,Técnico de Nivel Superior,Carreras Técnicas,NO ACREDITADA
2025|I143S28C9J4V1,I143S28C9J4V1,CONTABILIDAD GENERAL,Administración y Comercio,Administración de Empresas y Derecho,Educación Comercial y Administración,Técnico de Nivel Superior,Carreras Técnicas,NO ACREDITADA
2025|I162S2C85J4V1,I162S2C85J4V1,CONTABILIDAD GENERAL,Administración y Comercio,Administración de Empresas y Derecho,Educación Comercial y Administración,Técnico de Nivel Superior,Carreras Técnicas,NO ACREDITADA
2025|I171S1C42J4V1,I171S1C42J4V1,CONTABILIDAD GENERAL,Administración y Comercio,Administración de Empresas y Derecho,Educación Comercial y Administración,Técnico de Nivel Superior,Carreras Técnicas,NO ACREDITADA
2025|I260S51C107J4V1,I260S51C107J4V1,CONTABILIDAD GENERAL,Administración y Comercio,Administración de Empresas y Derecho,Educación Comercial y Administración,Técnico de Nivel Superior,Carreras Técnicas,NO ACREDITADA
2026|I117S1C30J4V1,I117S1C30J4V1,CONTABILIDAD GENERAL,Administración y Comercio,Administración de Empresas y Derecho,Educación Comercial y Administración,Técnico de Nivel Superior,Carreras Técnicas,NO ACREDITADA
2026|I123S2C49J4V1,I123S2C49J4V1,CONTABILIDAD GENERAL,Administración y Comercio,Administración de Empresas y Derecho,Educación Comercial y Administración,Técnico de Nivel Superior,Carreras Técnicas,NO ACREDITADA
2026|I143S28C9J4V1,I143S28C9J4V1,CONTABILIDAD GENERAL,Administración y Comercio,Administración de Empresas y Derecho,Educación Comercial y Administración,Técnico de Nivel Superior,Carreras Técnicas,NO ACREDITADA
2026|I162S2C85J4V1,I162S2C85J4V1,CONTABILIDAD GENERAL,Administración y Comercio,Administración de Empresas y Derecho,Educación Comercial y Administración,Técnico de Nivel Superior,Carreras Técnicas,NO ACREDITADA
2026|I171S1C42J4V1,I171S1C42J4V1,CONTABILIDAD GENERAL,Administración y Comercio,Administración de Empresas y Derecho,Educación Comercial y Administración,Técnico de Nivel Superior,Carreras Técnicas,NO ACREDITADA
2026|I260S51C107J4V1,I260S51C107J4V1,CONTABILIDAD GENERAL,Administración y Comercio,Administración de Empresas y Derecho,Educación Comercial y Administración,Técnico de Nivel Superior,Carreras Técnicas,NO ACREDITADA
2023|I111S10C204J2V1,I111S10C204J2V1,CONTABILIDAD GENERAL MENCION LEGISLACION TRIBUTARIA PEV,Administración y Comercio,Administración de Empresas y Derecho,Educación Comercial y Administración,Técnico de Nivel Superior,Carreras Técnicas,NO ACREDITADA
2023|I111S22C204J2V1,I111S22C204J2V1,CONTABILIDAD GENERAL MENCION LEGISLACION TRIBUTARIA PEV,Administración y Comercio,Administración de Empresas y Derecho,Educación Comercial y Administración,Técnico de Nivel Superior,Carreras Técnicas,NO ACREDITADA
2023|I111S9C204J2V1,I111S9C204J2V1,CONTABILIDAD GENERAL MENCION LEGISLACION TRIBUTARIA PEV,Administración y Comercio,Administración de Empresas y Derecho,Educación Comercial y Administración,Técnico de Nivel Superior,Carreras Técnicas,NO ACREDITADA
2024|I111S10C204J2V1,I111S10C204J2V1,CONTABILIDAD GENERAL MENCION LEGISLACION TRIBUTARIA PEV,Administración y Comercio,Administración de Empresas y Derecho,Educación Comercial y Administración,Técnico de Nivel Superior,Carreras Técnicas,NO ACREDITADA
2024|I111S20C204J2V1,I111S20C204J2V1,CONTABILIDAD GENERAL MENCION LEGISLACION TRIBUTARIA PEV,Administración y Comercio,Administración de Empresas y Derecho,Educación Comercial y Administración,Técnico de Nivel Superior,Carreras Técnicas,NO ACREDITADA
2024|I111S22C204J2V1,I111S22C204J2V1,CONTABILIDAD GENERAL MENCION LEGISLACION TRIBUTARIA PEV,Administración y Comercio,Administración de Empresas y Derecho,Educación Comercial y Administración,Técnico de Nivel Superior,Carreras Técnicas,NO ACREDITADA
2024|I111S9C204J2V1,I111S9C204J2V1,CONTABILIDAD GENERAL MENCION LEGISLACION TRIBUTARIA PEV,Administración y Comercio,Administración de Empresas y Derecho,Educación Comercial y Administración,Técnico de Nivel Superior,Carreras Técnicas,NO ACREDITADA
2025|I111S10C204J2V1,I111S10C204J2V1,CONTABILIDAD GENERAL MENCION LEGISLACION TRIBUTARIA PEV,Administración y Comercio,Administración de Empresas y Derecho,Educación Comercial y Administración,Técnico de Nivel Superior,Carreras Técnicas,NO ACREDITADA
2025|I111S22C204J2V1,I111S22C204J2V1,CONTABILIDAD GENERAL MENCION LEGISLACION TRIBUTARIA PEV,Administración y Comercio,Administración de Empresas y Derecho,Educación Comercial y Administración,Técnico de Nivel Superior,Carreras Técnicas,NO ACREDITADA
2025|I111S9C204J2V1,I111S9C204J2V1,CONTABILIDAD GENERAL MENCION LEGISLACION TRIBUTARIA PEV,Administración y Comercio,Administración de Empresas y Derecho,Educación Comercial y Administración,Técnico de Nivel Superior,Carreras Técnicas,NO ACREDITADA
2026|I111S9C204J2V1,I111S9C204J2V1,CONTABILIDAD GENERAL MENCION LEGISLACION TRIBUTARIA PEV,Administración y Comercio,Administración de Empresas y Derecho,Educación Comercial y Administración,Técnico de Nivel Superior,Carreras Técnicas,NO ACREDITADA
2023|I701S0C35J4V1,I701S0C35J4V1,CONTABILIDAD TRIBUTARIA,Administración y Comercio,Administración de Empresas y Derecho,Educación Comercial y Administración,Técnico de Nivel Superior,Carreras Técnicas,NO ACREDITADA
2024|I111S27C519J4V1,I111S27C519J4V1,CONTABILIDAD TRIBUTARIA,Administración y Comercio,Administración de Empresas y Derecho,Educación Comercial y Administración,Técnico de Nivel Superior,Carreras Técnicas,NO ACREDITADA
2024|I701S0C35J4V1,I701S0C35J4V1,CONTABILIDAD TRIBUTARIA,Administración y Comercio,Administración de Empresas y Derecho,Educación Comercial y Administración,Técnico de Nivel Superior,Carreras Técnicas,NO ACREDITADA
2025|I111S27C519J4V1,I111S27C519J4V1,CONTABILIDAD TRIBUTARIA,Administración y Comercio,Administración de Empresas y Derecho,Educación Comercial y Administración,Técnico de Nivel Superior,Carreras Técnicas,NO ACREDITADA
2025|I701S0C35J4V1,I701S0C35J4V1,CONTABILIDAD TRIBUTARIA,Administración y Comercio,Administración de Empresas y Derecho,Educación Comercial y Administración,Técnico de Nivel Superior,Carreras Técnicas,NO ACREDITADA
2026|I111S27C519J4V1,I111S27C519J4V1,CONTABILIDAD TRIBUTARIA,Administración y Comercio,Administración de Empresas y Derecho,Educación Comercial y Administración,Técnico de Nivel Superior,Carreras Técnicas,NO ACREDITADA
2026|I701S0C35J4V1,I701S0C35J4V1,CONTABILIDAD TRIBUTARIA,Administración y Comercio,Administración de Empresas y Derecho,Educación Comercial y Administración,Técnico de Nivel Superior,Carreras Técnicas,NO ACREDITADA
2023|I106S6C10J4V1,I106S6C10J4V1,CONTADOR AUDITOR,Administración y Comercio,Administración de Empresas y Derecho,Educación Comercial y Administración,Profesional Sin Licenciatura,Carreras Profesionales,NO ACREDITADA
2023|I106S6C10J4V2,I106S6C10J4V2,CONTADOR AUDITOR,Administración y Comercio,Administración de Empresas y Derecho,Educación Comercial y Administración,Profesional Sin Licenciatura,Carreras Profesionales,NO ACREDITADA
2023|I106S6C10J4V3,I106S6C10J4V3,CONTADOR AUDITOR,Administración y Comercio,Administración de Empresas y Derecho,Educación Comercial y Administración,Profesional Sin Licenciatura,Carreras Profesionales,NO ACREDITADA
2023|I116S40C9J4V1,I116S40C9J4V1,CONTADOR AUDITOR,Administración y Comercio,Administración de Empresas y Derecho,Educación Comercial y Administración,Profesional Sin Licenciatura,Carreras Profesionales,NO ACREDITADA
2023|I117S1C65J4V1,I117S1C65J4V1,CONTADOR AUDITOR,Administración y Comercio,Administración de Empresas y Derecho,Educación Comercial y Administración,Profesional Sin Licenciatura,Carreras Profesionales,NO ACREDITADA
2023|I120S1C101J4V1,I120S1C101J4V1,CONTADOR AUDITOR,Administración y Comercio,Administración de Empresas y Derecho,Educación Comercial y Administración,Profesional Sin Licenciatura,Carreras Profesionales,NO ACREDITADA
2023|I120S1C7J3V1,I120S1C7J3V1,CONTADOR AUDITOR,Administración y Comercio,Administración de Empresas y Derecho,Educación Comercial y Administración,Profesional Sin Licenciatura,Carreras Profesionales,NO ACREDITADA
2023|I120S2C101J4V1,I120S2C101J4V1,CONTADOR AUDITOR,Administración y Comercio,Administración de Empresas y Derecho,Educación Comercial y Administración,Profesional Sin Licenciatura,Carreras Profesionales,NO ACREDITADA
2023|I120S2C7J3V1,I120S2C7J3V1,CONTADOR AUDITOR,Administración y Comercio,Administración de Empresas y Derecho,Educación Comercial y Administración,Profesional Sin Licenciatura,Carreras Profesionales,NO ACREDITADA
2023|I120S3C101J4V1,I120S3C101J4V1,CONTADOR AUDITOR,Administración y Comercio,Administración de Empresas y Derecho,Educación Comercial y Administración,Profesional Sin Licenciatura,Carreras Profesionales,NO ACREDITADA
2023|I120S3C7J3V1,I120S3C7J3V1,CONTADOR AUDITOR,Administración y Comercio,Administración de Empresas y Derecho,Educación Comercial y Administración,Profesional Sin Licenciatura,Carreras Profesionales,NO ACREDITADA
2023|I120S4C101J4V1,I120S4C101J4V1,CONTADOR AUDITOR,Administración y Comercio,Administración de Empresas y Derecho,Educación Comercial y Administración,Profesional Sin Licenciatura,Carreras Profesionales,NO ACREDITADA
2023|I120S4C7J3V1,I120S4C7J3V1,CONTADOR AUDITOR,Administración y Comercio,Administración de Empresas y Derecho,Educación Comercial y Administración,Profesional Sin Licenciatura,Carreras Profesionales,NO ACREDITADA
2023|I171S1C56J4V1,I171S1C56J4V1,CONTADOR AUDITOR,Administración y Comercio,Administración de Empresas y Derecho,Educación Comercial y Administración,Profesional Sin Licenciatura,Carreras Profesionales,NO ACREDITADA
2023|I19S1C129J4V1,I19S1C129J4V1,CONTADOR AUDITOR,Administración y Comercio,Administración de Empresas y Derecho,Educación Comercial y Administración,Profesional Con Licenciatura,Carreras Profesionales,NO ACREDITADA
2023|I19S1C129J4V2,I19S1C129J4V2,CONTADOR AUDITOR,Administración y Comercio,Administración de Empresas y Derecho,Educación Comercial y Administración,Profesional Con Licenciatura,Carreras Profesionales,NO ACREDITADA
2023|I20S1C3J4V4,I20S1C3J4V4,CONTADOR AUDITOR,Administración y Comercio,Administración de Empresas y Derecho,Educación Comercial y Administración,Profesional Con Licenciatura,Carreras Profesionales,NO ACREDITADA
2023|I26S1C100J4V2,I26S1C100J4V2,CONTADOR AUDITOR,Administración y Comercio,Administración de Empresas y Derecho,Educación Comercial y Administración,Profesional Con Licenciatura,Carreras Profesionales,NO ACREDITADA
2023|I26S1C100J4V3,I26S1C100J4V3,CONTADOR AUDITOR,Administración y Comercio,Administración de Empresas y Derecho,Educación Comercial y Administración,Profesional Con Licenciatura,Carreras Profesionales,NO ACREDITADA
2023|I38S1C34J4V1,I38S1C34J4V1,CONTADOR AUDITOR,Administración y Comercio,Administración de Empresas y Derecho,Educación Comercial y Administración,Profesional Sin Licenciatura,Carreras Profesionales,NO ACREDITADA
2023|I39S6C78J4V1,I39S6C78J4V1,CONTADOR AUDITOR,Administración y Comercio,Administración de Empresas y Derecho,Educación Comercial y Administración,Profesional Con Licenciatura,Carreras Profesionales,NO ACREDITADA
2023|I39S6C78J4V2,I39S6C78J4V2,CONTADOR AUDITOR,Administración y Comercio,Administración de Empresas y Derecho,Educación Comercial y Administración,Profesional Con Licenciatura,Carreras Profesionales,NO ACREDITADA
2023|I4S1C3J4V3,I4S1C3J4V3,CONTADOR AUDITOR,Administración y Comercio,Administración de Empresas y Derecho,Educación Comercial y Administración,Profesional Con Licenciatura,Carreras Profesionales,NO ACREDITADA
2023|I4S1C3J4V4,I4S1C3J4V4,CONTADOR AUDITOR,Administración y Comercio,Administración de Empresas y Derecho,Educación Comercial y Administración,Profesional Con Licenciatura,Carreras Profesionales,NO ACREDITADA
2023|I4S1C3J4V5,I4S1C3J4V5,CONTADOR AUDITOR,Administración y Comercio,Administración de Empresas y Derecho,Educación Comercial y Administración,Profesional Con Licenciatura,Carreras Profesionales,NO ACREDITADA
2024|I106S6C10J4V1,I106S6C10J4V1,CONTADOR AUDITOR,Administración y Comercio,Administración de Empresas y Derecho,Educación Comercial y Administración,Profesional Sin Licenciatura,Carreras Profesionales,NO ACREDITADA
2024|I106S6C10J4V2,I106S6C10J4V2,CONTADOR AUDITOR,Administración y Comercio,Administración de Empresas y Derecho,Educación Comercial y Administración,Profesional Sin Licenciatura,Carreras Profesionales,NO ACREDITADA
2024|I106S6C10J4V3,I106S6C10J4V3,CONTADOR AUDITOR,Administración y Comercio,Administración de Empresas y Derecho,Educación Comercial y Administración,Profesional Sin Licenciatura,Carreras Profesionales,NO ACREDITADA
2024|I106S6C10J4V4,I106S6C10J4V4,CONTADOR AUDITOR,Administración y Comercio,Administración de Empresas y Derecho,Educación Comercial y Administración,Profesional Sin Licenciatura,Carreras Profesionales,NO ACREDITADA
2024|I106S6C10J4V5,I106S6C10J4V5,CONTADOR AUDITOR,Administración y Comercio,Administración de Empresas y Derecho,Educación Comercial y Administración,Profesional Sin Licenciatura,Carreras Profesionales,NO ACREDITADA
2024|I113S7C585J4V1,I113S7C585J4V1,CONTADOR AUDITOR,Administración y Comercio,Administración de Empresas y Derecho,Educación Comercial y Administración,Profesional Sin Licenciatura,Carreras Profesionales,NO ACREDITADA
2024|I116S40C9J4V1,I116S40C9J4V1,CONTADOR AUDITOR,Administración y Comercio,Administración de Empresas y Derecho,Educación Comercial y Administración,Profesional Sin Licenciatura,Carreras Profesionales,NO ACREDITADA
2024|I117S1C65J4V1,I117S1C65J4V1,CONTADOR AUDITOR,Administración y Comercio,Administración de Empresas y Derecho,Educación Comercial y Administración,Profesional Sin Licenciatura,Carreras Profesionales,NO ACREDITADA
2024|I120S1C101J4V1,I120S1C101J4V1,CONTADOR AUDITOR,Administración y Comercio,Administración de Empresas y Derecho,Educación Comercial y Administración,Profesional Sin Licenciatura,Carreras Profesionales,NO ACREDITADA
2024|I120S1C7J3V1,I120S1C7J3V1,CONTADOR AUDITOR,Administración y Comercio,Administración de Empresas y Derecho,Educación Comercial y Administración,Profesional Sin Licenciatura,Carreras Profesionales,NO ACREDITADA
2024|I120S2C101J4V1,I120S2C101J4V1,CONTADOR AUDITOR,Administración y Comercio,Administración de Empresas y Derecho,Educación Comercial y Administración,Profesional Sin Licenciatura,Carreras Profesionales,NO ACREDITADA
2024|I120S2C7J3V1,I120S2C7J3V1,CONTADOR AUDITOR,Administración y Comercio,Administración de Empresas y Derecho,Educación Comercial y Administración,Profesional Sin Licenciatura,Carreras Profesionales,NO ACREDITADA
2024|I120S3C101J4V1,I120S3C101J4V1,CONTADOR AUDITOR,Administración y Comercio,Administración de Empresas y Derecho,Educación Comercial y Administración,Profesional Sin Licenciatura,Carreras Profesionales,NO ACREDITADA
2024|I120S3C7J3V1,I120S3C7J3V1,CONTADOR AUDITOR,Administración y Comercio,Administración de Empresas y Derecho,Educación Comercial y Administración,Profesional Sin Licenciatura,Carreras Profesionales,NO ACREDITADA
2024|I120S4C101J4V1,I120S4C101J4V1,CONTADOR AUDITOR,Administración y Comercio,Administración de Empresas y Derecho,Educación Comercial y Administración,Profesional Sin Licenciatura,Carreras Profesionales,NO ACREDITADA
2024|I120S4C7J3V1,I120S4C7J3V1,CONTADOR AUDITOR,Administración y Comercio,Administración de Empresas y Derecho,Educación Comercial y Administración,Profesional Sin Licenciatura,Carreras Profesionales,NO ACREDITADA
2024|I171S1C56J4V1,I171S1C56J4V1,CONTADOR AUDITOR,Administración y Comercio,Administración de Empresas y Derecho,Educación Comercial y Administración,Profesional Sin Licenciatura,Carreras Profesionales,NO ACREDITADA
2024|I19S1C129J4V1,I19S1C129J4V1,CONTADOR AUDITOR,Administración y Comercio,Administración de Empresas y Derecho,Educación Comercial y Administración,Profesional Con Licenciatura,Carreras Profesionales,NO ACREDITADA
2024|I19S1C129J4V2,I19S1C129J4V2,CONTADOR AUDITOR,Administración y Comercio,Administración de Empresas y Derecho,Educación Comercial y Administración,Profesional Con Licenciatura,Carreras Profesionales,NO ACREDITADA
2024|I20S1C3J4V4,I20S1C3J4V4,CONTADOR AUDITOR,Administración y Comercio,Administración de Empresas y Derecho,Educación Comercial y Administración,Profesional Con Licenciatura,Carreras Profesionales,NO ACREDITADA
2024|I26S1C100J4V2,I26S1C100J4V2,CONTADOR AUDITOR,Administración y Comercio,Administración de Empresas y Derecho,Educación Comercial y Administración,Profesional Con Licenciatura,Carreras Profesionales,NO ACREDITADA
2024|I26S1C100J4V3,I26S1C100J4V3,CONTADOR AUDITOR,Administración y Comercio,Administración de Empresas y Derecho,Educación Comercial y Administración,Profesional Con Licenciatura,Carreras Profesionales,NO ACREDITADA
2024|I26S1C100J4V4,I26S1C100J4V4,CONTADOR AUDITOR,Administración y Comercio,Administración de Empresas y Derecho,Educación Comercial y Administración,Profesional Con Licenciatura,Carreras Profesionales,NO ACREDITADA
2024|I26S1C100J4V5,I26S1C100J4V5,CONTADOR AUDITOR,Administración y Comercio,Administración de Empresas y Derecho,Educación Comercial y Administración,Profesional Con Licenciatura,Carreras Profesionales,NO ACREDITADA
2024|I38S1C34J4V1,I38S1C34J4V1,CONTADOR AUDITOR,Administración y Comercio,Administración de Empresas y Derecho,Educación Comercial y Administración,Profesional Sin Licenciatura,Carreras Profesionales,NO ACREDITADA
2024|I39S6C78J4V2,I39S6C78J4V2,CONTADOR AUDITOR,Administración y Comercio,Administración de Empresas y Derecho,Educación Comercial y Administración,Profesional Con Licenciatura,Carreras Profesionales,NO ACREDITADA
2024|I4S1C3J4V2,I4S1C3J4V2,CONTADOR AUDITOR,Administración y Comercio,Administración de Empresas y Derecho,Educación Comercial y Administración,Profesional Con Licenciatura,Carreras Profesionales,NO ACREDITADA
2024|I4S1C3J4V3,I4S1C3J4V3,CONTADOR AUDITOR,Administración y Comercio,Administración de Empresas y Derecho,Educación Comercial y Administración,Profesional Con Licenciatura,Carreras Profesionales,NO ACREDITADA
2024|I4S1C3J4V4,I4S1C3J4V4,CONTADOR AUDITOR,Administración y Comercio,Administración de Empresas y Derecho,Educación Comercial y Administración,Profesional Con Licenciatura,Carreras Profesionales,NO ACREDITADA
2024|I4S1C3J4V5,I4S1C3J4V5,CONTADOR AUDITOR,Administración y Comercio,Administración de Empresas y Derecho,Educación Comercial y Administración,Profesional Con Licenciatura,Carreras Profesionales,NO ACREDITADA
2025|I106S6C10J4V1,I106S6C10J4V1,CONTADOR AUDITOR,Administración y Comercio,Administración de Empresas y Derecho,Educación Comercial y Administración,Profesional Sin Licenciatura,Carreras Profesionales,NO ACREDITADA
2025|I106S6C10J4V2,I106S6C10J4V2,CONTADOR AUDITOR,Administración y Comercio,Administración de Empresas y Derecho,Educación Comercial y Administración,Profesional Sin Licenciatura,Carreras Profesionales,NO ACREDITADA
2025|I106S6C10J4V3,I106S6C10J4V3,CONTADOR AUDITOR,Administración y Comercio,Administración de Empresas y Derecho,Educación Comercial y Administración,Profesional Sin Licenciatura,Carreras Profesionales,NO ACREDITADA
2025|I106S6C10J4V4,I106S6C10J4V4,CONTADOR AUDITOR,Administración y Comercio,Administración de Empresas y Derecho,Educación Comercial y Administración,Profesional Sin Licenciatura,Carreras Profesionales,NO ACREDITADA
2025|I106S6C10J4V5,I106S6C10J4V5,CONTADOR AUDITOR,Administración y Comercio,Administración de Empresas y Derecho,Educación Comercial y Administración,Profesional Sin Licenciatura,Carreras Profesionales,NO ACREDITADA
2025|I113S13C585J4V1,I113S13C585J4V1,CONTADOR AUDITOR,Administración y Comercio,Administración de Empresas y Derecho,Educación Comercial y Administración,Profesional Sin Licenciatura,Carreras Profesionales,NO ACREDITADA
2025|I113S7C585J4V1,I113S7C585J4V1,CONTADOR AUDITOR,Administración y Comercio,Administración de Empresas y Derecho,Educación Comercial y Administración,Profesional Sin Licenciatura,Carreras Profesionales,NO ACREDITADA
2025|I116S40C9J4V1,I116S40C9J4V1,CONTADOR AUDITOR,Administración y Comercio,Administración de Empresas y Derecho,Educación Comercial y Administración,Profesional Sin Licenciatura,Carreras Profesionales,NO ACREDITADA
2025|I116S40C9J4V2,I116S40C9J4V2,CONTADOR AUDITOR,Administración y Comercio,Administración de Empresas y Derecho,Educación Comercial y Administración,Profesional Sin Licenciatura,Carreras Profesionales,NO ACREDITADA
2025|I117S1C65J4V1,I117S1C65J4V1,CONTADOR AUDITOR,Administración y Comercio,Administración de Empresas y Derecho,Educación Comercial y Administración,Profesional Sin Licenciatura,Carreras Profesionales,NO ACREDITADA
2025|I171S1C56J4V1,I171S1C56J4V1,CONTADOR AUDITOR,Administración y Comercio,Administración de Empresas y Derecho,Educación Comercial y Administración,Profesional Sin Licenciatura,Carreras Profesionales,NO ACREDITADA
2025|I19S1C129J4V1,I19S1C129J4V1,CONTADOR AUDITOR,Administración y Comercio,Administración de Empresas y Derecho,Educación Comercial y Administración,Profesional Con Licenciatura,Carreras Profesionales,NO ACREDITADA
2025|I19S1C129J4V2,I19S1C129J4V2,CONTADOR AUDITOR,Administración y Comercio,Administración de Empresas y Derecho,Educación Comercial y Administración,Profesional Con Licenciatura,Carreras Profesionales,NO ACREDITADA
2025|I20S1C3J4V4,I20S1C3J4V4,CONTADOR AUDITOR,Administración y Comercio,Administración de Empresas y Derecho,Educación Comercial y Administración,Profesional Con Licenciatura,Carreras Profesionales,NO ACREDITADA
2025|I22S1C5J4V1,I22S1C5J4V1,CONTADOR AUDITOR,Administración y Comercio,Administración de Empresas y Derecho,Educación Comercial y Administración,Profesional Con Licenciatura,Carreras Profesionales,NO ACREDITADA
2025|I22S1C5J4V3,I22S1C5J4V3,CONTADOR AUDITOR,Administración y Comercio,Administración de Empresas y Derecho,Educación Comercial y Administración,Profesional Con Licenciatura,Carreras Profesionales,NO ACREDITADA
2025|I26S1C100J4V2,I26S1C100J4V2,CONTADOR AUDITOR,Administración y Comercio,Administración de Empresas y Derecho,Educación Comercial y Administración,Profesional Con Licenciatura,Carreras Profesionales,NO ACREDITADA
2025|I26S1C100J4V3,I26S1C100J4V3,CONTADOR AUDITOR,Administración y Comercio,Administración de Empresas y Derecho,Educación Comercial y Administración,Profesional Con Licenciatura,Carreras Profesionales,NO ACREDITADA
2025|I26S1C100J4V4,I26S1C100J4V4,CONTADOR AUDITOR,Administración y Comercio,Administración de Empresas y Derecho,Educación Comercial y Administración,Profesional Con Licenciatura,Carreras Profesionales,NO ACREDITADA
2025|I26S1C100J4V5,I26S1C100J4V5,CONTADOR AUDITOR,Administración y Comercio,Administración de Empresas y Derecho,Educación Comercial y Administración,Profesional Con Licenciatura,Carreras Profesionales,NO ACREDITADA
2025|I38S1C34J4V1,I38S1C34J4V1,CONTADOR AUDITOR,Administración y Comercio,Administración de Empresas y Derecho,Educación Comercial y Administración,Profesional Sin Licenciatura,Carreras Profesionales,NO ACREDITADA
2025|I39S6C78J3V1,I39S6C78J3V1,CONTADOR AUDITOR,Administración y Comercio,Administración de Empresas y Derecho,Educación Comercial y Administración,Profesional Con Licenciatura,Carreras Profesionales,NO ACREDITADA
2025|I39S6C78J4V1,I39S6C78J4V1,CONTADOR AUDITOR,Administración y Comercio,Administración de Empresas y Derecho,Educación Comercial y Administración,Profesional Con Licenciatura,Carreras Profesionales,NO ACREDITADA
2025|I39S6C78J4V2,I39S6C78J4V2,CONTADOR AUDITOR,Administración y Comercio,Administración de Empresas y Derecho,Educación Comercial y Administración,Profesional Con Licenciatura,Carreras Profesionales,NO ACREDITADA
2025|I4S1C3J4V2,I4S1C3J4V2,CONTADOR AUDITOR,Administración y Comercio,Administración de Empresas y Derecho,Educación Comercial y Administración,Profesional Con Licenciatura,Carreras Profesionales,NO ACREDITADA
2025|I4S1C3J4V3,I4S1C3J4V3,CONTADOR AUDITOR,Administración y Comercio,Administración de Empresas y Derecho,Educación Comercial y Administración,Profesional Con Licenciatura,Carreras Profesionales,NO ACREDITADA
2025|I4S1C3J4V4,I4S1C3J4V4,CONTADOR AUDITOR,Administración y Comercio,Administración de Empresas y Derecho,Educación Comercial y Administración,Profesional Con Licenciatura,Carreras Profesionales,NO ACREDITADA
2025|I4S1C3J4V5,I4S1C3J4V5,CONTADOR AUDITOR,Administración y Comercio,Administración de Empresas y Derecho,Educación Comercial y Administración,Profesional Con Licenciatura,Carreras Profesionales,NO ACREDITADA
2026|I106S6C10J4V4,I106S6C10J4V4,CONTADOR AUDITOR,Administración y Comercio,Administración de Empresas y Derecho,Educación Comercial y Administración,Profesional Sin Licenciatura,Carreras Profesionales,NO ACREDITADA
2026|I106S6C10J4V5,I106S6C10J4V5,CONTADOR AUDITOR,Administración y Comercio,Administración de Empresas y Derecho,Educación Comercial y Administración,Profesional Sin Licenciatura,Carreras Profesionales,NO ACREDITADA
2026|I113S7C585J4V1,I113S7C585J4V1,CONTADOR AUDITOR,Administración y Comercio,Administración de Empresas y Derecho,Educación Comercial y Administración,Profesional Sin Licenciatura,Carreras Profesionales,NO ACREDITADA
2026|I116S40C9J4V1,I116S40C9J4V1,CONTADOR AUDITOR,Administración y Comercio,Administración de Empresas y Derecho,Educación Comercial y Administración,Profesional Sin Licenciatura,Carreras Profesionales,NO ACREDITADA
2026|I116S40C9J4V2,I116S40C9J4V2,CONTADOR AUDITOR,Administración y Comercio,Administración de Empresas y Derecho,Educación Comercial y Administración,Profesional Sin Licenciatura,Carreras Profesionales,NO ACREDITADA
2026|I117S1C65J4V1,I117S1C65J4V1,CONTADOR AUDITOR,Administración y Comercio,Administración de Empresas y Derecho,Educación Comercial y Administración,Profesional Sin Licenciatura,Carreras Profesionales,NO ACREDITADA
2026|I120S1C101J4V1,I120S1C101J4V1,CONTADOR AUDITOR,Administración y Comercio,Administración de Empresas y Derecho,Educación Comercial y Administración,Profesional Sin Licenciatura,Carreras Profesionales,NO ACREDITADA
2026|I120S1C7J3V1,I120S1C7J3V1,CONTADOR AUDITOR,Administración y Comercio,Administración de Empresas y Derecho,Educación Comercial y Administración,Profesional Sin Licenciatura,Carreras Profesionales,NO ACREDITADA
2026|I120S2C101J4V1,I120S2C101J4V1,CONTADOR AUDITOR,Administración y Comercio,Administración de Empresas y Derecho,Educación Comercial y Administración,Profesional Sin Licenciatura,Carreras Profesionales,NO ACREDITADA
2026|I120S2C7J3V1,I120S2C7J3V1,CONTADOR AUDITOR,Administración y Comercio,Administración de Empresas y Derecho,Educación Comercial y Administración,Profesional Sin Licenciatura,Carreras Profesionales,NO ACREDITADA
2026|I120S3C101J4V1,I120S3C101J4V1,CONTADOR AUDITOR,Administración y Comercio,Administración de Empresas y Derecho,Educación Comercial y Administración,Profesional Sin Licenciatura,Carreras Profesionales,NO ACREDITADA
2026|I120S3C7J3V1,I120S3C7J3V1,CONTADOR AUDITOR,Administración y Comercio,Administración de Empresas y Derecho,Educación Comercial y Administración,Profesional Sin Licenciatura,Carreras Profesionales,NO ACREDITADA
2026|I120S4C101J4V1,I120S4C101J4V1,CONTADOR AUDITOR,Administración y Comercio,Administración de Empresas y Derecho,Educación Comercial y Administración,Profesional Sin Licenciatura,Carreras Profesionales,NO ACREDITADA
2026|I120S4C7J3V1,I120S4C7J3V1,CONTADOR AUDITOR,Administración y Comercio,Administración de Empresas y Derecho,Educación Comercial y Administración,Profesional Sin Licenciatura,Carreras Profesionales,NO ACREDITADA
2026|I171S1C56J4V1,I171S1C56J4V1,CONTADOR AUDITOR,Administración y Comercio,Administración de Empresas y Derecho,Educación Comercial y Administración,Profesional Sin Licenciatura,Carreras Profesionales,NO ACREDITADA
2026|I19S1C129J4V1,I19S1C129J4V1,CONTADOR AUDITOR,Administración y Comercio,Administración de Empresas y Derecho,Educación Comercial y Administración,Profesional Con Licenciatura,Carreras Profesionales,NO ACREDITADA
2026|I19S1C129J4V2,I19S1C129J4V2,CONTADOR AUDITOR,Administración y Comercio,Administración de Empresas y Derecho,Educación Comercial y Administración,Profesional Con Licenciatura,Carreras Profesionales,NO ACREDITADA
2026|I20S1C3J4V4,I20S1C3J4V4,CONTADOR AUDITOR,Administración y Comercio,Administración de Empresas y Derecho,Educación Comercial y Administración,Profesional Con Licenciatura,Carreras Profesionales,NO ACREDITADA
2026|I22S1C5J4V1,I22S1C5J4V1,CONTADOR AUDITOR,Administración y Comercio,Administración de Empresas y Derecho,Educación Comercial y Administración,Profesional Con Licenciatura,Carreras Profesionales,NO ACREDITADA
2026|I22S1C5J4V3,I22S1C5J4V3,CONTADOR AUDITOR,Administración y Comercio,Administración de Empresas y Derecho,Educación Comercial y Administración,Profesional Con Licenciatura,Carreras Profesionales,NO ACREDITADA
2026|I26S1C100J4V2,I26S1C100J4V2,CONTADOR AUDITOR,Administración y Comercio,Administración de Empresas y Derecho,Educación Comercial y Administración,Profesional Con Licenciatura,Carreras Profesionales,NO ACREDITADA
2026|I26S1C100J4V3,I26S1C100J4V3,CONTADOR AUDITOR,Administración y Comercio,Administración de Empresas y Derecho,Educación Comercial y Administración,Profesional Con Licenciatura,Carreras Profesionales,NO ACREDITADA
2026|I26S1C100J4V4,I26S1C100J4V4,CONTADOR AUDITOR,Administración y Comercio,Administración de Empresas y Derecho,Educación Comercial y Administración,Profesional Con Licenciatura,Carreras Profesionales,NO ACREDITADA
2026|I26S1C100J4V5,I26S1C100J4V5,CONTADOR AUDITOR,Administración y Comercio,Administración de Empresas y Derecho,Educación Comercial y Administración,Profesional Con Licenciatura,Carreras Profesionales,NO ACREDITADA
2026|I38S1C34J4V1,I38S1C34J4V1,CONTADOR AUDITOR,Administración y Comercio,Administración de Empresas y Derecho,Educación Comercial y Administración,Profesional Sin Licenciatura,Carreras Profesionales,NO ACREDITADA
2026|I39S6C78J3V1,I39S6C78J3V1,CONTADOR AUDITOR,Administración y Comercio,Administración de Empresas y Derecho,Educación Comercial y Administración,Profesional Con Licenciatura,Carreras Profesionales,NO ACREDITADA
2026|I39S6C78J4V1,I39S6C78J4V1,CONTADOR AUDITOR,Administración y Comercio,Administración de Empresas y Derecho,Educación Comercial y Administración,Profesional Con Licenciatura,Carreras Profesionales,NO ACREDITADA
2026|I39S6C78J4V2,I39S6C78J4V2,CONTADOR AUDITOR,Administración y Comercio,Administración de Empresas y Derecho,Educación Comercial y Administración,Profesional Con Licenciatura,Carreras Profesionales,NO ACREDITADA
2026|I4S1C3J4V2,I4S1C3J4V2,CONTADOR AUDITOR,Administración y Comercio,Administración de Empresas y Derecho,Educación Comercial y Administración,Profesional Con Licenciatura,Carreras Profesionales,NO ACREDITADA
2026|I4S1C3J4V3,I4S1C3J4V3,CONTADOR AUDITOR,Administración y Comercio,Administración de Empresas y Derecho,Educación Comercial y Administración,Profesional Con Licenciatura,Carreras Profesionales,NO ACREDITADA
2026|I4S1C3J4V5,I4S1C3J4V5,CONTADOR AUDITOR,Administración y Comercio,Administración de Empresas y Derecho,Educación Comercial y Administración,Profesional Con Licenciatura,Carreras Profesionales,NO ACREDITADA
2026|I93S1C3J3V2,I93S1C3J3V2,CONTADOR AUDITOR,Administración y Comercio,Administración de Empresas y Derecho,Educación Comercial y Administración,Profesional Con Licenciatura,Carreras Profesionales,NO ACREDITADA
2026|I93S1C3J4V3,I93S1C3J4V3,CONTADOR AUDITOR,Administración y Comercio,Administración de Empresas y Derecho,Educación Comercial y Administración,Profesional Con Licenciatura,Carreras Profesionales,NO ACREDITADA
2026|I93S1C3J4V4,I93S1C3J4V4,CONTADOR AUDITOR,Administración y Comercio,Administración de Empresas y Derecho,Educación Comercial y Administración,Profesional Con Licenciatura,Carreras Profesionales,NO ACREDITADA
2023|I171S1C11J4V1,I171S1C11J4V1,CONTADOR AUDITOR (PLAN ESPECIAL),Administración y Comercio,Administración de Empresas y Derecho,Educación Comercial y Administración,Profesional Sin Licenciatura,Carreras Profesionales,NO ACREDITADA
2024|I171S1C11J4V1,I171S1C11J4V1,CONTADOR AUDITOR (PLAN ESPECIAL),Administración y Comercio,Administración de Empresas y Derecho,Educación Comercial y Administración,Profesional Sin Licenciatura,Carreras Profesionales,NO ACREDITADA
2025|I171S1C11J4V1,I171S1C11J4V1,CONTADOR AUDITOR (PLAN ESPECIAL),Administración y Comercio,Administración de Empresas y Derecho,Educación Comercial y Administración,Profesional Sin Licenciatura,Carreras Profesionales,NO ACREDITADA
2026|I171S1C11J4V1,I171S1C11J4V1,CONTADOR AUDITOR (PLAN ESPECIAL),Administración y Comercio,Administración de Empresas y Derecho,Educación Comercial y Administración,Profesional Sin Licenciatura,Carreras Profesionales,NO ACREDITADA
2023|I26S1C185J4V1,I26S1C185J4V1,CONTADOR AUDITOR - TECNICO,Administración y Comercio,Administración de Empresas y Derecho,Educación Comercial y Administración,Profesional Con Licenciatura,Carreras Profesionales,NO ACREDITADA
2024|I26S1C185J4V1,I26S1C185J4V1,CONTADOR AUDITOR - TECNICO,Administración y Comercio,Administración de Empresas y Derecho,Educación Comercial y Administración,Profesional Con Licenciatura,Carreras Profesionales,NO ACREDITADA
2023|I108S1C31J4V1,I108S1C31J4V1,CONTADOR AUDITOR BILINGÜE A DISTANCIA,Administración y Comercio,Administración de Empresas y Derecho,Educación Comercial y Administración,Profesional Sin Licenciatura,Carreras Profesionales,NO ACREDITADA
2024|I108S1C31J4V1,I108S1C31J4V1,CONTADOR AUDITOR BILINGÜE A DISTANCIA,Administración y Comercio,Administración de Empresas y Derecho,Educación Comercial y Administración,Profesional Sin Licenciatura,Carreras Profesionales,NO ACREDITADA
2025|I108S1C31J4V1,I108S1C31J4V1,CONTADOR AUDITOR BILINGÜE A DISTANCIA,Administración y Comercio,Administración de Empresas y Derecho,Educación Comercial y Administración,Profesional Sin Licenciatura,Carreras Profesionales,NO ACREDITADA
2026|I108S1C31J4V1,I108S1C31J4V1,CONTADOR AUDITOR BILINGÜE A DISTANCIA,Administración y Comercio,Administración de Empresas y Derecho,Educación Comercial y Administración,Profesional Sin Licenciatura,Carreras Profesionales,NO ACREDITADA
2025|I113S13C585J4V2,I113S13C585J4V2,CONTADOR AUDITOR PLAN CONTINUIDAD,Administración y Comercio,Administración de Empresas y Derecho,Educación Comercial y Administración,Profesional Sin Licenciatura,Carreras Profesionales,NO ACREDITADA
2026|I113S13C585J4V2,I113S13C585J4V2,CONTADOR AUDITOR PLAN CONTINUIDAD,Administración y Comercio,Administración de Empresas y Derecho,Educación Comercial y Administración,Profesional Sin Licenciatura,Carreras Profesionales,NO ACREDITADA
2026|I113S7C585J4V2,I113S7C585J4V2,CONTADOR AUDITOR PLAN CONTINUIDAD,Administración y Comercio,Administración de Empresas y Derecho,Educación Comercial y Administración,Profesional Sin Licenciatura,Carreras Profesionales,NO ACREDITADA
2023|I106S6C64J4V1,I106S6C64J4V1,CONTADOR GENERAL,Administración y Comercio,Administración de Empresas y Derecho,Educación Comercial y Administración,Técnico de Nivel Superior,Carreras Técnicas,NO ACREDITADA
2024|I106S6C64J4V1,I106S6C64J4V1,CONTADOR GENERAL,Administración y Comercio,Administración de Empresas y Derecho,Educación Comercial y Administración,Técnico de Nivel Superior,Carreras Técnicas,NO ACREDITADA
2024|I106S6C64J4V3,I106S6C64J4V3,CONTADOR GENERAL,Administración y Comercio,Administración de Empresas y Derecho,Educación Comercial y Administración,Técnico de Nivel Superior,Carreras Técnicas,NO ACREDITADA
2025|I106S6C64J4V1,I106S6C64J4V1,CONTADOR GENERAL,Administración y Comercio,Administración de Empresas y Derecho,Educación Comercial y Administración,Técnico de Nivel Superior,Carreras Técnicas,NO ACREDITADA
2025|I106S6C64J4V3,I106S6C64J4V3,CONTADOR GENERAL,Administración y Comercio,Administración de Empresas y Derecho,Educación Comercial y Administración,Técnico de Nivel Superior,Carreras Técnicas,NO ACREDITADA
2026|I106S6C64J4V3,I106S6C64J4V3,CONTADOR GENERAL,Administración y Comercio,Administración de Empresas y Derecho,Educación Comercial y Administración,Técnico de Nivel Superior,Carreras Técnicas,NO ACREDITADA
2023|I10S7C501J4V1,I10S7C501J4V1,CONTADOR PUBLICO Y AUDITOR,Administración y Comercio,Administración de Empresas y Derecho,Educación Comercial y Administración,Profesional Con Licenciatura,Carreras Profesionales,NO ACREDITADA
2023|I10S7C501J4V2,I10S7C501J4V2,CONTADOR PUBLICO Y AUDITOR,Administración y Comercio,Administración de Empresas y Derecho,Educación Comercial y Administración,Profesional Con Licenciatura,Carreras Profesionales,NO ACREDITADA
2023|I17S2C227J4V1,I17S2C227J4V1,CONTADOR PUBLICO Y AUDITOR,Administración y Comercio,Administración de Empresas y Derecho,Educación Comercial y Administración,Profesional Con Licenciatura,Carreras Profesionales,NO ACREDITADA
2024|I10S7C501J4V1,I10S7C501J4V1,CONTADOR PUBLICO Y AUDITOR,Administración y Comercio,Administración de Empresas y Derecho,Educación Comercial y Administración,Profesional Con Licenciatura,Carreras Profesionales,NO ACREDITADA
2024|I10S7C501J4V2,I10S7C501J4V2,CONTADOR PUBLICO Y AUDITOR,Administración y Comercio,Administración de Empresas y Derecho,Educación Comercial y Administración,Profesional Con Licenciatura,Carreras Profesionales,NO ACREDITADA
2024|I17S2C227J4V1,I17S2C227J4V1,CONTADOR PUBLICO Y AUDITOR,Administración y Comercio,Administración de Empresas y Derecho,Educación Comercial y Administración,Profesional Con Licenciatura,Carreras Profesionales,NO ACREDITADA
2025|I10S7C501J4V1,I10S7C501J4V1,CONTADOR PUBLICO Y AUDITOR,Administración y Comercio,Administración de Empresas y Derecho,Educación Comercial y Administración,Profesional Con Licenciatura,Carreras Profesionales,NO ACREDITADA
2025|I10S7C501J4V2,I10S7C501J4V2,CONTADOR PUBLICO Y AUDITOR,Administración y Comercio,Administración de Empresas y Derecho,Educación Comercial y Administración,Profesional Con Licenciatura,Carreras Profesionales,NO ACREDITADA
2025|I17S2C227J4V1,I17S2C227J4V1,CONTADOR PUBLICO Y AUDITOR,Administración y Comercio,Administración de Empresas y Derecho,Educación Comercial y Administración,Profesional Con Licenciatura,Carreras Profesionales,NO ACREDITADA
2025|I17S2C227J4V4,I17S2C227J4V4,CONTADOR PUBLICO Y AUDITOR,Administración y Comercio,Administración de Empresas y Derecho,Educación Comercial y Administración,Profesional Con Licenciatura,Carreras Profesionales,NO ACREDITADA
2026|I10S7C501J4V1,I10S7C501J4V1,CONTADOR PUBLICO Y AUDITOR,Administración y Comercio,Administración de Empresas y Derecho,Educación Comercial y Administración,Profesional Con Licenciatura,Carreras Profesionales,NO ACREDITADA
2026|I10S7C501J4V2,I10S7C501J4V2,CONTADOR PUBLICO Y AUDITOR,Administración y Comercio,Administración de Empresas y Derecho,Educación Comercial y Administración,Profesional Con Licenciatura,Carreras Profesionales,NO ACREDITADA
2026|I17S2C227J4V1,I17S2C227J4V1,CONTADOR PUBLICO Y AUDITOR,Administración y Comercio,Administración de Empresas y Derecho,Educación Comercial y Administración,Profesional Con Licenciatura,Carreras Profesionales,NO ACREDITADA
2026|I17S2C227J4V4,I17S2C227J4V4,CONTADOR PUBLICO Y AUDITOR,Administración y Comercio,Administración de Empresas y Derecho,Educación Comercial y Administración,Profesional Con Licenciatura,Carreras Profesionales,NO ACREDITADA
2023|I426S1C40J4V1,I426S1C40J4V1,CONTROL DE GESTION,Administración y Comercio,Administración de Empresas y Derecho,Educación Comercial y Administración,Técnico de Nivel Superior,Carreras Técnicas,NO ACREDITADA
2023|I426S1C40J4V2,I426S1C40J4V2,CONTROL DE GESTION,Administración y Comercio,Administración de Empresas y Derecho,Educación Comercial y Administración,Técnico de Nivel Superior,Carreras Técnicas,NO ACREDITADA
2023|I426S1C10J4V1,I426S1C10J4V1,FINANZAS,Administración y Comercio,Administración de Empresas y Derecho,Educación Comercial y Administración,Técnico de Nivel Superior,Carreras Técnicas,NO ACREDITADA
2023|I426S1C10J4V2,I426S1C10J4V2,FINANZAS,Administración y Comercio,Administración de Empresas y Derecho,Educación Comercial y Administración,Técnico de Nivel Superior,Carreras Técnicas,NO ACREDITADA
2024|I171S1C66J4V1,I171S1C66J4V1,FINANZAS,Administración y Comercio,Administración de Empresas y Derecho,Educación Comercial y Administración,Técnico de Nivel Superior,Carreras Técnicas,NO ACREDITADA
2025|I171S1C66J4V1,I171S1C66J4V1,FINANZAS,Administración y Comercio,Administración de Empresas y Derecho,Educación Comercial y Administración,Técnico de Nivel Superior,Carreras Técnicas,NO ACREDITADA
2026|I171S1C66J4V1,I171S1C66J4V1,FINANZAS,Administración y Comercio,Administración de Empresas y Derecho,Educación Comercial y Administración,Técnico de Nivel Superior,Carreras Técnicas,NO ACREDITADA
2026|I120S1C173J3V1,I120S1C173J3V1,GASTRONOMIA,Administración y Comercio,Servicios,Servicios personales,Técnico de Nivel Superior,Carreras Técnicas,NO ACREDITADA
2023|I730S1C2J3V1,I730S1C2J3V1,GASTRONOMIA INTERNACIONAL,Administración y Comercio,Servicios,Servicios personales,Técnico de Nivel Superior,Carreras Técnicas,NO ACREDITADA
2024|I730S1C2J3V1,I730S1C2J3V1,GASTRONOMIA INTERNACIONAL,Administración y Comercio,Servicios,Servicios personales,Técnico de Nivel Superior,Carreras Técnicas,NO ACREDITADA
2025|I143S26C609J3V2,I143S26C609J3V2,GASTRONOMIA INTERNACIONAL,Administración y Comercio,Servicios,Servicios personales,Técnico de Nivel Superior,Carreras Técnicas,NO ACREDITADA
2025|I730S1C2J3V1,I730S1C2J3V1,GASTRONOMIA INTERNACIONAL,Administración y Comercio,Servicios,Servicios personales,Técnico de Nivel Superior,Carreras Técnicas,NO ACREDITADA
2026|I143S23C609J3V2,I143S23C609J3V2,GASTRONOMIA INTERNACIONAL,Administración y Comercio,Servicios,Servicios personales,Técnico de Nivel Superior,Carreras Técnicas,NO ACREDITADA
2026|I143S26C609J3V2,I143S26C609J3V2,GASTRONOMIA INTERNACIONAL,Administración y Comercio,Servicios,Servicios personales,Técnico de Nivel Superior,Carreras Técnicas,NO ACREDITADA
2024|I152S10C394J3V1,I152S10C394J3V1,GASTRONOMIA INTERNACIONAL Y CULTURAL,Administración y Comercio,Servicios,Servicios personales,Técnico de Nivel Superior,Carreras Técnicas,NO ACREDITADA
2025|I152S10C394J3V1,I152S10C394J3V1,GASTRONOMIA INTERNACIONAL Y CULTURAL,Administración y Comercio,Servicios,Servicios personales,Técnico de Nivel Superior,Carreras Técnicas,NO ACREDITADA
2026|I152S10C394J3V1,I152S10C394J3V1,GASTRONOMIA INTERNACIONAL Y CULTURAL,Administración y Comercio,Servicios,Servicios personales,Técnico de Nivel Superior,Carreras Técnicas,NO ACREDITADA
2026|I143S28C713J4V1,I143S28C713J4V1,GESTION DE PERSONAS,Administración y Comercio,Administración de Empresas y Derecho,Educación Comercial y Administración,Técnico de Nivel Superior,Carreras Técnicas,NO ACREDITADA
2023|I701S0C36J4V1,I701S0C36J4V1,GESTION LOGISTICA INTEGRAL,Administración y Comercio,Administración de Empresas y Derecho,Educación Comercial y Administración,Técnico de Nivel Superior,Carreras Técnicas,NO ACREDITADA
2024|I701S0C36J4V1,I701S0C36J4V1,GESTION LOGISTICA INTEGRAL,Administración y Comercio,Administración de Empresas y Derecho,Educación Comercial y Administración,Técnico de Nivel Superior,Carreras Técnicas,NO ACREDITADA
2025|I701S0C36J4V1,I701S0C36J4V1,GESTION LOGISTICA INTEGRAL,Administración y Comercio,Administración de Empresas y Derecho,Educación Comercial y Administración,Técnico de Nivel Superior,Carreras Técnicas,NO ACREDITADA
2026|I701S0C36J4V1,I701S0C36J4V1,GESTION LOGISTICA INTEGRAL,Administración y Comercio,Administración de Empresas y Derecho,Educación Comercial y Administración,Técnico de Nivel Superior,Carreras Técnicas,NO ACREDITADA
2023|I10S7C16J3V1,I10S7C16J3V1,INGENIERIA COMERCIAL,Administración y Comercio,Administración de Empresas y Derecho,Educación Comercial y Administración,Profesional Con Licenciatura,Carreras Profesionales,NO ACREDITADA
2023|I10S7C16J4V2,I10S7C16J4V2,INGENIERIA COMERCIAL,Administración y Comercio,Administración de Empresas y Derecho,Educación Comercial y Administración,Profesional Con Licenciatura,Carreras Profesionales,NO ACREDITADA
2023|I10S7C16J4V3,I10S7C16J4V3,INGENIERIA COMERCIAL,Administración y Comercio,Administración de Empresas y Derecho,Educación Comercial y Administración,Profesional Con Licenciatura,Carreras Profesionales,NO ACREDITADA
2023|I16S1C45J4V2,I16S1C45J4V2,INGENIERIA COMERCIAL,Administración y Comercio,Administración de Empresas y Derecho,Educación Comercial y Administración,Profesional Con Licenciatura,Carreras Profesionales,NO ACREDITADA
2023|I17S2C101J4V2,I17S2C101J4V2,INGENIERIA COMERCIAL,Administración y Comercio,Administración de Empresas y Derecho,Educación Comercial y Administración,Profesional Con Licenciatura,Carreras Profesionales,NO ACREDITADA
2023|I17S2C101J4V3,I17S2C101J4V3,INGENIERIA COMERCIAL,Administración y Comercio,Administración de Empresas y Derecho,Educación Comercial y Administración,Profesional Con Licenciatura,Carreras Profesionales,NO ACREDITADA
2023|I17S2C101J5V2,I17S2C101J5V2,INGENIERIA COMERCIAL,Administración y Comercio,Administración de Empresas y Derecho,Educación Comercial y Administración,Profesional Con Licenciatura,Carreras Profesionales,NO ACREDITADA
2023|I19S1C132J4V1,I19S1C132J4V1,INGENIERIA COMERCIAL,Administración y Comercio,Administración de Empresas y Derecho,Educación Comercial y Administración,Profesional Con Licenciatura,Carreras Profesionales,NO ACREDITADA
2023|I19S1C132J4V2,I19S1C132J4V2,INGENIERIA COMERCIAL,Administración y Comercio,Administración de Empresas y Derecho,Educación Comercial y Administración,Profesional Con Licenciatura,Carreras Profesionales,NO ACREDITADA
2023|I1S1C7J4V3,I1S1C7J4V3,INGENIERIA COMERCIAL,Administración y Comercio,Administración de Empresas y Derecho,Educación Comercial y Administración,Profesional Con Licenciatura,Carreras Profesionales,NO ACREDITADA
2023|I1S1C7J4V4,I1S1C7J4V4,INGENIERIA COMERCIAL,Administración y Comercio,Administración de Empresas y Derecho,Educación Comercial y Administración,Profesional Con Licenciatura,Carreras Profesionales,NO ACREDITADA
2023|I20S1C1J4V4,I20S1C1J4V4,INGENIERIA COMERCIAL,Administración y Comercio,Administración de Empresas y Derecho,Educación Comercial y Administración,Profesional Con Licenciatura,Carreras Profesionales,NO ACREDITADA
2023|I22S1C1J2V3,I22S1C1J2V3,INGENIERIA COMERCIAL,Administración y Comercio,Administración de Empresas y Derecho,Educación Comercial y Administración,Profesional Con Licenciatura,Carreras Profesionales,NO ACREDITADA
2023|I22S1C1J2V4,I22S1C1J2V4,INGENIERIA COMERCIAL,Administración y Comercio,Administración de Empresas y Derecho,Educación Comercial y Administración,Profesional Con Licenciatura,Carreras Profesionales,NO ACREDITADA
2023|I22S1C1J2V5,I22S1C1J2V5,INGENIERIA COMERCIAL,Administración y Comercio,Administración de Empresas y Derecho,Educación Comercial y Administración,Profesional Con Licenciatura,Carreras Profesionales,NO ACREDITADA
2023|I26S1C82J4V2,I26S1C82J4V2,INGENIERIA COMERCIAL,Administración y Comercio,Administración de Empresas y Derecho,Educación Comercial y Administración,Profesional Con Licenciatura,Carreras Profesionales,NO ACREDITADA
2023|I26S1C82J4V3,I26S1C82J4V3,INGENIERIA COMERCIAL,Administración y Comercio,Administración de Empresas y Derecho,Educación Comercial y Administración,Profesional Con Licenciatura,Carreras Profesionales,NO ACREDITADA
2023|I26S1C82J4V4,I26S1C82J4V4,INGENIERIA COMERCIAL,Administración y Comercio,Administración de Empresas y Derecho,Educación Comercial y Administración,Profesional Con Licenciatura,Carreras Profesionales,NO ACREDITADA
2023|I39S6C1J4V1,I39S6C1J4V1,INGENIERIA COMERCIAL,Administración y Comercio,Administración de Empresas y Derecho,Educación Comercial y Administración,Profesional Con Licenciatura,Carreras Profesionales,NO ACREDITADA
2023|I39S6C1J4V2,I39S6C1J4V2,INGENIERIA COMERCIAL,Administración y Comercio,Administración de Empresas y Derecho,Educación Comercial y Administración,Profesional Con Licenciatura,Carreras Profesionales,NO ACREDITADA
2023|I4S1C5J4V1,I4S1C5J4V1,INGENIERIA COMERCIAL,Administración y Comercio,Administración de Empresas y Derecho,Educación Comercial y Administración,Profesional Con Licenciatura,Carreras Profesionales,NO ACREDITADA
2023|I4S1C5J4V2,I4S1C5J4V2,INGENIERIA COMERCIAL,Administración y Comercio,Administración de Empresas y Derecho,Educación Comercial y Administración,Profesional Con Licenciatura,Carreras Profesionales,NO ACREDITADA
2023|I4S1C5J4V4,I4S1C5J4V4,INGENIERIA COMERCIAL,Administración y Comercio,Administración de Empresas y Derecho,Educación Comercial y Administración,Profesional Con Licenciatura,Carreras Profesionales,NO ACREDITADA
2023|I4S1C5J4V6,I4S1C5J4V6,INGENIERIA COMERCIAL,Administración y Comercio,Administración de Empresas y Derecho,Educación Comercial y Administración,Profesional Con Licenciatura,Carreras Profesionales,NO ACREDITADA
2024|I10S7C16J3V1,I10S7C16J3V1,INGENIERIA COMERCIAL,Administración y Comercio,Administración de Empresas y Derecho,Educación Comercial y Administración,Profesional Con Licenciatura,Carreras Profesionales,NO ACREDITADA
2024|I10S7C16J4V2,I10S7C16J4V2,INGENIERIA COMERCIAL,Administración y Comercio,Administración de Empresas y Derecho,Educación Comercial y Administración,Profesional Con Licenciatura,Carreras Profesionales,NO ACREDITADA
2024|I10S7C16J4V3,I10S7C16J4V3,INGENIERIA COMERCIAL,Administración y Comercio,Administración de Empresas y Derecho,Educación Comercial y Administración,Profesional Con Licenciatura,Carreras Profesionales,NO ACREDITADA
2024|I17S2C101J4V2,I17S2C101J4V2,INGENIERIA COMERCIAL,Administración y Comercio,Administración de Empresas y Derecho,Educación Comercial y Administración,Profesional Con Licenciatura,Carreras Profesionales,NO ACREDITADA
2024|I17S2C101J4V3,I17S2C101J4V3,INGENIERIA COMERCIAL,Administración y Comercio,Administración de Empresas y Derecho,Educación Comercial y Administración,Profesional Con Licenciatura,Carreras Profesionales,NO ACREDITADA
2024|I17S2C101J4V4,I17S2C101J4V4,INGENIERIA COMERCIAL,Administración y Comercio,Administración de Empresas y Derecho,Educación Comercial y Administración,Profesional Con Licenciatura,Carreras Profesionales,NO ACREDITADA
2024|I17S2C101J5V2,I17S2C101J5V2,INGENIERIA COMERCIAL,Administración y Comercio,Administración de Empresas y Derecho,Educación Comercial y Administración,Profesional Con Licenciatura,Carreras Profesionales,NO ACREDITADA
2024|I19S1C132J4V1,I19S1C132J4V1,INGENIERIA COMERCIAL,Administración y Comercio,Administración de Empresas y Derecho,Educación Comercial y Administración,Profesional Con Licenciatura,Carreras Profesionales,NO ACREDITADA
2024|I19S1C132J4V2,I19S1C132J4V2,INGENIERIA COMERCIAL,Administración y Comercio,Administración de Empresas y Derecho,Educación Comercial y Administración,Profesional Con Licenciatura,Carreras Profesionales,NO ACREDITADA
2024|I1S1C7J4V3,I1S1C7J4V3,INGENIERIA COMERCIAL,Administración y Comercio,Administración de Empresas y Derecho,Educación Comercial y Administración,Profesional Con Licenciatura,Carreras Profesionales,NO ACREDITADA
2024|I1S1C7J4V4,I1S1C7J4V4,INGENIERIA COMERCIAL,Administración y Comercio,Administración de Empresas y Derecho,Educación Comercial y Administración,Profesional Con Licenciatura,Carreras Profesionales,NO ACREDITADA
2024|I20S1C1J4V4,I20S1C1J4V4,INGENIERIA COMERCIAL,Administración y Comercio,Administración de Empresas y Derecho,Educación Comercial y Administración,Profesional Con Licenciatura,Carreras Profesionales,NO ACREDITADA
2024|I22S1C1J2V3,I22S1C1J2V3,INGENIERIA COMERCIAL,Administración y Comercio,Administración de Empresas y Derecho,Educación Comercial y Administración,Profesional Con Licenciatura,Carreras Profesionales,NO ACREDITADA
2024|I22S1C1J2V4,I22S1C1J2V4,INGENIERIA COMERCIAL,Administración y Comercio,Administración de Empresas y Derecho,Educación Comercial y Administración,Profesional Con Licenciatura,Carreras Profesionales,NO ACREDITADA
2024|I22S1C1J4V1,I22S1C1J4V1,INGENIERIA COMERCIAL,Administración y Comercio,Administración de Empresas y Derecho,Educación Comercial y Administración,Profesional Con Licenciatura,Carreras Profesionales,NO ACREDITADA
2024|I22S1C1J4V4,I22S1C1J4V4,INGENIERIA COMERCIAL,Administración y Comercio,Administración de Empresas y Derecho,Educación Comercial y Administración,Profesional Con Licenciatura,Carreras Profesionales,NO ACREDITADA
2024|I22S1C1J4V5,I22S1C1J4V5,INGENIERIA COMERCIAL,Administración y Comercio,Administración de Empresas y Derecho,Educación Comercial y Administración,Profesional Con Licenciatura,Carreras Profesionales,NO ACREDITADA
2024|I26S1C82J4V2,I26S1C82J4V2,INGENIERIA COMERCIAL,Administración y Comercio,Administración de Empresas y Derecho,Educación Comercial y Administración,Profesional Con Licenciatura,Carreras Profesionales,NO ACREDITADA
2024|I26S1C82J4V3,I26S1C82J4V3,INGENIERIA COMERCIAL,Administración y Comercio,Administración de Empresas y Derecho,Educación Comercial y Administración,Profesional Con Licenciatura,Carreras Profesionales,NO ACREDITADA
2024|I26S1C82J4V4,I26S1C82J4V4,INGENIERIA COMERCIAL,Administración y Comercio,Administración de Empresas y Derecho,Educación Comercial y Administración,Profesional Con Licenciatura,Carreras Profesionales,NO ACREDITADA
2024|I26S1C82J4V5,I26S1C82J4V5,INGENIERIA COMERCIAL,Administración y Comercio,Administración de Empresas y Derecho,Educación Comercial y Administración,Profesional Con Licenciatura,Carreras Profesionales,NO ACREDITADA
2024|I31S1C1J4V2,I31S1C1J4V2,INGENIERIA COMERCIAL,Administración y Comercio,Administración de Empresas y Derecho,Educación Comercial y Administración,Profesional Con Licenciatura,Carreras Profesionales,NO ACREDITADA
2024|I39S6C1J4V2,I39S6C1J4V2,INGENIERIA COMERCIAL,Administración y Comercio,Administración de Empresas y Derecho,Educación Comercial y Administración,Profesional Con Licenciatura,Carreras Profesionales,NO ACREDITADA
2024|I4S1C5J4V1,I4S1C5J4V1,INGENIERIA COMERCIAL,Administración y Comercio,Administración de Empresas y Derecho,Educación Comercial y Administración,Profesional Con Licenciatura,Carreras Profesionales,NO ACREDITADA
2024|I4S1C5J4V2,I4S1C5J4V2,INGENIERIA COMERCIAL,Administración y Comercio,Administración de Empresas y Derecho,Educación Comercial y Administración,Profesional Con Licenciatura,Carreras Profesionales,NO ACREDITADA
2024|I4S1C5J4V4,I4S1C5J4V4,INGENIERIA COMERCIAL,Administración y Comercio,Administración de Empresas y Derecho,Educación Comercial y Administración,Profesional Con Licenciatura,Carreras Profesionales,NO ACREDITADA
2024|I4S1C5J4V6,I4S1C5J4V6,INGENIERIA COMERCIAL,Administración y Comercio,Administración de Empresas y Derecho,Educación Comercial y Administración,Profesional Con Licenciatura,Carreras Profesionales,NO ACREDITADA
2024|I68S1C28J4V1,I68S1C28J4V1,INGENIERIA COMERCIAL,Administración y Comercio,Administración de Empresas y Derecho,Educación Comercial y Administración,Profesional Con Licenciatura,Carreras Profesionales,NO ACREDITADA
2025|I10S7C16J4V2,I10S7C16J4V2,INGENIERIA COMERCIAL,Administración y Comercio,Administración de Empresas y Derecho,Educación Comercial y Administración,Profesional Con Licenciatura,Carreras Profesionales,NO ACREDITADA
2025|I10S7C16J4V3,I10S7C16J4V3,INGENIERIA COMERCIAL,Administración y Comercio,Administración de Empresas y Derecho,Educación Comercial y Administración,Profesional Con Licenciatura,Carreras Profesionales,NO ACREDITADA
2025|I10S7C16J4V4,I10S7C16J4V4,INGENIERIA COMERCIAL,Administración y Comercio,Administración de Empresas y Derecho,Educación Comercial y Administración,Profesional Con Licenciatura,Carreras Profesionales,NO ACREDITADA
2025|I17S2C101J4V2,I17S2C101J4V2,INGENIERIA COMERCIAL,Administración y Comercio,Administración de Empresas y Derecho,Educación Comercial y Administración,Profesional Con Licenciatura,Carreras Profesionales,NO ACREDITADA
2025|I17S2C101J4V3,I17S2C101J4V3,INGENIERIA COMERCIAL,Administración y Comercio,Administración de Empresas y Derecho,Educación Comercial y Administración,Profesional Con Licenciatura,Carreras Profesionales,NO ACREDITADA
2025|I17S2C101J4V4,I17S2C101J4V4,INGENIERIA COMERCIAL,Administración y Comercio,Administración de Empresas y Derecho,Educación Comercial y Administración,Profesional Con Licenciatura,Carreras Profesionales,NO ACREDITADA
2025|I17S2C101J5V2,I17S2C101J5V2,INGENIERIA COMERCIAL,Administración y Comercio,Administración de Empresas y Derecho,Educación Comercial y Administración,Profesional Con Licenciatura,Carreras Profesionales,NO ACREDITADA
2025|I19S1C132J4V1,I19S1C132J4V1,INGENIERIA COMERCIAL,Administración y Comercio,Administración de Empresas y Derecho,Educación Comercial y Administración,Profesional Con Licenciatura,Carreras Profesionales,NO ACREDITADA
2025|I19S1C132J4V2,I19S1C132J4V2,INGENIERIA COMERCIAL,Administración y Comercio,Administración de Empresas y Derecho,Educación Comercial y Administración,Profesional Con Licenciatura,Carreras Profesionales,NO ACREDITADA
2025|I19S1C132J4V3,I19S1C132J4V3,INGENIERIA COMERCIAL,Administración y Comercio,Administración de Empresas y Derecho,Educación Comercial y Administración,Profesional Con Licenciatura,Carreras Profesionales,NO ACREDITADA
2025|I19S1C132J4V4,I19S1C132J4V4,INGENIERIA COMERCIAL,Administración y Comercio,Administración de Empresas y Derecho,Educación Comercial y Administración,Profesional Con Licenciatura,Carreras Profesionales,NO ACREDITADA
2025|I1S1C7J4V3,I1S1C7J4V3,INGENIERIA COMERCIAL,Administración y Comercio,Administración de Empresas y Derecho,Educación Comercial y Administración,Profesional Con Licenciatura,Carreras Profesionales,NO ACREDITADA
2025|I1S1C7J4V4,I1S1C7J4V4,INGENIERIA COMERCIAL,Administración y Comercio,Administración de Empresas y Derecho,Educación Comercial y Administración,Profesional Con Licenciatura,Carreras Profesionales,NO ACREDITADA
2025|I20S1C1J4V4,I20S1C1J4V4,INGENIERIA COMERCIAL,Administración y Comercio,Administración de Empresas y Derecho,Educación Comercial y Administración,Profesional Con Licenciatura,Carreras Profesionales,NO ACREDITADA
2025|I22S1C1J2V3,I22S1C1J2V3,INGENIERIA COMERCIAL,Administración y Comercio,Administración de Empresas y Derecho,Educación Comercial y Administración,Profesional Con Licenciatura,Carreras Profesionales,NO ACREDITADA
2025|I22S1C1J2V4,I22S1C1J2V4,INGENIERIA COMERCIAL,Administración y Comercio,Administración de Empresas y Derecho,Educación Comercial y Administración,Profesional Con Licenciatura,Carreras Profesionales,NO ACREDITADA
2025|I22S1C1J2V5,I22S1C1J2V5,INGENIERIA COMERCIAL,Administración y Comercio,Administración de Empresas y Derecho,Educación Comercial y Administración,Profesional Con Licenciatura,Carreras Profesionales,NO ACREDITADA
2025|I22S1C1J4V1,I22S1C1J4V1,INGENIERIA COMERCIAL,Administración y Comercio,Administración de Empresas y Derecho,Educación Comercial y Administración,Profesional Con Licenciatura,Carreras Profesionales,NO ACREDITADA
2025|I22S1C1J4V4,I22S1C1J4V4,INGENIERIA COMERCIAL,Administración y Comercio,Administración de Empresas y Derecho,Educación Comercial y Administración,Profesional Con Licenciatura,Carreras Profesionales,NO ACREDITADA
2025|I22S1C1J4V5,I22S1C1J4V5,INGENIERIA COMERCIAL,Administración y Comercio,Administración de Empresas y Derecho,Educación Comercial y Administración,Profesional Con Licenciatura,Carreras Profesionales,NO ACREDITADA
2025|I26S1C82J4V2,I26S1C82J4V2,INGENIERIA COMERCIAL,Administración y Comercio,Administración de Empresas y Derecho,Educación Comercial y Administración,Profesional Con Licenciatura,Carreras Profesionales,NO ACREDITADA
2025|I26S1C82J4V3,I26S1C82J4V3,INGENIERIA COMERCIAL,Administración y Comercio,Administración de Empresas y Derecho,Educación Comercial y Administración,Profesional Con Licenciatura,Carreras Profesionales,NO ACREDITADA
2025|I26S1C82J4V4,I26S1C82J4V4,INGENIERIA COMERCIAL,Administración y Comercio,Administración de Empresas y Derecho,Educación Comercial y Administración,Profesional Con Licenciatura,Carreras Profesionales,NO ACREDITADA
2025|I26S1C82J4V5,I26S1C82J4V5,INGENIERIA COMERCIAL,Administración y Comercio,Administración de Empresas y Derecho,Educación Comercial y Administración,Profesional Con Licenciatura,Carreras Profesionales,NO ACREDITADA
2025|I31S1C1J4V2,I31S1C1J4V2,INGENIERIA COMERCIAL,Administración y Comercio,Administración de Empresas y Derecho,Educación Comercial y Administración,Profesional Con Licenciatura,Carreras Profesionales,NO ACREDITADA
2025|I39S6C1J3V2,I39S6C1J3V2,INGENIERIA COMERCIAL,Administración y Comercio,Administración de Empresas y Derecho,Educación Comercial y Administración,Profesional Con Licenciatura,Carreras Profesionales,NO ACREDITADA
2025|I39S6C1J4V1,I39S6C1J4V1,INGENIERIA COMERCIAL,Administración y Comercio,Administración de Empresas y Derecho,Educación Comercial y Administración,Profesional Con Licenciatura,Carreras Profesionales,NO ACREDITADA
2025|I39S6C1J4V2,I39S6C1J4V2,INGENIERIA COMERCIAL,Administración y Comercio,Administración de Empresas y Derecho,Educación Comercial y Administración,Profesional Con Licenciatura,Carreras Profesionales,NO ACREDITADA
2025|I4S1C5J4V1,I4S1C5J4V1,INGENIERIA COMERCIAL,Administración y Comercio,Administración de Empresas y Derecho,Educación Comercial y Administración,Profesional Con Licenciatura,Carreras Profesionales,NO ACREDITADA
2025|I4S1C5J4V2,I4S1C5J4V2,INGENIERIA COMERCIAL,Administración y Comercio,Administración de Empresas y Derecho,Educación Comercial y Administración,Profesional Con Licenciatura,Carreras Profesionales,NO ACREDITADA
2025|I4S1C5J4V4,I4S1C5J4V4,INGENIERIA COMERCIAL,Administración y Comercio,Administración de Empresas y Derecho,Educación Comercial y Administración,Profesional Con Licenciatura,Carreras Profesionales,NO ACREDITADA
2025|I4S1C5J4V6,I4S1C5J4V6,INGENIERIA COMERCIAL,Administración y Comercio,Administración de Empresas y Derecho,Educación Comercial y Administración,Profesional Con Licenciatura,Carreras Profesionales,NO ACREDITADA
2025|I68S1C28J4V1,I68S1C28J4V1,INGENIERIA COMERCIAL,Administración y Comercio,Administración de Empresas y Derecho,Educación Comercial y Administración,Profesional Con Licenciatura,Carreras Profesionales,NO ACREDITADA
2026|I10S7C16J4V2,I10S7C16J4V2,INGENIERIA COMERCIAL,Administración y Comercio,Administración de Empresas y Derecho,Educación Comercial y Administración,Profesional Con Licenciatura,Carreras Profesionales,NO ACREDITADA
2026|I10S7C16J4V3,I10S7C16J4V3,INGENIERIA COMERCIAL,Administración y Comercio,Administración de Empresas y Derecho,Educación Comercial y Administración,Profesional Con Licenciatura,Carreras Profesionales,NO ACREDITADA
2026|I10S7C16J4V4,I10S7C16J4V4,INGENIERIA COMERCIAL,Administración y Comercio,Administración de Empresas y Derecho,Educación Comercial y Administración,Profesional Con Licenciatura,Carreras Profesionales,NO ACREDITADA
2026|I17S2C101J4V2,I17S2C101J4V2,INGENIERIA COMERCIAL,Administración y Comercio,Administración de Empresas y Derecho,Educación Comercial y Administración,Profesional Con Licenciatura,Carreras Profesionales,NO ACREDITADA
2026|I17S2C101J4V3,I17S2C101J4V3,INGENIERIA COMERCIAL,Administración y Comercio,Administración de Empresas y Derecho,Educación Comercial y Administración,Profesional Con Licenciatura,Carreras Profesionales,NO ACREDITADA
2026|I17S2C101J4V4,I17S2C101J4V4,INGENIERIA COMERCIAL,Administración y Comercio,Administración de Empresas y Derecho,Educación Comercial y Administración,Profesional Con Licenciatura,Carreras Profesionales,NO ACREDITADA
2026|I19S1C132J4V1,I19S1C132J4V1,INGENIERIA COMERCIAL,Administración y Comercio,Administración de Empresas y Derecho,Educación Comercial y Administración,Profesional Con Licenciatura,Carreras Profesionales,NO ACREDITADA
2026|I19S1C132J4V2,I19S1C132J4V2,INGENIERIA COMERCIAL,Administración y Comercio,Administración de Empresas y Derecho,Educación Comercial y Administración,Profesional Con Licenciatura,Carreras Profesionales,NO ACREDITADA
2026|I19S1C132J4V3,I19S1C132J4V3,INGENIERIA COMERCIAL,Administración y Comercio,Administración de Empresas y Derecho,Educación Comercial y Administración,Profesional Con Licenciatura,Carreras Profesionales,NO ACREDITADA
2026|I19S1C132J4V4,I19S1C132J4V4,INGENIERIA COMERCIAL,Administración y Comercio,Administración de Empresas y Derecho,Educación Comercial y Administración,Profesional Con Licenciatura,Carreras Profesionales,NO ACREDITADA
2026|I1S1C7J4V3,I1S1C7J4V3,INGENIERIA COMERCIAL,Administración y Comercio,Administración de Empresas y Derecho,Educación Comercial y Administración,Profesional Con Licenciatura,Carreras Profesionales,NO ACREDITADA
2026|I1S1C7J4V4,I1S1C7J4V4,INGENIERIA COMERCIAL,Administración y Comercio,Administración de Empresas y Derecho,Educación Comercial y Administración,Profesional Con Licenciatura,Carreras Profesionales,NO ACREDITADA
2026|I20S1C1J4V4,I20S1C1J4V4,INGENIERIA COMERCIAL,Administración y Comercio,Administración de Empresas y Derecho,Educación Comercial y Administración,Profesional Con Licenciatura,Carreras Profesionales,NO ACREDITADA
2026|I22S1C1J2V3,I22S1C1J2V3,INGENIERIA COMERCIAL,Administración y Comercio,Administración de Empresas y Derecho,Educación Comercial y Administración,Profesional Con Licenciatura,Carreras Profesionales,NO ACREDITADA
2026|I22S1C1J2V4,I22S1C1J2V4,INGENIERIA COMERCIAL,Administración y Comercio,Administración de Empresas y Derecho,Educación Comercial y Administración,Profesional Con Licenciatura,Carreras Profesionales,NO ACREDITADA
2026|I22S1C1J4V1,I22S1C1J4V1,INGENIERIA COMERCIAL,Administración y Comercio,Administración de Empresas y Derecho,Educación Comercial y Administración,Profesional Con Licenciatura,Carreras Profesionales,NO ACREDITADA
2026|I22S1C1J4V4,I22S1C1J4V4,INGENIERIA COMERCIAL,Administración y Comercio,Administración de Empresas y Derecho,Educación Comercial y Administración,Profesional Con Licenciatura,Carreras Profesionales,NO ACREDITADA
2026|I22S1C1J4V5,I22S1C1J4V5,INGENIERIA COMERCIAL,Administración y Comercio,Administración de Empresas y Derecho,Educación Comercial y Administración,Profesional Con Licenciatura,Carreras Profesionales,NO ACREDITADA
2026|I26S1C82J4V2,I26S1C82J4V2,INGENIERIA COMERCIAL,Administración y Comercio,Administración de Empresas y Derecho,Educación Comercial y Administración,Profesional Con Licenciatura,Carreras Profesionales,NO ACREDITADA
2026|I26S1C82J4V3,I26S1C82J4V3,INGENIERIA COMERCIAL,Administración y Comercio,Administración de Empresas y Derecho,Educación Comercial y Administración,Profesional Con Licenciatura,Carreras Profesionales,NO ACREDITADA
2026|I26S1C82J4V4,I26S1C82J4V4,INGENIERIA COMERCIAL,Administración y Comercio,Administración de Empresas y Derecho,Educación Comercial y Administración,Profesional Con Licenciatura,Carreras Profesionales,NO ACREDITADA
2026|I26S1C82J4V5,I26S1C82J4V5,INGENIERIA COMERCIAL,Administración y Comercio,Administración de Empresas y Derecho,Educación Comercial y Administración,Profesional Con Licenciatura,Carreras Profesionales,NO ACREDITADA
2026|I31S1C1J4V2,I31S1C1J4V2,INGENIERIA COMERCIAL,Administración y Comercio,Administración de Empresas y Derecho,Educación Comercial y Administración,Profesional Con Licenciatura,Carreras Profesionales,NO ACREDITADA
2026|I39S6C1J3V2,I39S6C1J3V2,INGENIERIA COMERCIAL,Administración y Comercio,Administración de Empresas y Derecho,Educación Comercial y Administración,Profesional Con Licenciatura,Carreras Profesionales,NO ACREDITADA
2026|I39S6C1J4V1,I39S6C1J4V1,INGENIERIA COMERCIAL,Administración y Comercio,Administración de Empresas y Derecho,Educación Comercial y Administración,Profesional Con Licenciatura,Carreras Profesionales,NO ACREDITADA
2026|I39S6C1J4V2,I39S6C1J4V2,INGENIERIA COMERCIAL,Administración y Comercio,Administración de Empresas y Derecho,Educación Comercial y Administración,Profesional Con Licenciatura,Carreras Profesionales,NO ACREDITADA
2026|I4S1C5J4V1,I4S1C5J4V1,INGENIERIA COMERCIAL,Administración y Comercio,Administración de Empresas y Derecho,Educación Comercial y Administración,Profesional Con Licenciatura,Carreras Profesionales,NO ACREDITADA
2026|I4S1C5J4V2,I4S1C5J4V2,INGENIERIA COMERCIAL,Administración y Comercio,Administración de Empresas y Derecho,Educación Comercial y Administración,Profesional Con Licenciatura,Carreras Profesionales,NO ACREDITADA
2026|I4S1C5J4V4,I4S1C5J4V4,INGENIERIA COMERCIAL,Administración y Comercio,Administración de Empresas y Derecho,Educación Comercial y Administración,Profesional Con Licenciatura,Carreras Profesionales,NO ACREDITADA
2026|I68S1C28J4V1,I68S1C28J4V1,INGENIERIA COMERCIAL,Administración y Comercio,Administración de Empresas y Derecho,Educación Comercial y Administración,Profesional Con Licenciatura,Carreras Profesionales,NO ACREDITADA
2026|I93S1C10J4V3,I93S1C10J4V3,INGENIERIA COMERCIAL,Administración y Comercio,Administración de Empresas y Derecho,Educación Comercial y Administración,Profesional Con Licenciatura,Carreras Profesionales,NO ACREDITADA
2026|I93S1C10J4V4,I93S1C10J4V4,INGENIERIA COMERCIAL,Administración y Comercio,Administración de Empresas y Derecho,Educación Comercial y Administración,Profesional Con Licenciatura,Carreras Profesionales,NO ACREDITADA
2023|I46S5C59J4V3,I46S5C59J4V3,INGENIERIA COMERCIAL (PLAN DE CONTINUIDAD PARA PROFESIONALES DEL AREA DE LA ADMINISTRACION Y NEGOCIOS),Administración y Comercio,Administración de Empresas y Derecho,Educación Comercial y Administración,Profesional Con Licenciatura,Carreras Profesionales,NO ACREDITADA
2023|I46S11C59J3V1,I46S11C59J3V1,INGENIERIA COMERCIAL (PLAN DE CONTINUIDAD),Administración y Comercio,Administración de Empresas y Derecho,Educación Comercial y Administración,Profesional Con Licenciatura,Carreras Profesionales,NO ACREDITADA
2023|I46S19C59J3V2,I46S19C59J3V2,INGENIERIA COMERCIAL (PLAN DE CONTINUIDAD),Administración y Comercio,Administración de Empresas y Derecho,Educación Comercial y Administración,Profesional Con Licenciatura,Carreras Profesionales,NO ACREDITADA
2023|I46S5C59J4V2,I46S5C59J4V2,INGENIERIA COMERCIAL (PLAN DE CONTINUIDAD),Administración y Comercio,Administración de Empresas y Derecho,Educación Comercial y Administración,Profesional Con Licenciatura,Carreras Profesionales,NO ACREDITADA
2023|I46S9C59J3V1,I46S9C59J3V1,INGENIERIA COMERCIAL (PLAN DE CONTINUIDAD),Administración y Comercio,Administración de Empresas y Derecho,Educación Comercial y Administración,Profesional Con Licenciatura,Carreras Profesionales,NO ACREDITADA
2023|I16S1C267J4V3,I16S1C267J4V3,INGENIERIA COMERCIAL - CONTINUIDAD,Administración y Comercio,Administración de Empresas y Derecho,Educación Comercial y Administración,Profesional Con Licenciatura,Carreras Profesionales,NO ACREDITADA
2023|I16S1C267J4V1,I16S1C267J4V1,INGENIERIA COMERCIAL - CONTINUIDAD INGENIEROS Y TNS,Administración y Comercio,Administración de Empresas y Derecho,Educación Comercial y Administración,Profesional Con Licenciatura,Carreras Profesionales,NO ACREDITADA
2023|I26S1C177J4V1,I26S1C177J4V1,INGENIERIA COMERCIAL - PROFESIONAL,Administración y Comercio,Administración de Empresas y Derecho,Educación Comercial y Administración,Profesional Con Licenciatura,Carreras Profesionales,NO ACREDITADA
2023|I26S1C176J4V1,I26S1C176J4V1,INGENIERIA COMERCIAL - TECNICO,Administración y Comercio,Administración de Empresas y Derecho,Educación Comercial y Administración,Profesional Con Licenciatura,Carreras Profesionales,NO ACREDITADA
2024|I26S1C176J4V1,I26S1C176J4V1,INGENIERIA COMERCIAL - TECNICO,Administración y Comercio,Administración de Empresas y Derecho,Educación Comercial y Administración,Profesional Con Licenciatura,Carreras Profesionales,NO ACREDITADA
2025|I26S1C176J4V1,I26S1C176J4V1,INGENIERIA COMERCIAL - TECNICO,Administración y Comercio,Administración de Empresas y Derecho,Educación Comercial y Administración,Profesional Con Licenciatura,Carreras Profesionales,NO ACREDITADA
2026|I26S1C176J4V1,I26S1C176J4V1,INGENIERIA COMERCIAL - TECNICO,Administración y Comercio,Administración de Empresas y Derecho,Educación Comercial y Administración,Profesional Con Licenciatura,Carreras Profesionales,NO ACREDITADA
2026|I42S1C11J4V3,I42S1C11J4V3,INGENIERIA COMERCIAL ADVANCE,Administración y Comercio,Administración de Empresas y Derecho,Educación Comercial y Administración,Profesional Con Licenciatura,Carreras Profesionales,NO ACREDITADA
2026|I69S1C102J4V1,I69S1C102J4V1,INGENIERIA COMERCIAL ONLINE (PLAN A),Administración y Comercio,Administración de Empresas y Derecho,Educación Comercial y Administración,Profesional Con Licenciatura,Carreras Profesionales,NO ACREDITADA
2026|I69S1C281J4V2,I69S1C281J4V2,INGENIERIA COMERCIAL ONLINE (PLAN C),Administración y Comercio,Administración de Empresas y Derecho,Educación Comercial y Administración,Profesional Con Licenciatura,Carreras Profesionales,NO ACREDITADA
2023|I50S1C349J4V1,I50S1C349J4V1,INGENIERIA COMERCIAL PROGRAMA DE PROSECUCION DE ESTUDIOS,Administración y Comercio,Administración de Empresas y Derecho,Educación Comercial y Administración,Profesional Con Licenciatura,Carreras Profesionales,NO ACREDITADA
2023|I50S1C349J4V2,I50S1C349J4V2,INGENIERIA COMERCIAL PROGRAMA DE PROSECUCION DE ESTUDIOS,Administración y Comercio,Administración de Empresas y Derecho,Educación Comercial y Administración,Profesional Con Licenciatura,Carreras Profesionales,NO ACREDITADA
2024|I50S1C349J4V1,I50S1C349J4V1,INGENIERIA COMERCIAL PROGRAMA DE PROSECUCION DE ESTUDIOS,Administración y Comercio,Administración de Empresas y Derecho,Educación Comercial y Administración,Profesional Con Licenciatura,Carreras Profesionales,NO ACREDITADA
2024|I50S1C349J4V2,I50S1C349J4V2,INGENIERIA COMERCIAL PROGRAMA DE PROSECUCION DE ESTUDIOS,Administración y Comercio,Administración de Empresas y Derecho,Educación Comercial y Administración,Profesional Con Licenciatura,Carreras Profesionales,NO ACREDITADA
2025|I50S1C349J4V2,I50S1C349J4V2,INGENIERIA COMERCIAL PROGRAMA DE PROSECUCION DE ESTUDIOS,Administración y Comercio,Administración de Empresas y Derecho,Educación Comercial y Administración,Profesional Con Licenciatura,Carreras Profesionales,NO ACREDITADA
2025|I13S1C464J3V1,I13S1C464J3V1,"INGENIERIA COMERCIAL, CONTINUIDAD DE ESTUDIOS",Administración y Comercio,Administración de Empresas y Derecho,Educación Comercial y Administración,Profesional Con Licenciatura,Carreras Profesionales,NO ACREDITADA
2025|I13S5C464J3V1,I13S5C464J3V1,"INGENIERIA COMERCIAL, CONTINUIDAD DE ESTUDIOS",Administración y Comercio,Administración de Empresas y Derecho,Educación Comercial y Administración,Profesional Con Licenciatura,Carreras Profesionales,NO ACREDITADA
2025|I13S7C464J3V1,I13S7C464J3V1,"INGENIERIA COMERCIAL, CONTINUIDAD DE ESTUDIOS",Administración y Comercio,Administración de Empresas y Derecho,Educación Comercial y Administración,Profesional Con Licenciatura,Carreras Profesionales,NO ACREDITADA
2026|I13S1C464J3V1,I13S1C464J3V1,"INGENIERIA COMERCIAL, CONTINUIDAD DE ESTUDIOS",Administración y Comercio,Administración de Empresas y Derecho,Educación Comercial y Administración,Profesional Con Licenciatura,Carreras Profesionales,NO ACREDITADA
2026|I13S1C464J4V1,I13S1C464J4V1,"INGENIERIA COMERCIAL, CONTINUIDAD DE ESTUDIOS",Administración y Comercio,Administración de Empresas y Derecho,Educación Comercial y Administración,Profesional Con Licenciatura,Carreras Profesionales,NO ACREDITADA
2026|I13S5C464J3V1,I13S5C464J3V1,"INGENIERIA COMERCIAL, CONTINUIDAD DE ESTUDIOS",Administración y Comercio,Administración de Empresas y Derecho,Educación Comercial y Administración,Profesional Con Licenciatura,Carreras Profesionales,NO ACREDITADA
2026|I13S7C464J3V1,I13S7C464J3V1,"INGENIERIA COMERCIAL, CONTINUIDAD DE ESTUDIOS",Administración y Comercio,Administración de Empresas y Derecho,Educación Comercial y Administración,Profesional Con Licenciatura,Carreras Profesionales,NO ACREDITADA
2023|I176S7C545J4V1,I176S7C545J4V1,INGENIERIA DE EJECUCION EN ADMINISTRACION DE EMPRESAS,Administración y Comercio,Administración de Empresas y Derecho,Educación Comercial y Administración,Profesional Sin Licenciatura,Carreras Profesionales,NO ACREDITADA
2023|I176S7C545J4V3,I176S7C545J4V3,INGENIERIA DE EJECUCION EN ADMINISTRACION DE EMPRESAS,Administración y Comercio,Administración de Empresas y Derecho,Educación Comercial y Administración,Profesional Sin Licenciatura,Carreras Profesionales,NO ACREDITADA
2023|I19S1C10J4V1,I19S1C10J4V1,INGENIERIA DE EJECUCION EN ADMINISTRACION DE EMPRESAS,Administración y Comercio,Administración de Empresas y Derecho,Educación Comercial y Administración,Profesional Con Licenciatura,Carreras Profesionales,NO ACREDITADA
2023|I19S1C10J4V2,I19S1C10J4V2,INGENIERIA DE EJECUCION EN ADMINISTRACION DE EMPRESAS,Administración y Comercio,Administración de Empresas y Derecho,Educación Comercial y Administración,Profesional Con Licenciatura,Carreras Profesionales,NO ACREDITADA
2024|I176S7C545J3V1,I176S7C545J3V1,INGENIERIA DE EJECUCION EN ADMINISTRACION DE EMPRESAS,Administración y Comercio,Administración de Empresas y Derecho,Educación Comercial y Administración,Profesional Sin Licenciatura,Carreras Profesionales,NO ACREDITADA
2024|I176S7C545J4V1,I176S7C545J4V1,INGENIERIA DE EJECUCION EN ADMINISTRACION DE EMPRESAS,Administración y Comercio,Administración de Empresas y Derecho,Educación Comercial y Administración,Profesional Sin Licenciatura,Carreras Profesionales,NO ACREDITADA
2024|I176S7C545J4V3,I176S7C545J4V3,INGENIERIA DE EJECUCION EN ADMINISTRACION DE EMPRESAS,Administración y Comercio,Administración de Empresas y Derecho,Educación Comercial y Administración,Profesional Sin Licenciatura,Carreras Profesionales,NO ACREDITADA
2024|I19S1C10J4V1,I19S1C10J4V1,INGENIERIA DE EJECUCION EN ADMINISTRACION DE EMPRESAS,Administración y Comercio,Administración de Empresas y Derecho,Educación Comercial y Administración,Profesional Con Licenciatura,Carreras Profesionales,NO ACREDITADA
2024|I19S1C10J4V2,I19S1C10J4V2,INGENIERIA DE EJECUCION EN ADMINISTRACION DE EMPRESAS,Administración y Comercio,Administración de Empresas y Derecho,Educación Comercial y Administración,Profesional Con Licenciatura,Carreras Profesionales,NO ACREDITADA
2025|I19S1C10J4V1,I19S1C10J4V1,INGENIERIA DE EJECUCION EN ADMINISTRACION DE EMPRESAS,Administración y Comercio,Administración de Empresas y Derecho,Educación Comercial y Administración,Profesional Con Licenciatura,Carreras Profesionales,NO ACREDITADA
2025|I19S1C10J4V2,I19S1C10J4V2,INGENIERIA DE EJECUCION EN ADMINISTRACION DE EMPRESAS,Administración y Comercio,Administración de Empresas y Derecho,Educación Comercial y Administración,Profesional Con Licenciatura,Carreras Profesionales,NO ACREDITADA
2026|I93S1C53J4V2,I93S1C53J4V2,INGENIERIA DE EJECUCION EN ADMINISTRACION DE EMPRESAS,Administración y Comercio,Administración de Empresas y Derecho,Educación Comercial y Administración,Profesional Sin Licenciatura,Carreras Profesionales,NO ACREDITADA
2023|I176S7C867J3V1,I176S7C867J3V1,INGENIERIA DE EJECUCION EN ADMINISTRACION DE EMPRESAS (CONTINUIDAD),Administración y Comercio,Administración de Empresas y Derecho,Educación Comercial y Administración,Profesional Sin Licenciatura,Carreras Profesionales,NO ACREDITADA
2023|I176S7C867J4V2,I176S7C867J4V2,INGENIERIA DE EJECUCION EN ADMINISTRACION DE EMPRESAS (CONTINUIDAD),Administración y Comercio,Administración de Empresas y Derecho,Educación Comercial y Administración,Profesional Sin Licenciatura,Carreras Profesionales,NO ACREDITADA
2024|I176S7C867J3V1,I176S7C867J3V1,INGENIERIA DE EJECUCION EN ADMINISTRACION DE EMPRESAS (CONTINUIDAD),Administración y Comercio,Administración de Empresas y Derecho,Educación Comercial y Administración,Profesional Sin Licenciatura,Carreras Profesionales,NO ACREDITADA
2024|I176S7C867J4V2,I176S7C867J4V2,INGENIERIA DE EJECUCION EN ADMINISTRACION DE EMPRESAS (CONTINUIDAD),Administración y Comercio,Administración de Empresas y Derecho,Educación Comercial y Administración,Profesional Sin Licenciatura,Carreras Profesionales,NO ACREDITADA
2023|I143S15C111J3V1,I143S15C111J3V1,INGENIERIA DE EJECUCION EN ADMINISTRACION DE EMPRESAS MENCION FINANZAS,Administración y Comercio,Administración de Empresas y Derecho,Educación Comercial y Administración,Profesional Sin Licenciatura,Carreras Profesionales,NO ACREDITADA
2023|I143S26C111J3V1,I143S26C111J3V1,INGENIERIA DE EJECUCION EN ADMINISTRACION DE EMPRESAS MENCION FINANZAS,Administración y Comercio,Administración de Empresas y Derecho,Educación Comercial y Administración,Profesional Sin Licenciatura,Carreras Profesionales,NO ACREDITADA
2023|I143S28C111J4V1,I143S28C111J4V1,INGENIERIA DE EJECUCION EN ADMINISTRACION DE EMPRESAS MENCION FINANZAS,Administración y Comercio,Administración de Empresas y Derecho,Educación Comercial y Administración,Profesional Sin Licenciatura,Carreras Profesionales,NO ACREDITADA
2024|I143S26C111J3V1,I143S26C111J3V1,INGENIERIA DE EJECUCION EN ADMINISTRACION DE EMPRESAS MENCION FINANZAS,Administración y Comercio,Administración de Empresas y Derecho,Educación Comercial y Administración,Profesional Sin Licenciatura,Carreras Profesionales,NO ACREDITADA
2024|I143S28C111J4V1,I143S28C111J4V1,INGENIERIA DE EJECUCION EN ADMINISTRACION DE EMPRESAS MENCION FINANZAS,Administración y Comercio,Administración de Empresas y Derecho,Educación Comercial y Administración,Profesional Sin Licenciatura,Carreras Profesionales,NO ACREDITADA
2025|I143S26C111J3V1,I143S26C111J3V1,INGENIERIA DE EJECUCION EN ADMINISTRACION DE EMPRESAS MENCION FINANZAS,Administración y Comercio,Administración de Empresas y Derecho,Educación Comercial y Administración,Profesional Sin Licenciatura,Carreras Profesionales,NO ACREDITADA
2025|I143S28C111J4V1,I143S28C111J4V1,INGENIERIA DE EJECUCION EN ADMINISTRACION DE EMPRESAS MENCION FINANZAS,Administración y Comercio,Administración de Empresas y Derecho,Educación Comercial y Administración,Profesional Sin Licenciatura,Carreras Profesionales,NO ACREDITADA
2026|I143S28C111J4V1,I143S28C111J4V1,INGENIERIA DE EJECUCION EN ADMINISTRACION DE EMPRESAS MENCION FINANZAS,Administración y Comercio,Administración de Empresas y Derecho,Educación Comercial y Administración,Profesional Sin Licenciatura,Carreras Profesionales,NO ACREDITADA
2023|I143S15C112J3V1,I143S15C112J3V1,INGENIERIA DE EJECUCION EN ADMINISTRACION DE EMPRESAS MENCION MARKETING,Administración y Comercio,Administración de Empresas y Derecho,Educación Comercial y Administración,Profesional Sin Licenciatura,Carreras Profesionales,NO ACREDITADA
2023|I143S26C112J3V1,I143S26C112J3V1,INGENIERIA DE EJECUCION EN ADMINISTRACION DE EMPRESAS MENCION MARKETING,Administración y Comercio,Administración de Empresas y Derecho,Educación Comercial y Administración,Profesional Sin Licenciatura,Carreras Profesionales,NO ACREDITADA
2023|I143S28C112J4V1,I143S28C112J4V1,INGENIERIA DE EJECUCION EN ADMINISTRACION DE EMPRESAS MENCION MARKETING,Administración y Comercio,Administración de Empresas y Derecho,Educación Comercial y Administración,Profesional Sin Licenciatura,Carreras Profesionales,NO ACREDITADA
2024|I143S26C112J3V1,I143S26C112J3V1,INGENIERIA DE EJECUCION EN ADMINISTRACION DE EMPRESAS MENCION MARKETING,Administración y Comercio,Administración de Empresas y Derecho,Educación Comercial y Administración,Profesional Sin Licenciatura,Carreras Profesionales,NO ACREDITADA
2024|I143S28C112J4V1,I143S28C112J4V1,INGENIERIA DE EJECUCION EN ADMINISTRACION DE EMPRESAS MENCION MARKETING,Administración y Comercio,Administración de Empresas y Derecho,Educación Comercial y Administración,Profesional Sin Licenciatura,Carreras Profesionales,NO ACREDITADA
2025|I143S26C112J3V1,I143S26C112J3V1,INGENIERIA DE EJECUCION EN ADMINISTRACION DE EMPRESAS MENCION MARKETING,Administración y Comercio,Administración de Empresas y Derecho,Educación Comercial y Administración,Profesional Sin Licenciatura,Carreras Profesionales,NO ACREDITADA
2025|I143S28C112J4V1,I143S28C112J4V1,INGENIERIA DE EJECUCION EN ADMINISTRACION DE EMPRESAS MENCION MARKETING,Administración y Comercio,Administración de Empresas y Derecho,Educación Comercial y Administración,Profesional Sin Licenciatura,Carreras Profesionales,NO ACREDITADA
2026|I143S28C112J4V1,I143S28C112J4V1,INGENIERIA DE EJECUCION EN ADMINISTRACION DE EMPRESAS MENCION MARKETING,Administración y Comercio,Administración de Empresas y Derecho,Educación Comercial y Administración,Profesional Sin Licenciatura,Carreras Profesionales,NO ACREDITADA
2023|I143S15C113J3V1,I143S15C113J3V1,INGENIERIA DE EJECUCION EN ADMINISTRACION DE EMPRESAS MENCION RECURSOS HUMANOS,Administración y Comercio,Administración de Empresas y Derecho,Educación Comercial y Administración,Profesional Sin Licenciatura,Carreras Profesionales,NO ACREDITADA
2023|I143S26C113J3V1,I143S26C113J3V1,INGENIERIA DE EJECUCION EN ADMINISTRACION DE EMPRESAS MENCION RECURSOS HUMANOS,Administración y Comercio,Administración de Empresas y Derecho,Educación Comercial y Administración,Profesional Sin Licenciatura,Carreras Profesionales,NO ACREDITADA
2023|I143S28C113J4V1,I143S28C113J4V1,INGENIERIA DE EJECUCION EN ADMINISTRACION DE EMPRESAS MENCION RECURSOS HUMANOS,Administración y Comercio,Administración de Empresas y Derecho,Educación Comercial y Administración,Profesional Sin Licenciatura,Carreras Profesionales,NO ACREDITADA
2024|I143S15C113J3V1,I143S15C113J3V1,INGENIERIA DE EJECUCION EN ADMINISTRACION DE EMPRESAS MENCION RECURSOS HUMANOS,Administración y Comercio,Administración de Empresas y Derecho,Educación Comercial y Administración,Profesional Sin Licenciatura,Carreras Profesionales,NO ACREDITADA
2024|I143S26C113J3V1,I143S26C113J3V1,INGENIERIA DE EJECUCION EN ADMINISTRACION DE EMPRESAS MENCION RECURSOS HUMANOS,Administración y Comercio,Administración de Empresas y Derecho,Educación Comercial y Administración,Profesional Sin Licenciatura,Carreras Profesionales,NO ACREDITADA
2024|I143S28C113J4V1,I143S28C113J4V1,INGENIERIA DE EJECUCION EN ADMINISTRACION DE EMPRESAS MENCION RECURSOS HUMANOS,Administración y Comercio,Administración de Empresas y Derecho,Educación Comercial y Administración,Profesional Sin Licenciatura,Carreras Profesionales,NO ACREDITADA
2025|I143S26C113J3V1,I143S26C113J3V1,INGENIERIA DE EJECUCION EN ADMINISTRACION DE EMPRESAS MENCION RECURSOS HUMANOS,Administración y Comercio,Administración de Empresas y Derecho,Educación Comercial y Administración,Profesional Sin Licenciatura,Carreras Profesionales,NO ACREDITADA
2025|I143S28C113J4V1,I143S28C113J4V1,INGENIERIA DE EJECUCION EN ADMINISTRACION DE EMPRESAS MENCION RECURSOS HUMANOS,Administración y Comercio,Administración de Empresas y Derecho,Educación Comercial y Administración,Profesional Sin Licenciatura,Carreras Profesionales,NO ACREDITADA
2026|I143S28C113J4V1,I143S28C113J4V1,INGENIERIA DE EJECUCION EN ADMINISTRACION DE EMPRESAS MENCION RECURSOS HUMANOS,Administración y Comercio,Administración de Empresas y Derecho,Educación Comercial y Administración,Profesional Sin Licenciatura,Carreras Profesionales,NO ACREDITADA
2023|I176S10C778J3V1,I176S10C778J3V1,"INGENIERIA DE EJECUCION EN ADMINISTRACION DE EMPRESAS, CONTINUIDAD",Administración y Comercio,Administración de Empresas y Derecho,Educación Comercial y Administración,Profesional Sin Licenciatura,Carreras Profesionales,NO ACREDITADA
2023|I176S7C778J4V1,I176S7C778J4V1,"INGENIERIA DE EJECUCION EN ADMINISTRACION DE EMPRESAS, CONTINUIDAD",Administración y Comercio,Administración de Empresas y Derecho,Educación Comercial y Administración,Profesional Sin Licenciatura,Carreras Profesionales,NO ACREDITADA
2024|I176S7C778J4V1,I176S7C778J4V1,"INGENIERIA DE EJECUCION EN ADMINISTRACION DE EMPRESAS, CONTINUIDAD",Administración y Comercio,Administración de Empresas y Derecho,Educación Comercial y Administración,Profesional Sin Licenciatura,Carreras Profesionales,NO ACREDITADA
2023|I152S10C312J4V1,I152S10C312J4V1,INGENIERIA DE EJECUCION EN ADMINISTRACION MENCION DESARROLLO LOCAL Y REGIONAL,Administración y Comercio,Administración de Empresas y Derecho,Educación Comercial y Administración,Profesional Sin Licenciatura,Carreras Profesionales,NO ACREDITADA
2023|I152S10C363J4V2,I152S10C363J4V2,INGENIERIA DE EJECUCION EN ADMINISTRACION MENCION GESTION Y DESARROLLO LOCAL Y REGIONAL,Administración y Comercio,Administración de Empresas y Derecho,Educación Comercial y Administración,Profesional Sin Licenciatura,Carreras Profesionales,NO ACREDITADA
2024|I152S10C363J4V2,I152S10C363J4V2,INGENIERIA DE EJECUCION EN ADMINISTRACION MENCION GESTION Y DESARROLLO LOCAL Y REGIONAL,Administración y Comercio,Administración de Empresas y Derecho,Educación Comercial y Administración,Profesional Sin Licenciatura,Carreras Profesionales,NO ACREDITADA
2025|I152S10C363J4V2,I152S10C363J4V2,INGENIERIA DE EJECUCION EN ADMINISTRACION MENCION GESTION Y DESARROLLO LOCAL Y REGIONAL,Administración y Comercio,Administración de Empresas y Derecho,Educación Comercial y Administración,Profesional Sin Licenciatura,Carreras Profesionales,NO ACREDITADA
2026|I152S10C363J4V2,I152S10C363J4V2,INGENIERIA DE EJECUCION EN ADMINISTRACION MENCION GESTION Y DESARROLLO LOCAL Y REGIONAL,Administración y Comercio,Administración de Empresas y Derecho,Educación Comercial y Administración,Profesional Sin Licenciatura,Carreras Profesionales,NO ACREDITADA
2023|I116S31C174J2V1,I116S31C174J2V1,"INGENIERIA DE EJECUCION EN ADMINISTRACION, PROGRAMA EJECUTIVO SEMIPRESENCIAL",Administración y Comercio,Administración de Empresas y Derecho,Educación Comercial y Administración,Profesional Sin Licenciatura,Carreras Profesionales,NO ACREDITADA
2024|I116S31C174J2V2,I116S31C174J2V2,"INGENIERIA DE EJECUCION EN ADMINISTRACION, PROGRAMA EJECUTIVO SEMIPRESENCIAL",Administración y Comercio,Administración de Empresas y Derecho,Educación Comercial y Administración,Profesional Sin Licenciatura,Carreras Profesionales,NO ACREDITADA
2025|I116S31C174J2V2,I116S31C174J2V2,"INGENIERIA DE EJECUCION EN ADMINISTRACION, PROGRAMA EJECUTIVO SEMIPRESENCIAL",Administración y Comercio,Administración de Empresas y Derecho,Educación Comercial y Administración,Profesional Sin Licenciatura,Carreras Profesionales,NO ACREDITADA
2023|I176S7C880J4V1,I176S7C880J4V1,INGENIERIA DE EJECUCION EN GESTION DE SEGURIDAD PRIVADA,Administración y Comercio,Servicios,Servicios de Seguridad,Profesional Sin Licenciatura,Carreras Profesionales,NO ACREDITADA
2024|I176S7C880J4V1,I176S7C880J4V1,INGENIERIA DE EJECUCION EN GESTION DE SEGURIDAD PRIVADA,Administración y Comercio,Servicios,Servicios de Seguridad,Profesional Sin Licenciatura,Carreras Profesionales,NO ACREDITADA
2023|I176S7C851J4V1,I176S7C851J4V1,INGENIERIA DE EJECUCION EN GESTION DE SEGURIDAD PRIVADA (CONTINUIDAD),Administración y Comercio,Servicios,Servicios de Seguridad,Profesional Sin Licenciatura,Carreras Profesionales,NO ACREDITADA
2024|I176S7C851J4V1,I176S7C851J4V1,INGENIERIA DE EJECUCION EN GESTION DE SEGURIDAD PRIVADA (CONTINUIDAD),Administración y Comercio,Servicios,Servicios de Seguridad,Profesional Sin Licenciatura,Carreras Profesionales,NO ACREDITADA
2023|I10S7C289J3V1,I10S7C289J3V1,INGENIERIA EN ADMINISTRACION,Administración y Comercio,Administración de Empresas y Derecho,Educación Comercial y Administración,Profesional Con Licenciatura,Carreras Profesionales,NO ACREDITADA
2023|I10S7C289J3V2,I10S7C289J3V2,INGENIERIA EN ADMINISTRACION,Administración y Comercio,Administración de Empresas y Derecho,Educación Comercial y Administración,Profesional Con Licenciatura,Carreras Profesionales,NO ACREDITADA
2023|I10S7C289J4V1,I10S7C289J4V1,INGENIERIA EN ADMINISTRACION,Administración y Comercio,Administración de Empresas y Derecho,Educación Comercial y Administración,Profesional Con Licenciatura,Carreras Profesionales,NO ACREDITADA
2023|I10S7C289J4V2,I10S7C289J4V2,INGENIERIA EN ADMINISTRACION,Administración y Comercio,Administración de Empresas y Derecho,Educación Comercial y Administración,Profesional Con Licenciatura,Carreras Profesionales,NO ACREDITADA
2023|I111S22C37J2V1,I111S22C37J2V1,INGENIERIA EN ADMINISTRACION,Administración y Comercio,Administración de Empresas y Derecho,Educación Comercial y Administración,Profesional Sin Licenciatura,Carreras Profesionales,NO ACREDITADA
2023|I111S7C37J2V1,I111S7C37J2V1,INGENIERIA EN ADMINISTRACION,Administración y Comercio,Administración de Empresas y Derecho,Educación Comercial y Administración,Profesional Sin Licenciatura,Carreras Profesionales,NO ACREDITADA
2024|I10S7C289J3V1,I10S7C289J3V1,INGENIERIA EN ADMINISTRACION,Administración y Comercio,Administración de Empresas y Derecho,Educación Comercial y Administración,Profesional Con Licenciatura,Carreras Profesionales,NO ACREDITADA
2024|I10S7C289J3V2,I10S7C289J3V2,INGENIERIA EN ADMINISTRACION,Administración y Comercio,Administración de Empresas y Derecho,Educación Comercial y Administración,Profesional Con Licenciatura,Carreras Profesionales,NO ACREDITADA
2024|I10S7C289J4V1,I10S7C289J4V1,INGENIERIA EN ADMINISTRACION,Administración y Comercio,Administración de Empresas y Derecho,Educación Comercial y Administración,Profesional Con Licenciatura,Carreras Profesionales,NO ACREDITADA
2024|I10S7C289J4V2,I10S7C289J4V2,INGENIERIA EN ADMINISTRACION,Administración y Comercio,Administración de Empresas y Derecho,Educación Comercial y Administración,Profesional Con Licenciatura,Carreras Profesionales,NO ACREDITADA
2024|I31S1C111J4V3,I31S1C111J4V3,INGENIERIA EN ADMINISTRACION,Administración y Comercio,Administración de Empresas y Derecho,Educación Comercial y Administración,Profesional Con Licenciatura,Carreras Profesionales,NO ACREDITADA
2025|I10S7C289J3V1,I10S7C289J3V1,INGENIERIA EN ADMINISTRACION,Administración y Comercio,Administración de Empresas y Derecho,Educación Comercial y Administración,Profesional Con Licenciatura,Carreras Profesionales,NO ACREDITADA
2025|I10S7C289J3V2,I10S7C289J3V2,INGENIERIA EN ADMINISTRACION,Administración y Comercio,Administración de Empresas y Derecho,Educación Comercial y Administración,Profesional Con Licenciatura,Carreras Profesionales,NO ACREDITADA
2025|I10S7C289J4V1,I10S7C289J4V1,INGENIERIA EN ADMINISTRACION,Administración y Comercio,Administración de Empresas y Derecho,Educación Comercial y Administración,Profesional Con Licenciatura,Carreras Profesionales,NO ACREDITADA
2025|I10S7C289J4V2,I10S7C289J4V2,INGENIERIA EN ADMINISTRACION,Administración y Comercio,Administración de Empresas y Derecho,Educación Comercial y Administración,Profesional Con Licenciatura,Carreras Profesionales,NO ACREDITADA
2026|I10S7C289J3V1,I10S7C289J3V1,INGENIERIA EN ADMINISTRACION,Administración y Comercio,Administración de Empresas y Derecho,Educación Comercial y Administración,Profesional Con Licenciatura,Carreras Profesionales,NO ACREDITADA
2026|I10S7C289J4V1,I10S7C289J4V1,INGENIERIA EN ADMINISTRACION,Administración y Comercio,Administración de Empresas y Derecho,Educación Comercial y Administración,Profesional Con Licenciatura,Carreras Profesionales,NO ACREDITADA
2026|I10S7C289J4V2,I10S7C289J4V2,INGENIERIA EN ADMINISTRACION,Administración y Comercio,Administración de Empresas y Derecho,Educación Comercial y Administración,Profesional Con Licenciatura,Carreras Profesionales,NO ACREDITADA
2023|I171S1C71J4V1,I171S1C71J4V1,INGENIERIA EN ADMINISTRACION COMERCIAL,Administración y Comercio,Administración de Empresas y Derecho,Educación Comercial y Administración,Profesional Sin Licenciatura,Carreras Profesionales,NO ACREDITADA
2024|I171S1C71J4V1,I171S1C71J4V1,INGENIERIA EN ADMINISTRACION COMERCIAL,Administración y Comercio,Administración de Empresas y Derecho,Educación Comercial y Administración,Profesional Sin Licenciatura,Carreras Profesionales,NO ACREDITADA
2025|I171S1C71J4V1,I171S1C71J4V1,INGENIERIA EN ADMINISTRACION COMERCIAL,Administración y Comercio,Administración de Empresas y Derecho,Educación Comercial y Administración,Profesional Sin Licenciatura,Carreras Profesionales,NO ACREDITADA
2026|I171S1C71J4V1,I171S1C71J4V1,INGENIERIA EN ADMINISTRACION COMERCIAL,Administración y Comercio,Administración de Empresas y Derecho,Educación Comercial y Administración,Profesional Sin Licenciatura,Carreras Profesionales,NO ACREDITADA
2023|I171S1C71J4V2,I171S1C71J4V2,INGENIERIA EN ADMINISTRACION COMERCIAL (PLAN ESPECIAL),Administración y Comercio,Administración de Empresas y Derecho,Educación Comercial y Administración,Profesional Sin Licenciatura,Carreras Profesionales,NO ACREDITADA
2024|I171S1C71J4V2,I171S1C71J4V2,INGENIERIA EN ADMINISTRACION COMERCIAL (PLAN ESPECIAL),Administración y Comercio,Administración de Empresas y Derecho,Educación Comercial y Administración,Profesional Sin Licenciatura,Carreras Profesionales,NO ACREDITADA
2025|I171S1C71J4V2,I171S1C71J4V2,INGENIERIA EN ADMINISTRACION COMERCIAL (PLAN ESPECIAL),Administración y Comercio,Administración de Empresas y Derecho,Educación Comercial y Administración,Profesional Sin Licenciatura,Carreras Profesionales,NO ACREDITADA
2026|I171S1C71J4V2,I171S1C71J4V2,INGENIERIA EN ADMINISTRACION COMERCIAL (PLAN ESPECIAL),Administración y Comercio,Administración de Empresas y Derecho,Educación Comercial y Administración,Profesional Sin Licenciatura,Carreras Profesionales,NO ACREDITADA
2023|I116S40C221J4V1,I116S40C221J4V1,INGENIERIA EN ADMINISTRACION DE EMPRESAS,Administración y Comercio,Administración de Empresas y Derecho,Educación Comercial y Administración,Profesional Sin Licenciatura,Carreras Profesionales,NO ACREDITADA
2023|I117S1C2J4V1,I117S1C2J4V1,INGENIERIA EN ADMINISTRACION DE EMPRESAS,Administración y Comercio,Administración de Empresas y Derecho,Educación Comercial y Administración,Profesional Sin Licenciatura,Carreras Profesionales,NO ACREDITADA
2023|I120S1C104J4V1,I120S1C104J4V1,INGENIERIA EN ADMINISTRACION DE EMPRESAS,Administración y Comercio,Administración de Empresas y Derecho,Educación Comercial y Administración,Profesional Sin Licenciatura,Carreras Profesionales,NO ACREDITADA
2023|I120S1C14J3V1,I120S1C14J3V1,INGENIERIA EN ADMINISTRACION DE EMPRESAS,Administración y Comercio,Administración de Empresas y Derecho,Educación Comercial y Administración,Profesional Sin Licenciatura,Carreras Profesionales,NO ACREDITADA
2023|I120S2C104J4V1,I120S2C104J4V1,INGENIERIA EN ADMINISTRACION DE EMPRESAS,Administración y Comercio,Administración de Empresas y Derecho,Educación Comercial y Administración,Profesional Sin Licenciatura,Carreras Profesionales,NO ACREDITADA
2023|I120S2C14J3V1,I120S2C14J3V1,INGENIERIA EN ADMINISTRACION DE EMPRESAS,Administración y Comercio,Administración de Empresas y Derecho,Educación Comercial y Administración,Profesional Sin Licenciatura,Carreras Profesionales,NO ACREDITADA
2023|I120S3C104J4V1,I120S3C104J4V1,INGENIERIA EN ADMINISTRACION DE EMPRESAS,Administración y Comercio,Administración de Empresas y Derecho,Educación Comercial y Administración,Profesional Sin Licenciatura,Carreras Profesionales,NO ACREDITADA
2023|I120S3C14J3V1,I120S3C14J3V1,INGENIERIA EN ADMINISTRACION DE EMPRESAS,Administración y Comercio,Administración de Empresas y Derecho,Educación Comercial y Administración,Profesional Sin Licenciatura,Carreras Profesionales,NO ACREDITADA
2023|I120S4C104J4V1,I120S4C104J4V1,INGENIERIA EN ADMINISTRACION DE EMPRESAS,Administración y Comercio,Administración de Empresas y Derecho,Educación Comercial y Administración,Profesional Sin Licenciatura,Carreras Profesionales,NO ACREDITADA
2023|I120S4C14J3V1,I120S4C14J3V1,INGENIERIA EN ADMINISTRACION DE EMPRESAS,Administración y Comercio,Administración de Empresas y Derecho,Educación Comercial y Administración,Profesional Sin Licenciatura,Carreras Profesionales,NO ACREDITADA
2023|I123S1C37J4V1,I123S1C37J4V1,INGENIERIA EN ADMINISTRACION DE EMPRESAS,Administración y Comercio,Administración de Empresas y Derecho,Educación Comercial y Administración,Profesional Sin Licenciatura,Carreras Profesionales,NO ACREDITADA
2023|I123S1C37J4V2,I123S1C37J4V2,INGENIERIA EN ADMINISTRACION DE EMPRESAS,Administración y Comercio,Administración de Empresas y Derecho,Educación Comercial y Administración,Profesional Sin Licenciatura,Carreras Profesionales,NO ACREDITADA
2023|I123S1C37J4V3,I123S1C37J4V3,INGENIERIA EN ADMINISTRACION DE EMPRESAS,Administración y Comercio,Administración de Empresas y Derecho,Educación Comercial y Administración,Profesional Sin Licenciatura,Carreras Profesionales,NO ACREDITADA
2023|I123S2C37J4V1,I123S2C37J4V1,INGENIERIA EN ADMINISTRACION DE EMPRESAS,Administración y Comercio,Administración de Empresas y Derecho,Educación Comercial y Administración,Profesional Sin Licenciatura,Carreras Profesionales,NO ACREDITADA
2023|I123S2C37J4V2,I123S2C37J4V2,INGENIERIA EN ADMINISTRACION DE EMPRESAS,Administración y Comercio,Administración de Empresas y Derecho,Educación Comercial y Administración,Profesional Sin Licenciatura,Carreras Profesionales,NO ACREDITADA
2023|I123S2C37J4V3,I123S2C37J4V3,INGENIERIA EN ADMINISTRACION DE EMPRESAS,Administración y Comercio,Administración de Empresas y Derecho,Educación Comercial y Administración,Profesional Sin Licenciatura,Carreras Profesionales,NO ACREDITADA
2023|I123S3C37J4V1,I123S3C37J4V1,INGENIERIA EN ADMINISTRACION DE EMPRESAS,Administración y Comercio,Administración de Empresas y Derecho,Educación Comercial y Administración,Profesional Sin Licenciatura,Carreras Profesionales,NO ACREDITADA
2023|I123S3C37J4V2,I123S3C37J4V2,INGENIERIA EN ADMINISTRACION DE EMPRESAS,Administración y Comercio,Administración de Empresas y Derecho,Educación Comercial y Administración,Profesional Sin Licenciatura,Carreras Profesionales,NO ACREDITADA
2023|I123S5C37J4V1,I123S5C37J4V1,INGENIERIA EN ADMINISTRACION DE EMPRESAS,Administración y Comercio,Administración de Empresas y Derecho,Educación Comercial y Administración,Profesional Sin Licenciatura,Carreras Profesionales,NO ACREDITADA
2023|I123S5C37J4V2,I123S5C37J4V2,INGENIERIA EN ADMINISTRACION DE EMPRESAS,Administración y Comercio,Administración de Empresas y Derecho,Educación Comercial y Administración,Profesional Sin Licenciatura,Carreras Profesionales,NO ACREDITADA
2023|I143S28C95J4V1,I143S28C95J4V1,INGENIERIA EN ADMINISTRACION DE EMPRESAS,Administración y Comercio,Administración de Empresas y Derecho,Educación Comercial y Administración,Profesional Sin Licenciatura,Carreras Profesionales,NO ACREDITADA
2023|I152S10C107J4V1,I152S10C107J4V1,INGENIERIA EN ADMINISTRACION DE EMPRESAS,Administración y Comercio,Administración de Empresas y Derecho,Educación Comercial y Administración,Profesional Sin Licenciatura,Carreras Profesionales,NO ACREDITADA
2023|I152S10C107J4V3,I152S10C107J4V3,INGENIERIA EN ADMINISTRACION DE EMPRESAS,Administración y Comercio,Administración de Empresas y Derecho,Educación Comercial y Administración,Profesional Sin Licenciatura,Carreras Profesionales,NO ACREDITADA
2023|I152S10C107J4V4,I152S10C107J4V4,INGENIERIA EN ADMINISTRACION DE EMPRESAS,Administración y Comercio,Administración de Empresas y Derecho,Educación Comercial y Administración,Profesional Sin Licenciatura,Carreras Profesionales,NO ACREDITADA
2023|I171S1C39J4V1,I171S1C39J4V1,INGENIERIA EN ADMINISTRACION DE EMPRESAS,Administración y Comercio,Administración de Empresas y Derecho,Educación Comercial y Administración,Profesional Sin Licenciatura,Carreras Profesionales,NO ACREDITADA
2023|I1S1C20J4V3,I1S1C20J4V3,INGENIERIA EN ADMINISTRACION DE EMPRESAS,Administración y Comercio,Administración de Empresas y Derecho,Educación Comercial y Administración,Profesional Con Licenciatura,Carreras Profesionales,NO ACREDITADA
2023|I1S1C20J4V4,I1S1C20J4V4,INGENIERIA EN ADMINISTRACION DE EMPRESAS,Administración y Comercio,Administración de Empresas y Derecho,Educación Comercial y Administración,Profesional Con Licenciatura,Carreras Profesionales,NO ACREDITADA
2023|I20S1C12J4V4,I20S1C12J4V4,INGENIERIA EN ADMINISTRACION DE EMPRESAS,Administración y Comercio,Administración de Empresas y Derecho,Educación Comercial y Administración,Profesional Con Licenciatura,Carreras Profesionales,NO ACREDITADA
2023|I39S6C180J4V1,I39S6C180J4V1,INGENIERIA EN ADMINISTRACION DE EMPRESAS,Administración y Comercio,Administración de Empresas y Derecho,Educación Comercial y Administración,Profesional Con Licenciatura,Carreras Profesionales,NO ACREDITADA
2023|I39S6C180J4V2,I39S6C180J4V2,INGENIERIA EN ADMINISTRACION DE EMPRESAS,Administración y Comercio,Administración de Empresas y Derecho,Educación Comercial y Administración,Profesional Con Licenciatura,Carreras Profesionales,NO ACREDITADA
2023|I46S5C539J4V2,I46S5C539J4V2,INGENIERIA EN ADMINISTRACION DE EMPRESAS,Administración y Comercio,Administración de Empresas y Derecho,Educación Comercial y Administración,Profesional Con Licenciatura,Carreras Profesionales,NO ACREDITADA
2023|I4S1C857J4V1,I4S1C857J4V1,INGENIERIA EN ADMINISTRACION DE EMPRESAS,Administración y Comercio,Administración de Empresas y Derecho,Educación Comercial y Administración,Profesional Con Licenciatura,Carreras Profesionales,NO ACREDITADA
2023|I4S1C875J3V1,I4S1C875J3V1,INGENIERIA EN ADMINISTRACION DE EMPRESAS,Administración y Comercio,Administración de Empresas y Derecho,Educación Comercial y Administración,Profesional Con Licenciatura,Carreras Profesionales,NO ACREDITADA
2023|I4S1C875J4V4,I4S1C875J4V4,INGENIERIA EN ADMINISTRACION DE EMPRESAS,Administración y Comercio,Administración de Empresas y Derecho,Educación Comercial y Administración,Profesional Con Licenciatura,Carreras Profesionales,NO ACREDITADA
2023|I4S1C875J4V5,I4S1C875J4V5,INGENIERIA EN ADMINISTRACION DE EMPRESAS,Administración y Comercio,Administración de Empresas y Derecho,Educación Comercial y Administración,Profesional Con Licenciatura,Carreras Profesionales,NO ACREDITADA
2023|I4S1C875J4V6,I4S1C875J4V6,INGENIERIA EN ADMINISTRACION DE EMPRESAS,Administración y Comercio,Administración de Empresas y Derecho,Educación Comercial y Administración,Profesional Con Licenciatura,Carreras Profesionales,NO ACREDITADA
2024|I116S40C221J4V1,I116S40C221J4V1,INGENIERIA EN ADMINISTRACION DE EMPRESAS,Administración y Comercio,Administración de Empresas y Derecho,Educación Comercial y Administración,Profesional Sin Licenciatura,Carreras Profesionales,NO ACREDITADA
2024|I117S1C2J4V1,I117S1C2J4V1,INGENIERIA EN ADMINISTRACION DE EMPRESAS,Administración y Comercio,Administración de Empresas y Derecho,Educación Comercial y Administración,Profesional Sin Licenciatura,Carreras Profesionales,NO ACREDITADA
2024|I120S1C104J4V1,I120S1C104J4V1,INGENIERIA EN ADMINISTRACION DE EMPRESAS,Administración y Comercio,Administración de Empresas y Derecho,Educación Comercial y Administración,Profesional Sin Licenciatura,Carreras Profesionales,NO ACREDITADA
2024|I120S1C14J3V1,I120S1C14J3V1,INGENIERIA EN ADMINISTRACION DE EMPRESAS,Administración y Comercio,Administración de Empresas y Derecho,Educación Comercial y Administración,Profesional Sin Licenciatura,Carreras Profesionales,NO ACREDITADA
2024|I120S2C104J4V1,I120S2C104J4V1,INGENIERIA EN ADMINISTRACION DE EMPRESAS,Administración y Comercio,Administración de Empresas y Derecho,Educación Comercial y Administración,Profesional Sin Licenciatura,Carreras Profesionales,NO ACREDITADA
2024|I120S2C14J3V1,I120S2C14J3V1,INGENIERIA EN ADMINISTRACION DE EMPRESAS,Administración y Comercio,Administración de Empresas y Derecho,Educación Comercial y Administración,Profesional Sin Licenciatura,Carreras Profesionales,NO ACREDITADA
2024|I120S3C104J4V1,I120S3C104J4V1,INGENIERIA EN ADMINISTRACION DE EMPRESAS,Administración y Comercio,Administración de Empresas y Derecho,Educación Comercial y Administración,Profesional Sin Licenciatura,Carreras Profesionales,NO ACREDITADA
2024|I120S3C14J3V1,I120S3C14J3V1,INGENIERIA EN ADMINISTRACION DE EMPRESAS,Administración y Comercio,Administración de Empresas y Derecho,Educación Comercial y Administración,Profesional Sin Licenciatura,Carreras Profesionales,NO ACREDITADA
2024|I120S4C104J4V1,I120S4C104J4V1,INGENIERIA EN ADMINISTRACION DE EMPRESAS,Administración y Comercio,Administración de Empresas y Derecho,Educación Comercial y Administración,Profesional Sin Licenciatura,Carreras Profesionales,NO ACREDITADA
2024|I120S4C14J3V1,I120S4C14J3V1,INGENIERIA EN ADMINISTRACION DE EMPRESAS,Administración y Comercio,Administración de Empresas y Derecho,Educación Comercial y Administración,Profesional Sin Licenciatura,Carreras Profesionales,NO ACREDITADA
2024|I123S1C37J4V2,I123S1C37J4V2,INGENIERIA EN ADMINISTRACION DE EMPRESAS,Administración y Comercio,Administración de Empresas y Derecho,Educación Comercial y Administración,Profesional Sin Licenciatura,Carreras Profesionales,NO ACREDITADA
2024|I123S1C37J4V3,I123S1C37J4V3,INGENIERIA EN ADMINISTRACION DE EMPRESAS,Administración y Comercio,Administración de Empresas y Derecho,Educación Comercial y Administración,Profesional Sin Licenciatura,Carreras Profesionales,NO ACREDITADA
2024|I123S2C37J4V2,I123S2C37J4V2,INGENIERIA EN ADMINISTRACION DE EMPRESAS,Administración y Comercio,Administración de Empresas y Derecho,Educación Comercial y Administración,Profesional Sin Licenciatura,Carreras Profesionales,NO ACREDITADA
2024|I123S2C37J4V3,I123S2C37J4V3,INGENIERIA EN ADMINISTRACION DE EMPRESAS,Administración y Comercio,Administración de Empresas y Derecho,Educación Comercial y Administración,Profesional Sin Licenciatura,Carreras Profesionales,NO ACREDITADA
2024|I123S3C37J4V2,I123S3C37J4V2,INGENIERIA EN ADMINISTRACION DE EMPRESAS,Administración y Comercio,Administración de Empresas y Derecho,Educación Comercial y Administración,Profesional Sin Licenciatura,Carreras Profesionales,NO ACREDITADA
2024|I123S5C37J4V2,I123S5C37J4V2,INGENIERIA EN ADMINISTRACION DE EMPRESAS,Administración y Comercio,Administración de Empresas y Derecho,Educación Comercial y Administración,Profesional Sin Licenciatura,Carreras Profesionales,NO ACREDITADA
2024|I123S5C37J4V3,I123S5C37J4V3,INGENIERIA EN ADMINISTRACION DE EMPRESAS,Administración y Comercio,Administración de Empresas y Derecho,Educación Comercial y Administración,Profesional Sin Licenciatura,Carreras Profesionales,NO ACREDITADA
2024|I143S28C95J4V1,I143S28C95J4V1,INGENIERIA EN ADMINISTRACION DE EMPRESAS,Administración y Comercio,Administración de Empresas y Derecho,Educación Comercial y Administración,Profesional Sin Licenciatura,Carreras Profesionales,NO ACREDITADA
2024|I152S10C107J2V2,I152S10C107J2V2,INGENIERIA EN ADMINISTRACION DE EMPRESAS,Administración y Comercio,Administración de Empresas y Derecho,Educación Comercial y Administración,Profesional Sin Licenciatura,Carreras Profesionales,NO ACREDITADA
2024|I152S10C107J4V1,I152S10C107J4V1,INGENIERIA EN ADMINISTRACION DE EMPRESAS,Administración y Comercio,Administración de Empresas y Derecho,Educación Comercial y Administración,Profesional Sin Licenciatura,Carreras Profesionales,NO ACREDITADA
2024|I162S2C76J4V1,I162S2C76J4V1,INGENIERIA EN ADMINISTRACION DE EMPRESAS,Administración y Comercio,Administración de Empresas y Derecho,Educación Comercial y Administración,Profesional Sin Licenciatura,Carreras Profesionales,NO ACREDITADA
2024|I171S1C39J4V1,I171S1C39J4V1,INGENIERIA EN ADMINISTRACION DE EMPRESAS,Administración y Comercio,Administración de Empresas y Derecho,Educación Comercial y Administración,Profesional Sin Licenciatura,Carreras Profesionales,NO ACREDITADA
2024|I1S1C20J4V3,I1S1C20J4V3,INGENIERIA EN ADMINISTRACION DE EMPRESAS,Administración y Comercio,Administración de Empresas y Derecho,Educación Comercial y Administración,Profesional Con Licenciatura,Carreras Profesionales,NO ACREDITADA
2024|I1S1C20J4V4,I1S1C20J4V4,INGENIERIA EN ADMINISTRACION DE EMPRESAS,Administración y Comercio,Administración de Empresas y Derecho,Educación Comercial y Administración,Profesional Con Licenciatura,Carreras Profesionales,NO ACREDITADA
2024|I20S1C12J4V4,I20S1C12J4V4,INGENIERIA EN ADMINISTRACION DE EMPRESAS,Administración y Comercio,Administración de Empresas y Derecho,Educación Comercial y Administración,Profesional Con Licenciatura,Carreras Profesionales,NO ACREDITADA
2024|I39S6C180J3V2,I39S6C180J3V2,INGENIERIA EN ADMINISTRACION DE EMPRESAS,Administración y Comercio,Administración de Empresas y Derecho,Educación Comercial y Administración,Profesional Con Licenciatura,Carreras Profesionales,NO ACREDITADA
2024|I39S6C180J4V2,I39S6C180J4V2,INGENIERIA EN ADMINISTRACION DE EMPRESAS,Administración y Comercio,Administración de Empresas y Derecho,Educación Comercial y Administración,Profesional Con Licenciatura,Carreras Profesionales,NO ACREDITADA
2024|I39S8C180J3V2,I39S8C180J3V2,INGENIERIA EN ADMINISTRACION DE EMPRESAS,Administración y Comercio,Administración de Empresas y Derecho,Educación Comercial y Administración,Profesional Con Licenciatura,Carreras Profesionales,NO ACREDITADA
2024|I4S1C857J4V1,I4S1C857J4V1,INGENIERIA EN ADMINISTRACION DE EMPRESAS,Administración y Comercio,Administración de Empresas y Derecho,Educación Comercial y Administración,Profesional Con Licenciatura,Carreras Profesionales,NO ACREDITADA
2024|I4S1C875J3V1,I4S1C875J3V1,INGENIERIA EN ADMINISTRACION DE EMPRESAS,Administración y Comercio,Administración de Empresas y Derecho,Educación Comercial y Administración,Profesional Con Licenciatura,Carreras Profesionales,NO ACREDITADA
2024|I4S1C875J4V4,I4S1C875J4V4,INGENIERIA EN ADMINISTRACION DE EMPRESAS,Administración y Comercio,Administración de Empresas y Derecho,Educación Comercial y Administración,Profesional Con Licenciatura,Carreras Profesionales,NO ACREDITADA
2024|I4S1C875J4V6,I4S1C875J4V6,INGENIERIA EN ADMINISTRACION DE EMPRESAS,Administración y Comercio,Administración de Empresas y Derecho,Educación Comercial y Administración,Profesional Con Licenciatura,Carreras Profesionales,NO ACREDITADA
2025|I100S43C300J4V1,I100S43C300J4V1,INGENIERIA EN ADMINISTRACION DE EMPRESAS,Administración y Comercio,Administración de Empresas y Derecho,Educación Comercial y Administración,Profesional Sin Licenciatura,Carreras Profesionales,NO ACREDITADA
2025|I116S40C221J4V1,I116S40C221J4V1,INGENIERIA EN ADMINISTRACION DE EMPRESAS,Administración y Comercio,Administración de Empresas y Derecho,Educación Comercial y Administración,Profesional Sin Licenciatura,Carreras Profesionales,NO ACREDITADA
2025|I116S40C221J4V2,I116S40C221J4V2,INGENIERIA EN ADMINISTRACION DE EMPRESAS,Administración y Comercio,Administración de Empresas y Derecho,Educación Comercial y Administración,Profesional Sin Licenciatura,Carreras Profesionales,NO ACREDITADA
2025|I117S1C2J4V1,I117S1C2J4V1,INGENIERIA EN ADMINISTRACION DE EMPRESAS,Administración y Comercio,Administración de Empresas y Derecho,Educación Comercial y Administración,Profesional Sin Licenciatura,Carreras Profesionales,NO ACREDITADA
2025|I123S2C37J4V1,I123S2C37J4V1,INGENIERIA EN ADMINISTRACION DE EMPRESAS,Administración y Comercio,Administración de Empresas y Derecho,Educación Comercial y Administración,Profesional Sin Licenciatura,Carreras Profesionales,NO ACREDITADA
2025|I123S2C37J4V2,I123S2C37J4V2,INGENIERIA EN ADMINISTRACION DE EMPRESAS,Administración y Comercio,Administración de Empresas y Derecho,Educación Comercial y Administración,Profesional Sin Licenciatura,Carreras Profesionales,NO ACREDITADA
2025|I123S2C37J4V3,I123S2C37J4V3,INGENIERIA EN ADMINISTRACION DE EMPRESAS,Administración y Comercio,Administración de Empresas y Derecho,Educación Comercial y Administración,Profesional Sin Licenciatura,Carreras Profesionales,NO ACREDITADA
2025|I143S28C95J4V1,I143S28C95J4V1,INGENIERIA EN ADMINISTRACION DE EMPRESAS,Administración y Comercio,Administración de Empresas y Derecho,Educación Comercial y Administración,Profesional Sin Licenciatura,Carreras Profesionales,NO ACREDITADA
2025|I152S10C107J4V4,I152S10C107J4V4,INGENIERIA EN ADMINISTRACION DE EMPRESAS,Administración y Comercio,Administración de Empresas y Derecho,Educación Comercial y Administración,Profesional Sin Licenciatura,Carreras Profesionales,NO ACREDITADA
2025|I162S2C76J4V1,I162S2C76J4V1,INGENIERIA EN ADMINISTRACION DE EMPRESAS,Administración y Comercio,Administración de Empresas y Derecho,Educación Comercial y Administración,Profesional Sin Licenciatura,Carreras Profesionales,NO ACREDITADA
2025|I162S2C76J4V2,I162S2C76J4V2,INGENIERIA EN ADMINISTRACION DE EMPRESAS,Administración y Comercio,Administración de Empresas y Derecho,Educación Comercial y Administración,Profesional Sin Licenciatura,Carreras Profesionales,NO ACREDITADA
2025|I171S1C39J4V1,I171S1C39J4V1,INGENIERIA EN ADMINISTRACION DE EMPRESAS,Administración y Comercio,Administración de Empresas y Derecho,Educación Comercial y Administración,Profesional Sin Licenciatura,Carreras Profesionales,NO ACREDITADA
2025|I1S1C20J4V3,I1S1C20J4V3,INGENIERIA EN ADMINISTRACION DE EMPRESAS,Administración y Comercio,Administración de Empresas y Derecho,Educación Comercial y Administración,Profesional Con Licenciatura,Carreras Profesionales,NO ACREDITADA
2025|I1S1C20J4V4,I1S1C20J4V4,INGENIERIA EN ADMINISTRACION DE EMPRESAS,Administración y Comercio,Administración de Empresas y Derecho,Educación Comercial y Administración,Profesional Con Licenciatura,Carreras Profesionales,NO ACREDITADA
2025|I20S1C12J4V4,I20S1C12J4V4,INGENIERIA EN ADMINISTRACION DE EMPRESAS,Administración y Comercio,Administración de Empresas y Derecho,Educación Comercial y Administración,Profesional Con Licenciatura,Carreras Profesionales,NO ACREDITADA
2025|I39S2C180J3V2,I39S2C180J3V2,INGENIERIA EN ADMINISTRACION DE EMPRESAS,Administración y Comercio,Administración de Empresas y Derecho,Educación Comercial y Administración,Profesional Con Licenciatura,Carreras Profesionales,NO ACREDITADA
2025|I39S6C180J3V2,I39S6C180J3V2,INGENIERIA EN ADMINISTRACION DE EMPRESAS,Administración y Comercio,Administración de Empresas y Derecho,Educación Comercial y Administración,Profesional Con Licenciatura,Carreras Profesionales,NO ACREDITADA
2025|I39S6C180J4V1,I39S6C180J4V1,INGENIERIA EN ADMINISTRACION DE EMPRESAS,Administración y Comercio,Administración de Empresas y Derecho,Educación Comercial y Administración,Profesional Con Licenciatura,Carreras Profesionales,NO ACREDITADA
2025|I39S6C180J4V2,I39S6C180J4V2,INGENIERIA EN ADMINISTRACION DE EMPRESAS,Administración y Comercio,Administración de Empresas y Derecho,Educación Comercial y Administración,Profesional Con Licenciatura,Carreras Profesionales,NO ACREDITADA
2025|I39S7C180J3V2,I39S7C180J3V2,INGENIERIA EN ADMINISTRACION DE EMPRESAS,Administración y Comercio,Administración de Empresas y Derecho,Educación Comercial y Administración,Profesional Con Licenciatura,Carreras Profesionales,NO ACREDITADA
2025|I39S8C180J3V2,I39S8C180J3V2,INGENIERIA EN ADMINISTRACION DE EMPRESAS,Administración y Comercio,Administración de Empresas y Derecho,Educación Comercial y Administración,Profesional Con Licenciatura,Carreras Profesionales,NO ACREDITADA
2025|I4S1C857J4V1,I4S1C857J4V1,INGENIERIA EN ADMINISTRACION DE EMPRESAS,Administración y Comercio,Administración de Empresas y Derecho,Educación Comercial y Administración,Profesional Con Licenciatura,Carreras Profesionales,NO ACREDITADA
2025|I4S1C875J4V4,I4S1C875J4V4,INGENIERIA EN ADMINISTRACION DE EMPRESAS,Administración y Comercio,Administración de Empresas y Derecho,Educación Comercial y Administración,Profesional Con Licenciatura,Carreras Profesionales,NO ACREDITADA
2025|I4S1C875J4V6,I4S1C875J4V6,INGENIERIA EN ADMINISTRACION DE EMPRESAS,Administración y Comercio,Administración de Empresas y Derecho,Educación Comercial y Administración,Profesional Con Licenciatura,Carreras Profesionales,NO ACREDITADA
2026|I100S43C300J4V1,I100S43C300J4V1,INGENIERIA EN ADMINISTRACION DE EMPRESAS,Administración y Comercio,Administración de Empresas y Derecho,Educación Comercial y Administración,Profesional Sin Licenciatura,Carreras Profesionales,NO ACREDITADA
2026|I116S40C221J4V1,I116S40C221J4V1,INGENIERIA EN ADMINISTRACION DE EMPRESAS,Administración y Comercio,Administración de Empresas y Derecho,Educación Comercial y Administración,Profesional Sin Licenciatura,Carreras Profesionales,NO ACREDITADA
2026|I116S40C221J4V2,I116S40C221J4V2,INGENIERIA EN ADMINISTRACION DE EMPRESAS,Administración y Comercio,Administración de Empresas y Derecho,Educación Comercial y Administración,Profesional Sin Licenciatura,Carreras Profesionales,NO ACREDITADA
2026|I117S1C2J4V1,I117S1C2J4V1,INGENIERIA EN ADMINISTRACION DE EMPRESAS,Administración y Comercio,Administración de Empresas y Derecho,Educación Comercial y Administración,Profesional Sin Licenciatura,Carreras Profesionales,NO ACREDITADA
2026|I120S1C104J4V1,I120S1C104J4V1,INGENIERIA EN ADMINISTRACION DE EMPRESAS,Administración y Comercio,Administración de Empresas y Derecho,Educación Comercial y Administración,Profesional Sin Licenciatura,Carreras Profesionales,NO ACREDITADA
2026|I120S2C104J4V1,I120S2C104J4V1,INGENIERIA EN ADMINISTRACION DE EMPRESAS,Administración y Comercio,Administración de Empresas y Derecho,Educación Comercial y Administración,Profesional Sin Licenciatura,Carreras Profesionales,NO ACREDITADA
2026|I120S2C14J3V1,I120S2C14J3V1,INGENIERIA EN ADMINISTRACION DE EMPRESAS,Administración y Comercio,Administración de Empresas y Derecho,Educación Comercial y Administración,Profesional Sin Licenciatura,Carreras Profesionales,NO ACREDITADA
2026|I120S3C104J4V1,I120S3C104J4V1,INGENIERIA EN ADMINISTRACION DE EMPRESAS,Administración y Comercio,Administración de Empresas y Derecho,Educación Comercial y Administración,Profesional Sin Licenciatura,Carreras Profesionales,NO ACREDITADA
2026|I120S3C14J3V1,I120S3C14J3V1,INGENIERIA EN ADMINISTRACION DE EMPRESAS,Administración y Comercio,Administración de Empresas y Derecho,Educación Comercial y Administración,Profesional Sin Licenciatura,Carreras Profesionales,NO ACREDITADA
2026|I120S4C104J4V1,I120S4C104J4V1,INGENIERIA EN ADMINISTRACION DE EMPRESAS,Administración y Comercio,Administración de Empresas y Derecho,Educación Comercial y Administración,Profesional Sin Licenciatura,Carreras Profesionales,NO ACREDITADA
2026|I120S4C14J3V1,I120S4C14J3V1,INGENIERIA EN ADMINISTRACION DE EMPRESAS,Administración y Comercio,Administración de Empresas y Derecho,Educación Comercial y Administración,Profesional Sin Licenciatura,Carreras Profesionales,NO ACREDITADA
2026|I123S2C37J4V1,I123S2C37J4V1,INGENIERIA EN ADMINISTRACION DE EMPRESAS,Administración y Comercio,Administración de Empresas y Derecho,Educación Comercial y Administración,Profesional Sin Licenciatura,Carreras Profesionales,NO ACREDITADA
2026|I123S2C37J4V2,I123S2C37J4V2,INGENIERIA EN ADMINISTRACION DE EMPRESAS,Administración y Comercio,Administración de Empresas y Derecho,Educación Comercial y Administración,Profesional Sin Licenciatura,Carreras Profesionales,NO ACREDITADA
2026|I123S2C37J4V3,I123S2C37J4V3,INGENIERIA EN ADMINISTRACION DE EMPRESAS,Administración y Comercio,Administración de Empresas y Derecho,Educación Comercial y Administración,Profesional Sin Licenciatura,Carreras Profesionales,NO ACREDITADA
2026|I123S3C37J4V1,I123S3C37J4V1,INGENIERIA EN ADMINISTRACION DE EMPRESAS,Administración y Comercio,Administración de Empresas y Derecho,Educación Comercial y Administración,Profesional Sin Licenciatura,Carreras Profesionales,NO ACREDITADA
2026|I143S28C95J4V1,I143S28C95J4V1,INGENIERIA EN ADMINISTRACION DE EMPRESAS,Administración y Comercio,Administración de Empresas y Derecho,Educación Comercial y Administración,Profesional Sin Licenciatura,Carreras Profesionales,NO ACREDITADA
2026|I152S10C107J4V3,I152S10C107J4V3,INGENIERIA EN ADMINISTRACION DE EMPRESAS,Administración y Comercio,Administración de Empresas y Derecho,Educación Comercial y Administración,Profesional Sin Licenciatura,Carreras Profesionales,NO ACREDITADA
2026|I162S2C76J4V1,I162S2C76J4V1,INGENIERIA EN ADMINISTRACION DE EMPRESAS,Administración y Comercio,Administración de Empresas y Derecho,Educación Comercial y Administración,Profesional Sin Licenciatura,Carreras Profesionales,NO ACREDITADA
2026|I162S2C76J4V2,I162S2C76J4V2,INGENIERIA EN ADMINISTRACION DE EMPRESAS,Administración y Comercio,Administración de Empresas y Derecho,Educación Comercial y Administración,Profesional Sin Licenciatura,Carreras Profesionales,NO ACREDITADA
2026|I171S1C39J4V1,I171S1C39J4V1,INGENIERIA EN ADMINISTRACION DE EMPRESAS,Administración y Comercio,Administración de Empresas y Derecho,Educación Comercial y Administración,Profesional Sin Licenciatura,Carreras Profesionales,NO ACREDITADA
2026|I19S1C10J4V1,I19S1C10J4V1,INGENIERIA EN ADMINISTRACION DE EMPRESAS,Administración y Comercio,Administración de Empresas y Derecho,Educación Comercial y Administración,Profesional Con Licenciatura,Carreras Profesionales,NO ACREDITADA
2026|I19S1C10J4V2,I19S1C10J4V2,INGENIERIA EN ADMINISTRACION DE EMPRESAS,Administración y Comercio,Administración de Empresas y Derecho,Educación Comercial y Administración,Profesional Con Licenciatura,Carreras Profesionales,NO ACREDITADA
2026|I1S1C20J4V3,I1S1C20J4V3,INGENIERIA EN ADMINISTRACION DE EMPRESAS,Administración y Comercio,Administración de Empresas y Derecho,Educación Comercial y Administración,Profesional Con Licenciatura,Carreras Profesionales,NO ACREDITADA
2026|I1S1C20J4V4,I1S1C20J4V4,INGENIERIA EN ADMINISTRACION DE EMPRESAS,Administración y Comercio,Administración de Empresas y Derecho,Educación Comercial y Administración,Profesional Con Licenciatura,Carreras Profesionales,NO ACREDITADA
2026|I20S1C12J4V4,I20S1C12J4V4,INGENIERIA EN ADMINISTRACION DE EMPRESAS,Administración y Comercio,Administración de Empresas y Derecho,Educación Comercial y Administración,Profesional Con Licenciatura,Carreras Profesionales,NO ACREDITADA
2026|I39S2C180J3V2,I39S2C180J3V2,INGENIERIA EN ADMINISTRACION DE EMPRESAS,Administración y Comercio,Administración de Empresas y Derecho,Educación Comercial y Administración,Profesional Con Licenciatura,Carreras Profesionales,NO ACREDITADA
2026|I39S6C180J3V2,I39S6C180J3V2,INGENIERIA EN ADMINISTRACION DE EMPRESAS,Administración y Comercio,Administración de Empresas y Derecho,Educación Comercial y Administración,Profesional Con Licenciatura,Carreras Profesionales,NO ACREDITADA
2026|I39S6C180J4V1,I39S6C180J4V1,INGENIERIA EN ADMINISTRACION DE EMPRESAS,Administración y Comercio,Administración de Empresas y Derecho,Educación Comercial y Administración,Profesional Con Licenciatura,Carreras Profesionales,NO ACREDITADA
2026|I39S6C180J4V2,I39S6C180J4V2,INGENIERIA EN ADMINISTRACION DE EMPRESAS,Administración y Comercio,Administración de Empresas y Derecho,Educación Comercial y Administración,Profesional Con Licenciatura,Carreras Profesionales,NO ACREDITADA
2026|I39S7C180J3V2,I39S7C180J3V2,INGENIERIA EN ADMINISTRACION DE EMPRESAS,Administración y Comercio,Administración de Empresas y Derecho,Educación Comercial y Administración,Profesional Con Licenciatura,Carreras Profesionales,NO ACREDITADA
2026|I39S8C180J3V2,I39S8C180J3V2,INGENIERIA EN ADMINISTRACION DE EMPRESAS,Administración y Comercio,Administración de Empresas y Derecho,Educación Comercial y Administración,Profesional Con Licenciatura,Carreras Profesionales,NO ACREDITADA
2026|I4S1C857J4V1,I4S1C857J4V1,INGENIERIA EN ADMINISTRACION DE EMPRESAS,Administración y Comercio,Administración de Empresas y Derecho,Educación Comercial y Administración,Profesional Con Licenciatura,Carreras Profesionales,NO ACREDITADA
2026|I4S1C875J4V4,I4S1C875J4V4,INGENIERIA EN ADMINISTRACION DE EMPRESAS,Administración y Comercio,Administración de Empresas y Derecho,Educación Comercial y Administración,Profesional Con Licenciatura,Carreras Profesionales,NO ACREDITADA
2026|I4S1C875J4V6,I4S1C875J4V6,INGENIERIA EN ADMINISTRACION DE EMPRESAS,Administración y Comercio,Administración de Empresas y Derecho,Educación Comercial y Administración,Profesional Con Licenciatura,Carreras Profesionales,NO ACREDITADA
2023|I46S5C181J4V2,I46S5C181J4V2,INGENIERIA EN ADMINISTRACION DE EMPRESAS (PLAN DE CONTINUIDAD),Administración y Comercio,Administración de Empresas y Derecho,Educación Comercial y Administración,Profesional Con Licenciatura,Carreras Profesionales,NO ACREDITADA
2023|I171S1C39J4V2,I171S1C39J4V2,INGENIERIA EN ADMINISTRACION DE EMPRESAS (PLAN ESPECIAL),Administración y Comercio,Administración de Empresas y Derecho,Educación Comercial y Administración,Profesional Sin Licenciatura,Carreras Profesionales,NO ACREDITADA
2024|I171S1C39J4V2,I171S1C39J4V2,INGENIERIA EN ADMINISTRACION DE EMPRESAS (PLAN ESPECIAL),Administración y Comercio,Administración de Empresas y Derecho,Educación Comercial y Administración,Profesional Sin Licenciatura,Carreras Profesionales,NO ACREDITADA
2025|I171S1C39J4V2,I171S1C39J4V2,INGENIERIA EN ADMINISTRACION DE EMPRESAS (PLAN ESPECIAL),Administración y Comercio,Administración de Empresas y Derecho,Educación Comercial y Administración,Profesional Sin Licenciatura,Carreras Profesionales,NO ACREDITADA
2026|I171S1C39J4V2,I171S1C39J4V2,INGENIERIA EN ADMINISTRACION DE EMPRESAS (PLAN ESPECIAL),Administración y Comercio,Administración de Empresas y Derecho,Educación Comercial y Administración,Profesional Sin Licenciatura,Carreras Profesionales,NO ACREDITADA
2023|I106S6C304J4V2,I106S6C304J4V2,INGENIERIA EN ADMINISTRACION DE EMPRESAS MENCION FINANZAS,Administración y Comercio,Administración de Empresas y Derecho,Educación Comercial y Administración,Profesional Sin Licenciatura,Carreras Profesionales,NO ACREDITADA
2024|I106S6C304J4V2,I106S6C304J4V2,INGENIERIA EN ADMINISTRACION DE EMPRESAS MENCION FINANZAS,Administración y Comercio,Administración de Empresas y Derecho,Educación Comercial y Administración,Profesional Sin Licenciatura,Carreras Profesionales,NO ACREDITADA
2024|I106S6C304J4V4,I106S6C304J4V4,INGENIERIA EN ADMINISTRACION DE EMPRESAS MENCION FINANZAS,Administración y Comercio,Administración de Empresas y Derecho,Educación Comercial y Administración,Profesional Sin Licenciatura,Carreras Profesionales,NO ACREDITADA
2024|I113S7C412J4V2,I113S7C412J4V2,INGENIERIA EN ADMINISTRACION DE EMPRESAS MENCION FINANZAS,Administración y Comercio,Administración de Empresas y Derecho,Educación Comercial y Administración,Profesional Sin Licenciatura,Carreras Profesionales,NO ACREDITADA
2025|I106S6C304J4V4,I106S6C304J4V4,INGENIERIA EN ADMINISTRACION DE EMPRESAS MENCION FINANZAS,Administración y Comercio,Administración de Empresas y Derecho,Educación Comercial y Administración,Profesional Sin Licenciatura,Carreras Profesionales,NO ACREDITADA
2025|I113S13C412J4V2,I113S13C412J4V2,INGENIERIA EN ADMINISTRACION DE EMPRESAS MENCION FINANZAS,Administración y Comercio,Administración de Empresas y Derecho,Educación Comercial y Administración,Profesional Sin Licenciatura,Carreras Profesionales,NO ACREDITADA
2025|I113S7C412J4V2,I113S7C412J4V2,INGENIERIA EN ADMINISTRACION DE EMPRESAS MENCION FINANZAS,Administración y Comercio,Administración de Empresas y Derecho,Educación Comercial y Administración,Profesional Sin Licenciatura,Carreras Profesionales,NO ACREDITADA
2025|I143S28C745J4V1,I143S28C745J4V1,INGENIERIA EN ADMINISTRACION DE EMPRESAS MENCION FINANZAS,Administración y Comercio,Administración de Empresas y Derecho,Educación Comercial y Administración,Profesional Sin Licenciatura,Carreras Profesionales,NO ACREDITADA
2026|I106S6C304J4V4,I106S6C304J4V4,INGENIERIA EN ADMINISTRACION DE EMPRESAS MENCION FINANZAS,Administración y Comercio,Administración de Empresas y Derecho,Educación Comercial y Administración,Profesional Sin Licenciatura,Carreras Profesionales,NO ACREDITADA
2026|I113S13C412J4V2,I113S13C412J4V2,INGENIERIA EN ADMINISTRACION DE EMPRESAS MENCION FINANZAS,Administración y Comercio,Administración de Empresas y Derecho,Educación Comercial y Administración,Profesional Sin Licenciatura,Carreras Profesionales,NO ACREDITADA
2026|I113S7C412J4V2,I113S7C412J4V2,INGENIERIA EN ADMINISTRACION DE EMPRESAS MENCION FINANZAS,Administración y Comercio,Administración de Empresas y Derecho,Educación Comercial y Administración,Profesional Sin Licenciatura,Carreras Profesionales,NO ACREDITADA
2026|I143S28C745J4V1,I143S28C745J4V1,INGENIERIA EN ADMINISTRACION DE EMPRESAS MENCION FINANZAS,Administración y Comercio,Administración de Empresas y Derecho,Educación Comercial y Administración,Profesional Sin Licenciatura,Carreras Profesionales,NO ACREDITADA
2023|I106S6C305J4V2,I106S6C305J4V2,INGENIERIA EN ADMINISTRACION DE EMPRESAS MENCION MARKETING,Administración y Comercio,Administración de Empresas y Derecho,Educación Comercial y Administración,Profesional Sin Licenciatura,Carreras Profesionales,NO ACREDITADA
2024|I106S6C305J4V2,I106S6C305J4V2,INGENIERIA EN ADMINISTRACION DE EMPRESAS MENCION MARKETING,Administración y Comercio,Administración de Empresas y Derecho,Educación Comercial y Administración,Profesional Sin Licenciatura,Carreras Profesionales,NO ACREDITADA
2024|I106S6C305J4V4,I106S6C305J4V4,INGENIERIA EN ADMINISTRACION DE EMPRESAS MENCION MARKETING,Administración y Comercio,Administración de Empresas y Derecho,Educación Comercial y Administración,Profesional Sin Licenciatura,Carreras Profesionales,NO ACREDITADA
2024|I113S7C413J4V2,I113S7C413J4V2,INGENIERIA EN ADMINISTRACION DE EMPRESAS MENCION MARKETING,Administración y Comercio,Administración de Empresas y Derecho,Educación Comercial y Administración,Profesional Sin Licenciatura,Carreras Profesionales,NO ACREDITADA
2025|I106S6C305J4V2,I106S6C305J4V2,INGENIERIA EN ADMINISTRACION DE EMPRESAS MENCION MARKETING,Administración y Comercio,Administración de Empresas y Derecho,Educación Comercial y Administración,Profesional Sin Licenciatura,Carreras Profesionales,NO ACREDITADA
2025|I106S6C305J4V4,I106S6C305J4V4,INGENIERIA EN ADMINISTRACION DE EMPRESAS MENCION MARKETING,Administración y Comercio,Administración de Empresas y Derecho,Educación Comercial y Administración,Profesional Sin Licenciatura,Carreras Profesionales,NO ACREDITADA
2025|I113S13C413J4V2,I113S13C413J4V2,INGENIERIA EN ADMINISTRACION DE EMPRESAS MENCION MARKETING,Administración y Comercio,Administración de Empresas y Derecho,Educación Comercial y Administración,Profesional Sin Licenciatura,Carreras Profesionales,NO ACREDITADA
2025|I113S7C413J4V2,I113S7C413J4V2,INGENIERIA EN ADMINISTRACION DE EMPRESAS MENCION MARKETING,Administración y Comercio,Administración de Empresas y Derecho,Educación Comercial y Administración,Profesional Sin Licenciatura,Carreras Profesionales,NO ACREDITADA
2025|I143S28C743J4V1,I143S28C743J4V1,INGENIERIA EN ADMINISTRACION DE EMPRESAS MENCION MARKETING,Administración y Comercio,Administración de Empresas y Derecho,Educación Comercial y Administración,Profesional Sin Licenciatura,Carreras Profesionales,NO ACREDITADA
2026|I106S6C305J4V4,I106S6C305J4V4,INGENIERIA EN ADMINISTRACION DE EMPRESAS MENCION MARKETING,Administración y Comercio,Administración de Empresas y Derecho,Educación Comercial y Administración,Profesional Sin Licenciatura,Carreras Profesionales,NO ACREDITADA
2026|I113S7C413J4V2,I113S7C413J4V2,INGENIERIA EN ADMINISTRACION DE EMPRESAS MENCION MARKETING,Administración y Comercio,Administración de Empresas y Derecho,Educación Comercial y Administración,Profesional Sin Licenciatura,Carreras Profesionales,NO ACREDITADA
2026|I143S28C743J4V1,I143S28C743J4V1,INGENIERIA EN ADMINISTRACION DE EMPRESAS MENCION MARKETING,Administración y Comercio,Administración de Empresas y Derecho,Educación Comercial y Administración,Profesional Sin Licenciatura,Carreras Profesionales,NO ACREDITADA
2023|I106S6C306J4V2,I106S6C306J4V2,INGENIERIA EN ADMINISTRACION DE EMPRESAS MENCION RECURSOS HUMANOS,Administración y Comercio,Administración de Empresas y Derecho,Educación Comercial y Administración,Profesional Sin Licenciatura,Carreras Profesionales,NO ACREDITADA
2024|I106S6C306J4V2,I106S6C306J4V2,INGENIERIA EN ADMINISTRACION DE EMPRESAS MENCION RECURSOS HUMANOS,Administración y Comercio,Administración de Empresas y Derecho,Educación Comercial y Administración,Profesional Sin Licenciatura,Carreras Profesionales,NO ACREDITADA
2024|I106S6C306J4V4,I106S6C306J4V4,INGENIERIA EN ADMINISTRACION DE EMPRESAS MENCION RECURSOS HUMANOS,Administración y Comercio,Administración de Empresas y Derecho,Educación Comercial y Administración,Profesional Sin Licenciatura,Carreras Profesionales,NO ACREDITADA
2025|I106S6C306J4V4,I106S6C306J4V4,INGENIERIA EN ADMINISTRACION DE EMPRESAS MENCION RECURSOS HUMANOS,Administración y Comercio,Administración de Empresas y Derecho,Educación Comercial y Administración,Profesional Sin Licenciatura,Carreras Profesionales,NO ACREDITADA
2025|I143S28C744J4V1,I143S28C744J4V1,INGENIERIA EN ADMINISTRACION DE EMPRESAS MENCION RECURSOS HUMANOS,Administración y Comercio,Administración de Empresas y Derecho,Educación Comercial y Administración,Profesional Sin Licenciatura,Carreras Profesionales,NO ACREDITADA
2026|I106S6C306J4V4,I106S6C306J4V4,INGENIERIA EN ADMINISTRACION DE EMPRESAS MENCION RECURSOS HUMANOS,Administración y Comercio,Administración de Empresas y Derecho,Educación Comercial y Administración,Profesional Sin Licenciatura,Carreras Profesionales,NO ACREDITADA
2026|I143S28C744J4V1,I143S28C744J4V1,INGENIERIA EN ADMINISTRACION DE EMPRESAS MENCION RECURSOS HUMANOS,Administración y Comercio,Administración de Empresas y Derecho,Educación Comercial y Administración,Profesional Sin Licenciatura,Carreras Profesionales,NO ACREDITADA
2024|I113S7C411J4V2,I113S7C411J4V2,INGENIERIA EN ADMINISTRACION DE EMPRESAS MENCION RR.HH.,Administración y Comercio,Administración de Empresas y Derecho,Educación Comercial y Administración,Profesional Sin Licenciatura,Carreras Profesionales,NO ACREDITADA
2025|I113S13C411J4V2,I113S13C411J4V2,INGENIERIA EN ADMINISTRACION DE EMPRESAS MENCION RR.HH.,Administración y Comercio,Administración de Empresas y Derecho,Educación Comercial y Administración,Profesional Sin Licenciatura,Carreras Profesionales,NO ACREDITADA
2025|I113S7C411J4V2,I113S7C411J4V2,INGENIERIA EN ADMINISTRACION DE EMPRESAS MENCION RR.HH.,Administración y Comercio,Administración de Empresas y Derecho,Educación Comercial y Administración,Profesional Sin Licenciatura,Carreras Profesionales,NO ACREDITADA
2026|I113S13C411J4V2,I113S13C411J4V2,INGENIERIA EN ADMINISTRACION DE EMPRESAS MENCION RR.HH.,Administración y Comercio,Administración de Empresas y Derecho,Educación Comercial y Administración,Profesional Sin Licenciatura,Carreras Profesionales,NO ACREDITADA
2026|I113S7C411J4V2,I113S7C411J4V2,INGENIERIA EN ADMINISTRACION DE EMPRESAS MENCION RR.HH.,Administración y Comercio,Administración de Empresas y Derecho,Educación Comercial y Administración,Profesional Sin Licenciatura,Carreras Profesionales,NO ACREDITADA
2025|I113S13C411J4V3,I113S13C411J4V3,INGENIERIA EN ADMINISTRACION DE EMPRESAS MENCION RR.HH. PLAN CONTINUIDAD,Administración y Comercio,Administración de Empresas y Derecho,Educación Comercial y Administración,Profesional Sin Licenciatura,Carreras Profesionales,NO ACREDITADA
2026|I113S13C411J4V3,I113S13C411J4V3,INGENIERIA EN ADMINISTRACION DE EMPRESAS MENCION RR.HH. PLAN CONTINUIDAD,Administración y Comercio,Administración de Empresas y Derecho,Educación Comercial y Administración,Profesional Sin Licenciatura,Carreras Profesionales,NO ACREDITADA
2023|I113S7C553J4V1,I113S7C553J4V1,INGENIERIA EN ADMINISTRACION DE EMPRESAS NIVEL PROFESIONAL PLAN CONTINUIDAD,Administración y Comercio,Administración de Empresas y Derecho,Educación Comercial y Administración,Profesional Sin Licenciatura,Carreras Profesionales,NO ACREDITADA
2024|I113S7C553J4V1,I113S7C553J4V1,INGENIERIA EN ADMINISTRACION DE EMPRESAS NIVEL PROFESIONAL PLAN CONTINUIDAD,Administración y Comercio,Administración de Empresas y Derecho,Educación Comercial y Administración,Profesional Sin Licenciatura,Carreras Profesionales,NO ACREDITADA
2025|I113S13C553J4V1,I113S13C553J4V1,INGENIERIA EN ADMINISTRACION DE EMPRESAS NIVEL PROFESIONAL PLAN CONTINUIDAD,Administración y Comercio,Administración de Empresas y Derecho,Educación Comercial y Administración,Profesional Sin Licenciatura,Carreras Profesionales,NO ACREDITADA
2025|I113S7C553J4V1,I113S7C553J4V1,INGENIERIA EN ADMINISTRACION DE EMPRESAS NIVEL PROFESIONAL PLAN CONTINUIDAD,Administración y Comercio,Administración de Empresas y Derecho,Educación Comercial y Administración,Profesional Sin Licenciatura,Carreras Profesionales,NO ACREDITADA
2026|I113S13C553J4V1,I113S13C553J4V1,INGENIERIA EN ADMINISTRACION DE EMPRESAS NIVEL PROFESIONAL PLAN CONTINUIDAD,Administración y Comercio,Administración de Empresas y Derecho,Educación Comercial y Administración,Profesional Sin Licenciatura,Carreras Profesionales,NO ACREDITADA
2026|I113S7C553J4V1,I113S7C553J4V1,INGENIERIA EN ADMINISTRACION DE EMPRESAS NIVEL PROFESIONAL PLAN CONTINUIDAD,Administración y Comercio,Administración de Empresas y Derecho,Educación Comercial y Administración,Profesional Sin Licenciatura,Carreras Profesionales,NO ACREDITADA
2023|I113S7C553J4V2,I113S7C553J4V2,INGENIERIA EN ADMINISTRACION DE EMPRESAS PROFESIONAL,Administración y Comercio,Administración de Empresas y Derecho,Educación Comercial y Administración,Profesional Sin Licenciatura,Carreras Profesionales,NO ACREDITADA
2024|I113S7C553J4V2,I113S7C553J4V2,INGENIERIA EN ADMINISTRACION DE EMPRESAS PROFESIONAL,Administración y Comercio,Administración de Empresas y Derecho,Educación Comercial y Administración,Profesional Sin Licenciatura,Carreras Profesionales,NO ACREDITADA
2025|I113S13C553J4V2,I113S13C553J4V2,INGENIERIA EN ADMINISTRACION DE EMPRESAS PROFESIONAL,Administración y Comercio,Administración de Empresas y Derecho,Educación Comercial y Administración,Profesional Sin Licenciatura,Carreras Profesionales,NO ACREDITADA
2025|I113S7C553J4V2,I113S7C553J4V2,INGENIERIA EN ADMINISTRACION DE EMPRESAS PROFESIONAL,Administración y Comercio,Administración de Empresas y Derecho,Educación Comercial y Administración,Profesional Sin Licenciatura,Carreras Profesionales,NO ACREDITADA
2026|I113S13C553J4V2,I113S13C553J4V2,INGENIERIA EN ADMINISTRACION DE EMPRESAS PROFESIONAL,Administración y Comercio,Administración de Empresas y Derecho,Educación Comercial y Administración,Profesional Sin Licenciatura,Carreras Profesionales,NO ACREDITADA
2026|I113S7C553J4V2,I113S7C553J4V2,INGENIERIA EN ADMINISTRACION DE EMPRESAS PROFESIONAL,Administración y Comercio,Administración de Empresas y Derecho,Educación Comercial y Administración,Profesional Sin Licenciatura,Carreras Profesionales,NO ACREDITADA
2023|I171S1C24J4V2,I171S1C24J4V2,INGENIERIA EN ADMINISTRACION DE RECURSOS HUMANOS,Administración y Comercio,Administración de Empresas y Derecho,Educación Comercial y Administración,Profesional Sin Licenciatura,Carreras Profesionales,NO ACREDITADA
2024|I116S40C141J4V1,I116S40C141J4V1,INGENIERIA EN ADMINISTRACION DE RECURSOS HUMANOS,Administración y Comercio,Administración de Empresas y Derecho,Educación Comercial y Administración,Profesional Sin Licenciatura,Carreras Profesionales,NO ACREDITADA
2024|I171S1C24J4V2,I171S1C24J4V2,INGENIERIA EN ADMINISTRACION DE RECURSOS HUMANOS,Administración y Comercio,Administración de Empresas y Derecho,Educación Comercial y Administración,Profesional Sin Licenciatura,Carreras Profesionales,NO ACREDITADA
2024|I68S1C85J4V1,I68S1C85J4V1,INGENIERIA EN ADMINISTRACION DE RECURSOS HUMANOS,Administración y Comercio,Administración de Empresas y Derecho,Educación Comercial y Administración,Profesional Con Licenciatura,Carreras Profesionales,NO ACREDITADA
2025|I116S40C141J4V1,I116S40C141J4V1,INGENIERIA EN ADMINISTRACION DE RECURSOS HUMANOS,Administración y Comercio,Administración de Empresas y Derecho,Educación Comercial y Administración,Profesional Sin Licenciatura,Carreras Profesionales,NO ACREDITADA
2025|I116S40C141J4V2,I116S40C141J4V2,INGENIERIA EN ADMINISTRACION DE RECURSOS HUMANOS,Administración y Comercio,Administración de Empresas y Derecho,Educación Comercial y Administración,Profesional Sin Licenciatura,Carreras Profesionales,NO ACREDITADA
2025|I171S1C24J4V2,I171S1C24J4V2,INGENIERIA EN ADMINISTRACION DE RECURSOS HUMANOS,Administración y Comercio,Administración de Empresas y Derecho,Educación Comercial y Administración,Profesional Sin Licenciatura,Carreras Profesionales,NO ACREDITADA
2025|I68S1C85J4V1,I68S1C85J4V1,INGENIERIA EN ADMINISTRACION DE RECURSOS HUMANOS,Administración y Comercio,Administración de Empresas y Derecho,Educación Comercial y Administración,Profesional Con Licenciatura,Carreras Profesionales,NO ACREDITADA
2026|I116S40C141J4V1,I116S40C141J4V1,INGENIERIA EN ADMINISTRACION DE RECURSOS HUMANOS,Administración y Comercio,Administración de Empresas y Derecho,Educación Comercial y Administración,Profesional Sin Licenciatura,Carreras Profesionales,NO ACREDITADA
2026|I116S40C141J4V2,I116S40C141J4V2,INGENIERIA EN ADMINISTRACION DE RECURSOS HUMANOS,Administración y Comercio,Administración de Empresas y Derecho,Educación Comercial y Administración,Profesional Sin Licenciatura,Carreras Profesionales,NO ACREDITADA
2026|I171S1C24J4V2,I171S1C24J4V2,INGENIERIA EN ADMINISTRACION DE RECURSOS HUMANOS,Administración y Comercio,Administración de Empresas y Derecho,Educación Comercial y Administración,Profesional Sin Licenciatura,Carreras Profesionales,NO ACREDITADA
2026|I68S1C85J4V1,I68S1C85J4V1,INGENIERIA EN ADMINISTRACION DE RECURSOS HUMANOS,Administración y Comercio,Administración de Empresas y Derecho,Educación Comercial y Administración,Profesional Con Licenciatura,Carreras Profesionales,NO ACREDITADA
2023|I171S1C57J4V3,I171S1C57J4V3,INGENIERIA EN ADMINISTRACION DE RECURSOS HUMANOS (PLAN ESPECIAL),Administración y Comercio,Administración de Empresas y Derecho,Educación Comercial y Administración,Profesional Sin Licenciatura,Carreras Profesionales,NO ACREDITADA
2024|I171S1C57J4V3,I171S1C57J4V3,INGENIERIA EN ADMINISTRACION DE RECURSOS HUMANOS (PLAN ESPECIAL),Administración y Comercio,Administración de Empresas y Derecho,Educación Comercial y Administración,Profesional Sin Licenciatura,Carreras Profesionales,NO ACREDITADA
2025|I171S1C57J4V3,I171S1C57J4V3,INGENIERIA EN ADMINISTRACION DE RECURSOS HUMANOS (PLAN ESPECIAL),Administración y Comercio,Administración de Empresas y Derecho,Educación Comercial y Administración,Profesional Sin Licenciatura,Carreras Profesionales,NO ACREDITADA
2026|I171S1C57J4V2,I171S1C57J4V2,INGENIERIA EN ADMINISTRACION DE RECURSOS HUMANOS (PLAN ESPECIAL),Administración y Comercio,Administración de Empresas y Derecho,Educación Comercial y Administración,Profesional Sin Licenciatura,Carreras Profesionales,NO ACREDITADA
2026|I171S1C57J4V3,I171S1C57J4V3,INGENIERIA EN ADMINISTRACION DE RECURSOS HUMANOS (PLAN ESPECIAL),Administración y Comercio,Administración de Empresas y Derecho,Educación Comercial y Administración,Profesional Sin Licenciatura,Carreras Profesionales,NO ACREDITADA
2023|I111S10C281J2V1,I111S10C281J2V1,INGENIERIA EN ADMINISTRACION DE RECURSOS HUMANOS PEV,Administración y Comercio,Administración de Empresas y Derecho,Educación Comercial y Administración,Profesional Sin Licenciatura,Carreras Profesionales,NO ACREDITADA
2023|I111S12C281J2V1,I111S12C281J2V1,INGENIERIA EN ADMINISTRACION DE RECURSOS HUMANOS PEV,Administración y Comercio,Administración de Empresas y Derecho,Educación Comercial y Administración,Profesional Sin Licenciatura,Carreras Profesionales,NO ACREDITADA
2023|I111S15C281J2V1,I111S15C281J2V1,INGENIERIA EN ADMINISTRACION DE RECURSOS HUMANOS PEV,Administración y Comercio,Administración de Empresas y Derecho,Educación Comercial y Administración,Profesional Sin Licenciatura,Carreras Profesionales,NO ACREDITADA
2023|I111S20C281J2V1,I111S20C281J2V1,INGENIERIA EN ADMINISTRACION DE RECURSOS HUMANOS PEV,Administración y Comercio,Administración de Empresas y Derecho,Educación Comercial y Administración,Profesional Sin Licenciatura,Carreras Profesionales,NO ACREDITADA
2023|I111S21C281J2V1,I111S21C281J2V1,INGENIERIA EN ADMINISTRACION DE RECURSOS HUMANOS PEV,Administración y Comercio,Administración de Empresas y Derecho,Educación Comercial y Administración,Profesional Sin Licenciatura,Carreras Profesionales,NO ACREDITADA
2023|I111S5C281J2V1,I111S5C281J2V1,INGENIERIA EN ADMINISTRACION DE RECURSOS HUMANOS PEV,Administración y Comercio,Administración de Empresas y Derecho,Educación Comercial y Administración,Profesional Sin Licenciatura,Carreras Profesionales,NO ACREDITADA
2024|I111S5C281J2V1,I111S5C281J2V1,INGENIERIA EN ADMINISTRACION DE RECURSOS HUMANOS PEV,Administración y Comercio,Administración de Empresas y Derecho,Educación Comercial y Administración,Profesional Sin Licenciatura,Carreras Profesionales,NO ACREDITADA
2024|I111S9C281J2V1,I111S9C281J2V1,INGENIERIA EN ADMINISTRACION DE RECURSOS HUMANOS PEV,Administración y Comercio,Administración de Empresas y Derecho,Educación Comercial y Administración,Profesional Sin Licenciatura,Carreras Profesionales,NO ACREDITADA
2025|I111S23C281J2V1,I111S23C281J2V1,INGENIERIA EN ADMINISTRACION DE RECURSOS HUMANOS PEV,Administración y Comercio,Administración de Empresas y Derecho,Educación Comercial y Administración,Profesional Sin Licenciatura,Carreras Profesionales,NO ACREDITADA
2025|I111S5C281J2V1,I111S5C281J2V1,INGENIERIA EN ADMINISTRACION DE RECURSOS HUMANOS PEV,Administración y Comercio,Administración de Empresas y Derecho,Educación Comercial y Administración,Profesional Sin Licenciatura,Carreras Profesionales,NO ACREDITADA
2026|I111S15C281J2V1,I111S15C281J2V1,INGENIERIA EN ADMINISTRACION DE RECURSOS HUMANOS PEV,Administración y Comercio,Administración de Empresas y Derecho,Educación Comercial y Administración,Profesional Sin Licenciatura,Carreras Profesionales,NO ACREDITADA
2026|I111S5C281J2V1,I111S5C281J2V1,INGENIERIA EN ADMINISTRACION DE RECURSOS HUMANOS PEV,Administración y Comercio,Administración de Empresas y Derecho,Educación Comercial y Administración,Profesional Sin Licenciatura,Carreras Profesionales,NO ACREDITADA
2024|I152S10C472J4V1,I152S10C472J4V1,INGENIERIA EN ADMINISTRACION DE SEGURIDAD PRIVADA,Administración y Comercio,Servicios,Servicios de Seguridad,Profesional Sin Licenciatura,Carreras Profesionales,NO ACREDITADA
2025|I152S10C472J4V1,I152S10C472J4V1,INGENIERIA EN ADMINISTRACION DE SEGURIDAD PRIVADA,Administración y Comercio,Servicios,Servicios de Seguridad,Profesional Sin Licenciatura,Carreras Profesionales,NO ACREDITADA
2026|I152S10C472J4V1,I152S10C472J4V1,INGENIERIA EN ADMINISTRACION DE SEGURIDAD PRIVADA,Administración y Comercio,Servicios,Servicios de Seguridad,Profesional Sin Licenciatura,Carreras Profesionales,NO ACREDITADA
2023|I113S7C430J4V1,I113S7C430J4V1,INGENIERIA EN ADMINISTRACION GENERAL NIVEL PROFESIONAL PLAN CONTINUIDAD,Administración y Comercio,Administración de Empresas y Derecho,Educación Comercial y Administración,Profesional Sin Licenciatura,Carreras Profesionales,NO ACREDITADA
2023|I113S8C430J4V1,I113S8C430J4V1,INGENIERIA EN ADMINISTRACION GENERAL NIVEL PROFESIONAL PLAN CONTINUIDAD,Administración y Comercio,Administración de Empresas y Derecho,Educación Comercial y Administración,Profesional Sin Licenciatura,Carreras Profesionales,NO ACREDITADA
2024|I113S7C430J4V1,I113S7C430J4V1,INGENIERIA EN ADMINISTRACION GENERAL NIVEL PROFESIONAL PLAN CONTINUIDAD,Administración y Comercio,Administración de Empresas y Derecho,Educación Comercial y Administración,Profesional Sin Licenciatura,Carreras Profesionales,NO ACREDITADA
2025|I113S7C430J4V1,I113S7C430J4V1,INGENIERIA EN ADMINISTRACION GENERAL NIVEL PROFESIONAL PLAN CONTINUIDAD,Administración y Comercio,Administración de Empresas y Derecho,Educación Comercial y Administración,Profesional Sin Licenciatura,Carreras Profesionales,NO ACREDITADA
2026|I113S7C430J4V1,I113S7C430J4V1,INGENIERIA EN ADMINISTRACION GENERAL NIVEL PROFESIONAL PLAN CONTINUIDAD,Administración y Comercio,Administración de Empresas y Derecho,Educación Comercial y Administración,Profesional Sin Licenciatura,Carreras Profesionales,NO ACREDITADA
2023|I111S15C484J3V1,I111S15C484J3V1,INGENIERIA EN ADMINISTRACION MENCION FINANZAS,Administración y Comercio,Administración de Empresas y Derecho,Educación Comercial y Administración,Profesional Sin Licenciatura,Carreras Profesionales,NO ACREDITADA
2023|I111S6C484J3V1,I111S6C484J3V1,INGENIERIA EN ADMINISTRACION MENCION FINANZAS,Administración y Comercio,Administración de Empresas y Derecho,Educación Comercial y Administración,Profesional Sin Licenciatura,Carreras Profesionales,NO ACREDITADA
2023|I111S9C484J3V1,I111S9C484J3V1,INGENIERIA EN ADMINISTRACION MENCION FINANZAS,Administración y Comercio,Administración de Empresas y Derecho,Educación Comercial y Administración,Profesional Sin Licenciatura,Carreras Profesionales,NO ACREDITADA
2024|I111S15C484J3V1,I111S15C484J3V1,INGENIERIA EN ADMINISTRACION MENCION FINANZAS,Administración y Comercio,Administración de Empresas y Derecho,Educación Comercial y Administración,Profesional Sin Licenciatura,Carreras Profesionales,NO ACREDITADA
2024|I111S6C484J3V1,I111S6C484J3V1,INGENIERIA EN ADMINISTRACION MENCION FINANZAS,Administración y Comercio,Administración de Empresas y Derecho,Educación Comercial y Administración,Profesional Sin Licenciatura,Carreras Profesionales,NO ACREDITADA
2024|I111S9C484J3V1,I111S9C484J3V1,INGENIERIA EN ADMINISTRACION MENCION FINANZAS,Administración y Comercio,Administración de Empresas y Derecho,Educación Comercial y Administración,Profesional Sin Licenciatura,Carreras Profesionales,NO ACREDITADA
2025|I111S15C484J3V1,I111S15C484J3V1,INGENIERIA EN ADMINISTRACION MENCION FINANZAS,Administración y Comercio,Administración de Empresas y Derecho,Educación Comercial y Administración,Profesional Sin Licenciatura,Carreras Profesionales,NO ACREDITADA
2025|I111S6C484J3V1,I111S6C484J3V1,INGENIERIA EN ADMINISTRACION MENCION FINANZAS,Administración y Comercio,Administración de Empresas y Derecho,Educación Comercial y Administración,Profesional Sin Licenciatura,Carreras Profesionales,NO ACREDITADA
2025|I111S9C484J3V1,I111S9C484J3V1,INGENIERIA EN ADMINISTRACION MENCION FINANZAS,Administración y Comercio,Administración de Empresas y Derecho,Educación Comercial y Administración,Profesional Sin Licenciatura,Carreras Profesionales,NO ACREDITADA
2026|I111S6C484J3V1,I111S6C484J3V1,INGENIERIA EN ADMINISTRACION MENCION FINANZAS,Administración y Comercio,Administración de Empresas y Derecho,Educación Comercial y Administración,Profesional Sin Licenciatura,Carreras Profesionales,NO ACREDITADA
2026|I111S9C484J3V1,I111S9C484J3V1,INGENIERIA EN ADMINISTRACION MENCION FINANZAS,Administración y Comercio,Administración de Empresas y Derecho,Educación Comercial y Administración,Profesional Sin Licenciatura,Carreras Profesionales,NO ACREDITADA
2023|I111S6C486J3V3,I111S6C486J3V3,INGENIERIA EN ADMINISTRACION MENCION MARKETING,Administración y Comercio,Administración de Empresas y Derecho,Educación Comercial y Administración,Profesional Sin Licenciatura,Carreras Profesionales,NO ACREDITADA
2024|I111S6C486J3V3,I111S6C486J3V3,INGENIERIA EN ADMINISTRACION MENCION MARKETING,Administración y Comercio,Administración de Empresas y Derecho,Educación Comercial y Administración,Profesional Sin Licenciatura,Carreras Profesionales,NO ACREDITADA
2025|I111S6C486J3V3,I111S6C486J3V3,INGENIERIA EN ADMINISTRACION MENCION MARKETING,Administración y Comercio,Administración de Empresas y Derecho,Educación Comercial y Administración,Profesional Sin Licenciatura,Carreras Profesionales,NO ACREDITADA
2026|I111S6C486J3V3,I111S6C486J3V3,INGENIERIA EN ADMINISTRACION MENCION MARKETING,Administración y Comercio,Administración de Empresas y Derecho,Educación Comercial y Administración,Profesional Sin Licenciatura,Carreras Profesionales,NO ACREDITADA
2023|I106S6C262J4V1,I106S6C262J4V1,INGENIERIA EN ADMINISTRACION MENCION MARKETING O FINANZAS O RECURSOS HUMANOS,Administración y Comercio,Administración de Empresas y Derecho,Educación Comercial y Administración,Profesional Sin Licenciatura,Carreras Profesionales,NO ACREDITADA
2024|I106S6C262J4V1,I106S6C262J4V1,INGENIERIA EN ADMINISTRACION MENCION MARKETING O FINANZAS O RECURSOS HUMANOS,Administración y Comercio,Administración de Empresas y Derecho,Educación Comercial y Administración,Profesional Sin Licenciatura,Carreras Profesionales,NO ACREDITADA
2024|I106S6C262J4V2,I106S6C262J4V2,INGENIERIA EN ADMINISTRACION MENCION MARKETING O FINANZAS O RECURSOS HUMANOS,Administración y Comercio,Administración de Empresas y Derecho,Educación Comercial y Administración,Profesional Sin Licenciatura,Carreras Profesionales,NO ACREDITADA
2025|I106S6C262J4V1,I106S6C262J4V1,INGENIERIA EN ADMINISTRACION MENCION MARKETING O FINANZAS O RECURSOS HUMANOS,Administración y Comercio,Administración de Empresas y Derecho,Educación Comercial y Administración,Profesional Sin Licenciatura,Carreras Profesionales,NO ACREDITADA
2025|I106S6C262J4V2,I106S6C262J4V2,INGENIERIA EN ADMINISTRACION MENCION MARKETING O FINANZAS O RECURSOS HUMANOS,Administración y Comercio,Administración de Empresas y Derecho,Educación Comercial y Administración,Profesional Sin Licenciatura,Carreras Profesionales,NO ACREDITADA
2026|I106S6C262J4V1,I106S6C262J4V1,INGENIERIA EN ADMINISTRACION MENCION MARKETING O FINANZAS O RECURSOS HUMANOS,Administración y Comercio,Administración de Empresas y Derecho,Educación Comercial y Administración,Profesional Sin Licenciatura,Carreras Profesionales,NO ACREDITADA
2023|I152S10C325J4V1,I152S10C325J4V1,INGENIERIA EN ADMINISTRACION MENCION SEGURIDAD PRIVADA,Administración y Comercio,Servicios,Servicios de Seguridad,Profesional Sin Licenciatura,Carreras Profesionales,NO ACREDITADA
2023|I152S10C325J4V2,I152S10C325J4V2,INGENIERIA EN ADMINISTRACION MENCION SEGURIDAD PRIVADA,Administración y Comercio,Servicios,Servicios de Seguridad,Profesional Sin Licenciatura,Carreras Profesionales,NO ACREDITADA
2024|I152S10C325J4V1,I152S10C325J4V1,INGENIERIA EN ADMINISTRACION MENCION SEGURIDAD PRIVADA,Administración y Comercio,Servicios,Servicios de Seguridad,Profesional Sin Licenciatura,Carreras Profesionales,NO ACREDITADA
2025|I152S10C325J4V2,I152S10C325J4V2,INGENIERIA EN ADMINISTRACION MENCION SEGURIDAD PRIVADA,Administración y Comercio,Servicios,Servicios de Seguridad,Profesional Sin Licenciatura,Carreras Profesionales,NO ACREDITADA
2026|I152S10C325J4V2,I152S10C325J4V2,INGENIERIA EN ADMINISTRACION MENCION SEGURIDAD PRIVADA,Administración y Comercio,Servicios,Servicios de Seguridad,Profesional Sin Licenciatura,Carreras Profesionales,NO ACREDITADA
2023|I111S15C139J2V1,I111S15C139J2V1,INGENIERIA EN ADMINISTRACION PEV,Administración y Comercio,Administración de Empresas y Derecho,Educación Comercial y Administración,Profesional Sin Licenciatura,Carreras Profesionales,NO ACREDITADA
2023|I111S20C139J2V1,I111S20C139J2V1,INGENIERIA EN ADMINISTRACION PEV,Administración y Comercio,Administración de Empresas y Derecho,Educación Comercial y Administración,Profesional Sin Licenciatura,Carreras Profesionales,NO ACREDITADA
2023|I111S5C139J2V1,I111S5C139J2V1,INGENIERIA EN ADMINISTRACION PEV,Administración y Comercio,Administración de Empresas y Derecho,Educación Comercial y Administración,Profesional Sin Licenciatura,Carreras Profesionales,NO ACREDITADA
2023|I111S9C139J2V1,I111S9C139J2V1,INGENIERIA EN ADMINISTRACION PEV,Administración y Comercio,Administración de Empresas y Derecho,Educación Comercial y Administración,Profesional Sin Licenciatura,Carreras Profesionales,NO ACREDITADA
2024|I111S15C139J2V1,I111S15C139J2V1,INGENIERIA EN ADMINISTRACION PEV,Administración y Comercio,Administración de Empresas y Derecho,Educación Comercial y Administración,Profesional Sin Licenciatura,Carreras Profesionales,NO ACREDITADA
2024|I111S4C139J2V1,I111S4C139J2V1,INGENIERIA EN ADMINISTRACION PEV,Administración y Comercio,Administración de Empresas y Derecho,Educación Comercial y Administración,Profesional Sin Licenciatura,Carreras Profesionales,NO ACREDITADA
2024|I111S9C139J2V1,I111S9C139J2V1,INGENIERIA EN ADMINISTRACION PEV,Administración y Comercio,Administración de Empresas y Derecho,Educación Comercial y Administración,Profesional Sin Licenciatura,Carreras Profesionales,NO ACREDITADA
2025|I111S5C139J2V1,I111S5C139J2V1,INGENIERIA EN ADMINISTRACION PEV,Administración y Comercio,Administración de Empresas y Derecho,Educación Comercial y Administración,Profesional Sin Licenciatura,Carreras Profesionales,NO ACREDITADA
2026|I111S5C139J2V1,I111S5C139J2V1,INGENIERIA EN ADMINISTRACION PEV,Administración y Comercio,Administración de Empresas y Derecho,Educación Comercial y Administración,Profesional Sin Licenciatura,Carreras Profesionales,NO ACREDITADA
2026|I111S9C139J2V1,I111S9C139J2V1,INGENIERIA EN ADMINISTRACION PEV,Administración y Comercio,Administración de Empresas y Derecho,Educación Comercial y Administración,Profesional Sin Licenciatura,Carreras Profesionales,NO ACREDITADA
2023|I26S1C219J4V1,I26S1C219J4V1,INGENIERIA EN ADMINISTRACION Y GESTION DE NEGOCIOS,Administración y Comercio,Administración de Empresas y Derecho,Educación Comercial y Administración,Profesional Con Licenciatura,Carreras Profesionales,NO ACREDITADA
2024|I26S1C219J4V1,I26S1C219J4V1,INGENIERIA EN ADMINISTRACION Y GESTION DE NEGOCIOS,Administración y Comercio,Administración de Empresas y Derecho,Educación Comercial y Administración,Profesional Con Licenciatura,Carreras Profesionales,NO ACREDITADA
2025|I26S1C219J4V1,I26S1C219J4V1,INGENIERIA EN ADMINISTRACION Y GESTION DE NEGOCIOS,Administración y Comercio,Administración de Empresas y Derecho,Educación Comercial y Administración,Profesional Con Licenciatura,Carreras Profesionales,NO ACREDITADA
2026|I26S1C219J4V1,I26S1C219J4V1,INGENIERIA EN ADMINISTRACION Y GESTION DE NEGOCIOS,Administración y Comercio,Administración de Empresas y Derecho,Educación Comercial y Administración,Profesional Con Licenciatura,Carreras Profesionales,NO ACREDITADA
2025|I171S1C83J4V1,I171S1C83J4V1,INGENIERIA EN COMERCIO ELECTRONICO,Administración y Comercio,Administración de Empresas y Derecho,Educación Comercial y Administración,Profesional Sin Licenciatura,Carreras Profesionales,NO ACREDITADA
2026|I171S1C83J4V1,I171S1C83J4V1,INGENIERIA EN COMERCIO ELECTRONICO,Administración y Comercio,Administración de Empresas y Derecho,Educación Comercial y Administración,Profesional Sin Licenciatura,Carreras Profesionales,NO ACREDITADA
2023|I152S10C1J4V2,I152S10C1J4V2,INGENIERIA EN COMERCIO EXTERIOR,Administración y Comercio,Administración de Empresas y Derecho,Educación Comercial y Administración,Profesional Sin Licenciatura,Carreras Profesionales,NO ACREDITADA
2023|I152S10C1J4V3,I152S10C1J4V3,INGENIERIA EN COMERCIO EXTERIOR,Administración y Comercio,Administración de Empresas y Derecho,Educación Comercial y Administración,Profesional Sin Licenciatura,Carreras Profesionales,NO ACREDITADA
2024|I152S10C1J4V1,I152S10C1J4V1,INGENIERIA EN COMERCIO EXTERIOR,Administración y Comercio,Administración de Empresas y Derecho,Educación Comercial y Administración,Profesional Sin Licenciatura,Carreras Profesionales,NO ACREDITADA
2025|I100S43C273J4V1,I100S43C273J4V1,INGENIERIA EN COMERCIO EXTERIOR,Administración y Comercio,Administración de Empresas y Derecho,Educación Comercial y Administración,Profesional Sin Licenciatura,Carreras Profesionales,NO ACREDITADA
2025|I152S10C1J4V3,I152S10C1J4V3,INGENIERIA EN COMERCIO EXTERIOR,Administración y Comercio,Administración de Empresas y Derecho,Educación Comercial y Administración,Profesional Sin Licenciatura,Carreras Profesionales,NO ACREDITADA
2026|I100S43C273J4V1,I100S43C273J4V1,INGENIERIA EN COMERCIO EXTERIOR,Administración y Comercio,Administración de Empresas y Derecho,Educación Comercial y Administración,Profesional Sin Licenciatura,Carreras Profesionales,NO ACREDITADA
2026|I116S40C144J4V1,I116S40C144J4V1,INGENIERIA EN COMERCIO EXTERIOR,Administración y Comercio,Administración de Empresas y Derecho,Educación Comercial y Administración,Profesional Sin Licenciatura,Carreras Profesionales,NO ACREDITADA
2026|I152S10C1J4V2,I152S10C1J4V2,INGENIERIA EN COMERCIO EXTERIOR,Administración y Comercio,Administración de Empresas y Derecho,Educación Comercial y Administración,Profesional Sin Licenciatura,Carreras Profesionales,NO ACREDITADA
2025|I108S1C39J4V1,I108S1C39J4V1,INGENIERIA EN COMERCIO EXTERIOR BILINGÜE,Administración y Comercio,Administración de Empresas y Derecho,Educación Comercial y Administración,Profesional Sin Licenciatura,Carreras Profesionales,NO ACREDITADA
2026|I108S1C39J4V1,I108S1C39J4V1,INGENIERIA EN COMERCIO EXTERIOR BILINGÜE,Administración y Comercio,Administración de Empresas y Derecho,Educación Comercial y Administración,Profesional Sin Licenciatura,Carreras Profesionales,NO ACREDITADA
2023|I111S5C455J2V1,I111S5C455J2V1,INGENIERIA EN COMERCIO EXTERIOR PEV,Administración y Comercio,Administración de Empresas y Derecho,Educación Comercial y Administración,Profesional Sin Licenciatura,Carreras Profesionales,NO ACREDITADA
2023|I111S9C455J2V1,I111S9C455J2V1,INGENIERIA EN COMERCIO EXTERIOR PEV,Administración y Comercio,Administración de Empresas y Derecho,Educación Comercial y Administración,Profesional Sin Licenciatura,Carreras Profesionales,NO ACREDITADA
2024|I111S5C455J2V1,I111S5C455J2V1,INGENIERIA EN COMERCIO EXTERIOR PEV,Administración y Comercio,Administración de Empresas y Derecho,Educación Comercial y Administración,Profesional Sin Licenciatura,Carreras Profesionales,NO ACREDITADA
2024|I111S9C455J2V1,I111S9C455J2V1,INGENIERIA EN COMERCIO EXTERIOR PEV,Administración y Comercio,Administración de Empresas y Derecho,Educación Comercial y Administración,Profesional Sin Licenciatura,Carreras Profesionales,NO ACREDITADA
2025|I111S5C455J2V1,I111S5C455J2V1,INGENIERIA EN COMERCIO EXTERIOR PEV,Administración y Comercio,Administración de Empresas y Derecho,Educación Comercial y Administración,Profesional Sin Licenciatura,Carreras Profesionales,NO ACREDITADA
2025|I111S9C455J2V1,I111S9C455J2V1,INGENIERIA EN COMERCIO EXTERIOR PEV,Administración y Comercio,Administración de Empresas y Derecho,Educación Comercial y Administración,Profesional Sin Licenciatura,Carreras Profesionales,NO ACREDITADA
2026|I111S5C455J2V1,I111S5C455J2V1,INGENIERIA EN COMERCIO EXTERIOR PEV,Administración y Comercio,Administración de Empresas y Derecho,Educación Comercial y Administración,Profesional Sin Licenciatura,Carreras Profesionales,NO ACREDITADA
2023|I171S1C26J4V1,I171S1C26J4V1,INGENIERIA EN COMERCIO INTERNACIONAL,Administración y Comercio,Administración de Empresas y Derecho,Educación Comercial y Administración,Profesional Sin Licenciatura,Carreras Profesionales,NO ACREDITADA
2024|I171S1C26J4V1,I171S1C26J4V1,INGENIERIA EN COMERCIO INTERNACIONAL,Administración y Comercio,Administración de Empresas y Derecho,Educación Comercial y Administración,Profesional Sin Licenciatura,Carreras Profesionales,NO ACREDITADA
2025|I171S1C26J4V1,I171S1C26J4V1,INGENIERIA EN COMERCIO INTERNACIONAL,Administración y Comercio,Administración de Empresas y Derecho,Educación Comercial y Administración,Profesional Sin Licenciatura,Carreras Profesionales,NO ACREDITADA
2026|I143S28C751J4V1,I143S28C751J4V1,INGENIERIA EN COMERCIO INTERNACIONAL,Administración y Comercio,Administración de Empresas y Derecho,Educación Comercial y Administración,Profesional Sin Licenciatura,Carreras Profesionales,NO ACREDITADA
2026|I171S1C26J4V1,I171S1C26J4V1,INGENIERIA EN COMERCIO INTERNACIONAL,Administración y Comercio,Administración de Empresas y Derecho,Educación Comercial y Administración,Profesional Sin Licenciatura,Carreras Profesionales,NO ACREDITADA
2023|I171S1C26J4V2,I171S1C26J4V2,INGENIERIA EN COMERCIO INTERNACIONAL (PLAN ESPECIAL),Administración y Comercio,Administración de Empresas y Derecho,Educación Comercial y Administración,Profesional Sin Licenciatura,Carreras Profesionales,NO ACREDITADA
2024|I171S1C26J4V2,I171S1C26J4V2,INGENIERIA EN COMERCIO INTERNACIONAL (PLAN ESPECIAL),Administración y Comercio,Administración de Empresas y Derecho,Educación Comercial y Administración,Profesional Sin Licenciatura,Carreras Profesionales,NO ACREDITADA
2025|I171S1C26J4V2,I171S1C26J4V2,INGENIERIA EN COMERCIO INTERNACIONAL (PLAN ESPECIAL),Administración y Comercio,Administración de Empresas y Derecho,Educación Comercial y Administración,Profesional Sin Licenciatura,Carreras Profesionales,NO ACREDITADA
2026|I171S1C26J4V2,I171S1C26J4V2,INGENIERIA EN COMERCIO INTERNACIONAL (PLAN ESPECIAL),Administración y Comercio,Administración de Empresas y Derecho,Educación Comercial y Administración,Profesional Sin Licenciatura,Carreras Profesionales,NO ACREDITADA
2023|I106S5C263J4V1,I106S5C263J4V1,INGENIERIA EN CONTROL DE GESTION,Administración y Comercio,Administración de Empresas y Derecho,Educación Comercial y Administración,Profesional Sin Licenciatura,Carreras Profesionales,NO ACREDITADA
2023|I106S6C263J4V2,I106S6C263J4V2,INGENIERIA EN CONTROL DE GESTION,Administración y Comercio,Administración de Empresas y Derecho,Educación Comercial y Administración,Profesional Sin Licenciatura,Carreras Profesionales,NO ACREDITADA
2023|I106S6C263J4V3,I106S6C263J4V3,INGENIERIA EN CONTROL DE GESTION,Administración y Comercio,Administración de Empresas y Derecho,Educación Comercial y Administración,Profesional Sin Licenciatura,Carreras Profesionales,NO ACREDITADA
2023|I123S2C218J4V1,I123S2C218J4V1,INGENIERIA EN CONTROL DE GESTION,Administración y Comercio,Administración de Empresas y Derecho,Educación Comercial y Administración,Profesional Sin Licenciatura,Carreras Profesionales,NO ACREDITADA
2023|I123S2C218J4V2,I123S2C218J4V2,INGENIERIA EN CONTROL DE GESTION,Administración y Comercio,Administración de Empresas y Derecho,Educación Comercial y Administración,Profesional Sin Licenciatura,Carreras Profesionales,NO ACREDITADA
2023|I171S1C74J4V1,I171S1C74J4V1,INGENIERIA EN CONTROL DE GESTION,Administración y Comercio,Administración de Empresas y Derecho,Educación Comercial y Administración,Profesional Sin Licenciatura,Carreras Profesionales,NO ACREDITADA
2023|I26S1C165J4V1,I26S1C165J4V1,INGENIERIA EN CONTROL DE GESTION,Administración y Comercio,Administración de Empresas y Derecho,Educación Comercial y Administración,Profesional Con Licenciatura,Carreras Profesionales,NO ACREDITADA
2024|I106S6C263J4V1,I106S6C263J4V1,INGENIERIA EN CONTROL DE GESTION,Administración y Comercio,Administración de Empresas y Derecho,Educación Comercial y Administración,Profesional Sin Licenciatura,Carreras Profesionales,NO ACREDITADA
2024|I106S6C263J4V2,I106S6C263J4V2,INGENIERIA EN CONTROL DE GESTION,Administración y Comercio,Administración de Empresas y Derecho,Educación Comercial y Administración,Profesional Sin Licenciatura,Carreras Profesionales,NO ACREDITADA
2024|I106S6C263J4V3,I106S6C263J4V3,INGENIERIA EN CONTROL DE GESTION,Administración y Comercio,Administración de Empresas y Derecho,Educación Comercial y Administración,Profesional Sin Licenciatura,Carreras Profesionales,NO ACREDITADA
2024|I106S6C263J4V4,I106S6C263J4V4,INGENIERIA EN CONTROL DE GESTION,Administración y Comercio,Administración de Empresas y Derecho,Educación Comercial y Administración,Profesional Sin Licenciatura,Carreras Profesionales,NO ACREDITADA
2024|I106S6C263J4V5,I106S6C263J4V5,INGENIERIA EN CONTROL DE GESTION,Administración y Comercio,Administración de Empresas y Derecho,Educación Comercial y Administración,Profesional Sin Licenciatura,Carreras Profesionales,NO ACREDITADA
2024|I123S2C218J4V1,I123S2C218J4V1,INGENIERIA EN CONTROL DE GESTION,Administración y Comercio,Administración de Empresas y Derecho,Educación Comercial y Administración,Profesional Sin Licenciatura,Carreras Profesionales,NO ACREDITADA
2024|I123S2C218J4V2,I123S2C218J4V2,INGENIERIA EN CONTROL DE GESTION,Administración y Comercio,Administración de Empresas y Derecho,Educación Comercial y Administración,Profesional Sin Licenciatura,Carreras Profesionales,NO ACREDITADA
2024|I171S1C74J4V1,I171S1C74J4V1,INGENIERIA EN CONTROL DE GESTION,Administración y Comercio,Administración de Empresas y Derecho,Educación Comercial y Administración,Profesional Sin Licenciatura,Carreras Profesionales,NO ACREDITADA
2025|I106S6C263J4V2,I106S6C263J4V2,INGENIERIA EN CONTROL DE GESTION,Administración y Comercio,Administración de Empresas y Derecho,Educación Comercial y Administración,Profesional Sin Licenciatura,Carreras Profesionales,NO ACREDITADA
2025|I106S6C263J4V4,I106S6C263J4V4,INGENIERIA EN CONTROL DE GESTION,Administración y Comercio,Administración de Empresas y Derecho,Educación Comercial y Administración,Profesional Sin Licenciatura,Carreras Profesionales,NO ACREDITADA
2025|I106S6C263J4V5,I106S6C263J4V5,INGENIERIA EN CONTROL DE GESTION,Administración y Comercio,Administración de Empresas y Derecho,Educación Comercial y Administración,Profesional Sin Licenciatura,Carreras Profesionales,NO ACREDITADA
2025|I123S2C218J4V1,I123S2C218J4V1,INGENIERIA EN CONTROL DE GESTION,Administración y Comercio,Administración de Empresas y Derecho,Educación Comercial y Administración,Profesional Sin Licenciatura,Carreras Profesionales,NO ACREDITADA
2025|I123S2C218J4V2,I123S2C218J4V2,INGENIERIA EN CONTROL DE GESTION,Administración y Comercio,Administración de Empresas y Derecho,Educación Comercial y Administración,Profesional Sin Licenciatura,Carreras Profesionales,NO ACREDITADA
2025|I171S1C74J4V1,I171S1C74J4V1,INGENIERIA EN CONTROL DE GESTION,Administración y Comercio,Administración de Empresas y Derecho,Educación Comercial y Administración,Profesional Sin Licenciatura,Carreras Profesionales,NO ACREDITADA
2026|I106S6C263J4V1,I106S6C263J4V1,INGENIERIA EN CONTROL DE GESTION,Administración y Comercio,Administración de Empresas y Derecho,Educación Comercial y Administración,Profesional Sin Licenciatura,Carreras Profesionales,NO ACREDITADA
2026|I106S6C263J4V4,I106S6C263J4V4,INGENIERIA EN CONTROL DE GESTION,Administración y Comercio,Administración de Empresas y Derecho,Educación Comercial y Administración,Profesional Sin Licenciatura,Carreras Profesionales,NO ACREDITADA
2026|I106S6C263J4V5,I106S6C263J4V5,INGENIERIA EN CONTROL DE GESTION,Administración y Comercio,Administración de Empresas y Derecho,Educación Comercial y Administración,Profesional Sin Licenciatura,Carreras Profesionales,NO ACREDITADA
2026|I123S2C218J4V1,I123S2C218J4V1,INGENIERIA EN CONTROL DE GESTION,Administración y Comercio,Administración de Empresas y Derecho,Educación Comercial y Administración,Profesional Sin Licenciatura,Carreras Profesionales,NO ACREDITADA
2026|I123S2C218J4V2,I123S2C218J4V2,INGENIERIA EN CONTROL DE GESTION,Administración y Comercio,Administración de Empresas y Derecho,Educación Comercial y Administración,Profesional Sin Licenciatura,Carreras Profesionales,NO ACREDITADA
2026|I171S1C74J4V1,I171S1C74J4V1,INGENIERIA EN CONTROL DE GESTION,Administración y Comercio,Administración de Empresas y Derecho,Educación Comercial y Administración,Profesional Sin Licenciatura,Carreras Profesionales,NO ACREDITADA
2023|I171S1C74J4V2,I171S1C74J4V2,INGENIERIA EN CONTROL DE GESTION (PLAN ESPECIAL),Administración y Comercio,Administración de Empresas y Derecho,Educación Comercial y Administración,Profesional Sin Licenciatura,Carreras Profesionales,NO ACREDITADA
2024|I171S1C74J4V2,I171S1C74J4V2,INGENIERIA EN CONTROL DE GESTION (PLAN ESPECIAL),Administración y Comercio,Administración de Empresas y Derecho,Educación Comercial y Administración,Profesional Sin Licenciatura,Carreras Profesionales,NO ACREDITADA
2025|I171S1C74J4V2,I171S1C74J4V2,INGENIERIA EN CONTROL DE GESTION (PLAN ESPECIAL),Administración y Comercio,Administración de Empresas y Derecho,Educación Comercial y Administración,Profesional Sin Licenciatura,Carreras Profesionales,NO ACREDITADA
2026|I171S1C74J4V2,I171S1C74J4V2,INGENIERIA EN CONTROL DE GESTION (PLAN ESPECIAL),Administración y Comercio,Administración de Empresas y Derecho,Educación Comercial y Administración,Profesional Sin Licenciatura,Carreras Profesionales,NO ACREDITADA
2026|I4S1C1116J4V1,I4S1C1116J4V1,INGENIERIA EN CONTROL DE GESTION Y CIENCIA DE DATOS,Administración y Comercio,Administración de Empresas y Derecho,Educación Comercial y Administración,Profesional Con Licenciatura,Carreras Profesionales,NO ACREDITADA
2023|I171S1C27J4V2,I171S1C27J4V2,INGENIERIA EN FINANZAS,Administración y Comercio,Administración de Empresas y Derecho,Educación Comercial y Administración,Profesional Sin Licenciatura,Carreras Profesionales,NO ACREDITADA
2024|I171S1C27J4V2,I171S1C27J4V2,INGENIERIA EN FINANZAS,Administración y Comercio,Administración de Empresas y Derecho,Educación Comercial y Administración,Profesional Sin Licenciatura,Carreras Profesionales,NO ACREDITADA
2025|I171S1C27J4V1,I171S1C27J4V1,INGENIERIA EN FINANZAS,Administración y Comercio,Administración de Empresas y Derecho,Educación Comercial y Administración,Profesional Sin Licenciatura,Carreras Profesionales,NO ACREDITADA
2025|I171S1C27J4V2,I171S1C27J4V2,INGENIERIA EN FINANZAS,Administración y Comercio,Administración de Empresas y Derecho,Educación Comercial y Administración,Profesional Sin Licenciatura,Carreras Profesionales,NO ACREDITADA
2026|I162S2C111J4V1,I162S2C111J4V1,INGENIERIA EN FINANZAS,Administración y Comercio,Administración de Empresas y Derecho,Educación Comercial y Administración,Profesional Sin Licenciatura,Carreras Profesionales,NO ACREDITADA
2026|I171S1C27J4V2,I171S1C27J4V2,INGENIERIA EN FINANZAS,Administración y Comercio,Administración de Empresas y Derecho,Educación Comercial y Administración,Profesional Sin Licenciatura,Carreras Profesionales,NO ACREDITADA
2023|I171S1C58J4V1,I171S1C58J4V1,INGENIERIA EN FINANZAS (PLAN ESPECIAL),Administración y Comercio,Administración de Empresas y Derecho,Educación Comercial y Administración,Profesional Sin Licenciatura,Carreras Profesionales,NO ACREDITADA
2024|I171S1C58J4V1,I171S1C58J4V1,INGENIERIA EN FINANZAS (PLAN ESPECIAL),Administración y Comercio,Administración de Empresas y Derecho,Educación Comercial y Administración,Profesional Sin Licenciatura,Carreras Profesionales,NO ACREDITADA
2025|I171S1C58J4V1,I171S1C58J4V1,INGENIERIA EN FINANZAS (PLAN ESPECIAL),Administración y Comercio,Administración de Empresas y Derecho,Educación Comercial y Administración,Profesional Sin Licenciatura,Carreras Profesionales,NO ACREDITADA
2026|I171S1C58J4V1,I171S1C58J4V1,INGENIERIA EN FINANZAS (PLAN ESPECIAL),Administración y Comercio,Administración de Empresas y Derecho,Educación Comercial y Administración,Profesional Sin Licenciatura,Carreras Profesionales,NO ACREDITADA
2024|I69S1C627J4V1,I69S1C627J4V1,INGENIERIA EN GESTION COMERCIAL Y MARKETING,Administración y Comercio,Administración de Empresas y Derecho,Educación Comercial y Administración,Profesional Con Licenciatura,Carreras Profesionales,NO ACREDITADA
2025|I69S1C627J4V1,I69S1C627J4V1,INGENIERIA EN GESTION COMERCIAL Y MARKETING,Administración y Comercio,Administración de Empresas y Derecho,Educación Comercial y Administración,Profesional Con Licenciatura,Carreras Profesionales,NO ACREDITADA
2026|I69S1C627J4V1,I69S1C627J4V1,INGENIERIA EN GESTION COMERCIAL Y MARKETING,Administración y Comercio,Administración de Empresas y Derecho,Educación Comercial y Administración,Profesional Con Licenciatura,Carreras Profesionales,NO ACREDITADA
2023|I117S1C101J4V1,I117S1C101J4V1,INGENIERIA EN GESTION DE CALIDAD Y AMBIENTE,Administración y Comercio,Administración de Empresas y Derecho,Educación Comercial y Administración,Profesional Sin Licenciatura,Carreras Profesionales,NO ACREDITADA
2024|I117S1C101J4V1,I117S1C101J4V1,INGENIERIA EN GESTION DE CALIDAD Y AMBIENTE,Administración y Comercio,Administración de Empresas y Derecho,Educación Comercial y Administración,Profesional Sin Licenciatura,Carreras Profesionales,NO ACREDITADA
2025|I117S1C101J4V1,I117S1C101J4V1,INGENIERIA EN GESTION DE CALIDAD Y AMBIENTE,Administración y Comercio,Administración de Empresas y Derecho,Educación Comercial y Administración,Profesional Sin Licenciatura,Carreras Profesionales,NO ACREDITADA
2026|I117S1C101J4V1,I117S1C101J4V1,INGENIERIA EN GESTION DE CALIDAD Y AMBIENTE,Administración y Comercio,Administración de Empresas y Derecho,Educación Comercial y Administración,Profesional Sin Licenciatura,Carreras Profesionales,NO ACREDITADA
2023|I152S10C383J4V1,I152S10C383J4V1,INGENIERIA EN GESTION DE CENTROS DE SALUD,Administración y Comercio,Administración de Empresas y Derecho,Educación Comercial y Administración,Profesional Sin Licenciatura,Carreras Profesionales,NO ACREDITADA
2024|I152S10C383J4V1,I152S10C383J4V1,INGENIERIA EN GESTION DE CENTROS DE SALUD,Administración y Comercio,Administración de Empresas y Derecho,Educación Comercial y Administración,Profesional Sin Licenciatura,Carreras Profesionales,NO ACREDITADA
2025|I152S10C383J4V1,I152S10C383J4V1,INGENIERIA EN GESTION DE CENTROS DE SALUD,Administración y Comercio,Administración de Empresas y Derecho,Educación Comercial y Administración,Profesional Sin Licenciatura,Carreras Profesionales,NO ACREDITADA
2026|I152S10C383J4V1,I152S10C383J4V1,INGENIERIA EN GESTION DE CENTROS DE SALUD,Administración y Comercio,Administración de Empresas y Derecho,Educación Comercial y Administración,Profesional Sin Licenciatura,Carreras Profesionales,NO ACREDITADA
2024|I69S1C625J4V1,I69S1C625J4V1,INGENIERIA EN GESTION DE EMPRESAS,Administración y Comercio,Administración de Empresas y Derecho,Educación Comercial y Administración,Profesional Con Licenciatura,Carreras Profesionales,NO ACREDITADA
2025|I69S1C625J4V1,I69S1C625J4V1,INGENIERIA EN GESTION DE EMPRESAS,Administración y Comercio,Administración de Empresas y Derecho,Educación Comercial y Administración,Profesional Con Licenciatura,Carreras Profesionales,NO ACREDITADA
2026|I69S1C625J4V1,I69S1C625J4V1,INGENIERIA EN GESTION DE EMPRESAS,Administración y Comercio,Administración de Empresas y Derecho,Educación Comercial y Administración,Profesional Con Licenciatura,Carreras Profesionales,NO ACREDITADA
2023|I22S1C286J2V2,I22S1C286J2V2,INGENIERIA EN GESTION DE NEGOCIOS INTERNACIONALES,Administración y Comercio,Administración de Empresas y Derecho,Educación Comercial y Administración,Profesional Con Licenciatura,Carreras Profesionales,NO ACREDITADA
2023|I22S1C286J2V3,I22S1C286J2V3,INGENIERIA EN GESTION DE NEGOCIOS INTERNACIONALES,Administración y Comercio,Administración de Empresas y Derecho,Educación Comercial y Administración,Profesional Con Licenciatura,Carreras Profesionales,NO ACREDITADA
2024|I22S1C286J2V2,I22S1C286J2V2,INGENIERIA EN GESTION DE NEGOCIOS INTERNACIONALES,Administración y Comercio,Administración de Empresas y Derecho,Educación Comercial y Administración,Profesional Con Licenciatura,Carreras Profesionales,NO ACREDITADA
2024|I22S1C286J2V3,I22S1C286J2V3,INGENIERIA EN GESTION DE NEGOCIOS INTERNACIONALES,Administración y Comercio,Administración de Empresas y Derecho,Educación Comercial y Administración,Profesional Con Licenciatura,Carreras Profesionales,NO ACREDITADA
2025|I22S1C286J2V3,I22S1C286J2V3,INGENIERIA EN GESTION DE NEGOCIOS INTERNACIONALES,Administración y Comercio,Administración de Empresas y Derecho,Educación Comercial y Administración,Profesional Con Licenciatura,Carreras Profesionales,NO ACREDITADA
2023|I143S28C665J4V1,I143S28C665J4V1,INGENIERIA EN GESTION DE OPERACIONES LOGISTICAS,Administración y Comercio,Administración de Empresas y Derecho,Educación Comercial y Administración,Profesional Sin Licenciatura,Carreras Profesionales,NO ACREDITADA
2024|I143S28C665J4V1,I143S28C665J4V1,INGENIERIA EN GESTION DE OPERACIONES LOGISTICAS,Administración y Comercio,Administración de Empresas y Derecho,Educación Comercial y Administración,Profesional Sin Licenciatura,Carreras Profesionales,NO ACREDITADA
2025|I143S28C665J4V1,I143S28C665J4V1,INGENIERIA EN GESTION DE OPERACIONES LOGISTICAS,Administración y Comercio,Administración de Empresas y Derecho,Educación Comercial y Administración,Profesional Sin Licenciatura,Carreras Profesionales,NO ACREDITADA
2024|I69S1C624J4V1,I69S1C624J4V1,INGENIERIA EN GESTION DE PERSONAS,Administración y Comercio,Administración de Empresas y Derecho,Educación Comercial y Administración,Profesional Con Licenciatura,Carreras Profesionales,NO ACREDITADA
2025|I69S1C624J4V1,I69S1C624J4V1,INGENIERIA EN GESTION DE PERSONAS,Administración y Comercio,Administración de Empresas y Derecho,Educación Comercial y Administración,Profesional Con Licenciatura,Carreras Profesionales,NO ACREDITADA
2026|I111S27C553J4V1,I111S27C553J4V1,INGENIERIA EN GESTION DE PERSONAS,Administración y Comercio,Administración de Empresas y Derecho,Educación Comercial y Administración,Profesional Sin Licenciatura,Carreras Profesionales,NO ACREDITADA
2026|I143S28C711J4V1,I143S28C711J4V1,INGENIERIA EN GESTION DE PERSONAS,Administración y Comercio,Administración de Empresas y Derecho,Educación Comercial y Administración,Profesional Sin Licenciatura,Carreras Profesionales,NO ACREDITADA
2026|I69S1C624J4V1,I69S1C624J4V1,INGENIERIA EN GESTION DE PERSONAS,Administración y Comercio,Administración de Empresas y Derecho,Educación Comercial y Administración,Profesional Con Licenciatura,Carreras Profesionales,NO ACREDITADA
2023|I123S2C219J4V1,I123S2C219J4V1,INGENIERIA EN GESTION DE RECURSOS HUMANOS,Administración y Comercio,Administración de Empresas y Derecho,Educación Comercial y Administración,Profesional Sin Licenciatura,Carreras Profesionales,NO ACREDITADA
2023|I123S2C219J4V2,I123S2C219J4V2,INGENIERIA EN GESTION DE RECURSOS HUMANOS,Administración y Comercio,Administración de Empresas y Derecho,Educación Comercial y Administración,Profesional Sin Licenciatura,Carreras Profesionales,NO ACREDITADA
2023|I143S28C711J4V1,I143S28C711J4V1,INGENIERIA EN GESTION DE RECURSOS HUMANOS,Administración y Comercio,Administración de Empresas y Derecho,Educación Comercial y Administración,Profesional Sin Licenciatura,Carreras Profesionales,NO ACREDITADA
2024|I123S2C219J4V1,I123S2C219J4V1,INGENIERIA EN GESTION DE RECURSOS HUMANOS,Administración y Comercio,Administración de Empresas y Derecho,Educación Comercial y Administración,Profesional Sin Licenciatura,Carreras Profesionales,NO ACREDITADA
2024|I123S2C219J4V2,I123S2C219J4V2,INGENIERIA EN GESTION DE RECURSOS HUMANOS,Administración y Comercio,Administración de Empresas y Derecho,Educación Comercial y Administración,Profesional Sin Licenciatura,Carreras Profesionales,NO ACREDITADA
2024|I143S28C711J4V1,I143S28C711J4V1,INGENIERIA EN GESTION DE RECURSOS HUMANOS,Administración y Comercio,Administración de Empresas y Derecho,Educación Comercial y Administración,Profesional Sin Licenciatura,Carreras Profesionales,NO ACREDITADA
2025|I123S2C219J4V1,I123S2C219J4V1,INGENIERIA EN GESTION DE RECURSOS HUMANOS,Administración y Comercio,Administración de Empresas y Derecho,Educación Comercial y Administración,Profesional Sin Licenciatura,Carreras Profesionales,NO ACREDITADA
2025|I123S2C219J4V2,I123S2C219J4V2,INGENIERIA EN GESTION DE RECURSOS HUMANOS,Administración y Comercio,Administración de Empresas y Derecho,Educación Comercial y Administración,Profesional Sin Licenciatura,Carreras Profesionales,NO ACREDITADA
2025|I143S28C711J4V1,I143S28C711J4V1,INGENIERIA EN GESTION DE RECURSOS HUMANOS,Administración y Comercio,Administración de Empresas y Derecho,Educación Comercial y Administración,Profesional Sin Licenciatura,Carreras Profesionales,NO ACREDITADA
2026|I123S2C219J4V1,I123S2C219J4V1,INGENIERIA EN GESTION DE RECURSOS HUMANOS,Administración y Comercio,Administración de Empresas y Derecho,Educación Comercial y Administración,Profesional Sin Licenciatura,Carreras Profesionales,NO ACREDITADA
2026|I123S2C219J4V2,I123S2C219J4V2,INGENIERIA EN GESTION DE RECURSOS HUMANOS,Administración y Comercio,Administración de Empresas y Derecho,Educación Comercial y Administración,Profesional Sin Licenciatura,Carreras Profesionales,NO ACREDITADA
2026|I123S2C236J4V1,I123S2C236J4V1,INGENIERIA EN GESTION DE SEGURIDAD PRIVADA,Administración y Comercio,Servicios,Servicios de Seguridad,Profesional Sin Licenciatura,Carreras Profesionales,NO ACREDITADA
2025|I113S13C603J4V1,I113S13C603J4V1,INGENIERIA EN GESTION DE SEGURIDAD Y VIGILANCIA PRIVADA,Administración y Comercio,Servicios,Servicios de Seguridad,Profesional Sin Licenciatura,Carreras Profesionales,NO ACREDITADA
2026|I113S13C603J4V1,I113S13C603J4V1,INGENIERIA EN GESTION DE SEGURIDAD Y VIGILANCIA PRIVADA,Administración y Comercio,Servicios,Servicios de Seguridad,Profesional Sin Licenciatura,Carreras Profesionales,NO ACREDITADA
2026|I113S7C603J4V1,I113S7C603J4V1,INGENIERIA EN GESTION DE SEGURIDAD Y VIGILANCIA PRIVADA,Administración y Comercio,Servicios,Servicios de Seguridad,Profesional Sin Licenciatura,Carreras Profesionales,NO ACREDITADA
2025|I113S13C603J4V2,I113S13C603J4V2,INGENIERIA EN GESTION DE SEGURIDAD Y VIGILANCIA PRIVADA PLAN CONTINUIDAD,Administración y Comercio,Servicios,Servicios de Seguridad,Profesional Sin Licenciatura,Carreras Profesionales,NO ACREDITADA
2026|I113S13C603J4V2,I113S13C603J4V2,INGENIERIA EN GESTION DE SEGURIDAD Y VIGILANCIA PRIVADA PLAN CONTINUIDAD,Administración y Comercio,Servicios,Servicios de Seguridad,Profesional Sin Licenciatura,Carreras Profesionales,NO ACREDITADA
2026|I113S7C603J4V2,I113S7C603J4V2,INGENIERIA EN GESTION DE SEGURIDAD Y VIGILANCIA PRIVADA PLAN CONTINUIDAD,Administración y Comercio,Servicios,Servicios de Seguridad,Profesional Sin Licenciatura,Carreras Profesionales,NO ACREDITADA
2023|I123S1C199J4V1,I123S1C199J4V1,INGENIERIA EN GESTION E INNOVACION DIGITAL DE NEGOCIOS,Administración y Comercio,Administración de Empresas y Derecho,Educación Comercial y Administración,Profesional Sin Licenciatura,Carreras Profesionales,NO ACREDITADA
2023|I123S2C199J4V1,I123S2C199J4V1,INGENIERIA EN GESTION E INNOVACION DIGITAL DE NEGOCIOS,Administración y Comercio,Administración de Empresas y Derecho,Educación Comercial y Administración,Profesional Sin Licenciatura,Carreras Profesionales,NO ACREDITADA
2023|I123S2C199J4V3,I123S2C199J4V3,INGENIERIA EN GESTION E INNOVACION DIGITAL DE NEGOCIOS,Administración y Comercio,Administración de Empresas y Derecho,Educación Comercial y Administración,Profesional Sin Licenciatura,Carreras Profesionales,NO ACREDITADA
2023|I123S5C199J4V1,I123S5C199J4V1,INGENIERIA EN GESTION E INNOVACION DIGITAL DE NEGOCIOS,Administración y Comercio,Administración de Empresas y Derecho,Educación Comercial y Administración,Profesional Sin Licenciatura,Carreras Profesionales,NO ACREDITADA
2024|I123S1C199J4V1,I123S1C199J4V1,INGENIERIA EN GESTION E INNOVACION DIGITAL DE NEGOCIOS,Administración y Comercio,Administración de Empresas y Derecho,Educación Comercial y Administración,Profesional Sin Licenciatura,Carreras Profesionales,NO ACREDITADA
2024|I123S2C199J4V1,I123S2C199J4V1,INGENIERIA EN GESTION E INNOVACION DIGITAL DE NEGOCIOS,Administración y Comercio,Administración de Empresas y Derecho,Educación Comercial y Administración,Profesional Sin Licenciatura,Carreras Profesionales,NO ACREDITADA
2024|I123S2C199J4V3,I123S2C199J4V3,INGENIERIA EN GESTION E INNOVACION DIGITAL DE NEGOCIOS,Administración y Comercio,Administración de Empresas y Derecho,Educación Comercial y Administración,Profesional Sin Licenciatura,Carreras Profesionales,NO ACREDITADA
2024|I123S5C199J4V1,I123S5C199J4V1,INGENIERIA EN GESTION E INNOVACION DIGITAL DE NEGOCIOS,Administración y Comercio,Administración de Empresas y Derecho,Educación Comercial y Administración,Profesional Sin Licenciatura,Carreras Profesionales,NO ACREDITADA
2025|I123S2C199J4V1,I123S2C199J4V1,INGENIERIA EN GESTION E INNOVACION DIGITAL DE NEGOCIOS,Administración y Comercio,Administración de Empresas y Derecho,Educación Comercial y Administración,Profesional Sin Licenciatura,Carreras Profesionales,NO ACREDITADA
2026|I123S2C199J4V1,I123S2C199J4V1,INGENIERIA EN GESTION E INNOVACION DIGITAL DE NEGOCIOS,Administración y Comercio,Administración de Empresas y Derecho,Educación Comercial y Administración,Profesional Sin Licenciatura,Carreras Profesionales,NO ACREDITADA
2023|I143S28C712J4V1,I143S28C712J4V1,INGENIERIA EN GESTION FINANCIERA,Administración y Comercio,Administración de Empresas y Derecho,Educación Comercial y Administración,Profesional Sin Licenciatura,Carreras Profesionales,NO ACREDITADA
2024|I143S28C712J4V1,I143S28C712J4V1,INGENIERIA EN GESTION FINANCIERA,Administración y Comercio,Administración de Empresas y Derecho,Educación Comercial y Administración,Profesional Sin Licenciatura,Carreras Profesionales,NO ACREDITADA
2024|I69S1C626J4V1,I69S1C626J4V1,INGENIERIA EN GESTION FINANCIERA,Administración y Comercio,Administración de Empresas y Derecho,Educación Comercial y Administración,Profesional Con Licenciatura,Carreras Profesionales,NO ACREDITADA
2025|I143S28C712J4V1,I143S28C712J4V1,INGENIERIA EN GESTION FINANCIERA,Administración y Comercio,Administración de Empresas y Derecho,Educación Comercial y Administración,Profesional Sin Licenciatura,Carreras Profesionales,NO ACREDITADA
2025|I69S1C626J4V1,I69S1C626J4V1,INGENIERIA EN GESTION FINANCIERA,Administración y Comercio,Administración de Empresas y Derecho,Educación Comercial y Administración,Profesional Con Licenciatura,Carreras Profesionales,NO ACREDITADA
2026|I143S28C712J4V1,I143S28C712J4V1,INGENIERIA EN GESTION FINANCIERA,Administración y Comercio,Administración de Empresas y Derecho,Educación Comercial y Administración,Profesional Sin Licenciatura,Carreras Profesionales,NO ACREDITADA
2026|I69S1C626J4V1,I69S1C626J4V1,INGENIERIA EN GESTION FINANCIERA,Administración y Comercio,Administración de Empresas y Derecho,Educación Comercial y Administración,Profesional Con Licenciatura,Carreras Profesionales,NO ACREDITADA
2023|I111S15C145J2V1,I111S15C145J2V1,INGENIERIA EN GESTION LOGISTICA,Administración y Comercio,Administración de Empresas y Derecho,Educación Comercial y Administración,Profesional Sin Licenciatura,Carreras Profesionales,NO ACREDITADA
2023|I113S7C548J4V2,I113S7C548J4V2,INGENIERIA EN GESTION LOGISTICA,Administración y Comercio,Administración de Empresas y Derecho,Educación Comercial y Administración,Profesional Sin Licenciatura,Carreras Profesionales,NO ACREDITADA
2023|I123S2C220J4V1,I123S2C220J4V1,INGENIERIA EN GESTION LOGISTICA,Administración y Comercio,Administración de Empresas y Derecho,Educación Comercial y Administración,Profesional Sin Licenciatura,Carreras Profesionales,NO ACREDITADA
2023|I123S2C220J4V2,I123S2C220J4V2,INGENIERIA EN GESTION LOGISTICA,Administración y Comercio,Administración de Empresas y Derecho,Educación Comercial y Administración,Profesional Sin Licenciatura,Carreras Profesionales,NO ACREDITADA
2024|I111S15C145J2V1,I111S15C145J2V1,INGENIERIA EN GESTION LOGISTICA,Administración y Comercio,Administración de Empresas y Derecho,Educación Comercial y Administración,Profesional Sin Licenciatura,Carreras Profesionales,NO ACREDITADA
2024|I113S7C548J4V2,I113S7C548J4V2,INGENIERIA EN GESTION LOGISTICA,Administración y Comercio,Administración de Empresas y Derecho,Educación Comercial y Administración,Profesional Sin Licenciatura,Carreras Profesionales,NO ACREDITADA
2024|I123S2C220J4V1,I123S2C220J4V1,INGENIERIA EN GESTION LOGISTICA,Administración y Comercio,Administración de Empresas y Derecho,Educación Comercial y Administración,Profesional Sin Licenciatura,Carreras Profesionales,NO ACREDITADA
2024|I123S2C220J4V2,I123S2C220J4V2,INGENIERIA EN GESTION LOGISTICA,Administración y Comercio,Administración de Empresas y Derecho,Educación Comercial y Administración,Profesional Sin Licenciatura,Carreras Profesionales,NO ACREDITADA
2024|I39S6C583J4V1,I39S6C583J4V1,INGENIERIA EN GESTION LOGISTICA,Administración y Comercio,Administración de Empresas y Derecho,Educación Comercial y Administración,Profesional Con Licenciatura,Carreras Profesionales,NO ACREDITADA
2025|I111S15C145J2V1,I111S15C145J2V1,INGENIERIA EN GESTION LOGISTICA,Administración y Comercio,Administración de Empresas y Derecho,Educación Comercial y Administración,Profesional Sin Licenciatura,Carreras Profesionales,NO ACREDITADA
2025|I113S13C548J4V2,I113S13C548J4V2,INGENIERIA EN GESTION LOGISTICA,Administración y Comercio,Administración de Empresas y Derecho,Educación Comercial y Administración,Profesional Sin Licenciatura,Carreras Profesionales,NO ACREDITADA
2025|I113S7C548J4V2,I113S7C548J4V2,INGENIERIA EN GESTION LOGISTICA,Administración y Comercio,Administración de Empresas y Derecho,Educación Comercial y Administración,Profesional Sin Licenciatura,Carreras Profesionales,NO ACREDITADA
2025|I123S2C220J4V1,I123S2C220J4V1,INGENIERIA EN GESTION LOGISTICA,Administración y Comercio,Administración de Empresas y Derecho,Educación Comercial y Administración,Profesional Sin Licenciatura,Carreras Profesionales,NO ACREDITADA
2025|I123S2C220J4V2,I123S2C220J4V2,INGENIERIA EN GESTION LOGISTICA,Administración y Comercio,Administración de Empresas y Derecho,Educación Comercial y Administración,Profesional Sin Licenciatura,Carreras Profesionales,NO ACREDITADA
2025|I39S6C583J4V1,I39S6C583J4V1,INGENIERIA EN GESTION LOGISTICA,Administración y Comercio,Administración de Empresas y Derecho,Educación Comercial y Administración,Profesional Con Licenciatura,Carreras Profesionales,NO ACREDITADA
2025|I69S1C645J4V1,I69S1C645J4V1,INGENIERIA EN GESTION LOGISTICA,Administración y Comercio,Administración de Empresas y Derecho,Educación Comercial y Administración,Profesional Con Licenciatura,Carreras Profesionales,NO ACREDITADA
2026|I113S13C548J4V2,I113S13C548J4V2,INGENIERIA EN GESTION LOGISTICA,Administración y Comercio,Administración de Empresas y Derecho,Educación Comercial y Administración,Profesional Sin Licenciatura,Carreras Profesionales,NO ACREDITADA
2026|I113S7C548J4V2,I113S7C548J4V2,INGENIERIA EN GESTION LOGISTICA,Administración y Comercio,Administración de Empresas y Derecho,Educación Comercial y Administración,Profesional Sin Licenciatura,Carreras Profesionales,NO ACREDITADA
2026|I123S2C220J4V1,I123S2C220J4V1,INGENIERIA EN GESTION LOGISTICA,Administración y Comercio,Administración de Empresas y Derecho,Educación Comercial y Administración,Profesional Sin Licenciatura,Carreras Profesionales,NO ACREDITADA
2026|I123S2C220J4V2,I123S2C220J4V2,INGENIERIA EN GESTION LOGISTICA,Administración y Comercio,Administración de Empresas y Derecho,Educación Comercial y Administración,Profesional Sin Licenciatura,Carreras Profesionales,NO ACREDITADA
2026|I39S6C583J4V1,I39S6C583J4V1,INGENIERIA EN GESTION LOGISTICA,Administración y Comercio,Administración de Empresas y Derecho,Educación Comercial y Administración,Profesional Con Licenciatura,Carreras Profesionales,NO ACREDITADA
2026|I69S1C645J4V1,I69S1C645J4V1,INGENIERIA EN GESTION LOGISTICA,Administración y Comercio,Administración de Empresas y Derecho,Educación Comercial y Administración,Profesional Con Licenciatura,Carreras Profesionales,NO ACREDITADA
2023|I111S10C441J2V1,I111S10C441J2V1,INGENIERIA EN GESTION LOGISTICA PEV,Administración y Comercio,Administración de Empresas y Derecho,Educación Comercial y Administración,Profesional Sin Licenciatura,Carreras Profesionales,NO ACREDITADA
2023|I111S21C441J2V1,I111S21C441J2V1,INGENIERIA EN GESTION LOGISTICA PEV,Administración y Comercio,Administración de Empresas y Derecho,Educación Comercial y Administración,Profesional Sin Licenciatura,Carreras Profesionales,NO ACREDITADA
2023|I111S9C441J2V1,I111S9C441J2V1,INGENIERIA EN GESTION LOGISTICA PEV,Administración y Comercio,Administración de Empresas y Derecho,Educación Comercial y Administración,Profesional Sin Licenciatura,Carreras Profesionales,NO ACREDITADA
2024|I111S10C441J2V1,I111S10C441J2V1,INGENIERIA EN GESTION LOGISTICA PEV,Administración y Comercio,Administración de Empresas y Derecho,Educación Comercial y Administración,Profesional Sin Licenciatura,Carreras Profesionales,NO ACREDITADA
2024|I111S21C441J2V1,I111S21C441J2V1,INGENIERIA EN GESTION LOGISTICA PEV,Administración y Comercio,Administración de Empresas y Derecho,Educación Comercial y Administración,Profesional Sin Licenciatura,Carreras Profesionales,NO ACREDITADA
2024|I111S9C441J2V1,I111S9C441J2V1,INGENIERIA EN GESTION LOGISTICA PEV,Administración y Comercio,Administración de Empresas y Derecho,Educación Comercial y Administración,Profesional Sin Licenciatura,Carreras Profesionales,NO ACREDITADA
2025|I111S21C441J2V1,I111S21C441J2V1,INGENIERIA EN GESTION LOGISTICA PEV,Administración y Comercio,Administración de Empresas y Derecho,Educación Comercial y Administración,Profesional Sin Licenciatura,Carreras Profesionales,NO ACREDITADA
2025|I111S9C441J2V1,I111S9C441J2V1,INGENIERIA EN GESTION LOGISTICA PEV,Administración y Comercio,Administración de Empresas y Derecho,Educación Comercial y Administración,Profesional Sin Licenciatura,Carreras Profesionales,NO ACREDITADA
2026|I111S9C441J2V1,I111S9C441J2V1,INGENIERIA EN GESTION LOGISTICA PEV,Administración y Comercio,Administración de Empresas y Derecho,Educación Comercial y Administración,Profesional Sin Licenciatura,Carreras Profesionales,NO ACREDITADA
2023|I113S7C548J4V1,I113S7C548J4V1,INGENIERIA EN GESTION LOGISTICA PLAN CONTINUIDAD,Administración y Comercio,Administración de Empresas y Derecho,Educación Comercial y Administración,Profesional Sin Licenciatura,Carreras Profesionales,NO ACREDITADA
2024|I113S7C548J4V1,I113S7C548J4V1,INGENIERIA EN GESTION LOGISTICA PLAN CONTINUIDAD,Administración y Comercio,Administración de Empresas y Derecho,Educación Comercial y Administración,Profesional Sin Licenciatura,Carreras Profesionales,NO ACREDITADA
2025|I113S13C548J4V1,I113S13C548J4V1,INGENIERIA EN GESTION LOGISTICA PLAN CONTINUIDAD,Administración y Comercio,Administración de Empresas y Derecho,Educación Comercial y Administración,Profesional Sin Licenciatura,Carreras Profesionales,NO ACREDITADA
2025|I113S7C548J4V1,I113S7C548J4V1,INGENIERIA EN GESTION LOGISTICA PLAN CONTINUIDAD,Administración y Comercio,Administración de Empresas y Derecho,Educación Comercial y Administración,Profesional Sin Licenciatura,Carreras Profesionales,NO ACREDITADA
2026|I113S7C548J4V1,I113S7C548J4V1,INGENIERIA EN GESTION LOGISTICA PLAN CONTINUIDAD,Administración y Comercio,Administración de Empresas y Derecho,Educación Comercial y Administración,Profesional Sin Licenciatura,Carreras Profesionales,NO ACREDITADA
2023|I123S2C38J4V3,I123S2C38J4V3,INGENIERIA EN GESTION TURISTICA,Administración y Comercio,Servicios,Servicios personales,Profesional Sin Licenciatura,Carreras Profesionales,NO ACREDITADA
2024|I123S2C38J4V3,I123S2C38J4V3,INGENIERIA EN GESTION TURISTICA,Administración y Comercio,Servicios,Servicios personales,Profesional Sin Licenciatura,Carreras Profesionales,NO ACREDITADA
2025|I69S1C647J4V1,I69S1C647J4V1,INGENIERIA EN GESTION Y ANALITICA DE DATOS,Administración y Comercio,Administración de Empresas y Derecho,Educación Comercial y Administración,Profesional Con Licenciatura,Carreras Profesionales,NO ACREDITADA
2026|I69S1C647J4V1,I69S1C647J4V1,INGENIERIA EN GESTION Y ANALITICA DE DATOS,Administración y Comercio,Administración de Empresas y Derecho,Educación Comercial y Administración,Profesional Con Licenciatura,Carreras Profesionales,NO ACREDITADA
2023|I20S1C495J4V1,I20S1C495J4V1,INGENIERIA EN INFORMACION Y CONTROL DE GESTION,Administración y Comercio,Administración de Empresas y Derecho,Educación Comercial y Administración,Profesional Con Licenciatura,Carreras Profesionales,NO ACREDITADA
2024|I20S1C495J4V1,I20S1C495J4V1,INGENIERIA EN INFORMACION Y CONTROL DE GESTION,Administración y Comercio,Administración de Empresas y Derecho,Educación Comercial y Administración,Profesional Con Licenciatura,Carreras Profesionales,NO ACREDITADA
2025|I20S1C495J4V1,I20S1C495J4V1,INGENIERIA EN INFORMACION Y CONTROL DE GESTION,Administración y Comercio,Administración de Empresas y Derecho,Educación Comercial y Administración,Profesional Con Licenciatura,Carreras Profesionales,NO ACREDITADA
2026|I19S1C493J4V2,I19S1C493J4V2,INGENIERIA EN INFORMACION Y CONTROL DE GESTION,Administración y Comercio,Administración de Empresas y Derecho,Educación Comercial y Administración,Profesional Con Licenciatura,Carreras Profesionales,NO ACREDITADA
2026|I19S1C493J4V3,I19S1C493J4V3,INGENIERIA EN INFORMACION Y CONTROL DE GESTION,Administración y Comercio,Administración de Empresas y Derecho,Educación Comercial y Administración,Profesional Con Licenciatura,Carreras Profesionales,NO ACREDITADA
2026|I20S1C495J3V1,I20S1C495J3V1,INGENIERIA EN INFORMACION Y CONTROL DE GESTION,Administración y Comercio,Administración de Empresas y Derecho,Educación Comercial y Administración,Profesional Con Licenciatura,Carreras Profesionales,NO ACREDITADA
2026|I20S1C495J4V1,I20S1C495J4V1,INGENIERIA EN INFORMACION Y CONTROL DE GESTION,Administración y Comercio,Administración de Empresas y Derecho,Educación Comercial y Administración,Profesional Con Licenciatura,Carreras Profesionales,NO ACREDITADA
2026|I93S1C305J4V3,I93S1C305J4V3,INGENIERIA EN INFORMACION Y CONTROL DE GESTION,Administración y Comercio,Administración de Empresas y Derecho,Educación Comercial y Administración,Profesional Con Licenciatura,Carreras Profesionales,NO ACREDITADA
2025|I10S7C939J4V1,I10S7C939J4V1,INGENIERIA EN INTELIGENCIA DE NEGOCIOS,Administración y Comercio,Administración de Empresas y Derecho,Educación Comercial y Administración,Profesional Con Licenciatura,Carreras Profesionales,NO ACREDITADA
2026|I10S7C939J4V1,I10S7C939J4V1,INGENIERIA EN INTELIGENCIA DE NEGOCIOS,Administración y Comercio,Administración de Empresas y Derecho,Educación Comercial y Administración,Profesional Con Licenciatura,Carreras Profesionales,NO ACREDITADA
2023|I10S11C287J4V1,I10S11C287J4V1,INGENIERIA EN LOGISTICA,Administración y Comercio,Administración de Empresas y Derecho,Educación Comercial y Administración,Profesional Con Licenciatura,Carreras Profesionales,NO ACREDITADA
2023|I10S7C287J4V1,I10S7C287J4V1,INGENIERIA EN LOGISTICA,Administración y Comercio,Administración de Empresas y Derecho,Educación Comercial y Administración,Profesional Con Licenciatura,Carreras Profesionales,NO ACREDITADA
2023|I117S1C108J4V1,I117S1C108J4V1,INGENIERIA EN LOGISTICA,Administración y Comercio,Administración de Empresas y Derecho,Educación Comercial y Administración,Profesional Sin Licenciatura,Carreras Profesionales,NO ACREDITADA
2023|I117S1C108J4V2,I117S1C108J4V2,INGENIERIA EN LOGISTICA,Administración y Comercio,Administración de Empresas y Derecho,Educación Comercial y Administración,Profesional Sin Licenciatura,Carreras Profesionales,NO ACREDITADA
2023|I152S10C318J4V1,I152S10C318J4V1,INGENIERIA EN LOGISTICA,Administración y Comercio,Administración de Empresas y Derecho,Educación Comercial y Administración,Profesional Sin Licenciatura,Carreras Profesionales,NO ACREDITADA
2023|I152S10C318J4V2,I152S10C318J4V2,INGENIERIA EN LOGISTICA,Administración y Comercio,Administración de Empresas y Derecho,Educación Comercial y Administración,Profesional Sin Licenciatura,Carreras Profesionales,NO ACREDITADA
2023|I171S1C28J4V1,I171S1C28J4V1,INGENIERIA EN LOGISTICA,Administración y Comercio,Administración de Empresas y Derecho,Educación Comercial y Administración,Profesional Sin Licenciatura,Carreras Profesionales,NO ACREDITADA
2024|I10S11C287J3V1,I10S11C287J3V1,INGENIERIA EN LOGISTICA,Administración y Comercio,Administración de Empresas y Derecho,Educación Comercial y Administración,Profesional Con Licenciatura,Carreras Profesionales,NO ACREDITADA
2024|I10S11C287J4V1,I10S11C287J4V1,INGENIERIA EN LOGISTICA,Administración y Comercio,Administración de Empresas y Derecho,Educación Comercial y Administración,Profesional Con Licenciatura,Carreras Profesionales,NO ACREDITADA
2024|I10S7C287J4V1,I10S7C287J4V1,INGENIERIA EN LOGISTICA,Administración y Comercio,Administración de Empresas y Derecho,Educación Comercial y Administración,Profesional Con Licenciatura,Carreras Profesionales,NO ACREDITADA
2024|I116S40C201J4V2,I116S40C201J4V2,INGENIERIA EN LOGISTICA,Administración y Comercio,Administración de Empresas y Derecho,Educación Comercial y Administración,Profesional Sin Licenciatura,Carreras Profesionales,NO ACREDITADA
2024|I117S1C108J4V1,I117S1C108J4V1,INGENIERIA EN LOGISTICA,Administración y Comercio,Administración de Empresas y Derecho,Educación Comercial y Administración,Profesional Sin Licenciatura,Carreras Profesionales,NO ACREDITADA
2024|I152S10C318J4V1,I152S10C318J4V1,INGENIERIA EN LOGISTICA,Administración y Comercio,Administración de Empresas y Derecho,Educación Comercial y Administración,Profesional Sin Licenciatura,Carreras Profesionales,NO ACREDITADA
2024|I162S2C77J4V1,I162S2C77J4V1,INGENIERIA EN LOGISTICA,Administración y Comercio,Administración de Empresas y Derecho,Educación Comercial y Administración,Profesional Sin Licenciatura,Carreras Profesionales,NO ACREDITADA
2024|I171S1C28J4V1,I171S1C28J4V1,INGENIERIA EN LOGISTICA,Administración y Comercio,Administración de Empresas y Derecho,Educación Comercial y Administración,Profesional Sin Licenciatura,Carreras Profesionales,NO ACREDITADA
2024|I22S1C383J4V1,I22S1C383J4V1,INGENIERIA EN LOGISTICA,Administración y Comercio,Administración de Empresas y Derecho,Educación Comercial y Administración,Profesional Con Licenciatura,Carreras Profesionales,NO ACREDITADA
2025|I10S7C287J4V1,I10S7C287J4V1,INGENIERIA EN LOGISTICA,Administración y Comercio,Administración de Empresas y Derecho,Educación Comercial y Administración,Profesional Con Licenciatura,Carreras Profesionales,NO ACREDITADA
2025|I116S40C201J4V1,I116S40C201J4V1,INGENIERIA EN LOGISTICA,Administración y Comercio,Administración de Empresas y Derecho,Educación Comercial y Administración,Profesional Sin Licenciatura,Carreras Profesionales,NO ACREDITADA
2025|I116S40C201J4V2,I116S40C201J4V2,INGENIERIA EN LOGISTICA,Administración y Comercio,Administración de Empresas y Derecho,Educación Comercial y Administración,Profesional Sin Licenciatura,Carreras Profesionales,NO ACREDITADA
2025|I117S1C108J4V1,I117S1C108J4V1,INGENIERIA EN LOGISTICA,Administración y Comercio,Administración de Empresas y Derecho,Educación Comercial y Administración,Profesional Sin Licenciatura,Carreras Profesionales,NO ACREDITADA
2025|I152S10C318J4V2,I152S10C318J4V2,INGENIERIA EN LOGISTICA,Administración y Comercio,Administración de Empresas y Derecho,Educación Comercial y Administración,Profesional Sin Licenciatura,Carreras Profesionales,NO ACREDITADA
2025|I162S2C77J4V1,I162S2C77J4V1,INGENIERIA EN LOGISTICA,Administración y Comercio,Administración de Empresas y Derecho,Educación Comercial y Administración,Profesional Sin Licenciatura,Carreras Profesionales,NO ACREDITADA
2025|I162S2C77J4V2,I162S2C77J4V2,INGENIERIA EN LOGISTICA,Administración y Comercio,Administración de Empresas y Derecho,Educación Comercial y Administración,Profesional Sin Licenciatura,Carreras Profesionales,NO ACREDITADA
2025|I171S1C28J4V1,I171S1C28J4V1,INGENIERIA EN LOGISTICA,Administración y Comercio,Administración de Empresas y Derecho,Educación Comercial y Administración,Profesional Sin Licenciatura,Carreras Profesionales,NO ACREDITADA
2025|I22S1C383J4V1,I22S1C383J4V1,INGENIERIA EN LOGISTICA,Administración y Comercio,Administración de Empresas y Derecho,Educación Comercial y Administración,Profesional Con Licenciatura,Carreras Profesionales,NO ACREDITADA
2026|I10S7C287J4V1,I10S7C287J4V1,INGENIERIA EN LOGISTICA,Administración y Comercio,Administración de Empresas y Derecho,Educación Comercial y Administración,Profesional Con Licenciatura,Carreras Profesionales,NO ACREDITADA
2026|I116S40C201J4V1,I116S40C201J4V1,INGENIERIA EN LOGISTICA,Administración y Comercio,Administración de Empresas y Derecho,Educación Comercial y Administración,Profesional Sin Licenciatura,Carreras Profesionales,NO ACREDITADA
2026|I116S40C201J4V2,I116S40C201J4V2,INGENIERIA EN LOGISTICA,Administración y Comercio,Administración de Empresas y Derecho,Educación Comercial y Administración,Profesional Sin Licenciatura,Carreras Profesionales,NO ACREDITADA
2026|I117S1C108J4V1,I117S1C108J4V1,INGENIERIA EN LOGISTICA,Administración y Comercio,Administración de Empresas y Derecho,Educación Comercial y Administración,Profesional Sin Licenciatura,Carreras Profesionales,NO ACREDITADA
2026|I152S10C318J4V1,I152S10C318J4V1,INGENIERIA EN LOGISTICA,Administración y Comercio,Administración de Empresas y Derecho,Educación Comercial y Administración,Profesional Sin Licenciatura,Carreras Profesionales,NO ACREDITADA
2026|I162S2C77J4V1,I162S2C77J4V1,INGENIERIA EN LOGISTICA,Administración y Comercio,Administración de Empresas y Derecho,Educación Comercial y Administración,Profesional Sin Licenciatura,Carreras Profesionales,NO ACREDITADA
2026|I162S2C77J4V2,I162S2C77J4V2,INGENIERIA EN LOGISTICA,Administración y Comercio,Administración de Empresas y Derecho,Educación Comercial y Administración,Profesional Sin Licenciatura,Carreras Profesionales,NO ACREDITADA
2026|I171S1C28J4V1,I171S1C28J4V1,INGENIERIA EN LOGISTICA,Administración y Comercio,Administración de Empresas y Derecho,Educación Comercial y Administración,Profesional Sin Licenciatura,Carreras Profesionales,NO ACREDITADA
2026|I22S1C383J4V1,I22S1C383J4V1,INGENIERIA EN LOGISTICA,Administración y Comercio,Administración de Empresas y Derecho,Educación Comercial y Administración,Profesional Con Licenciatura,Carreras Profesionales,NO ACREDITADA
2023|I171S1C28J4V2,I171S1C28J4V2,INGENIERIA EN LOGISTICA (PLAN ESPECIAL),Administración y Comercio,Administración de Empresas y Derecho,Educación Comercial y Administración,Profesional Sin Licenciatura,Carreras Profesionales,NO ACREDITADA
2024|I171S1C28J4V2,I171S1C28J4V2,INGENIERIA EN LOGISTICA (PLAN ESPECIAL),Administración y Comercio,Administración de Empresas y Derecho,Educación Comercial y Administración,Profesional Sin Licenciatura,Carreras Profesionales,NO ACREDITADA
2025|I171S1C28J4V2,I171S1C28J4V2,INGENIERIA EN LOGISTICA (PLAN ESPECIAL),Administración y Comercio,Administración de Empresas y Derecho,Educación Comercial y Administración,Profesional Sin Licenciatura,Carreras Profesionales,NO ACREDITADA
2026|I171S1C28J4V2,I171S1C28J4V2,INGENIERIA EN LOGISTICA (PLAN ESPECIAL),Administración y Comercio,Administración de Empresas y Derecho,Educación Comercial y Administración,Profesional Sin Licenciatura,Carreras Profesionales,NO ACREDITADA
2026|I754S1C8J4V2,I754S1C8J4V2,INGENIERIA EN LOGISTICA MARITIMA PORTUARIA,Administración y Comercio,Administración de Empresas y Derecho,Educación Comercial y Administración,Profesional Sin Licenciatura,Carreras Profesionales,NO ACREDITADA
2023|I120S1C250J4V1,I120S1C250J4V1,INGENIERIA EN LOGISTICA OPERATIVA,Administración y Comercio,Administración de Empresas y Derecho,Educación Comercial y Administración,Profesional Sin Licenciatura,Carreras Profesionales,NO ACREDITADA
2023|I120S2C250J4V1,I120S2C250J4V1,INGENIERIA EN LOGISTICA OPERATIVA,Administración y Comercio,Administración de Empresas y Derecho,Educación Comercial y Administración,Profesional Sin Licenciatura,Carreras Profesionales,NO ACREDITADA
2023|I120S3C250J4V1,I120S3C250J4V1,INGENIERIA EN LOGISTICA OPERATIVA,Administración y Comercio,Administración de Empresas y Derecho,Educación Comercial y Administración,Profesional Sin Licenciatura,Carreras Profesionales,NO ACREDITADA
2023|I120S4C250J4V1,I120S4C250J4V1,INGENIERIA EN LOGISTICA OPERATIVA,Administración y Comercio,Administración de Empresas y Derecho,Educación Comercial y Administración,Profesional Sin Licenciatura,Carreras Profesionales,NO ACREDITADA
2024|I120S1C250J4V1,I120S1C250J4V1,INGENIERIA EN LOGISTICA OPERATIVA,Administración y Comercio,Administración de Empresas y Derecho,Educación Comercial y Administración,Profesional Sin Licenciatura,Carreras Profesionales,NO ACREDITADA
2024|I120S2C250J4V1,I120S2C250J4V1,INGENIERIA EN LOGISTICA OPERATIVA,Administración y Comercio,Administración de Empresas y Derecho,Educación Comercial y Administración,Profesional Sin Licenciatura,Carreras Profesionales,NO ACREDITADA
2024|I120S3C250J4V1,I120S3C250J4V1,INGENIERIA EN LOGISTICA OPERATIVA,Administración y Comercio,Administración de Empresas y Derecho,Educación Comercial y Administración,Profesional Sin Licenciatura,Carreras Profesionales,NO ACREDITADA
2024|I120S4C250J4V1,I120S4C250J4V1,INGENIERIA EN LOGISTICA OPERATIVA,Administración y Comercio,Administración de Empresas y Derecho,Educación Comercial y Administración,Profesional Sin Licenciatura,Carreras Profesionales,NO ACREDITADA
2026|I120S1C250J4V1,I120S1C250J4V1,INGENIERIA EN LOGISTICA OPERATIVA,Administración y Comercio,Administración de Empresas y Derecho,Educación Comercial y Administración,Profesional Sin Licenciatura,Carreras Profesionales,NO ACREDITADA
2026|I120S2C250J4V1,I120S2C250J4V1,INGENIERIA EN LOGISTICA OPERATIVA,Administración y Comercio,Administración de Empresas y Derecho,Educación Comercial y Administración,Profesional Sin Licenciatura,Carreras Profesionales,NO ACREDITADA
2026|I120S3C250J4V1,I120S3C250J4V1,INGENIERIA EN LOGISTICA OPERATIVA,Administración y Comercio,Administración de Empresas y Derecho,Educación Comercial y Administración,Profesional Sin Licenciatura,Carreras Profesionales,NO ACREDITADA
2026|I120S4C250J4V1,I120S4C250J4V1,INGENIERIA EN LOGISTICA OPERATIVA,Administración y Comercio,Administración de Empresas y Derecho,Educación Comercial y Administración,Profesional Sin Licenciatura,Carreras Profesionales,NO ACREDITADA
2023|I116S10C201J2V1,I116S10C201J2V1,"INGENIERIA EN LOGISTICA, PROGRAMA EJECUTIVO SEMIPRESENCIAL",Administración y Comercio,Administración de Empresas y Derecho,Educación Comercial y Administración,Profesional Sin Licenciatura,Carreras Profesionales,NO ACREDITADA
2023|I116S31C201J2V1,I116S31C201J2V1,"INGENIERIA EN LOGISTICA, PROGRAMA EJECUTIVO SEMIPRESENCIAL",Administración y Comercio,Administración de Empresas y Derecho,Educación Comercial y Administración,Profesional Sin Licenciatura,Carreras Profesionales,NO ACREDITADA
2024|I116S10C201J2V1,I116S10C201J2V1,"INGENIERIA EN LOGISTICA, PROGRAMA EJECUTIVO SEMIPRESENCIAL",Administración y Comercio,Administración de Empresas y Derecho,Educación Comercial y Administración,Profesional Sin Licenciatura,Carreras Profesionales,NO ACREDITADA
2024|I116S31C201J2V1,I116S31C201J2V1,"INGENIERIA EN LOGISTICA, PROGRAMA EJECUTIVO SEMIPRESENCIAL",Administración y Comercio,Administración de Empresas y Derecho,Educación Comercial y Administración,Profesional Sin Licenciatura,Carreras Profesionales,NO ACREDITADA
2025|I116S10C201J2V1,I116S10C201J2V1,"INGENIERIA EN LOGISTICA, PROGRAMA EJECUTIVO SEMIPRESENCIAL",Administración y Comercio,Administración de Empresas y Derecho,Educación Comercial y Administración,Profesional Sin Licenciatura,Carreras Profesionales,NO ACREDITADA
2025|I116S31C201J2V1,I116S31C201J2V1,"INGENIERIA EN LOGISTICA, PROGRAMA EJECUTIVO SEMIPRESENCIAL",Administración y Comercio,Administración de Empresas y Derecho,Educación Comercial y Administración,Profesional Sin Licenciatura,Carreras Profesionales,NO ACREDITADA
2026|I116S10C201J2V1,I116S10C201J2V1,"INGENIERIA EN LOGISTICA, PROGRAMA EJECUTIVO SEMIPRESENCIAL",Administración y Comercio,Administración de Empresas y Derecho,Educación Comercial y Administración,Profesional Sin Licenciatura,Carreras Profesionales,NO ACREDITADA
2026|I116S31C201J2V1,I116S31C201J2V1,"INGENIERIA EN LOGISTICA, PROGRAMA EJECUTIVO SEMIPRESENCIAL",Administración y Comercio,Administración de Empresas y Derecho,Educación Comercial y Administración,Profesional Sin Licenciatura,Carreras Profesionales,NO ACREDITADA
2023|I111S6C52J1V2,I111S6C52J1V2,INGENIERIA EN MARKETING,Administración y Comercio,Administración de Empresas y Derecho,Educación Comercial y Administración,Profesional Sin Licenciatura,Carreras Profesionales,NO ACREDITADA
2024|I111S6C52J1V2,I111S6C52J1V2,INGENIERIA EN MARKETING,Administración y Comercio,Administración de Empresas y Derecho,Educación Comercial y Administración,Profesional Sin Licenciatura,Carreras Profesionales,NO ACREDITADA
2025|I152S10C493J4V1,I152S10C493J4V1,INGENIERIA EN MARKETING,Administración y Comercio,Administración de Empresas y Derecho,Educación Comercial y Administración,Profesional Sin Licenciatura,Carreras Profesionales,NO ACREDITADA
2026|I152S10C493J4V1,I152S10C493J4V1,INGENIERIA EN MARKETING,Administración y Comercio,Administración de Empresas y Derecho,Educación Comercial y Administración,Profesional Sin Licenciatura,Carreras Profesionales,NO ACREDITADA
2023|I111S27C513J4V2,I111S27C513J4V2,INGENIERIA EN MARKETING DIGITAL,Administración y Comercio,Administración de Empresas y Derecho,Educación Comercial y Administración,Profesional Sin Licenciatura,Carreras Profesionales,NO ACREDITADA
2023|I171S1C76J4V1,I171S1C76J4V1,INGENIERIA EN MARKETING DIGITAL,Administración y Comercio,Administración de Empresas y Derecho,Educación Comercial y Administración,Profesional Sin Licenciatura,Carreras Profesionales,NO ACREDITADA
2024|I111S27C513J4V2,I111S27C513J4V2,INGENIERIA EN MARKETING DIGITAL,Administración y Comercio,Administración de Empresas y Derecho,Educación Comercial y Administración,Profesional Sin Licenciatura,Carreras Profesionales,NO ACREDITADA
2024|I123S2C230J4V1,I123S2C230J4V1,INGENIERIA EN MARKETING DIGITAL,Administración y Comercio,Administración de Empresas y Derecho,Educación Comercial y Administración,Profesional Sin Licenciatura,Carreras Profesionales,NO ACREDITADA
2024|I171S1C76J4V1,I171S1C76J4V1,INGENIERIA EN MARKETING DIGITAL,Administración y Comercio,Administración de Empresas y Derecho,Educación Comercial y Administración,Profesional Sin Licenciatura,Carreras Profesionales,NO ACREDITADA
2025|I111S27C513J4V2,I111S27C513J4V2,INGENIERIA EN MARKETING DIGITAL,Administración y Comercio,Administración de Empresas y Derecho,Educación Comercial y Administración,Profesional Sin Licenciatura,Carreras Profesionales,NO ACREDITADA
2025|I113S13C604J4V1,I113S13C604J4V1,INGENIERIA EN MARKETING DIGITAL,Administración y Comercio,Administración de Empresas y Derecho,Educación Comercial y Administración,Profesional Sin Licenciatura,Carreras Profesionales,NO ACREDITADA
2025|I116S40C292J4V1,I116S40C292J4V1,INGENIERIA EN MARKETING DIGITAL,Administración y Comercio,Administración de Empresas y Derecho,Educación Comercial y Administración,Profesional Sin Licenciatura,Carreras Profesionales,NO ACREDITADA
2025|I123S2C230J4V1,I123S2C230J4V1,INGENIERIA EN MARKETING DIGITAL,Administración y Comercio,Administración de Empresas y Derecho,Educación Comercial y Administración,Profesional Sin Licenciatura,Carreras Profesionales,NO ACREDITADA
2025|I171S1C76J4V1,I171S1C76J4V1,INGENIERIA EN MARKETING DIGITAL,Administración y Comercio,Administración de Empresas y Derecho,Educación Comercial y Administración,Profesional Sin Licenciatura,Carreras Profesionales,NO ACREDITADA
2026|I111S27C513J4V2,I111S27C513J4V2,INGENIERIA EN MARKETING DIGITAL,Administración y Comercio,Administración de Empresas y Derecho,Educación Comercial y Administración,Profesional Sin Licenciatura,Carreras Profesionales,NO ACREDITADA
2026|I113S7C604J4V1,I113S7C604J4V1,INGENIERIA EN MARKETING DIGITAL,Administración y Comercio,Administración de Empresas y Derecho,Educación Comercial y Administración,Profesional Sin Licenciatura,Carreras Profesionales,NO ACREDITADA
2026|I116S40C292J4V1,I116S40C292J4V1,INGENIERIA EN MARKETING DIGITAL,Administración y Comercio,Administración de Empresas y Derecho,Educación Comercial y Administración,Profesional Sin Licenciatura,Carreras Profesionales,NO ACREDITADA
2026|I123S2C230J4V1,I123S2C230J4V1,INGENIERIA EN MARKETING DIGITAL,Administración y Comercio,Administración de Empresas y Derecho,Educación Comercial y Administración,Profesional Sin Licenciatura,Carreras Profesionales,NO ACREDITADA
2026|I123S2C230J4V2,I123S2C230J4V2,INGENIERIA EN MARKETING DIGITAL,Administración y Comercio,Administración de Empresas y Derecho,Educación Comercial y Administración,Profesional Sin Licenciatura,Carreras Profesionales,NO ACREDITADA
2026|I162S2C112J4V1,I162S2C112J4V1,INGENIERIA EN MARKETING DIGITAL,Administración y Comercio,Administración de Empresas y Derecho,Educación Comercial y Administración,Profesional Sin Licenciatura,Carreras Profesionales,NO ACREDITADA
2026|I171S1C76J4V1,I171S1C76J4V1,INGENIERIA EN MARKETING DIGITAL,Administración y Comercio,Administración de Empresas y Derecho,Educación Comercial y Administración,Profesional Sin Licenciatura,Carreras Profesionales,NO ACREDITADA
2023|I171S1C76J4V2,I171S1C76J4V2,INGENIERIA EN MARKETING DIGITAL (PLAN ESPECIAL),Administración y Comercio,Administración de Empresas y Derecho,Educación Comercial y Administración,Profesional Sin Licenciatura,Carreras Profesionales,NO ACREDITADA
2024|I171S1C76J4V2,I171S1C76J4V2,INGENIERIA EN MARKETING DIGITAL (PLAN ESPECIAL),Administración y Comercio,Administración de Empresas y Derecho,Educación Comercial y Administración,Profesional Sin Licenciatura,Carreras Profesionales,NO ACREDITADA
2025|I171S1C76J4V2,I171S1C76J4V2,INGENIERIA EN MARKETING DIGITAL (PLAN ESPECIAL),Administración y Comercio,Administración de Empresas y Derecho,Educación Comercial y Administración,Profesional Sin Licenciatura,Carreras Profesionales,NO ACREDITADA
2026|I171S1C76J4V2,I171S1C76J4V2,INGENIERIA EN MARKETING DIGITAL (PLAN ESPECIAL),Administración y Comercio,Administración de Empresas y Derecho,Educación Comercial y Administración,Profesional Sin Licenciatura,Carreras Profesionales,NO ACREDITADA
2026|I113S13C604J4V2,I113S13C604J4V2,INGENIERIA EN MARKETING DIGITAL PLAN CONTINUIDAD,Administración y Comercio,Administración de Empresas y Derecho,Educación Comercial y Administración,Profesional Sin Licenciatura,Carreras Profesionales,NO ACREDITADA
2026|I113S7C604J4V2,I113S7C604J4V2,INGENIERIA EN MARKETING DIGITAL PLAN CONTINUIDAD,Administración y Comercio,Administración de Empresas y Derecho,Educación Comercial y Administración,Profesional Sin Licenciatura,Carreras Profesionales,NO ACREDITADA
2023|I111S15C141J2V1,I111S15C141J2V1,INGENIERIA EN MARKETING PEV,Administración y Comercio,Administración de Empresas y Derecho,Educación Comercial y Administración,Profesional Sin Licenciatura,Carreras Profesionales,NO ACREDITADA
2023|I111S5C141J2V1,I111S5C141J2V1,INGENIERIA EN MARKETING PEV,Administración y Comercio,Administración de Empresas y Derecho,Educación Comercial y Administración,Profesional Sin Licenciatura,Carreras Profesionales,NO ACREDITADA
2023|I111S9C141J2V1,I111S9C141J2V1,INGENIERIA EN MARKETING PEV,Administración y Comercio,Administración de Empresas y Derecho,Educación Comercial y Administración,Profesional Sin Licenciatura,Carreras Profesionales,NO ACREDITADA
2024|I111S5C141J2V1,I111S5C141J2V1,INGENIERIA EN MARKETING PEV,Administración y Comercio,Administración de Empresas y Derecho,Educación Comercial y Administración,Profesional Sin Licenciatura,Carreras Profesionales,NO ACREDITADA
2025|I111S5C141J2V1,I111S5C141J2V1,INGENIERIA EN MARKETING PEV,Administración y Comercio,Administración de Empresas y Derecho,Educación Comercial y Administración,Profesional Sin Licenciatura,Carreras Profesionales,NO ACREDITADA
2023|I143S28C667J4V1,I143S28C667J4V1,INGENIERIA EN NEGOCIOS ELECTRONICOS,Administración y Comercio,Administración de Empresas y Derecho,Educación Comercial y Administración,Profesional Sin Licenciatura,Carreras Profesionales,NO ACREDITADA
2024|I143S28C667J4V1,I143S28C667J4V1,INGENIERIA EN NEGOCIOS ELECTRONICOS,Administración y Comercio,Administración de Empresas y Derecho,Educación Comercial y Administración,Profesional Sin Licenciatura,Carreras Profesionales,NO ACREDITADA
2025|I143S28C667J4V1,I143S28C667J4V1,INGENIERIA EN NEGOCIOS ELECTRONICOS,Administración y Comercio,Administración de Empresas y Derecho,Educación Comercial y Administración,Profesional Sin Licenciatura,Carreras Profesionales,NO ACREDITADA
2026|I143S28C667J4V1,I143S28C667J4V1,INGENIERIA EN NEGOCIOS ELECTRONICOS,Administración y Comercio,Administración de Empresas y Derecho,Educación Comercial y Administración,Profesional Sin Licenciatura,Carreras Profesionales,NO ACREDITADA
2024|I123S2C36J4V1,I123S2C36J4V1,INGENIERIA EN NEGOCIOS INTERNACIONALES,Administración y Comercio,Administración de Empresas y Derecho,Educación Comercial y Administración,Profesional Sin Licenciatura,Carreras Profesionales,NO ACREDITADA
2025|I123S2C36J4V1,I123S2C36J4V1,INGENIERIA EN NEGOCIOS INTERNACIONALES,Administración y Comercio,Administración de Empresas y Derecho,Educación Comercial y Administración,Profesional Sin Licenciatura,Carreras Profesionales,NO ACREDITADA
2026|I123S2C36J4V1,I123S2C36J4V1,INGENIERIA EN NEGOCIOS INTERNACIONALES,Administración y Comercio,Administración de Empresas y Derecho,Educación Comercial y Administración,Profesional Sin Licenciatura,Carreras Profesionales,NO ACREDITADA
2026|I123S2C36J4V2,I123S2C36J4V2,INGENIERIA EN NEGOCIOS INTERNACIONALES,Administración y Comercio,Administración de Empresas y Derecho,Educación Comercial y Administración,Profesional Sin Licenciatura,Carreras Profesionales,NO ACREDITADA
2026|I20S1C922J4V1,I20S1C922J4V1,INGENIERIA EN NEGOCIOS TURISTICOS,Administración y Comercio,Servicios,Servicios personales,Profesional Con Licenciatura,Carreras Profesionales,NO ACREDITADA
2026|I143S28C665J4V1,I143S28C665J4V1,INGENIERIA EN OPERACIONES LOGISTICAS,Administración y Comercio,Administración de Empresas y Derecho,Educación Comercial y Administración,Profesional Sin Licenciatura,Carreras Profesionales,NO ACREDITADA
2023|I117S1C29J4V1,I117S1C29J4V1,INGENIERIA EN RECURSOS HUMANOS,Administración y Comercio,Administración de Empresas y Derecho,Educación Comercial y Administración,Profesional Sin Licenciatura,Carreras Profesionales,NO ACREDITADA
2023|I152S10C316J4V1,I152S10C316J4V1,INGENIERIA EN RECURSOS HUMANOS,Administración y Comercio,Administración de Empresas y Derecho,Educación Comercial y Administración,Profesional Sin Licenciatura,Carreras Profesionales,NO ACREDITADA
2023|I152S10C316J4V2,I152S10C316J4V2,INGENIERIA EN RECURSOS HUMANOS,Administración y Comercio,Administración de Empresas y Derecho,Educación Comercial y Administración,Profesional Sin Licenciatura,Carreras Profesionales,NO ACREDITADA
2024|I117S1C29J4V1,I117S1C29J4V1,INGENIERIA EN RECURSOS HUMANOS,Administración y Comercio,Administración de Empresas y Derecho,Educación Comercial y Administración,Profesional Sin Licenciatura,Carreras Profesionales,NO ACREDITADA
2024|I152S10C316J4V1,I152S10C316J4V1,INGENIERIA EN RECURSOS HUMANOS,Administración y Comercio,Administración de Empresas y Derecho,Educación Comercial y Administración,Profesional Sin Licenciatura,Carreras Profesionales,NO ACREDITADA
2025|I117S1C29J4V1,I117S1C29J4V1,INGENIERIA EN RECURSOS HUMANOS,Administración y Comercio,Administración de Empresas y Derecho,Educación Comercial y Administración,Profesional Sin Licenciatura,Carreras Profesionales,NO ACREDITADA
2025|I152S10C316J4V2,I152S10C316J4V2,INGENIERIA EN RECURSOS HUMANOS,Administración y Comercio,Administración de Empresas y Derecho,Educación Comercial y Administración,Profesional Sin Licenciatura,Carreras Profesionales,NO ACREDITADA
2026|I117S1C29J4V1,I117S1C29J4V1,INGENIERIA EN RECURSOS HUMANOS,Administración y Comercio,Administración de Empresas y Derecho,Educación Comercial y Administración,Profesional Sin Licenciatura,Carreras Profesionales,NO ACREDITADA
2026|I152S10C316J4V1,I152S10C316J4V1,INGENIERIA EN RECURSOS HUMANOS,Administración y Comercio,Administración de Empresas y Derecho,Educación Comercial y Administración,Profesional Sin Licenciatura,Carreras Profesionales,NO ACREDITADA
2026|I162S2C113J4V1,I162S2C113J4V1,INGENIERIA EN RECURSOS HUMANOS,Administración y Comercio,Administración de Empresas y Derecho,Educación Comercial y Administración,Profesional Sin Licenciatura,Carreras Profesionales,NO ACREDITADA
2023|I171S1C82J4V1,I171S1C82J4V1,INGENIERIA EN SEGURIDAD PRIVADA,Administración y Comercio,Servicios,Servicios de Seguridad,Profesional Sin Licenciatura,Carreras Profesionales,NO ACREDITADA
2024|I171S1C82J4V1,I171S1C82J4V1,INGENIERIA EN SEGURIDAD PRIVADA,Administración y Comercio,Servicios,Servicios de Seguridad,Profesional Sin Licenciatura,Carreras Profesionales,NO ACREDITADA
2025|I171S1C82J4V1,I171S1C82J4V1,INGENIERIA EN SEGURIDAD PRIVADA,Administración y Comercio,Servicios,Servicios de Seguridad,Profesional Sin Licenciatura,Carreras Profesionales,NO ACREDITADA
2026|I117S1C133J4V1,I117S1C133J4V1,INGENIERIA EN SEGURIDAD PRIVADA,Administración y Comercio,Servicios,Servicios de Seguridad,Profesional Sin Licenciatura,Carreras Profesionales,NO ACREDITADA
2026|I162S2C125J4V1,I162S2C125J4V1,INGENIERIA EN SEGURIDAD PRIVADA,Administración y Comercio,Servicios,Servicios de Seguridad,Profesional Sin Licenciatura,Carreras Profesionales,NO ACREDITADA
2026|I171S1C82J4V1,I171S1C82J4V1,INGENIERIA EN SEGURIDAD PRIVADA,Administración y Comercio,Servicios,Servicios de Seguridad,Profesional Sin Licenciatura,Carreras Profesionales,NO ACREDITADA
2026|I171S1C82J4V2,I171S1C82J4V2,INGENIERIA EN SEGURIDAD PRIVADA (PLAN ESPECIAL),Administración y Comercio,Servicios,Servicios de Seguridad,Profesional Sin Licenciatura,Carreras Profesionales,NO ACREDITADA
2023|I171S1C44J4V1,I171S1C44J4V1,LOGISTICA OPERATIVA,Administración y Comercio,Administración de Empresas y Derecho,Educación Comercial y Administración,Técnico de Nivel Superior,Carreras Técnicas,NO ACREDITADA
2023|I426S1C5J4V1,I426S1C5J4V1,LOGISTICA OPERATIVA,Administración y Comercio,Administración de Empresas y Derecho,Educación Comercial y Administración,Técnico de Nivel Superior,Carreras Técnicas,NO ACREDITADA
2023|I426S1C5J4V2,I426S1C5J4V2,LOGISTICA OPERATIVA,Administración y Comercio,Administración de Empresas y Derecho,Educación Comercial y Administración,Técnico de Nivel Superior,Carreras Técnicas,NO ACREDITADA
2024|I171S1C44J4V1,I171S1C44J4V1,LOGISTICA OPERATIVA,Administración y Comercio,Administración de Empresas y Derecho,Educación Comercial y Administración,Técnico de Nivel Superior,Carreras Técnicas,NO ACREDITADA
2025|I171S1C44J4V1,I171S1C44J4V1,LOGISTICA OPERATIVA,Administración y Comercio,Administración de Empresas y Derecho,Educación Comercial y Administración,Técnico de Nivel Superior,Carreras Técnicas,NO ACREDITADA
2026|I171S1C44J4V1,I171S1C44J4V1,LOGISTICA OPERATIVA,Administración y Comercio,Administración de Empresas y Derecho,Educación Comercial y Administración,Técnico de Nivel Superior,Carreras Técnicas,NO ACREDITADA
2023|I426S1C50J4V2,I426S1C50J4V2,MARKETING DIGITAL,Administración y Comercio,Administración de Empresas y Derecho,Educación Comercial y Administración,Técnico de Nivel Superior,Carreras Técnicas,NO ACREDITADA
2023|I426S1C26J4V1,I426S1C26J4V1,MARKETING Y GESTION COMERCIAL,Administración y Comercio,Administración de Empresas y Derecho,Educación Comercial y Administración,Técnico de Nivel Superior,Carreras Técnicas,NO ACREDITADA
2023|I426S1C26J4V2,I426S1C26J4V2,MARKETING Y GESTION COMERCIAL,Administración y Comercio,Administración de Empresas y Derecho,Educación Comercial y Administración,Técnico de Nivel Superior,Carreras Técnicas,NO ACREDITADA
2026|I143S23C645J3V1,I143S23C645J3V1,OPERACIONES LOGISTICAS,Administración y Comercio,Administración de Empresas y Derecho,Educación Comercial y Administración,Técnico de Nivel Superior,Carreras Técnicas,NO ACREDITADA
2026|I143S28C645J4V1,I143S28C645J4V1,OPERACIONES LOGISTICAS,Administración y Comercio,Administración de Empresas y Derecho,Educación Comercial y Administración,Técnico de Nivel Superior,Carreras Técnicas,NO ACREDITADA
2026|I143S5C645J3V1,I143S5C645J3V1,OPERACIONES LOGISTICAS,Administración y Comercio,Administración de Empresas y Derecho,Educación Comercial y Administración,Técnico de Nivel Superior,Carreras Técnicas,NO ACREDITADA
2023|I120S1C286J3V2,I120S1C286J3V2,PLAN ESPECIAL CONTADOR GENERAL,Administración y Comercio,Administración de Empresas y Derecho,Educación Comercial y Administración,Técnico de Nivel Superior,Carreras Técnicas,NO ACREDITADA
2025|I71S1C560J4V4,I71S1C560J4V4,PLAN ESPECIAL INGENIERIA COMERCIAL EN ADMINISTRACION DE EMPRESAS,Administración y Comercio,Administración de Empresas y Derecho,Educación Comercial y Administración,Profesional Con Licenciatura,Carreras Profesionales,NO ACREDITADA
2026|I71S1C560J4V4,I71S1C560J4V4,PLAN ESPECIAL INGENIERIA COMERCIAL EN ADMINISTRACION DE EMPRESAS,Administración y Comercio,Administración de Empresas y Derecho,Educación Comercial y Administración,Profesional Con Licenciatura,Carreras Profesionales,NO ACREDITADA
2023|I120S1C279J1V1,I120S1C279J1V1,PLAN ESPECIAL TECNICO EN ADMINISTRACION,Administración y Comercio,Administración de Empresas y Derecho,Educación Comercial y Administración,Técnico de Nivel Superior,Carreras Técnicas,NO ACREDITADA
2023|I120S1C251J3V1,I120S1C251J3V1,PROFESIONAL INTERNACIONAL GASTRONOMICO EN ARTES CULINARIAS,Administración y Comercio,Servicios,Servicios personales,Profesional Sin Licenciatura,Carreras Profesionales,NO ACREDITADA
2023|I120S2C251J3V1,I120S2C251J3V1,PROFESIONAL INTERNACIONAL GASTRONOMICO EN ARTES CULINARIAS,Administración y Comercio,Servicios,Servicios personales,Profesional Sin Licenciatura,Carreras Profesionales,NO ACREDITADA
2023|I120S4C251J3V1,I120S4C251J3V1,PROFESIONAL INTERNACIONAL GASTRONOMICO EN ARTES CULINARIAS,Administración y Comercio,Servicios,Servicios personales,Profesional Sin Licenciatura,Carreras Profesionales,NO ACREDITADA
2024|I120S1C251J3V1,I120S1C251J3V1,PROFESIONAL INTERNACIONAL GASTRONOMICO EN ARTES CULINARIAS,Administración y Comercio,Servicios,Servicios personales,Profesional Sin Licenciatura,Carreras Profesionales,NO ACREDITADA
2024|I120S2C251J3V1,I120S2C251J3V1,PROFESIONAL INTERNACIONAL GASTRONOMICO EN ARTES CULINARIAS,Administración y Comercio,Servicios,Servicios personales,Profesional Sin Licenciatura,Carreras Profesionales,NO ACREDITADA
2024|I120S4C251J3V1,I120S4C251J3V1,PROFESIONAL INTERNACIONAL GASTRONOMICO EN ARTES CULINARIAS,Administración y Comercio,Servicios,Servicios personales,Profesional Sin Licenciatura,Carreras Profesionales,NO ACREDITADA
2026|I120S1C251J3V1,I120S1C251J3V1,PROFESIONAL INTERNACIONAL GASTRONOMICO EN ARTES CULINARIAS,Administración y Comercio,Servicios,Servicios personales,Profesional Sin Licenciatura,Carreras Profesionales,NO ACREDITADA
2026|I120S2C251J3V1,I120S2C251J3V1,PROFESIONAL INTERNACIONAL GASTRONOMICO EN ARTES CULINARIAS,Administración y Comercio,Servicios,Servicios personales,Profesional Sin Licenciatura,Carreras Profesionales,NO ACREDITADA
2026|I120S4C251J3V1,I120S4C251J3V1,PROFESIONAL INTERNACIONAL GASTRONOMICO EN ARTES CULINARIAS,Administración y Comercio,Servicios,Servicios personales,Profesional Sin Licenciatura,Carreras Profesionales,NO ACREDITADA
2026|I11S1C283J4V1,I11S1C283J4V1,PROGRAMA ESPECIAL DE TITULACION EN INGENIERIA COMERCIAL,Administración y Comercio,Administración de Empresas y Derecho,Educación Comercial y Administración,Profesional Con Licenciatura,Carreras Profesionales,NO ACREDITADA
2023|I113S7C533J4V1,I113S7C533J4V1,TECNICO DE NIVEL SUPERIOR COMERCIO EXTERIOR MENCION COMERCIO ELECTRONICO,Administración y Comercio,Administración de Empresas y Derecho,Educación Comercial y Administración,Técnico de Nivel Superior,Carreras Técnicas,NO ACREDITADA
2024|I113S7C533J4V1,I113S7C533J4V1,TECNICO DE NIVEL SUPERIOR COMERCIO EXTERIOR MENCION COMERCIO ELECTRONICO,Administración y Comercio,Administración de Empresas y Derecho,Educación Comercial y Administración,Técnico de Nivel Superior,Carreras Técnicas,NO ACREDITADA
2025|I113S13C533J4V1,I113S13C533J4V1,TECNICO DE NIVEL SUPERIOR COMERCIO EXTERIOR MENCION COMERCIO ELECTRONICO,Administración y Comercio,Administración de Empresas y Derecho,Educación Comercial y Administración,Técnico de Nivel Superior,Carreras Técnicas,NO ACREDITADA
2025|I113S7C533J4V1,I113S7C533J4V1,TECNICO DE NIVEL SUPERIOR COMERCIO EXTERIOR MENCION COMERCIO ELECTRONICO,Administración y Comercio,Administración de Empresas y Derecho,Educación Comercial y Administración,Técnico de Nivel Superior,Carreras Técnicas,NO ACREDITADA
2026|I113S7C533J4V1,I113S7C533J4V1,TECNICO DE NIVEL SUPERIOR COMERCIO EXTERIOR MENCION COMERCIO ELECTRONICO,Administración y Comercio,Administración de Empresas y Derecho,Educación Comercial y Administración,Técnico de Nivel Superior,Carreras Técnicas,NO ACREDITADA
2023|I113S7C505J4V1,I113S7C505J4V1,TECNICO DE NIVEL SUPERIOR EN ADMINISTRACION DE EMPRESAS,Administración y Comercio,Administración de Empresas y Derecho,Educación Comercial y Administración,Técnico de Nivel Superior,Carreras Técnicas,NO ACREDITADA
2023|I176S10C766J3V2,I176S10C766J3V2,TECNICO DE NIVEL SUPERIOR EN ADMINISTRACION DE EMPRESAS,Administración y Comercio,Administración de Empresas y Derecho,Educación Comercial y Administración,Técnico de Nivel Superior,Carreras Técnicas,NO ACREDITADA
2023|I176S3C766J3V2,I176S3C766J3V2,TECNICO DE NIVEL SUPERIOR EN ADMINISTRACION DE EMPRESAS,Administración y Comercio,Administración de Empresas y Derecho,Educación Comercial y Administración,Técnico de Nivel Superior,Carreras Técnicas,NO ACREDITADA
2023|I176S7C766J3V2,I176S7C766J3V2,TECNICO DE NIVEL SUPERIOR EN ADMINISTRACION DE EMPRESAS,Administración y Comercio,Administración de Empresas y Derecho,Educación Comercial y Administración,Técnico de Nivel Superior,Carreras Técnicas,NO ACREDITADA
2023|I19S1C226J4V1,I19S1C226J4V1,TECNICO DE NIVEL SUPERIOR EN ADMINISTRACION DE EMPRESAS,Administración y Comercio,Administración de Empresas y Derecho,Educación Comercial y Administración,Técnico de Nivel Superior,Carreras Técnicas,NO ACREDITADA
2023|I312S1C56J4V1,I312S1C56J4V1,TECNICO DE NIVEL SUPERIOR EN ADMINISTRACION DE EMPRESAS,Administración y Comercio,Administración de Empresas y Derecho,Educación Comercial y Administración,Técnico de Nivel Superior,Carreras Técnicas,NO ACREDITADA
2023|I312S1C56J4V4,I312S1C56J4V4,TECNICO DE NIVEL SUPERIOR EN ADMINISTRACION DE EMPRESAS,Administración y Comercio,Administración de Empresas y Derecho,Educación Comercial y Administración,Técnico de Nivel Superior,Carreras Técnicas,NO ACREDITADA
2023|I46S11C194J3V3,I46S11C194J3V3,TECNICO DE NIVEL SUPERIOR EN ADMINISTRACION DE EMPRESAS,Administración y Comercio,Administración de Empresas y Derecho,Educación Comercial y Administración,Técnico de Nivel Superior,Carreras Técnicas,NO ACREDITADA
2023|I46S5C194J4V2,I46S5C194J4V2,TECNICO DE NIVEL SUPERIOR EN ADMINISTRACION DE EMPRESAS,Administración y Comercio,Administración de Empresas y Derecho,Educación Comercial y Administración,Técnico de Nivel Superior,Carreras Técnicas,NO ACREDITADA
2024|I113S7C505J4V1,I113S7C505J4V1,TECNICO DE NIVEL SUPERIOR EN ADMINISTRACION DE EMPRESAS,Administración y Comercio,Administración de Empresas y Derecho,Educación Comercial y Administración,Técnico de Nivel Superior,Carreras Técnicas,NO ACREDITADA
2024|I176S10C766J3V2,I176S10C766J3V2,TECNICO DE NIVEL SUPERIOR EN ADMINISTRACION DE EMPRESAS,Administración y Comercio,Administración de Empresas y Derecho,Educación Comercial y Administración,Técnico de Nivel Superior,Carreras Técnicas,NO ACREDITADA
2024|I176S3C766J3V2,I176S3C766J3V2,TECNICO DE NIVEL SUPERIOR EN ADMINISTRACION DE EMPRESAS,Administración y Comercio,Administración de Empresas y Derecho,Educación Comercial y Administración,Técnico de Nivel Superior,Carreras Técnicas,NO ACREDITADA
2024|I176S7C766J3V2,I176S7C766J3V2,TECNICO DE NIVEL SUPERIOR EN ADMINISTRACION DE EMPRESAS,Administración y Comercio,Administración de Empresas y Derecho,Educación Comercial y Administración,Técnico de Nivel Superior,Carreras Técnicas,NO ACREDITADA
2024|I19S1C226J4V1,I19S1C226J4V1,TECNICO DE NIVEL SUPERIOR EN ADMINISTRACION DE EMPRESAS,Administración y Comercio,Administración de Empresas y Derecho,Educación Comercial y Administración,Técnico de Nivel Superior,Carreras Técnicas,NO ACREDITADA
2024|I19S4C226J3V1,I19S4C226J3V1,TECNICO DE NIVEL SUPERIOR EN ADMINISTRACION DE EMPRESAS,Administración y Comercio,Administración de Empresas y Derecho,Educación Comercial y Administración,Técnico de Nivel Superior,Carreras Técnicas,NO ACREDITADA
2024|I19S4C226J3V2,I19S4C226J3V2,TECNICO DE NIVEL SUPERIOR EN ADMINISTRACION DE EMPRESAS,Administración y Comercio,Administración de Empresas y Derecho,Educación Comercial y Administración,Técnico de Nivel Superior,Carreras Técnicas,NO ACREDITADA
2024|I312S1C56J4V1,I312S1C56J4V1,TECNICO DE NIVEL SUPERIOR EN ADMINISTRACION DE EMPRESAS,Administración y Comercio,Administración de Empresas y Derecho,Educación Comercial y Administración,Técnico de Nivel Superior,Carreras Técnicas,NO ACREDITADA
2024|I312S1C56J4V2,I312S1C56J4V2,TECNICO DE NIVEL SUPERIOR EN ADMINISTRACION DE EMPRESAS,Administración y Comercio,Administración de Empresas y Derecho,Educación Comercial y Administración,Técnico de Nivel Superior,Carreras Técnicas,NO ACREDITADA
2024|I312S1C56J4V4,I312S1C56J4V4,TECNICO DE NIVEL SUPERIOR EN ADMINISTRACION DE EMPRESAS,Administración y Comercio,Administración de Empresas y Derecho,Educación Comercial y Administración,Técnico de Nivel Superior,Carreras Técnicas,NO ACREDITADA
2024|I629S0C113J4V1,I629S0C113J4V1,TECNICO DE NIVEL SUPERIOR EN ADMINISTRACION DE EMPRESAS,Administración y Comercio,Administración de Empresas y Derecho,Educación Comercial y Administración,Técnico de Nivel Superior,Carreras Técnicas,NO ACREDITADA
2024|I633S0C55J4V2,I633S0C55J4V2,TECNICO DE NIVEL SUPERIOR EN ADMINISTRACION DE EMPRESAS,Administración y Comercio,Administración de Empresas y Derecho,Educación Comercial y Administración,Técnico de Nivel Superior,Carreras Técnicas,NO ACREDITADA
2025|I113S13C505J4V1,I113S13C505J4V1,TECNICO DE NIVEL SUPERIOR EN ADMINISTRACION DE EMPRESAS,Administración y Comercio,Administración de Empresas y Derecho,Educación Comercial y Administración,Técnico de Nivel Superior,Carreras Técnicas,NO ACREDITADA
2025|I113S7C505J4V1,I113S7C505J4V1,TECNICO DE NIVEL SUPERIOR EN ADMINISTRACION DE EMPRESAS,Administración y Comercio,Administración de Empresas y Derecho,Educación Comercial y Administración,Técnico de Nivel Superior,Carreras Técnicas,NO ACREDITADA
2025|I19S1C226J4V1,I19S1C226J4V1,TECNICO DE NIVEL SUPERIOR EN ADMINISTRACION DE EMPRESAS,Administración y Comercio,Administración de Empresas y Derecho,Educación Comercial y Administración,Técnico de Nivel Superior,Carreras Técnicas,NO ACREDITADA
2025|I19S4C226J3V1,I19S4C226J3V1,TECNICO DE NIVEL SUPERIOR EN ADMINISTRACION DE EMPRESAS,Administración y Comercio,Administración de Empresas y Derecho,Educación Comercial y Administración,Técnico de Nivel Superior,Carreras Técnicas,NO ACREDITADA
2025|I19S4C226J3V2,I19S4C226J3V2,TECNICO DE NIVEL SUPERIOR EN ADMINISTRACION DE EMPRESAS,Administración y Comercio,Administración de Empresas y Derecho,Educación Comercial y Administración,Técnico de Nivel Superior,Carreras Técnicas,NO ACREDITADA
2025|I312S1C56J4V1,I312S1C56J4V1,TECNICO DE NIVEL SUPERIOR EN ADMINISTRACION DE EMPRESAS,Administración y Comercio,Administración de Empresas y Derecho,Educación Comercial y Administración,Técnico de Nivel Superior,Carreras Técnicas,NO ACREDITADA
2025|I312S1C56J4V4,I312S1C56J4V4,TECNICO DE NIVEL SUPERIOR EN ADMINISTRACION DE EMPRESAS,Administración y Comercio,Administración de Empresas y Derecho,Educación Comercial y Administración,Técnico de Nivel Superior,Carreras Técnicas,NO ACREDITADA
2025|I629S0C113J4V1,I629S0C113J4V1,TECNICO DE NIVEL SUPERIOR EN ADMINISTRACION DE EMPRESAS,Administración y Comercio,Administración de Empresas y Derecho,Educación Comercial y Administración,Técnico de Nivel Superior,Carreras Técnicas,NO ACREDITADA
2026|I113S13C505J4V1,I113S13C505J4V1,TECNICO DE NIVEL SUPERIOR EN ADMINISTRACION DE EMPRESAS,Administración y Comercio,Administración de Empresas y Derecho,Educación Comercial y Administración,Técnico de Nivel Superior,Carreras Técnicas,NO ACREDITADA
2026|I113S7C505J4V1,I113S7C505J4V1,TECNICO DE NIVEL SUPERIOR EN ADMINISTRACION DE EMPRESAS,Administración y Comercio,Administración de Empresas y Derecho,Educación Comercial y Administración,Técnico de Nivel Superior,Carreras Técnicas,NO ACREDITADA
2026|I19S1C226J4V1,I19S1C226J4V1,TECNICO DE NIVEL SUPERIOR EN ADMINISTRACION DE EMPRESAS,Administración y Comercio,Administración de Empresas y Derecho,Educación Comercial y Administración,Técnico de Nivel Superior,Carreras Técnicas,NO ACREDITADA
2026|I19S4C226J3V1,I19S4C226J3V1,TECNICO DE NIVEL SUPERIOR EN ADMINISTRACION DE EMPRESAS,Administración y Comercio,Administración de Empresas y Derecho,Educación Comercial y Administración,Técnico de Nivel Superior,Carreras Técnicas,NO ACREDITADA
2026|I19S4C226J3V2,I19S4C226J3V2,TECNICO DE NIVEL SUPERIOR EN ADMINISTRACION DE EMPRESAS,Administración y Comercio,Administración de Empresas y Derecho,Educación Comercial y Administración,Técnico de Nivel Superior,Carreras Técnicas,NO ACREDITADA
2026|I312S1C56J4V1,I312S1C56J4V1,TECNICO DE NIVEL SUPERIOR EN ADMINISTRACION DE EMPRESAS,Administración y Comercio,Administración de Empresas y Derecho,Educación Comercial y Administración,Técnico de Nivel Superior,Carreras Técnicas,NO ACREDITADA
2026|I312S1C56J4V4,I312S1C56J4V4,TECNICO DE NIVEL SUPERIOR EN ADMINISTRACION DE EMPRESAS,Administración y Comercio,Administración de Empresas y Derecho,Educación Comercial y Administración,Técnico de Nivel Superior,Carreras Técnicas,NO ACREDITADA
2026|I629S0C113J4V1,I629S0C113J4V1,TECNICO DE NIVEL SUPERIOR EN ADMINISTRACION DE EMPRESAS,Administración y Comercio,Administración de Empresas y Derecho,Educación Comercial y Administración,Técnico de Nivel Superior,Carreras Técnicas,NO ACREDITADA
2024|I106S6C314J4V3,I106S6C314J4V3,TECNICO DE NIVEL SUPERIOR EN ADMINISTRACION DE EMPRESAS MENCION FINANZAS,Administración y Comercio,Administración de Empresas y Derecho,Educación Comercial y Administración,Técnico de Nivel Superior,Carreras Técnicas,NO ACREDITADA
2025|I106S6C314J4V2,I106S6C314J4V2,TECNICO DE NIVEL SUPERIOR EN ADMINISTRACION DE EMPRESAS MENCION FINANZAS,Administración y Comercio,Administración de Empresas y Derecho,Educación Comercial y Administración,Técnico de Nivel Superior,Carreras Técnicas,NO ACREDITADA
2025|I106S6C314J4V3,I106S6C314J4V3,TECNICO DE NIVEL SUPERIOR EN ADMINISTRACION DE EMPRESAS MENCION FINANZAS,Administración y Comercio,Administración de Empresas y Derecho,Educación Comercial y Administración,Técnico de Nivel Superior,Carreras Técnicas,NO ACREDITADA
2026|I106S6C314J4V3,I106S6C314J4V3,TECNICO DE NIVEL SUPERIOR EN ADMINISTRACION DE EMPRESAS MENCION FINANZAS,Administración y Comercio,Administración de Empresas y Derecho,Educación Comercial y Administración,Técnico de Nivel Superior,Carreras Técnicas,NO ACREDITADA
2023|I176S7C789J4V1,I176S7C789J4V1,TECNICO DE NIVEL SUPERIOR EN ADMINISTRACION DE EMPRESAS MENCION FINANZAS Y CONTABILIDAD,Administración y Comercio,Administración de Empresas y Derecho,Educación Comercial y Administración,Técnico de Nivel Superior,Carreras Técnicas,NO ACREDITADA
2023|I912S1C8J3V1,I912S1C8J3V1,TECNICO DE NIVEL SUPERIOR EN ADMINISTRACION DE EMPRESAS MENCION GESTION DE PERSONAS,Administración y Comercio,Administración de Empresas y Derecho,Educación Comercial y Administración,Técnico de Nivel Superior,Carreras Técnicas,NO ACREDITADA
2023|I912S1C10J3V1,I912S1C10J3V1,TECNICO DE NIVEL SUPERIOR EN ADMINISTRACION DE EMPRESAS MENCION GESTION PUBLICA,Administración y Comercio,Administración de Empresas y Derecho,Educación Comercial y Administración,Técnico de Nivel Superior,Carreras Técnicas,NO ACREDITADA
2024|I106S6C315J4V3,I106S6C315J4V3,TECNICO DE NIVEL SUPERIOR EN ADMINISTRACION DE EMPRESAS MENCION MARKETING,Administración y Comercio,Administración de Empresas y Derecho,Educación Comercial y Administración,Técnico de Nivel Superior,Carreras Técnicas,NO ACREDITADA
2025|I106S6C315J4V2,I106S6C315J4V2,TECNICO DE NIVEL SUPERIOR EN ADMINISTRACION DE EMPRESAS MENCION MARKETING,Administración y Comercio,Administración de Empresas y Derecho,Educación Comercial y Administración,Técnico de Nivel Superior,Carreras Técnicas,NO ACREDITADA
2025|I106S6C315J4V3,I106S6C315J4V3,TECNICO DE NIVEL SUPERIOR EN ADMINISTRACION DE EMPRESAS MENCION MARKETING,Administración y Comercio,Administración de Empresas y Derecho,Educación Comercial y Administración,Técnico de Nivel Superior,Carreras Técnicas,NO ACREDITADA
2026|I106S6C315J4V3,I106S6C315J4V3,TECNICO DE NIVEL SUPERIOR EN ADMINISTRACION DE EMPRESAS MENCION MARKETING,Administración y Comercio,Administración de Empresas y Derecho,Educación Comercial y Administración,Técnico de Nivel Superior,Carreras Técnicas,NO ACREDITADA
2023|I106S6C67J4V1,I106S6C67J4V1,TECNICO DE NIVEL SUPERIOR EN ADMINISTRACION DE EMPRESAS MENCION MARKETING O FINANZAS O RECURSOS HUMANOS,Administración y Comercio,Administración de Empresas y Derecho,Educación Comercial y Administración,Técnico de Nivel Superior,Carreras Técnicas,NO ACREDITADA
2024|I106S6C67J4V1,I106S6C67J4V1,TECNICO DE NIVEL SUPERIOR EN ADMINISTRACION DE EMPRESAS MENCION MARKETING O FINANZAS O RECURSOS HUMANOS,Administración y Comercio,Administración de Empresas y Derecho,Educación Comercial y Administración,Técnico de Nivel Superior,Carreras Técnicas,NO ACREDITADA
2023|I176S7C115J4V1,I176S7C115J4V1,TECNICO DE NIVEL SUPERIOR EN ADMINISTRACION DE EMPRESAS MENCION RECURSOS HUMANOS,Administración y Comercio,Administración de Empresas y Derecho,Educación Comercial y Administración,Técnico de Nivel Superior,Carreras Técnicas,NO ACREDITADA
2023|I176S7C115J4V3,I176S7C115J4V3,TECNICO DE NIVEL SUPERIOR EN ADMINISTRACION DE EMPRESAS MENCION RECURSOS HUMANOS,Administración y Comercio,Administración de Empresas y Derecho,Educación Comercial y Administración,Técnico de Nivel Superior,Carreras Técnicas,NO ACREDITADA
2024|I106S6C316J4V3,I106S6C316J4V3,TECNICO DE NIVEL SUPERIOR EN ADMINISTRACION DE EMPRESAS MENCION RECURSOS HUMANOS,Administración y Comercio,Administración de Empresas y Derecho,Educación Comercial y Administración,Técnico de Nivel Superior,Carreras Técnicas,NO ACREDITADA
2024|I176S7C115J4V1,I176S7C115J4V1,TECNICO DE NIVEL SUPERIOR EN ADMINISTRACION DE EMPRESAS MENCION RECURSOS HUMANOS,Administración y Comercio,Administración de Empresas y Derecho,Educación Comercial y Administración,Técnico de Nivel Superior,Carreras Técnicas,NO ACREDITADA
2025|I106S6C316J4V2,I106S6C316J4V2,TECNICO DE NIVEL SUPERIOR EN ADMINISTRACION DE EMPRESAS MENCION RECURSOS HUMANOS,Administración y Comercio,Administración de Empresas y Derecho,Educación Comercial y Administración,Técnico de Nivel Superior,Carreras Técnicas,NO ACREDITADA
2025|I106S6C316J4V3,I106S6C316J4V3,TECNICO DE NIVEL SUPERIOR EN ADMINISTRACION DE EMPRESAS MENCION RECURSOS HUMANOS,Administración y Comercio,Administración de Empresas y Derecho,Educación Comercial y Administración,Técnico de Nivel Superior,Carreras Técnicas,NO ACREDITADA
2026|I106S6C316J4V3,I106S6C316J4V3,TECNICO DE NIVEL SUPERIOR EN ADMINISTRACION DE EMPRESAS MENCION RECURSOS HUMANOS,Administración y Comercio,Administración de Empresas y Derecho,Educación Comercial y Administración,Técnico de Nivel Superior,Carreras Técnicas,NO ACREDITADA
2023|I113S7C566J4V1,I113S7C566J4V1,TECNICO DE NIVEL SUPERIOR EN ADMINISTRACION DE RECURSOS HUMANOS,Administración y Comercio,Administración de Empresas y Derecho,Educación Comercial y Administración,Técnico de Nivel Superior,Carreras Técnicas,NO ACREDITADA
2023|I312S1C80J4V1,I312S1C80J4V1,TECNICO DE NIVEL SUPERIOR EN ADMINISTRACION DE RECURSOS HUMANOS,Administración y Comercio,Administración de Empresas y Derecho,Educación Comercial y Administración,Técnico de Nivel Superior,Carreras Técnicas,NO ACREDITADA
2023|I312S1C80J4V3,I312S1C80J4V3,TECNICO DE NIVEL SUPERIOR EN ADMINISTRACION DE RECURSOS HUMANOS,Administración y Comercio,Administración de Empresas y Derecho,Educación Comercial y Administración,Técnico de Nivel Superior,Carreras Técnicas,NO ACREDITADA
2024|I113S7C566J4V1,I113S7C566J4V1,TECNICO DE NIVEL SUPERIOR EN ADMINISTRACION DE RECURSOS HUMANOS,Administración y Comercio,Administración de Empresas y Derecho,Educación Comercial y Administración,Técnico de Nivel Superior,Carreras Técnicas,NO ACREDITADA
2024|I312S1C80J4V1,I312S1C80J4V1,TECNICO DE NIVEL SUPERIOR EN ADMINISTRACION DE RECURSOS HUMANOS,Administración y Comercio,Administración de Empresas y Derecho,Educación Comercial y Administración,Técnico de Nivel Superior,Carreras Técnicas,NO ACREDITADA
2024|I312S1C80J4V2,I312S1C80J4V2,TECNICO DE NIVEL SUPERIOR EN ADMINISTRACION DE RECURSOS HUMANOS,Administración y Comercio,Administración de Empresas y Derecho,Educación Comercial y Administración,Técnico de Nivel Superior,Carreras Técnicas,NO ACREDITADA
2025|I113S13C566J4V1,I113S13C566J4V1,TECNICO DE NIVEL SUPERIOR EN ADMINISTRACION DE RECURSOS HUMANOS,Administración y Comercio,Administración de Empresas y Derecho,Educación Comercial y Administración,Técnico de Nivel Superior,Carreras Técnicas,NO ACREDITADA
2025|I312S1C80J4V1,I312S1C80J4V1,TECNICO DE NIVEL SUPERIOR EN ADMINISTRACION DE RECURSOS HUMANOS,Administración y Comercio,Administración de Empresas y Derecho,Educación Comercial y Administración,Técnico de Nivel Superior,Carreras Técnicas,NO ACREDITADA
2025|I312S1C80J4V3,I312S1C80J4V3,TECNICO DE NIVEL SUPERIOR EN ADMINISTRACION DE RECURSOS HUMANOS,Administración y Comercio,Administración de Empresas y Derecho,Educación Comercial y Administración,Técnico de Nivel Superior,Carreras Técnicas,NO ACREDITADA
2026|I113S13C566J4V1,I113S13C566J4V1,TECNICO DE NIVEL SUPERIOR EN ADMINISTRACION DE RECURSOS HUMANOS,Administración y Comercio,Administración de Empresas y Derecho,Educación Comercial y Administración,Técnico de Nivel Superior,Carreras Técnicas,NO ACREDITADA
2026|I113S7C566J4V1,I113S7C566J4V1,TECNICO DE NIVEL SUPERIOR EN ADMINISTRACION DE RECURSOS HUMANOS,Administración y Comercio,Administración de Empresas y Derecho,Educación Comercial y Administración,Técnico de Nivel Superior,Carreras Técnicas,NO ACREDITADA
2026|I312S1C80J4V1,I312S1C80J4V1,TECNICO DE NIVEL SUPERIOR EN ADMINISTRACION DE RECURSOS HUMANOS,Administración y Comercio,Administración de Empresas y Derecho,Educación Comercial y Administración,Técnico de Nivel Superior,Carreras Técnicas,NO ACREDITADA
2026|I312S1C80J4V3,I312S1C80J4V3,TECNICO DE NIVEL SUPERIOR EN ADMINISTRACION DE RECURSOS HUMANOS,Administración y Comercio,Administración de Empresas y Derecho,Educación Comercial y Administración,Técnico de Nivel Superior,Carreras Técnicas,NO ACREDITADA
2023|I920S2C1J3V3,I920S2C1J3V3,TECNICO DE NIVEL SUPERIOR EN ADMINISTRACION DE SISTEMAS LOGISTICOS,Administración y Comercio,Administración de Empresas y Derecho,Educación Comercial y Administración,Técnico de Nivel Superior,Carreras Técnicas,NO ACREDITADA
2024|I920S2C1J3V3,I920S2C1J3V3,TECNICO DE NIVEL SUPERIOR EN ADMINISTRACION DE SISTEMAS LOGISTICOS,Administración y Comercio,Administración de Empresas y Derecho,Educación Comercial y Administración,Técnico de Nivel Superior,Carreras Técnicas,NO ACREDITADA
2025|I920S2C1J3V3,I920S2C1J3V3,TECNICO DE NIVEL SUPERIOR EN ADMINISTRACION DE SISTEMAS LOGISTICOS,Administración y Comercio,Administración de Empresas y Derecho,Educación Comercial y Administración,Técnico de Nivel Superior,Carreras Técnicas,NO ACREDITADA
2026|I920S2C1J3V3,I920S2C1J3V3,TECNICO DE NIVEL SUPERIOR EN ADMINISTRACION DE SISTEMAS LOGISTICOS,Administración y Comercio,Administración de Empresas y Derecho,Educación Comercial y Administración,Técnico de Nivel Superior,Carreras Técnicas,NO ACREDITADA
2023|I176S10C585J3V2,I176S10C585J3V2,TECNICO DE NIVEL SUPERIOR EN ADMINISTRACION EN SALUD,Administración y Comercio,Administración de Empresas y Derecho,Educación Comercial y Administración,Técnico de Nivel Superior,Carreras Técnicas,NO ACREDITADA
2023|I176S3C585J3V2,I176S3C585J3V2,TECNICO DE NIVEL SUPERIOR EN ADMINISTRACION EN SALUD,Administración y Comercio,Administración de Empresas y Derecho,Educación Comercial y Administración,Técnico de Nivel Superior,Carreras Técnicas,NO ACREDITADA
2023|I176S7C585J3V2,I176S7C585J3V2,TECNICO DE NIVEL SUPERIOR EN ADMINISTRACION EN SALUD,Administración y Comercio,Administración de Empresas y Derecho,Educación Comercial y Administración,Técnico de Nivel Superior,Carreras Técnicas,NO ACREDITADA
2023|I176S7C585J4V1,I176S7C585J4V1,TECNICO DE NIVEL SUPERIOR EN ADMINISTRACION EN SALUD,Administración y Comercio,Administración de Empresas y Derecho,Educación Comercial y Administración,Técnico de Nivel Superior,Carreras Técnicas,NO ACREDITADA
2023|I176S7C585J4V3,I176S7C585J4V3,TECNICO DE NIVEL SUPERIOR EN ADMINISTRACION EN SALUD,Administración y Comercio,Administración de Empresas y Derecho,Educación Comercial y Administración,Técnico de Nivel Superior,Carreras Técnicas,NO ACREDITADA
2024|I176S3C585J3V2,I176S3C585J3V2,TECNICO DE NIVEL SUPERIOR EN ADMINISTRACION EN SALUD,Administración y Comercio,Administración de Empresas y Derecho,Educación Comercial y Administración,Técnico de Nivel Superior,Carreras Técnicas,NO ACREDITADA
2024|I176S7C585J3V2,I176S7C585J3V2,TECNICO DE NIVEL SUPERIOR EN ADMINISTRACION EN SALUD,Administración y Comercio,Administración de Empresas y Derecho,Educación Comercial y Administración,Técnico de Nivel Superior,Carreras Técnicas,NO ACREDITADA
2024|I176S7C585J4V3,I176S7C585J4V3,TECNICO DE NIVEL SUPERIOR EN ADMINISTRACION EN SALUD,Administración y Comercio,Administración de Empresas y Derecho,Educación Comercial y Administración,Técnico de Nivel Superior,Carreras Técnicas,NO ACREDITADA
2023|I117S1C45J4V1,I117S1C45J4V1,TECNICO DE NIVEL SUPERIOR EN ADMINISTRACION FINANCIERA,Administración y Comercio,Administración de Empresas y Derecho,Educación Comercial y Administración,Técnico de Nivel Superior,Carreras Técnicas,NO ACREDITADA
2024|I117S1C45J4V1,I117S1C45J4V1,TECNICO DE NIVEL SUPERIOR EN ADMINISTRACION FINANCIERA,Administración y Comercio,Administración de Empresas y Derecho,Educación Comercial y Administración,Técnico de Nivel Superior,Carreras Técnicas,NO ACREDITADA
2023|I113S7C435J4V1,I113S7C435J4V1,TECNICO DE NIVEL SUPERIOR EN ADMINISTRACION GENERAL,Administración y Comercio,Administración de Empresas y Derecho,Educación Comercial y Administración,Técnico de Nivel Superior,Carreras Técnicas,NO ACREDITADA
2026|I113S7C435J4V1,I113S7C435J4V1,TECNICO DE NIVEL SUPERIOR EN ADMINISTRACION GENERAL,Administración y Comercio,Administración de Empresas y Derecho,Educación Comercial y Administración,Técnico de Nivel Superior,Carreras Técnicas,NO ACREDITADA
2023|I312S1C110J4V1,I312S1C110J4V1,TECNICO DE NIVEL SUPERIOR EN ADMINISTRACION LOGISTICA,Administración y Comercio,Administración de Empresas y Derecho,Educación Comercial y Administración,Técnico de Nivel Superior,Carreras Técnicas,NO ACREDITADA
2023|I312S1C110J4V3,I312S1C110J4V3,TECNICO DE NIVEL SUPERIOR EN ADMINISTRACION LOGISTICA,Administración y Comercio,Administración de Empresas y Derecho,Educación Comercial y Administración,Técnico de Nivel Superior,Carreras Técnicas,NO ACREDITADA
2024|I312S1C110J4V1,I312S1C110J4V1,TECNICO DE NIVEL SUPERIOR EN ADMINISTRACION LOGISTICA,Administración y Comercio,Administración de Empresas y Derecho,Educación Comercial y Administración,Técnico de Nivel Superior,Carreras Técnicas,NO ACREDITADA
2024|I312S1C110J4V2,I312S1C110J4V2,TECNICO DE NIVEL SUPERIOR EN ADMINISTRACION LOGISTICA,Administración y Comercio,Administración de Empresas y Derecho,Educación Comercial y Administración,Técnico de Nivel Superior,Carreras Técnicas,NO ACREDITADA
2025|I312S1C110J4V1,I312S1C110J4V1,TECNICO DE NIVEL SUPERIOR EN ADMINISTRACION LOGISTICA,Administración y Comercio,Administración de Empresas y Derecho,Educación Comercial y Administración,Técnico de Nivel Superior,Carreras Técnicas,NO ACREDITADA
2025|I312S1C110J4V3,I312S1C110J4V3,TECNICO DE NIVEL SUPERIOR EN ADMINISTRACION LOGISTICA,Administración y Comercio,Administración de Empresas y Derecho,Educación Comercial y Administración,Técnico de Nivel Superior,Carreras Técnicas,NO ACREDITADA
2026|I312S1C110J4V1,I312S1C110J4V1,TECNICO DE NIVEL SUPERIOR EN ADMINISTRACION LOGISTICA,Administración y Comercio,Administración de Empresas y Derecho,Educación Comercial y Administración,Técnico de Nivel Superior,Carreras Técnicas,NO ACREDITADA
2026|I312S1C110J4V3,I312S1C110J4V3,TECNICO DE NIVEL SUPERIOR EN ADMINISTRACION LOGISTICA,Administración y Comercio,Administración de Empresas y Derecho,Educación Comercial y Administración,Técnico de Nivel Superior,Carreras Técnicas,NO ACREDITADA
2023|I106S6C340J4V1,I106S6C340J4V1,TECNICO DE NIVEL SUPERIOR EN AGILE COACHING,Administración y Comercio,Administración de Empresas y Derecho,Educación Comercial y Administración,Técnico de Nivel Superior,Carreras Técnicas,NO ACREDITADA
2024|I106S6C340J4V1,I106S6C340J4V1,TECNICO DE NIVEL SUPERIOR EN AGILE COACHING,Administración y Comercio,Administración de Empresas y Derecho,Educación Comercial y Administración,Técnico de Nivel Superior,Carreras Técnicas,NO ACREDITADA
2025|I106S6C340J4V1,I106S6C340J4V1,TECNICO DE NIVEL SUPERIOR EN AGILE COACHING,Administración y Comercio,Administración de Empresas y Derecho,Educación Comercial y Administración,Técnico de Nivel Superior,Carreras Técnicas,NO ACREDITADA
2026|I106S6C340J4V1,I106S6C340J4V1,TECNICO DE NIVEL SUPERIOR EN AGILE COACHING,Administración y Comercio,Administración de Empresas y Derecho,Educación Comercial y Administración,Técnico de Nivel Superior,Carreras Técnicas,NO ACREDITADA
2023|I106S6C231J4V1,I106S6C231J4V1,TECNICO DE NIVEL SUPERIOR EN COMERCIO EXTERIOR,Administración y Comercio,Administración de Empresas y Derecho,Educación Comercial y Administración,Técnico de Nivel Superior,Carreras Técnicas,NO ACREDITADA
2024|I106S6C231J4V1,I106S6C231J4V1,TECNICO DE NIVEL SUPERIOR EN COMERCIO EXTERIOR,Administración y Comercio,Administración de Empresas y Derecho,Educación Comercial y Administración,Técnico de Nivel Superior,Carreras Técnicas,NO ACREDITADA
2024|I106S6C231J4V2,I106S6C231J4V2,TECNICO DE NIVEL SUPERIOR EN COMERCIO EXTERIOR,Administración y Comercio,Administración de Empresas y Derecho,Educación Comercial y Administración,Técnico de Nivel Superior,Carreras Técnicas,NO ACREDITADA
2025|I106S6C231J4V1,I106S6C231J4V1,TECNICO DE NIVEL SUPERIOR EN COMERCIO EXTERIOR,Administración y Comercio,Administración de Empresas y Derecho,Educación Comercial y Administración,Técnico de Nivel Superior,Carreras Técnicas,NO ACREDITADA
2025|I106S6C231J4V2,I106S6C231J4V2,TECNICO DE NIVEL SUPERIOR EN COMERCIO EXTERIOR,Administración y Comercio,Administración de Empresas y Derecho,Educación Comercial y Administración,Técnico de Nivel Superior,Carreras Técnicas,NO ACREDITADA
2026|I106S6C231J4V2,I106S6C231J4V2,TECNICO DE NIVEL SUPERIOR EN COMERCIO EXTERIOR,Administración y Comercio,Administración de Empresas y Derecho,Educación Comercial y Administración,Técnico de Nivel Superior,Carreras Técnicas,NO ACREDITADA
2023|I312S1C121J4V2,I312S1C121J4V2,TECNICO DE NIVEL SUPERIOR EN COMERCIO EXTERIOR Y MERCADOS DIGITALES,Administración y Comercio,Administración de Empresas y Derecho,Educación Comercial y Administración,Técnico de Nivel Superior,Carreras Técnicas,NO ACREDITADA
2024|I312S1C121J4V1,I312S1C121J4V1,TECNICO DE NIVEL SUPERIOR EN COMERCIO EXTERIOR Y MERCADOS DIGITALES,Administración y Comercio,Administración de Empresas y Derecho,Educación Comercial y Administración,Técnico de Nivel Superior,Carreras Técnicas,NO ACREDITADA
2024|I312S1C121J4V2,I312S1C121J4V2,TECNICO DE NIVEL SUPERIOR EN COMERCIO EXTERIOR Y MERCADOS DIGITALES,Administración y Comercio,Administración de Empresas y Derecho,Educación Comercial y Administración,Técnico de Nivel Superior,Carreras Técnicas,NO ACREDITADA
2025|I312S1C121J4V1,I312S1C121J4V1,TECNICO DE NIVEL SUPERIOR EN COMERCIO EXTERIOR Y MERCADOS DIGITALES,Administración y Comercio,Administración de Empresas y Derecho,Educación Comercial y Administración,Técnico de Nivel Superior,Carreras Técnicas,NO ACREDITADA
2025|I312S1C121J4V2,I312S1C121J4V2,TECNICO DE NIVEL SUPERIOR EN COMERCIO EXTERIOR Y MERCADOS DIGITALES,Administración y Comercio,Administración de Empresas y Derecho,Educación Comercial y Administración,Técnico de Nivel Superior,Carreras Técnicas,NO ACREDITADA
2026|I312S1C121J4V1,I312S1C121J4V1,TECNICO DE NIVEL SUPERIOR EN COMERCIO EXTERIOR Y MERCADOS DIGITALES,Administración y Comercio,Administración de Empresas y Derecho,Educación Comercial y Administración,Técnico de Nivel Superior,Carreras Técnicas,NO ACREDITADA
2026|I312S1C121J4V2,I312S1C121J4V2,TECNICO DE NIVEL SUPERIOR EN COMERCIO EXTERIOR Y MERCADOS DIGITALES,Administración y Comercio,Administración de Empresas y Derecho,Educación Comercial y Administración,Técnico de Nivel Superior,Carreras Técnicas,NO ACREDITADA
2023|I113S7C259J4V1,I113S7C259J4V1,TECNICO DE NIVEL SUPERIOR EN CONTABILIDAD GENERAL,Administración y Comercio,Administración de Empresas y Derecho,Educación Comercial y Administración,Técnico de Nivel Superior,Carreras Técnicas,NO ACREDITADA
2023|I312S1C13J4V2,I312S1C13J4V2,TECNICO DE NIVEL SUPERIOR EN CONTABILIDAD GENERAL,Administración y Comercio,Administración de Empresas y Derecho,Educación Comercial y Administración,Técnico de Nivel Superior,Carreras Técnicas,NO ACREDITADA
2024|I113S7C259J4V1,I113S7C259J4V1,TECNICO DE NIVEL SUPERIOR EN CONTABILIDAD GENERAL,Administración y Comercio,Administración de Empresas y Derecho,Educación Comercial y Administración,Técnico de Nivel Superior,Carreras Técnicas,NO ACREDITADA
2024|I312S1C13J4V1,I312S1C13J4V1,TECNICO DE NIVEL SUPERIOR EN CONTABILIDAD GENERAL,Administración y Comercio,Administración de Empresas y Derecho,Educación Comercial y Administración,Técnico de Nivel Superior,Carreras Técnicas,NO ACREDITADA
2024|I312S1C13J4V2,I312S1C13J4V2,TECNICO DE NIVEL SUPERIOR EN CONTABILIDAD GENERAL,Administración y Comercio,Administración de Empresas y Derecho,Educación Comercial y Administración,Técnico de Nivel Superior,Carreras Técnicas,NO ACREDITADA
2024|I629S0C115J4V1,I629S0C115J4V1,TECNICO DE NIVEL SUPERIOR EN CONTABILIDAD GENERAL,Administración y Comercio,Administración de Empresas y Derecho,Educación Comercial y Administración,Técnico de Nivel Superior,Carreras Técnicas,NO ACREDITADA
2025|I113S13C259J4V1,I113S13C259J4V1,TECNICO DE NIVEL SUPERIOR EN CONTABILIDAD GENERAL,Administración y Comercio,Administración de Empresas y Derecho,Educación Comercial y Administración,Técnico de Nivel Superior,Carreras Técnicas,NO ACREDITADA
2025|I113S7C259J4V1,I113S7C259J4V1,TECNICO DE NIVEL SUPERIOR EN CONTABILIDAD GENERAL,Administración y Comercio,Administración de Empresas y Derecho,Educación Comercial y Administración,Técnico de Nivel Superior,Carreras Técnicas,NO ACREDITADA
2025|I312S1C13J4V1,I312S1C13J4V1,TECNICO DE NIVEL SUPERIOR EN CONTABILIDAD GENERAL,Administración y Comercio,Administración de Empresas y Derecho,Educación Comercial y Administración,Técnico de Nivel Superior,Carreras Técnicas,NO ACREDITADA
2025|I312S1C13J4V2,I312S1C13J4V2,TECNICO DE NIVEL SUPERIOR EN CONTABILIDAD GENERAL,Administración y Comercio,Administración de Empresas y Derecho,Educación Comercial y Administración,Técnico de Nivel Superior,Carreras Técnicas,NO ACREDITADA
2025|I629S0C115J4V1,I629S0C115J4V1,TECNICO DE NIVEL SUPERIOR EN CONTABILIDAD GENERAL,Administración y Comercio,Administración de Empresas y Derecho,Educación Comercial y Administración,Técnico de Nivel Superior,Carreras Técnicas,NO ACREDITADA
2026|I113S13C259J4V1,I113S13C259J4V1,TECNICO DE NIVEL SUPERIOR EN CONTABILIDAD GENERAL,Administración y Comercio,Administración de Empresas y Derecho,Educación Comercial y Administración,Técnico de Nivel Superior,Carreras Técnicas,NO ACREDITADA
2026|I113S7C259J4V1,I113S7C259J4V1,TECNICO DE NIVEL SUPERIOR EN CONTABILIDAD GENERAL,Administración y Comercio,Administración de Empresas y Derecho,Educación Comercial y Administración,Técnico de Nivel Superior,Carreras Técnicas,NO ACREDITADA
2026|I312S1C13J4V1,I312S1C13J4V1,TECNICO DE NIVEL SUPERIOR EN CONTABILIDAD GENERAL,Administración y Comercio,Administración de Empresas y Derecho,Educación Comercial y Administración,Técnico de Nivel Superior,Carreras Técnicas,NO ACREDITADA
2026|I312S1C13J4V2,I312S1C13J4V2,TECNICO DE NIVEL SUPERIOR EN CONTABILIDAD GENERAL,Administración y Comercio,Administración de Empresas y Derecho,Educación Comercial y Administración,Técnico de Nivel Superior,Carreras Técnicas,NO ACREDITADA
2026|I629S0C115J4V1,I629S0C115J4V1,TECNICO DE NIVEL SUPERIOR EN CONTABILIDAD GENERAL,Administración y Comercio,Administración de Empresas y Derecho,Educación Comercial y Administración,Técnico de Nivel Superior,Carreras Técnicas,NO ACREDITADA
2023|I312S1C83J4V1,I312S1C83J4V1,TECNICO DE NIVEL SUPERIOR EN CONTABILIDAD GENERAL MENCION CONTABILIDAD PUBLICA,Administración y Comercio,Administración de Empresas y Derecho,Educación Comercial y Administración,Técnico de Nivel Superior,Carreras Técnicas,NO ACREDITADA
2023|I312S1C83J4V4,I312S1C83J4V4,TECNICO DE NIVEL SUPERIOR EN CONTABILIDAD GENERAL MENCION CONTABILIDAD PUBLICA,Administración y Comercio,Administración de Empresas y Derecho,Educación Comercial y Administración,Técnico de Nivel Superior,Carreras Técnicas,NO ACREDITADA
2024|I312S1C83J4V1,I312S1C83J4V1,TECNICO DE NIVEL SUPERIOR EN CONTABILIDAD GENERAL MENCION CONTABILIDAD PUBLICA,Administración y Comercio,Administración de Empresas y Derecho,Educación Comercial y Administración,Técnico de Nivel Superior,Carreras Técnicas,NO ACREDITADA
2024|I312S1C83J4V2,I312S1C83J4V2,TECNICO DE NIVEL SUPERIOR EN CONTABILIDAD GENERAL MENCION CONTABILIDAD PUBLICA,Administración y Comercio,Administración de Empresas y Derecho,Educación Comercial y Administración,Técnico de Nivel Superior,Carreras Técnicas,NO ACREDITADA
2025|I312S1C83J4V1,I312S1C83J4V1,TECNICO DE NIVEL SUPERIOR EN CONTABILIDAD GENERAL MENCION CONTABILIDAD PUBLICA,Administración y Comercio,Administración de Empresas y Derecho,Educación Comercial y Administración,Técnico de Nivel Superior,Carreras Técnicas,NO ACREDITADA
2023|I633S0C96J4V1,I633S0C96J4V1,TECNICO DE NIVEL SUPERIOR EN CONTABILIDAD Y GESTION DE NEGOCIOS,Administración y Comercio,Administración de Empresas y Derecho,Educación Comercial y Administración,Técnico de Nivel Superior,Carreras Técnicas,NO ACREDITADA
2024|I633S0C96J4V1,I633S0C96J4V1,TECNICO DE NIVEL SUPERIOR EN CONTABILIDAD Y GESTION DE NEGOCIOS,Administración y Comercio,Administración de Empresas y Derecho,Educación Comercial y Administración,Técnico de Nivel Superior,Carreras Técnicas,NO ACREDITADA
2023|I106S6C265J4V1,I106S6C265J4V1,TECNICO DE NIVEL SUPERIOR EN CONTROL DE GESTION,Administración y Comercio,Administración de Empresas y Derecho,Educación Comercial y Administración,Técnico de Nivel Superior,Carreras Técnicas,NO ACREDITADA
2024|I106S6C265J4V1,I106S6C265J4V1,TECNICO DE NIVEL SUPERIOR EN CONTROL DE GESTION,Administración y Comercio,Administración de Empresas y Derecho,Educación Comercial y Administración,Técnico de Nivel Superior,Carreras Técnicas,NO ACREDITADA
2024|I106S6C265J4V3,I106S6C265J4V3,TECNICO DE NIVEL SUPERIOR EN CONTROL DE GESTION,Administración y Comercio,Administración de Empresas y Derecho,Educación Comercial y Administración,Técnico de Nivel Superior,Carreras Técnicas,NO ACREDITADA
2025|I106S6C265J4V1,I106S6C265J4V1,TECNICO DE NIVEL SUPERIOR EN CONTROL DE GESTION,Administración y Comercio,Administración de Empresas y Derecho,Educación Comercial y Administración,Técnico de Nivel Superior,Carreras Técnicas,NO ACREDITADA
2025|I106S6C265J4V2,I106S6C265J4V2,TECNICO DE NIVEL SUPERIOR EN CONTROL DE GESTION,Administración y Comercio,Administración de Empresas y Derecho,Educación Comercial y Administración,Técnico de Nivel Superior,Carreras Técnicas,NO ACREDITADA
2025|I106S6C265J4V3,I106S6C265J4V3,TECNICO DE NIVEL SUPERIOR EN CONTROL DE GESTION,Administración y Comercio,Administración de Empresas y Derecho,Educación Comercial y Administración,Técnico de Nivel Superior,Carreras Técnicas,NO ACREDITADA
2026|I106S6C265J4V3,I106S6C265J4V3,TECNICO DE NIVEL SUPERIOR EN CONTROL DE GESTION,Administración y Comercio,Administración de Empresas y Derecho,Educación Comercial y Administración,Técnico de Nivel Superior,Carreras Técnicas,NO ACREDITADA
2023|I106S6C328J4V1,I106S6C328J4V1,TECNICO DE NIVEL SUPERIOR EN CUSTOMER EXPERIENCE,Administración y Comercio,Administración de Empresas y Derecho,Educación Comercial y Administración,Técnico de Nivel Superior,Carreras Técnicas,NO ACREDITADA
2024|I106S6C328J4V1,I106S6C328J4V1,TECNICO DE NIVEL SUPERIOR EN CUSTOMER EXPERIENCE,Administración y Comercio,Administración de Empresas y Derecho,Educación Comercial y Administración,Técnico de Nivel Superior,Carreras Técnicas,NO ACREDITADA
2024|I106S6C328J4V2,I106S6C328J4V2,TECNICO DE NIVEL SUPERIOR EN CUSTOMER EXPERIENCE,Administración y Comercio,Administración de Empresas y Derecho,Educación Comercial y Administración,Técnico de Nivel Superior,Carreras Técnicas,NO ACREDITADA
2025|I106S6C328J4V2,I106S6C328J4V2,TECNICO DE NIVEL SUPERIOR EN CUSTOMER EXPERIENCE,Administración y Comercio,Administración de Empresas y Derecho,Educación Comercial y Administración,Técnico de Nivel Superior,Carreras Técnicas,NO ACREDITADA
2026|I106S6C328J4V2,I106S6C328J4V2,TECNICO DE NIVEL SUPERIOR EN CUSTOMER EXPERIENCE,Administración y Comercio,Administración de Empresas y Derecho,Educación Comercial y Administración,Técnico de Nivel Superior,Carreras Técnicas,NO ACREDITADA
2023|I730S1C8J3V1,I730S1C8J3V1,TECNICO DE NIVEL SUPERIOR EN GASTRONOMIA INTERNACIONAL MENCION GASTRONOMIA FRANCESA,Administración y Comercio,Servicios,Servicios personales,Técnico de Nivel Superior,Carreras Técnicas,NO ACREDITADA
2024|I730S1C8J3V1,I730S1C8J3V1,TECNICO DE NIVEL SUPERIOR EN GASTRONOMIA INTERNACIONAL MENCION GASTRONOMIA FRANCESA,Administración y Comercio,Servicios,Servicios personales,Técnico de Nivel Superior,Carreras Técnicas,NO ACREDITADA
2025|I730S1C8J3V1,I730S1C8J3V1,TECNICO DE NIVEL SUPERIOR EN GASTRONOMIA INTERNACIONAL MENCION GASTRONOMIA FRANCESA,Administración y Comercio,Servicios,Servicios personales,Técnico de Nivel Superior,Carreras Técnicas,NO ACREDITADA
2026|I730S1C8J3V1,I730S1C8J3V1,TECNICO DE NIVEL SUPERIOR EN GASTRONOMIA INTERNACIONAL MENCION GASTRONOMIA FRANCESA,Administración y Comercio,Servicios,Servicios personales,Técnico de Nivel Superior,Carreras Técnicas,NO ACREDITADA
2023|I730S1C9J3V1,I730S1C9J3V1,TECNICO DE NIVEL SUPERIOR EN GASTRONOMIA INTERNACIONAL MENCION PANADERIA,Administración y Comercio,Servicios,Servicios personales,Técnico de Nivel Superior,Carreras Técnicas,NO ACREDITADA
2024|I730S1C9J3V1,I730S1C9J3V1,TECNICO DE NIVEL SUPERIOR EN GASTRONOMIA INTERNACIONAL MENCION PANADERIA,Administración y Comercio,Servicios,Servicios personales,Técnico de Nivel Superior,Carreras Técnicas,NO ACREDITADA
2025|I730S1C9J3V1,I730S1C9J3V1,TECNICO DE NIVEL SUPERIOR EN GASTRONOMIA INTERNACIONAL MENCION PANADERIA,Administración y Comercio,Servicios,Servicios personales,Técnico de Nivel Superior,Carreras Técnicas,NO ACREDITADA
2026|I730S1C9J3V1,I730S1C9J3V1,TECNICO DE NIVEL SUPERIOR EN GASTRONOMIA INTERNACIONAL MENCION PANADERIA,Administración y Comercio,Servicios,Servicios personales,Técnico de Nivel Superior,Carreras Técnicas,NO ACREDITADA
2025|I730S1C13J3V1,I730S1C13J3V1,TECNICO DE NIVEL SUPERIOR EN GASTRONOMIA INTERNACIONAL MENCION PASTELERIA FRANCESA,Administración y Comercio,Servicios,Servicios personales,Técnico de Nivel Superior,Carreras Técnicas,NO ACREDITADA
2026|I730S1C13J3V1,I730S1C13J3V1,TECNICO DE NIVEL SUPERIOR EN GASTRONOMIA INTERNACIONAL MENCION PASTELERIA FRANCESA,Administración y Comercio,Servicios,Servicios personales,Técnico de Nivel Superior,Carreras Técnicas,NO ACREDITADA
2023|I312S1C86J4V1,I312S1C86J4V1,TECNICO DE NIVEL SUPERIOR EN GESTION DE INSTITUCIONES DE SALUD,Administración y Comercio,Administración de Empresas y Derecho,Educación Comercial y Administración,Técnico de Nivel Superior,Carreras Técnicas,NO ACREDITADA
2023|I312S1C86J4V2,I312S1C86J4V2,TECNICO DE NIVEL SUPERIOR EN GESTION DE INSTITUCIONES DE SALUD,Administración y Comercio,Administración de Empresas y Derecho,Educación Comercial y Administración,Técnico de Nivel Superior,Carreras Técnicas,NO ACREDITADA
2023|I312S1C86J4V3,I312S1C86J4V3,TECNICO DE NIVEL SUPERIOR EN GESTION DE INSTITUCIONES DE SALUD,Administración y Comercio,Administración de Empresas y Derecho,Educación Comercial y Administración,Técnico de Nivel Superior,Carreras Técnicas,NO ACREDITADA
2024|I312S1C86J4V1,I312S1C86J4V1,TECNICO DE NIVEL SUPERIOR EN GESTION DE INSTITUCIONES DE SALUD,Administración y Comercio,Administración de Empresas y Derecho,Educación Comercial y Administración,Técnico de Nivel Superior,Carreras Técnicas,NO ACREDITADA
2024|I312S1C86J4V2,I312S1C86J4V2,TECNICO DE NIVEL SUPERIOR EN GESTION DE INSTITUCIONES DE SALUD,Administración y Comercio,Administración de Empresas y Derecho,Educación Comercial y Administración,Técnico de Nivel Superior,Carreras Técnicas,NO ACREDITADA
2024|I312S1C86J4V3,I312S1C86J4V3,TECNICO DE NIVEL SUPERIOR EN GESTION DE INSTITUCIONES DE SALUD,Administración y Comercio,Administración de Empresas y Derecho,Educación Comercial y Administración,Técnico de Nivel Superior,Carreras Técnicas,NO ACREDITADA
2025|I312S1C86J4V1,I312S1C86J4V1,TECNICO DE NIVEL SUPERIOR EN GESTION DE INSTITUCIONES DE SALUD,Administración y Comercio,Administración de Empresas y Derecho,Educación Comercial y Administración,Técnico de Nivel Superior,Carreras Técnicas,NO ACREDITADA
2025|I312S1C86J4V3,I312S1C86J4V3,TECNICO DE NIVEL SUPERIOR EN GESTION DE INSTITUCIONES DE SALUD,Administración y Comercio,Administración de Empresas y Derecho,Educación Comercial y Administración,Técnico de Nivel Superior,Carreras Técnicas,NO ACREDITADA
2026|I312S1C86J4V1,I312S1C86J4V1,TECNICO DE NIVEL SUPERIOR EN GESTION DE INSTITUCIONES DE SALUD,Administración y Comercio,Administración de Empresas y Derecho,Educación Comercial y Administración,Técnico de Nivel Superior,Carreras Técnicas,NO ACREDITADA
2026|I312S1C86J4V3,I312S1C86J4V3,TECNICO DE NIVEL SUPERIOR EN GESTION DE INSTITUCIONES DE SALUD,Administración y Comercio,Administración de Empresas y Derecho,Educación Comercial y Administración,Técnico de Nivel Superior,Carreras Técnicas,NO ACREDITADA
2023|I123S1C204J4V1,I123S1C204J4V1,TECNICO DE NIVEL SUPERIOR EN GESTION DE NEGOCIOS DIGITALES,Administración y Comercio,Administración de Empresas y Derecho,Educación Comercial y Administración,Técnico de Nivel Superior,Carreras Técnicas,NO ACREDITADA
2023|I123S2C204J4V1,I123S2C204J4V1,TECNICO DE NIVEL SUPERIOR EN GESTION DE NEGOCIOS DIGITALES,Administración y Comercio,Administración de Empresas y Derecho,Educación Comercial y Administración,Técnico de Nivel Superior,Carreras Técnicas,NO ACREDITADA
2024|I123S2C204J4V1,I123S2C204J4V1,TECNICO DE NIVEL SUPERIOR EN GESTION DE NEGOCIOS DIGITALES,Administración y Comercio,Administración de Empresas y Derecho,Educación Comercial y Administración,Técnico de Nivel Superior,Carreras Técnicas,NO ACREDITADA
2025|I123S2C204J4V1,I123S2C204J4V1,TECNICO DE NIVEL SUPERIOR EN GESTION DE NEGOCIOS DIGITALES,Administración y Comercio,Administración de Empresas y Derecho,Educación Comercial y Administración,Técnico de Nivel Superior,Carreras Técnicas,NO ACREDITADA
2025|I113S13C602J4V1,I113S13C602J4V1,TECNICO DE NIVEL SUPERIOR EN GESTION DE SEGURIDAD Y VIGILANCIA PRIVADA,Administración y Comercio,Servicios,Servicios de Seguridad,Técnico de Nivel Superior,Carreras Técnicas,NO ACREDITADA
2026|I113S13C602J4V1,I113S13C602J4V1,TECNICO DE NIVEL SUPERIOR EN GESTION DE SEGURIDAD Y VIGILANCIA PRIVADA,Administración y Comercio,Servicios,Servicios de Seguridad,Técnico de Nivel Superior,Carreras Técnicas,NO ACREDITADA
2026|I113S7C602J4V1,I113S7C602J4V1,TECNICO DE NIVEL SUPERIOR EN GESTION DE SEGURIDAD Y VIGILANCIA PRIVADA,Administración y Comercio,Servicios,Servicios de Seguridad,Técnico de Nivel Superior,Carreras Técnicas,NO ACREDITADA
2023|I113S7C496J4V1,I113S7C496J4V1,TECNICO DE NIVEL SUPERIOR EN GESTION LOGISTICA,Administración y Comercio,Administración de Empresas y Derecho,Educación Comercial y Administración,Técnico de Nivel Superior,Carreras Técnicas,NO ACREDITADA
2024|I113S7C496J4V1,I113S7C496J4V1,TECNICO DE NIVEL SUPERIOR EN GESTION LOGISTICA,Administración y Comercio,Administración de Empresas y Derecho,Educación Comercial y Administración,Técnico de Nivel Superior,Carreras Técnicas,NO ACREDITADA
2025|I113S13C496J4V1,I113S13C496J4V1,TECNICO DE NIVEL SUPERIOR EN GESTION LOGISTICA,Administración y Comercio,Administración de Empresas y Derecho,Educación Comercial y Administración,Técnico de Nivel Superior,Carreras Técnicas,NO ACREDITADA
2025|I113S7C496J4V1,I113S7C496J4V1,TECNICO DE NIVEL SUPERIOR EN GESTION LOGISTICA,Administración y Comercio,Administración de Empresas y Derecho,Educación Comercial y Administración,Técnico de Nivel Superior,Carreras Técnicas,NO ACREDITADA
2026|I113S13C496J4V1,I113S13C496J4V1,TECNICO DE NIVEL SUPERIOR EN GESTION LOGISTICA,Administración y Comercio,Administración de Empresas y Derecho,Educación Comercial y Administración,Técnico de Nivel Superior,Carreras Técnicas,NO ACREDITADA
2026|I113S7C496J4V1,I113S7C496J4V1,TECNICO DE NIVEL SUPERIOR EN GESTION LOGISTICA,Administración y Comercio,Administración de Empresas y Derecho,Educación Comercial y Administración,Técnico de Nivel Superior,Carreras Técnicas,NO ACREDITADA
2023|I106S6C268J4V1,I106S6C268J4V1,TECNICO DE NIVEL SUPERIOR EN GESTION TURISTICA,Administración y Comercio,Servicios,Servicios personales,Técnico de Nivel Superior,Carreras Técnicas,NO ACREDITADA
2024|I106S6C268J4V1,I106S6C268J4V1,TECNICO DE NIVEL SUPERIOR EN GESTION TURISTICA,Administración y Comercio,Servicios,Servicios personales,Técnico de Nivel Superior,Carreras Técnicas,NO ACREDITADA
2024|I106S6C268J4V2,I106S6C268J4V2,TECNICO DE NIVEL SUPERIOR EN GESTION TURISTICA,Administración y Comercio,Servicios,Servicios personales,Técnico de Nivel Superior,Carreras Técnicas,NO ACREDITADA
2025|I106S6C268J4V1,I106S6C268J4V1,TECNICO DE NIVEL SUPERIOR EN GESTION TURISTICA,Administración y Comercio,Servicios,Servicios personales,Técnico de Nivel Superior,Carreras Técnicas,NO ACREDITADA
2025|I106S6C268J4V2,I106S6C268J4V2,TECNICO DE NIVEL SUPERIOR EN GESTION TURISTICA,Administración y Comercio,Servicios,Servicios personales,Técnico de Nivel Superior,Carreras Técnicas,NO ACREDITADA
2026|I106S6C268J4V2,I106S6C268J4V2,TECNICO DE NIVEL SUPERIOR EN GESTION TURISTICA,Administración y Comercio,Servicios,Servicios personales,Técnico de Nivel Superior,Carreras Técnicas,NO ACREDITADA
2023|I106S6C329J4V1,I106S6C329J4V1,TECNICO DE NIVEL SUPERIOR EN INBOUND MARKETING,Administración y Comercio,Administración de Empresas y Derecho,Educación Comercial y Administración,Técnico de Nivel Superior,Carreras Técnicas,NO ACREDITADA
2024|I106S6C329J4V1,I106S6C329J4V1,TECNICO DE NIVEL SUPERIOR EN INBOUND MARKETING,Administración y Comercio,Administración de Empresas y Derecho,Educación Comercial y Administración,Técnico de Nivel Superior,Carreras Técnicas,NO ACREDITADA
2024|I106S6C329J4V2,I106S6C329J4V2,TECNICO DE NIVEL SUPERIOR EN INBOUND MARKETING,Administración y Comercio,Administración de Empresas y Derecho,Educación Comercial y Administración,Técnico de Nivel Superior,Carreras Técnicas,NO ACREDITADA
2025|I106S6C329J4V1,I106S6C329J4V1,TECNICO DE NIVEL SUPERIOR EN INBOUND MARKETING,Administración y Comercio,Administración de Empresas y Derecho,Educación Comercial y Administración,Técnico de Nivel Superior,Carreras Técnicas,NO ACREDITADA
2025|I106S6C329J4V2,I106S6C329J4V2,TECNICO DE NIVEL SUPERIOR EN INBOUND MARKETING,Administración y Comercio,Administración de Empresas y Derecho,Educación Comercial y Administración,Técnico de Nivel Superior,Carreras Técnicas,NO ACREDITADA
2026|I106S6C329J4V2,I106S6C329J4V2,TECNICO DE NIVEL SUPERIOR EN INBOUND MARKETING,Administración y Comercio,Administración de Empresas y Derecho,Educación Comercial y Administración,Técnico de Nivel Superior,Carreras Técnicas,NO ACREDITADA
2023|I117S1C60J4V1,I117S1C60J4V1,TECNICO DE NIVEL SUPERIOR EN LOGISTICA,Administración y Comercio,Administración de Empresas y Derecho,Educación Comercial y Administración,Técnico de Nivel Superior,Carreras Técnicas,NO ACREDITADA
2023|I629S0C100J4V1,I629S0C100J4V1,TECNICO DE NIVEL SUPERIOR EN LOGISTICA,Administración y Comercio,Administración de Empresas y Derecho,Educación Comercial y Administración,Técnico de Nivel Superior,Carreras Técnicas,NO ACREDITADA
2024|I117S1C60J4V1,I117S1C60J4V1,TECNICO DE NIVEL SUPERIOR EN LOGISTICA,Administración y Comercio,Administración de Empresas y Derecho,Educación Comercial y Administración,Técnico de Nivel Superior,Carreras Técnicas,NO ACREDITADA
2024|I629S0C100J4V1,I629S0C100J4V1,TECNICO DE NIVEL SUPERIOR EN LOGISTICA,Administración y Comercio,Administración de Empresas y Derecho,Educación Comercial y Administración,Técnico de Nivel Superior,Carreras Técnicas,NO ACREDITADA
2025|I117S1C60J4V1,I117S1C60J4V1,TECNICO DE NIVEL SUPERIOR EN LOGISTICA,Administración y Comercio,Administración de Empresas y Derecho,Educación Comercial y Administración,Técnico de Nivel Superior,Carreras Técnicas,NO ACREDITADA
2025|I629S0C100J4V1,I629S0C100J4V1,TECNICO DE NIVEL SUPERIOR EN LOGISTICA,Administración y Comercio,Administración de Empresas y Derecho,Educación Comercial y Administración,Técnico de Nivel Superior,Carreras Técnicas,NO ACREDITADA
2026|I629S0C100J4V1,I629S0C100J4V1,TECNICO DE NIVEL SUPERIOR EN LOGISTICA,Administración y Comercio,Administración de Empresas y Derecho,Educación Comercial y Administración,Técnico de Nivel Superior,Carreras Técnicas,NO ACREDITADA
2023|I176S7C874J4V1,I176S7C874J4V1,TECNICO DE NIVEL SUPERIOR EN LOGISTICA Y OPERACIONES INDUSTRIALES,Administración y Comercio,Administración de Empresas y Derecho,Educación Comercial y Administración,Técnico de Nivel Superior,Carreras Técnicas,NO ACREDITADA
2024|I176S7C874J4V1,I176S7C874J4V1,TECNICO DE NIVEL SUPERIOR EN LOGISTICA Y OPERACIONES INDUSTRIALES,Administración y Comercio,Administración de Empresas y Derecho,Educación Comercial y Administración,Técnico de Nivel Superior,Carreras Técnicas,NO ACREDITADA
2023|I106S6C330J4V1,I106S6C330J4V1,TECNICO DE NIVEL SUPERIOR EN MARKETING DIGITAL,Administración y Comercio,Administración de Empresas y Derecho,Educación Comercial y Administración,Técnico de Nivel Superior,Carreras Técnicas,NO ACREDITADA
2023|I113S7C542J4V2,I113S7C542J4V2,TECNICO DE NIVEL SUPERIOR EN MARKETING DIGITAL,Administración y Comercio,Administración de Empresas y Derecho,Educación Comercial y Administración,Técnico de Nivel Superior,Carreras Técnicas,NO ACREDITADA
2023|I312S1C124J4V1,I312S1C124J4V1,TECNICO DE NIVEL SUPERIOR EN MARKETING DIGITAL,Administración y Comercio,Administración de Empresas y Derecho,Educación Comercial y Administración,Técnico de Nivel Superior,Carreras Técnicas,NO ACREDITADA
2023|I312S1C124J4V2,I312S1C124J4V2,TECNICO DE NIVEL SUPERIOR EN MARKETING DIGITAL,Administración y Comercio,Administración de Empresas y Derecho,Educación Comercial y Administración,Técnico de Nivel Superior,Carreras Técnicas,NO ACREDITADA
2024|I106S6C330J4V1,I106S6C330J4V1,TECNICO DE NIVEL SUPERIOR EN MARKETING DIGITAL,Administración y Comercio,Administración de Empresas y Derecho,Educación Comercial y Administración,Técnico de Nivel Superior,Carreras Técnicas,NO ACREDITADA
2024|I106S6C330J4V2,I106S6C330J4V2,TECNICO DE NIVEL SUPERIOR EN MARKETING DIGITAL,Administración y Comercio,Administración de Empresas y Derecho,Educación Comercial y Administración,Técnico de Nivel Superior,Carreras Técnicas,NO ACREDITADA
2024|I113S7C542J4V2,I113S7C542J4V2,TECNICO DE NIVEL SUPERIOR EN MARKETING DIGITAL,Administración y Comercio,Administración de Empresas y Derecho,Educación Comercial y Administración,Técnico de Nivel Superior,Carreras Técnicas,NO ACREDITADA
2024|I117S1C121J4V1,I117S1C121J4V1,TECNICO DE NIVEL SUPERIOR EN MARKETING DIGITAL,Administración y Comercio,Administración de Empresas y Derecho,Educación Comercial y Administración,Técnico de Nivel Superior,Carreras Técnicas,NO ACREDITADA
2024|I312S1C124J4V1,I312S1C124J4V1,TECNICO DE NIVEL SUPERIOR EN MARKETING DIGITAL,Administración y Comercio,Administración de Empresas y Derecho,Educación Comercial y Administración,Técnico de Nivel Superior,Carreras Técnicas,NO ACREDITADA
2024|I312S1C124J4V2,I312S1C124J4V2,TECNICO DE NIVEL SUPERIOR EN MARKETING DIGITAL,Administración y Comercio,Administración de Empresas y Derecho,Educación Comercial y Administración,Técnico de Nivel Superior,Carreras Técnicas,NO ACREDITADA
2025|I106S6C330J4V1,I106S6C330J4V1,TECNICO DE NIVEL SUPERIOR EN MARKETING DIGITAL,Administración y Comercio,Administración de Empresas y Derecho,Educación Comercial y Administración,Técnico de Nivel Superior,Carreras Técnicas,NO ACREDITADA
2025|I106S6C330J4V2,I106S6C330J4V2,TECNICO DE NIVEL SUPERIOR EN MARKETING DIGITAL,Administración y Comercio,Administración de Empresas y Derecho,Educación Comercial y Administración,Técnico de Nivel Superior,Carreras Técnicas,NO ACREDITADA
2025|I113S13C542J4V2,I113S13C542J4V2,TECNICO DE NIVEL SUPERIOR EN MARKETING DIGITAL,Administración y Comercio,Administración de Empresas y Derecho,Educación Comercial y Administración,Técnico de Nivel Superior,Carreras Técnicas,NO ACREDITADA
2025|I113S7C542J4V2,I113S7C542J4V2,TECNICO DE NIVEL SUPERIOR EN MARKETING DIGITAL,Administración y Comercio,Administración de Empresas y Derecho,Educación Comercial y Administración,Técnico de Nivel Superior,Carreras Técnicas,NO ACREDITADA
2025|I117S1C121J4V1,I117S1C121J4V1,TECNICO DE NIVEL SUPERIOR EN MARKETING DIGITAL,Administración y Comercio,Administración de Empresas y Derecho,Educación Comercial y Administración,Técnico de Nivel Superior,Carreras Técnicas,NO ACREDITADA
2025|I312S1C124J4V1,I312S1C124J4V1,TECNICO DE NIVEL SUPERIOR EN MARKETING DIGITAL,Administración y Comercio,Administración de Empresas y Derecho,Educación Comercial y Administración,Técnico de Nivel Superior,Carreras Técnicas,NO ACREDITADA
2025|I312S1C124J4V2,I312S1C124J4V2,TECNICO DE NIVEL SUPERIOR EN MARKETING DIGITAL,Administración y Comercio,Administración de Empresas y Derecho,Educación Comercial y Administración,Técnico de Nivel Superior,Carreras Técnicas,NO ACREDITADA
2026|I106S6C330J4V2,I106S6C330J4V2,TECNICO DE NIVEL SUPERIOR EN MARKETING DIGITAL,Administración y Comercio,Administración de Empresas y Derecho,Educación Comercial y Administración,Técnico de Nivel Superior,Carreras Técnicas,NO ACREDITADA
2026|I113S7C542J4V2,I113S7C542J4V2,TECNICO DE NIVEL SUPERIOR EN MARKETING DIGITAL,Administración y Comercio,Administración de Empresas y Derecho,Educación Comercial y Administración,Técnico de Nivel Superior,Carreras Técnicas,NO ACREDITADA
2026|I312S1C124J4V1,I312S1C124J4V1,TECNICO DE NIVEL SUPERIOR EN MARKETING DIGITAL,Administración y Comercio,Administración de Empresas y Derecho,Educación Comercial y Administración,Técnico de Nivel Superior,Carreras Técnicas,NO ACREDITADA
2023|I106S6C343J4V1,I106S6C343J4V1,TECNICO DE NIVEL SUPERIOR EN QUALITY ASSURANCE,Administración y Comercio,Administración de Empresas y Derecho,Educación Comercial y Administración,Técnico de Nivel Superior,Carreras Técnicas,NO ACREDITADA
2024|I106S6C343J4V1,I106S6C343J4V1,TECNICO DE NIVEL SUPERIOR EN QUALITY ASSURANCE,Administración y Comercio,Administración de Empresas y Derecho,Educación Comercial y Administración,Técnico de Nivel Superior,Carreras Técnicas,NO ACREDITADA
2024|I106S6C343J4V2,I106S6C343J4V2,TECNICO DE NIVEL SUPERIOR EN QUALITY ASSURANCE,Administración y Comercio,Administración de Empresas y Derecho,Educación Comercial y Administración,Técnico de Nivel Superior,Carreras Técnicas,NO ACREDITADA
2025|I106S6C343J4V1,I106S6C343J4V1,TECNICO DE NIVEL SUPERIOR EN QUALITY ASSURANCE,Administración y Comercio,Administración de Empresas y Derecho,Educación Comercial y Administración,Técnico de Nivel Superior,Carreras Técnicas,NO ACREDITADA
2025|I106S6C343J4V2,I106S6C343J4V2,TECNICO DE NIVEL SUPERIOR EN QUALITY ASSURANCE,Administración y Comercio,Administración de Empresas y Derecho,Educación Comercial y Administración,Técnico de Nivel Superior,Carreras Técnicas,NO ACREDITADA
2026|I106S6C343J4V2,I106S6C343J4V2,TECNICO DE NIVEL SUPERIOR EN QUALITY ASSURANCE,Administración y Comercio,Administración de Empresas y Derecho,Educación Comercial y Administración,Técnico de Nivel Superior,Carreras Técnicas,NO ACREDITADA
2023|I106S6C341J4V1,I106S6C341J4V1,TECNICO DE NIVEL SUPERIOR EN RECLUTAMIENTO Y ATRACCION DE TALENTO,Administración y Comercio,Administración de Empresas y Derecho,Educación Comercial y Administración,Técnico de Nivel Superior,Carreras Técnicas,NO ACREDITADA
2024|I106S6C341J4V1,I106S6C341J4V1,TECNICO DE NIVEL SUPERIOR EN RECLUTAMIENTO Y ATRACCION DE TALENTO,Administración y Comercio,Administración de Empresas y Derecho,Educación Comercial y Administración,Técnico de Nivel Superior,Carreras Técnicas,NO ACREDITADA
2024|I106S6C341J4V2,I106S6C341J4V2,TECNICO DE NIVEL SUPERIOR EN RECLUTAMIENTO Y ATRACCION DE TALENTO,Administración y Comercio,Administración de Empresas y Derecho,Educación Comercial y Administración,Técnico de Nivel Superior,Carreras Técnicas,NO ACREDITADA
2025|I106S6C341J4V1,I106S6C341J4V1,TECNICO DE NIVEL SUPERIOR EN RECLUTAMIENTO Y ATRACCION DE TALENTO,Administración y Comercio,Administración de Empresas y Derecho,Educación Comercial y Administración,Técnico de Nivel Superior,Carreras Técnicas,NO ACREDITADA
2025|I106S6C341J4V2,I106S6C341J4V2,TECNICO DE NIVEL SUPERIOR EN RECLUTAMIENTO Y ATRACCION DE TALENTO,Administración y Comercio,Administración de Empresas y Derecho,Educación Comercial y Administración,Técnico de Nivel Superior,Carreras Técnicas,NO ACREDITADA
2026|I106S6C341J4V2,I106S6C341J4V2,TECNICO DE NIVEL SUPERIOR EN RECLUTAMIENTO Y ATRACCION DE TALENTO,Administración y Comercio,Administración de Empresas y Derecho,Educación Comercial y Administración,Técnico de Nivel Superior,Carreras Técnicas,NO ACREDITADA
2023|I117S1C61J4V1,I117S1C61J4V1,TECNICO DE NIVEL SUPERIOR EN RECURSOS HUMANOS,Administración y Comercio,Administración de Empresas y Derecho,Educación Comercial y Administración,Técnico de Nivel Superior,Carreras Técnicas,NO ACREDITADA
2024|I117S1C61J4V1,I117S1C61J4V1,TECNICO DE NIVEL SUPERIOR EN RECURSOS HUMANOS,Administración y Comercio,Administración de Empresas y Derecho,Educación Comercial y Administración,Técnico de Nivel Superior,Carreras Técnicas,NO ACREDITADA
2025|I117S1C61J4V1,I117S1C61J4V1,TECNICO DE NIVEL SUPERIOR EN RECURSOS HUMANOS,Administración y Comercio,Administración de Empresas y Derecho,Educación Comercial y Administración,Técnico de Nivel Superior,Carreras Técnicas,NO ACREDITADA
2024|I117S1C122J4V1,I117S1C122J4V1,TECNICO DE NIVEL SUPERIOR EN SEGURIDAD PRIVADA,Administración y Comercio,Servicios,Servicios de Seguridad,Técnico de Nivel Superior,Carreras Técnicas,NO ACREDITADA
2025|I117S1C122J4V1,I117S1C122J4V1,TECNICO DE NIVEL SUPERIOR EN SEGURIDAD PRIVADA,Administración y Comercio,Servicios,Servicios de Seguridad,Técnico de Nivel Superior,Carreras Técnicas,NO ACREDITADA
2023|I106S6C331J4V1,I106S6C331J4V1,TECNICO DE NIVEL SUPERIOR EN USER EXPERIENCE,Administración y Comercio,Administración de Empresas y Derecho,Educación Comercial y Administración,Técnico de Nivel Superior,Carreras Técnicas,NO ACREDITADA
2024|I106S6C331J4V1,I106S6C331J4V1,TECNICO DE NIVEL SUPERIOR EN USER EXPERIENCE,Administración y Comercio,Administración de Empresas y Derecho,Educación Comercial y Administración,Técnico de Nivel Superior,Carreras Técnicas,NO ACREDITADA
2024|I106S6C331J4V2,I106S6C331J4V2,TECNICO DE NIVEL SUPERIOR EN USER EXPERIENCE,Administración y Comercio,Administración de Empresas y Derecho,Educación Comercial y Administración,Técnico de Nivel Superior,Carreras Técnicas,NO ACREDITADA
2025|I106S6C331J4V1,I106S6C331J4V1,TECNICO DE NIVEL SUPERIOR EN USER EXPERIENCE,Administración y Comercio,Administración de Empresas y Derecho,Educación Comercial y Administración,Técnico de Nivel Superior,Carreras Técnicas,NO ACREDITADA
2025|I106S6C331J4V2,I106S6C331J4V2,TECNICO DE NIVEL SUPERIOR EN USER EXPERIENCE,Administración y Comercio,Administración de Empresas y Derecho,Educación Comercial y Administración,Técnico de Nivel Superior,Carreras Técnicas,NO ACREDITADA
2026|I106S6C331J4V2,I106S6C331J4V2,TECNICO DE NIVEL SUPERIOR EN USER EXPERIENCE,Administración y Comercio,Administración de Empresas y Derecho,Educación Comercial y Administración,Técnico de Nivel Superior,Carreras Técnicas,NO ACREDITADA
2023|I260S51C120J4V1,I260S51C120J4V1,TECNICO EN ADMINISTRACION,Administración y Comercio,Administración de Empresas y Derecho,Educación Comercial y Administración,Técnico de Nivel Superior,Carreras Técnicas,NO ACREDITADA
2024|I260S51C120J4V1,I260S51C120J4V1,TECNICO EN ADMINISTRACION,Administración y Comercio,Administración de Empresas y Derecho,Educación Comercial y Administración,Técnico de Nivel Superior,Carreras Técnicas,NO ACREDITADA
2025|I260S51C120J4V1,I260S51C120J4V1,TECNICO EN ADMINISTRACION,Administración y Comercio,Administración de Empresas y Derecho,Educación Comercial y Administración,Técnico de Nivel Superior,Carreras Técnicas,NO ACREDITADA
2026|I260S51C120J4V1,I260S51C120J4V1,TECNICO EN ADMINISTRACION,Administración y Comercio,Administración de Empresas y Derecho,Educación Comercial y Administración,Técnico de Nivel Superior,Carreras Técnicas,NO ACREDITADA
2023|I108S1C35J4V1,I108S1C35J4V1,TECNICO EN ADMINISTRACION BILINGÜE A DISTANCIA,Administración y Comercio,Administración de Empresas y Derecho,Educación Comercial y Administración,Técnico de Nivel Superior,Carreras Técnicas,NO ACREDITADA
2024|I108S1C35J4V1,I108S1C35J4V1,TECNICO EN ADMINISTRACION BILINGÜE A DISTANCIA,Administración y Comercio,Administración de Empresas y Derecho,Educación Comercial y Administración,Técnico de Nivel Superior,Carreras Técnicas,NO ACREDITADA
2025|I108S1C35J4V1,I108S1C35J4V1,TECNICO EN ADMINISTRACION BILINGÜE A DISTANCIA,Administración y Comercio,Administración de Empresas y Derecho,Educación Comercial y Administración,Técnico de Nivel Superior,Carreras Técnicas,NO ACREDITADA
2026|I108S1C35J4V1,I108S1C35J4V1,TECNICO EN ADMINISTRACION BILINGÜE A DISTANCIA,Administración y Comercio,Administración de Empresas y Derecho,Educación Comercial y Administración,Técnico de Nivel Superior,Carreras Técnicas,NO ACREDITADA
2023|I123S1C48J4V1,I123S1C48J4V1,TECNICO EN ADMINISTRACION DE EMPRESAS,Administración y Comercio,Administración de Empresas y Derecho,Educación Comercial y Administración,Técnico de Nivel Superior,Carreras Técnicas,NO ACREDITADA
2023|I123S2C48J4V1,I123S2C48J4V1,TECNICO EN ADMINISTRACION DE EMPRESAS,Administración y Comercio,Administración de Empresas y Derecho,Educación Comercial y Administración,Técnico de Nivel Superior,Carreras Técnicas,NO ACREDITADA
2023|I123S3C48J4V1,I123S3C48J4V1,TECNICO EN ADMINISTRACION DE EMPRESAS,Administración y Comercio,Administración de Empresas y Derecho,Educación Comercial y Administración,Técnico de Nivel Superior,Carreras Técnicas,NO ACREDITADA
2023|I123S5C48J4V1,I123S5C48J4V1,TECNICO EN ADMINISTRACION DE EMPRESAS,Administración y Comercio,Administración de Empresas y Derecho,Educación Comercial y Administración,Técnico de Nivel Superior,Carreras Técnicas,NO ACREDITADA
2023|I143S15C651J3V1,I143S15C651J3V1,TECNICO EN ADMINISTRACION DE EMPRESAS,Administración y Comercio,Administración de Empresas y Derecho,Educación Comercial y Administración,Técnico de Nivel Superior,Carreras Técnicas,NO ACREDITADA
2023|I143S26C651J3V1,I143S26C651J3V1,TECNICO EN ADMINISTRACION DE EMPRESAS,Administración y Comercio,Administración de Empresas y Derecho,Educación Comercial y Administración,Técnico de Nivel Superior,Carreras Técnicas,NO ACREDITADA
2023|I143S27C651J3V1,I143S27C651J3V1,TECNICO EN ADMINISTRACION DE EMPRESAS,Administración y Comercio,Administración de Empresas y Derecho,Educación Comercial y Administración,Técnico de Nivel Superior,Carreras Técnicas,NO ACREDITADA
2023|I143S28C651J4V1,I143S28C651J4V1,TECNICO EN ADMINISTRACION DE EMPRESAS,Administración y Comercio,Administración de Empresas y Derecho,Educación Comercial y Administración,Técnico de Nivel Superior,Carreras Técnicas,NO ACREDITADA
2023|I143S29C651J3V1,I143S29C651J3V1,TECNICO EN ADMINISTRACION DE EMPRESAS,Administración y Comercio,Administración de Empresas y Derecho,Educación Comercial y Administración,Técnico de Nivel Superior,Carreras Técnicas,NO ACREDITADA
2023|I143S5C651J3V1,I143S5C651J3V1,TECNICO EN ADMINISTRACION DE EMPRESAS,Administración y Comercio,Administración de Empresas y Derecho,Educación Comercial y Administración,Técnico de Nivel Superior,Carreras Técnicas,NO ACREDITADA
2023|I152S10C326J4V6,I152S10C326J4V6,TECNICO EN ADMINISTRACION DE EMPRESAS,Administración y Comercio,Administración de Empresas y Derecho,Educación Comercial y Administración,Técnico de Nivel Superior,Carreras Técnicas,NO ACREDITADA
2023|I218S1C41J4V2,I218S1C41J4V2,TECNICO EN ADMINISTRACION DE EMPRESAS,Administración y Comercio,Administración de Empresas y Derecho,Educación Comercial y Administración,Técnico de Nivel Superior,Carreras Técnicas,NO ACREDITADA
2024|I123S1C48J4V1,I123S1C48J4V1,TECNICO EN ADMINISTRACION DE EMPRESAS,Administración y Comercio,Administración de Empresas y Derecho,Educación Comercial y Administración,Técnico de Nivel Superior,Carreras Técnicas,NO ACREDITADA
2024|I123S2C48J4V1,I123S2C48J4V1,TECNICO EN ADMINISTRACION DE EMPRESAS,Administración y Comercio,Administración de Empresas y Derecho,Educación Comercial y Administración,Técnico de Nivel Superior,Carreras Técnicas,NO ACREDITADA
2024|I123S3C48J4V1,I123S3C48J4V1,TECNICO EN ADMINISTRACION DE EMPRESAS,Administración y Comercio,Administración de Empresas y Derecho,Educación Comercial y Administración,Técnico de Nivel Superior,Carreras Técnicas,NO ACREDITADA
2024|I123S5C48J4V1,I123S5C48J4V1,TECNICO EN ADMINISTRACION DE EMPRESAS,Administración y Comercio,Administración de Empresas y Derecho,Educación Comercial y Administración,Técnico de Nivel Superior,Carreras Técnicas,NO ACREDITADA
2024|I143S26C651J3V1,I143S26C651J3V1,TECNICO EN ADMINISTRACION DE EMPRESAS,Administración y Comercio,Administración de Empresas y Derecho,Educación Comercial y Administración,Técnico de Nivel Superior,Carreras Técnicas,NO ACREDITADA
2024|I143S28C651J4V1,I143S28C651J4V1,TECNICO EN ADMINISTRACION DE EMPRESAS,Administración y Comercio,Administración de Empresas y Derecho,Educación Comercial y Administración,Técnico de Nivel Superior,Carreras Técnicas,NO ACREDITADA
2024|I143S5C651J3V1,I143S5C651J3V1,TECNICO EN ADMINISTRACION DE EMPRESAS,Administración y Comercio,Administración de Empresas y Derecho,Educación Comercial y Administración,Técnico de Nivel Superior,Carreras Técnicas,NO ACREDITADA
2024|I152S10C326J4V6,I152S10C326J4V6,TECNICO EN ADMINISTRACION DE EMPRESAS,Administración y Comercio,Administración de Empresas y Derecho,Educación Comercial y Administración,Técnico de Nivel Superior,Carreras Técnicas,NO ACREDITADA
2024|I162S2C78J4V1,I162S2C78J4V1,TECNICO EN ADMINISTRACION DE EMPRESAS,Administración y Comercio,Administración de Empresas y Derecho,Educación Comercial y Administración,Técnico de Nivel Superior,Carreras Técnicas,NO ACREDITADA
2024|I218S1C41J4V2,I218S1C41J4V2,TECNICO EN ADMINISTRACION DE EMPRESAS,Administración y Comercio,Administración de Empresas y Derecho,Educación Comercial y Administración,Técnico de Nivel Superior,Carreras Técnicas,NO ACREDITADA
2025|I123S2C48J4V1,I123S2C48J4V1,TECNICO EN ADMINISTRACION DE EMPRESAS,Administración y Comercio,Administración de Empresas y Derecho,Educación Comercial y Administración,Técnico de Nivel Superior,Carreras Técnicas,NO ACREDITADA
2025|I143S28C651J4V1,I143S28C651J4V1,TECNICO EN ADMINISTRACION DE EMPRESAS,Administración y Comercio,Administración de Empresas y Derecho,Educación Comercial y Administración,Técnico de Nivel Superior,Carreras Técnicas,NO ACREDITADA
2025|I152S10C326J4V6,I152S10C326J4V6,TECNICO EN ADMINISTRACION DE EMPRESAS,Administración y Comercio,Administración de Empresas y Derecho,Educación Comercial y Administración,Técnico de Nivel Superior,Carreras Técnicas,NO ACREDITADA
2025|I162S2C78J4V1,I162S2C78J4V1,TECNICO EN ADMINISTRACION DE EMPRESAS,Administración y Comercio,Administración de Empresas y Derecho,Educación Comercial y Administración,Técnico de Nivel Superior,Carreras Técnicas,NO ACREDITADA
2025|I218S1C41J4V2,I218S1C41J4V2,TECNICO EN ADMINISTRACION DE EMPRESAS,Administración y Comercio,Administración de Empresas y Derecho,Educación Comercial y Administración,Técnico de Nivel Superior,Carreras Técnicas,NO ACREDITADA
2026|I117S1C1J4V1,I117S1C1J4V1,TECNICO EN ADMINISTRACION DE EMPRESAS,Administración y Comercio,Administración de Empresas y Derecho,Educación Comercial y Administración,Técnico de Nivel Superior,Carreras Técnicas,NO ACREDITADA
2026|I123S2C48J4V1,I123S2C48J4V1,TECNICO EN ADMINISTRACION DE EMPRESAS,Administración y Comercio,Administración de Empresas y Derecho,Educación Comercial y Administración,Técnico de Nivel Superior,Carreras Técnicas,NO ACREDITADA
2026|I152S10C326J4V6,I152S10C326J4V6,TECNICO EN ADMINISTRACION DE EMPRESAS,Administración y Comercio,Administración de Empresas y Derecho,Educación Comercial y Administración,Técnico de Nivel Superior,Carreras Técnicas,NO ACREDITADA
2026|I162S2C78J4V1,I162S2C78J4V1,TECNICO EN ADMINISTRACION DE EMPRESAS,Administración y Comercio,Administración de Empresas y Derecho,Educación Comercial y Administración,Técnico de Nivel Superior,Carreras Técnicas,NO ACREDITADA
2026|I171S1C29J4V1,I171S1C29J4V1,TECNICO EN ADMINISTRACION DE EMPRESAS,Administración y Comercio,Administración de Empresas y Derecho,Educación Comercial y Administración,Técnico de Nivel Superior,Carreras Técnicas,NO ACREDITADA
2026|I218S1C41J4V2,I218S1C41J4V2,TECNICO EN ADMINISTRACION DE EMPRESAS,Administración y Comercio,Administración de Empresas y Derecho,Educación Comercial y Administración,Técnico de Nivel Superior,Carreras Técnicas,NO ACREDITADA
2023|I143S28C115J4V1,I143S28C115J4V1,TECNICO EN ADMINISTRACION DE EMPRESAS MENCION FINANZAS,Administración y Comercio,Administración de Empresas y Derecho,Educación Comercial y Administración,Técnico de Nivel Superior,Carreras Técnicas,NO ACREDITADA
2024|I113S7C436J4V1,I113S7C436J4V1,TECNICO EN ADMINISTRACION DE EMPRESAS MENCION FINANZAS,Administración y Comercio,Administración de Empresas y Derecho,Educación Comercial y Administración,Técnico de Nivel Superior,Carreras Técnicas,NO ACREDITADA
2024|I143S28C115J4V1,I143S28C115J4V1,TECNICO EN ADMINISTRACION DE EMPRESAS MENCION FINANZAS,Administración y Comercio,Administración de Empresas y Derecho,Educación Comercial y Administración,Técnico de Nivel Superior,Carreras Técnicas,NO ACREDITADA
2025|I113S13C436J4V1,I113S13C436J4V1,TECNICO EN ADMINISTRACION DE EMPRESAS MENCION FINANZAS,Administración y Comercio,Administración de Empresas y Derecho,Educación Comercial y Administración,Técnico de Nivel Superior,Carreras Técnicas,NO ACREDITADA
2025|I113S7C436J4V1,I113S7C436J4V1,TECNICO EN ADMINISTRACION DE EMPRESAS MENCION FINANZAS,Administración y Comercio,Administración de Empresas y Derecho,Educación Comercial y Administración,Técnico de Nivel Superior,Carreras Técnicas,NO ACREDITADA
2025|I143S28C115J4V1,I143S28C115J4V1,TECNICO EN ADMINISTRACION DE EMPRESAS MENCION FINANZAS,Administración y Comercio,Administración de Empresas y Derecho,Educación Comercial y Administración,Técnico de Nivel Superior,Carreras Técnicas,NO ACREDITADA
2026|I113S13C436J4V1,I113S13C436J4V1,TECNICO EN ADMINISTRACION DE EMPRESAS MENCION FINANZAS,Administración y Comercio,Administración de Empresas y Derecho,Educación Comercial y Administración,Técnico de Nivel Superior,Carreras Técnicas,NO ACREDITADA
2026|I113S7C436J4V1,I113S7C436J4V1,TECNICO EN ADMINISTRACION DE EMPRESAS MENCION FINANZAS,Administración y Comercio,Administración de Empresas y Derecho,Educación Comercial y Administración,Técnico de Nivel Superior,Carreras Técnicas,NO ACREDITADA
2026|I143S26C115J3V1,I143S26C115J3V1,TECNICO EN ADMINISTRACION DE EMPRESAS MENCION FINANZAS,Administración y Comercio,Administración de Empresas y Derecho,Educación Comercial y Administración,Técnico de Nivel Superior,Carreras Técnicas,NO ACREDITADA
2026|I143S28C115J4V1,I143S28C115J4V1,TECNICO EN ADMINISTRACION DE EMPRESAS MENCION FINANZAS,Administración y Comercio,Administración de Empresas y Derecho,Educación Comercial y Administración,Técnico de Nivel Superior,Carreras Técnicas,NO ACREDITADA
2023|I143S13C116J3V1,I143S13C116J3V1,TECNICO EN ADMINISTRACION DE EMPRESAS MENCION LOGISTICA,Administración y Comercio,Administración de Empresas y Derecho,Educación Comercial y Administración,Técnico de Nivel Superior,Carreras Técnicas,NO ACREDITADA
2023|I143S15C116J3V1,I143S15C116J3V1,TECNICO EN ADMINISTRACION DE EMPRESAS MENCION LOGISTICA,Administración y Comercio,Administración de Empresas y Derecho,Educación Comercial y Administración,Técnico de Nivel Superior,Carreras Técnicas,NO ACREDITADA
2023|I143S27C116J3V1,I143S27C116J3V1,TECNICO EN ADMINISTRACION DE EMPRESAS MENCION LOGISTICA,Administración y Comercio,Administración de Empresas y Derecho,Educación Comercial y Administración,Técnico de Nivel Superior,Carreras Técnicas,NO ACREDITADA
2023|I143S28C116J4V1,I143S28C116J4V1,TECNICO EN ADMINISTRACION DE EMPRESAS MENCION LOGISTICA,Administración y Comercio,Administración de Empresas y Derecho,Educación Comercial y Administración,Técnico de Nivel Superior,Carreras Técnicas,NO ACREDITADA
2023|I143S5C116J3V1,I143S5C116J3V1,TECNICO EN ADMINISTRACION DE EMPRESAS MENCION LOGISTICA,Administración y Comercio,Administración de Empresas y Derecho,Educación Comercial y Administración,Técnico de Nivel Superior,Carreras Técnicas,NO ACREDITADA
2024|I143S27C116J3V1,I143S27C116J3V1,TECNICO EN ADMINISTRACION DE EMPRESAS MENCION LOGISTICA,Administración y Comercio,Administración de Empresas y Derecho,Educación Comercial y Administración,Técnico de Nivel Superior,Carreras Técnicas,NO ACREDITADA
2024|I143S29C116J3V1,I143S29C116J3V1,TECNICO EN ADMINISTRACION DE EMPRESAS MENCION LOGISTICA,Administración y Comercio,Administración de Empresas y Derecho,Educación Comercial y Administración,Técnico de Nivel Superior,Carreras Técnicas,NO ACREDITADA
2023|I143S26C117J3V1,I143S26C117J3V1,TECNICO EN ADMINISTRACION DE EMPRESAS MENCION MARKETING,Administración y Comercio,Administración de Empresas y Derecho,Educación Comercial y Administración,Técnico de Nivel Superior,Carreras Técnicas,NO ACREDITADA
2023|I143S28C117J4V1,I143S28C117J4V1,TECNICO EN ADMINISTRACION DE EMPRESAS MENCION MARKETING,Administración y Comercio,Administración de Empresas y Derecho,Educación Comercial y Administración,Técnico de Nivel Superior,Carreras Técnicas,NO ACREDITADA
2024|I113S7C304J4V1,I113S7C304J4V1,TECNICO EN ADMINISTRACION DE EMPRESAS MENCION MARKETING,Administración y Comercio,Administración de Empresas y Derecho,Educación Comercial y Administración,Técnico de Nivel Superior,Carreras Técnicas,NO ACREDITADA
2024|I143S28C117J4V1,I143S28C117J4V1,TECNICO EN ADMINISTRACION DE EMPRESAS MENCION MARKETING,Administración y Comercio,Administración de Empresas y Derecho,Educación Comercial y Administración,Técnico de Nivel Superior,Carreras Técnicas,NO ACREDITADA
2025|I113S13C304J4V1,I113S13C304J4V1,TECNICO EN ADMINISTRACION DE EMPRESAS MENCION MARKETING,Administración y Comercio,Administración de Empresas y Derecho,Educación Comercial y Administración,Técnico de Nivel Superior,Carreras Técnicas,NO ACREDITADA
2025|I113S7C304J4V1,I113S7C304J4V1,TECNICO EN ADMINISTRACION DE EMPRESAS MENCION MARKETING,Administración y Comercio,Administración de Empresas y Derecho,Educación Comercial y Administración,Técnico de Nivel Superior,Carreras Técnicas,NO ACREDITADA
2025|I143S28C117J4V1,I143S28C117J4V1,TECNICO EN ADMINISTRACION DE EMPRESAS MENCION MARKETING,Administración y Comercio,Administración de Empresas y Derecho,Educación Comercial y Administración,Técnico de Nivel Superior,Carreras Técnicas,NO ACREDITADA
2026|I113S7C304J4V1,I113S7C304J4V1,TECNICO EN ADMINISTRACION DE EMPRESAS MENCION MARKETING,Administración y Comercio,Administración de Empresas y Derecho,Educación Comercial y Administración,Técnico de Nivel Superior,Carreras Técnicas,NO ACREDITADA
2026|I143S28C117J4V1,I143S28C117J4V1,TECNICO EN ADMINISTRACION DE EMPRESAS MENCION MARKETING,Administración y Comercio,Administración de Empresas y Derecho,Educación Comercial y Administración,Técnico de Nivel Superior,Carreras Técnicas,NO ACREDITADA
2023|I143S28C118J4V1,I143S28C118J4V1,TECNICO EN ADMINISTRACION DE EMPRESAS MENCION RECURSOS HUMANOS,Administración y Comercio,Administración de Empresas y Derecho,Educación Comercial y Administración,Técnico de Nivel Superior,Carreras Técnicas,NO ACREDITADA
2024|I143S15C118J3V1,I143S15C118J3V1,TECNICO EN ADMINISTRACION DE EMPRESAS MENCION RECURSOS HUMANOS,Administración y Comercio,Administración de Empresas y Derecho,Educación Comercial y Administración,Técnico de Nivel Superior,Carreras Técnicas,NO ACREDITADA
2024|I143S28C118J4V1,I143S28C118J4V1,TECNICO EN ADMINISTRACION DE EMPRESAS MENCION RECURSOS HUMANOS,Administración y Comercio,Administración de Empresas y Derecho,Educación Comercial y Administración,Técnico de Nivel Superior,Carreras Técnicas,NO ACREDITADA
2025|I143S28C118J4V1,I143S28C118J4V1,TECNICO EN ADMINISTRACION DE EMPRESAS MENCION RECURSOS HUMANOS,Administración y Comercio,Administración de Empresas y Derecho,Educación Comercial y Administración,Técnico de Nivel Superior,Carreras Técnicas,NO ACREDITADA
2025|I143S5C118J3V1,I143S5C118J3V1,TECNICO EN ADMINISTRACION DE EMPRESAS MENCION RECURSOS HUMANOS,Administración y Comercio,Administración de Empresas y Derecho,Educación Comercial y Administración,Técnico de Nivel Superior,Carreras Técnicas,NO ACREDITADA
2026|I143S28C118J4V1,I143S28C118J4V1,TECNICO EN ADMINISTRACION DE EMPRESAS MENCION RECURSOS HUMANOS,Administración y Comercio,Administración de Empresas y Derecho,Educación Comercial y Administración,Técnico de Nivel Superior,Carreras Técnicas,NO ACREDITADA
2024|I113S7C316J4V1,I113S7C316J4V1,TECNICO EN ADMINISTRACION DE EMPRESAS MENCION RR.HH.,Administración y Comercio,Administración de Empresas y Derecho,Educación Comercial y Administración,Técnico de Nivel Superior,Carreras Técnicas,NO ACREDITADA
2025|I113S13C316J4V1,I113S13C316J4V1,TECNICO EN ADMINISTRACION DE EMPRESAS MENCION RR.HH.,Administración y Comercio,Administración de Empresas y Derecho,Educación Comercial y Administración,Técnico de Nivel Superior,Carreras Técnicas,NO ACREDITADA
2025|I113S7C316J4V1,I113S7C316J4V1,TECNICO EN ADMINISTRACION DE EMPRESAS MENCION RR.HH.,Administración y Comercio,Administración de Empresas y Derecho,Educación Comercial y Administración,Técnico de Nivel Superior,Carreras Técnicas,NO ACREDITADA
2026|I113S13C316J4V1,I113S13C316J4V1,TECNICO EN ADMINISTRACION DE EMPRESAS MENCION RR.HH.,Administración y Comercio,Administración de Empresas y Derecho,Educación Comercial y Administración,Técnico de Nivel Superior,Carreras Técnicas,NO ACREDITADA
2026|I113S7C316J4V1,I113S7C316J4V1,TECNICO EN ADMINISTRACION DE EMPRESAS MENCION RR.HH.,Administración y Comercio,Administración de Empresas y Derecho,Educación Comercial y Administración,Técnico de Nivel Superior,Carreras Técnicas,NO ACREDITADA
2025|I260S51C263J4V1,I260S51C263J4V1,TECNICO EN ADMINISTRACION DE RECURSOS HUMANOS,Administración y Comercio,Administración de Empresas y Derecho,Educación Comercial y Administración,Técnico de Nivel Superior,Carreras Técnicas,NO ACREDITADA
2026|I260S51C263J4V1,I260S51C263J4V1,TECNICO EN ADMINISTRACION DE RECURSOS HUMANOS,Administración y Comercio,Administración de Empresas y Derecho,Educación Comercial y Administración,Técnico de Nivel Superior,Carreras Técnicas,NO ACREDITADA
2024|I152S10C476J4V1,I152S10C476J4V1,TECNICO EN ADMINISTRACION EN CENTROS DE SALUD,Administración y Comercio,Administración de Empresas y Derecho,Educación Comercial y Administración,Técnico de Nivel Superior,Carreras Técnicas,NO ACREDITADA
2025|I152S10C476J4V1,I152S10C476J4V1,TECNICO EN ADMINISTRACION EN CENTROS DE SALUD,Administración y Comercio,Administración de Empresas y Derecho,Educación Comercial y Administración,Técnico de Nivel Superior,Carreras Técnicas,NO ACREDITADA
2026|I152S10C476J4V1,I152S10C476J4V1,TECNICO EN ADMINISTRACION EN CENTROS DE SALUD,Administración y Comercio,Administración de Empresas y Derecho,Educación Comercial y Administración,Técnico de Nivel Superior,Carreras Técnicas,NO ACREDITADA
2023|I534S1C44J4V1,I534S1C44J4V1,TECNICO EN ADMINISTRACION EN SEGURIDAD PRIVADA,Administración y Comercio,Servicios,Servicios de Seguridad,Técnico de Nivel Superior,Carreras Técnicas,NO ACREDITADA
2024|I534S1C44J4V1,I534S1C44J4V1,TECNICO EN ADMINISTRACION EN SEGURIDAD PRIVADA,Administración y Comercio,Servicios,Servicios de Seguridad,Técnico de Nivel Superior,Carreras Técnicas,NO ACREDITADA
2026|I117S1C45J4V1,I117S1C45J4V1,TECNICO EN ADMINISTRACION FINANCIERA,Administración y Comercio,Administración de Empresas y Derecho,Educación Comercial y Administración,Técnico de Nivel Superior,Carreras Técnicas,NO ACREDITADA
2025|I260S51C234J4V1,I260S51C234J4V1,TECNICO EN ADMINISTRACION LOGISTICA,Administración y Comercio,Administración de Empresas y Derecho,Educación Comercial y Administración,Técnico de Nivel Superior,Carreras Técnicas,NO ACREDITADA
2026|I260S51C234J4V1,I260S51C234J4V1,TECNICO EN ADMINISTRACION LOGISTICA,Administración y Comercio,Administración de Empresas y Derecho,Educación Comercial y Administración,Técnico de Nivel Superior,Carreras Técnicas,NO ACREDITADA
2023|I123S3C191J4V1,I123S3C191J4V1,TECNICO EN ADMINISTRACION Y GESTION DE SALUD,Administración y Comercio,Administración de Empresas y Derecho,Educación Comercial y Administración,Técnico de Nivel Superior,Carreras Técnicas,NO ACREDITADA
2023|I143S28C668J4V1,I143S28C668J4V1,TECNICO EN COMERCIO ELECTRONICO,Administración y Comercio,Administración de Empresas y Derecho,Educación Comercial y Administración,Técnico de Nivel Superior,Carreras Técnicas,NO ACREDITADA
2024|I143S28C668J4V1,I143S28C668J4V1,TECNICO EN COMERCIO ELECTRONICO,Administración y Comercio,Administración de Empresas y Derecho,Educación Comercial y Administración,Técnico de Nivel Superior,Carreras Técnicas,NO ACREDITADA
2025|I143S28C668J4V1,I143S28C668J4V1,TECNICO EN COMERCIO ELECTRONICO,Administración y Comercio,Administración de Empresas y Derecho,Educación Comercial y Administración,Técnico de Nivel Superior,Carreras Técnicas,NO ACREDITADA
2026|I143S28C668J4V1,I143S28C668J4V1,TECNICO EN COMERCIO ELECTRONICO,Administración y Comercio,Administración de Empresas y Derecho,Educación Comercial y Administración,Técnico de Nivel Superior,Carreras Técnicas,NO ACREDITADA
2023|I152S10C328J4V6,I152S10C328J4V6,TECNICO EN COMERCIO EXTERIOR,Administración y Comercio,Administración de Empresas y Derecho,Educación Comercial y Administración,Técnico de Nivel Superior,Carreras Técnicas,NO ACREDITADA
2024|I123S2C55J4V1,I123S2C55J4V1,TECNICO EN COMERCIO EXTERIOR,Administración y Comercio,Administración de Empresas y Derecho,Educación Comercial y Administración,Técnico de Nivel Superior,Carreras Técnicas,NO ACREDITADA
2024|I152S10C328J4V5,I152S10C328J4V5,TECNICO EN COMERCIO EXTERIOR,Administración y Comercio,Administración de Empresas y Derecho,Educación Comercial y Administración,Técnico de Nivel Superior,Carreras Técnicas,NO ACREDITADA
2025|I123S2C55J4V1,I123S2C55J4V1,TECNICO EN COMERCIO EXTERIOR,Administración y Comercio,Administración de Empresas y Derecho,Educación Comercial y Administración,Técnico de Nivel Superior,Carreras Técnicas,NO ACREDITADA
2025|I152S10C328J4V6,I152S10C328J4V6,TECNICO EN COMERCIO EXTERIOR,Administración y Comercio,Administración de Empresas y Derecho,Educación Comercial y Administración,Técnico de Nivel Superior,Carreras Técnicas,NO ACREDITADA
2026|I123S2C55J4V1,I123S2C55J4V1,TECNICO EN COMERCIO EXTERIOR,Administración y Comercio,Administración de Empresas y Derecho,Educación Comercial y Administración,Técnico de Nivel Superior,Carreras Técnicas,NO ACREDITADA
2026|I152S10C328J4V5,I152S10C328J4V5,TECNICO EN COMERCIO EXTERIOR,Administración y Comercio,Administración de Empresas y Derecho,Educación Comercial y Administración,Técnico de Nivel Superior,Carreras Técnicas,NO ACREDITADA
2026|I260S51C281J4V1,I260S51C281J4V1,TECNICO EN COMERCIO EXTERIOR,Administración y Comercio,Administración de Empresas y Derecho,Educación Comercial y Administración,Técnico de Nivel Superior,Carreras Técnicas,NO ACREDITADA
2025|I108S1C40J4V1,I108S1C40J4V1,TECNICO EN COMERCIO EXTERIOR BILINGÜE,Administración y Comercio,Administración de Empresas y Derecho,Educación Comercial y Administración,Técnico de Nivel Superior,Carreras Técnicas,NO ACREDITADA
2026|I108S1C40J4V1,I108S1C40J4V1,TECNICO EN COMERCIO EXTERIOR BILINGÜE,Administración y Comercio,Administración de Empresas y Derecho,Educación Comercial y Administración,Técnico de Nivel Superior,Carreras Técnicas,NO ACREDITADA
2023|I260S51C107J4V1,I260S51C107J4V1,TECNICO EN CONTABILIDAD GENERAL,Administración y Comercio,Administración de Empresas y Derecho,Educación Comercial y Administración,Técnico de Nivel Superior,Carreras Técnicas,NO ACREDITADA
2023|I123S2C222J4V1,I123S2C222J4V1,TECNICO EN CONTROL DE GESTION,Administración y Comercio,Administración de Empresas y Derecho,Educación Comercial y Administración,Técnico de Nivel Superior,Carreras Técnicas,NO ACREDITADA
2024|I123S2C222J4V1,I123S2C222J4V1,TECNICO EN CONTROL DE GESTION,Administración y Comercio,Administración de Empresas y Derecho,Educación Comercial y Administración,Técnico de Nivel Superior,Carreras Técnicas,NO ACREDITADA
2025|I123S2C222J4V1,I123S2C222J4V1,TECNICO EN CONTROL DE GESTION,Administración y Comercio,Administración de Empresas y Derecho,Educación Comercial y Administración,Técnico de Nivel Superior,Carreras Técnicas,NO ACREDITADA
2026|I123S2C222J4V1,I123S2C222J4V1,TECNICO EN CONTROL DE GESTION,Administración y Comercio,Administración de Empresas y Derecho,Educación Comercial y Administración,Técnico de Nivel Superior,Carreras Técnicas,NO ACREDITADA
2026|I171S1C105J4V1,I171S1C105J4V1,TECNICO EN CONTROL DE GESTION,Administración y Comercio,Administración de Empresas y Derecho,Educación Comercial y Administración,Técnico de Nivel Superior,Carreras Técnicas,NO ACREDITADA
2023|I111S15C490J3V1,I111S15C490J3V1,TECNICO EN FINANZAS,Administración y Comercio,Administración de Empresas y Derecho,Educación Comercial y Administración,Técnico de Nivel Superior,Carreras Técnicas,NO ACREDITADA
2023|I111S22C490J3V1,I111S22C490J3V1,TECNICO EN FINANZAS,Administración y Comercio,Administración de Empresas y Derecho,Educación Comercial y Administración,Técnico de Nivel Superior,Carreras Técnicas,NO ACREDITADA
2023|I111S9C490J3V1,I111S9C490J3V1,TECNICO EN FINANZAS,Administración y Comercio,Administración de Empresas y Derecho,Educación Comercial y Administración,Técnico de Nivel Superior,Carreras Técnicas,NO ACREDITADA
2024|I111S15C490J3V1,I111S15C490J3V1,TECNICO EN FINANZAS,Administración y Comercio,Administración de Empresas y Derecho,Educación Comercial y Administración,Técnico de Nivel Superior,Carreras Técnicas,NO ACREDITADA
2024|I111S22C490J3V1,I111S22C490J3V1,TECNICO EN FINANZAS,Administración y Comercio,Administración de Empresas y Derecho,Educación Comercial y Administración,Técnico de Nivel Superior,Carreras Técnicas,NO ACREDITADA
2024|I111S9C490J3V1,I111S9C490J3V1,TECNICO EN FINANZAS,Administración y Comercio,Administración de Empresas y Derecho,Educación Comercial y Administración,Técnico de Nivel Superior,Carreras Técnicas,NO ACREDITADA
2025|I111S22C490J3V1,I111S22C490J3V1,TECNICO EN FINANZAS,Administración y Comercio,Administración de Empresas y Derecho,Educación Comercial y Administración,Técnico de Nivel Superior,Carreras Técnicas,NO ACREDITADA
2025|I111S9C490J3V1,I111S9C490J3V1,TECNICO EN FINANZAS,Administración y Comercio,Administración de Empresas y Derecho,Educación Comercial y Administración,Técnico de Nivel Superior,Carreras Técnicas,NO ACREDITADA
2026|I123S2C240J4V1,I123S2C240J4V1,TECNICO EN FINANZAS,Administración y Comercio,Administración de Empresas y Derecho,Educación Comercial y Administración,Técnico de Nivel Superior,Carreras Técnicas,NO ACREDITADA
2026|I162S2C116J4V1,I162S2C116J4V1,TECNICO EN FINANZAS,Administración y Comercio,Administración de Empresas y Derecho,Educación Comercial y Administración,Técnico de Nivel Superior,Carreras Técnicas,NO ACREDITADA
2023|I143S28C713J4V1,I143S28C713J4V1,TECNICO EN GESTION DE RECURSOS HUMANOS,Administración y Comercio,Administración de Empresas y Derecho,Educación Comercial y Administración,Técnico de Nivel Superior,Carreras Técnicas,NO ACREDITADA
2023|I218S1C137J4V2,I218S1C137J4V2,TECNICO EN GESTION DE RECURSOS HUMANOS,Administración y Comercio,Administración de Empresas y Derecho,Educación Comercial y Administración,Técnico de Nivel Superior,Carreras Técnicas,NO ACREDITADA
2024|I143S28C713J4V1,I143S28C713J4V1,TECNICO EN GESTION DE RECURSOS HUMANOS,Administración y Comercio,Administración de Empresas y Derecho,Educación Comercial y Administración,Técnico de Nivel Superior,Carreras Técnicas,NO ACREDITADA
2024|I218S1C137J4V2,I218S1C137J4V2,TECNICO EN GESTION DE RECURSOS HUMANOS,Administración y Comercio,Administración de Empresas y Derecho,Educación Comercial y Administración,Técnico de Nivel Superior,Carreras Técnicas,NO ACREDITADA
2025|I143S28C713J4V1,I143S28C713J4V1,TECNICO EN GESTION DE RECURSOS HUMANOS,Administración y Comercio,Administración de Empresas y Derecho,Educación Comercial y Administración,Técnico de Nivel Superior,Carreras Técnicas,NO ACREDITADA
2025|I218S1C137J4V2,I218S1C137J4V2,TECNICO EN GESTION DE RECURSOS HUMANOS,Administración y Comercio,Administración de Empresas y Derecho,Educación Comercial y Administración,Técnico de Nivel Superior,Carreras Técnicas,NO ACREDITADA
2026|I218S1C137J4V2,I218S1C137J4V2,TECNICO EN GESTION DE RECURSOS HUMANOS,Administración y Comercio,Administración de Empresas y Derecho,Educación Comercial y Administración,Técnico de Nivel Superior,Carreras Técnicas,NO ACREDITADA
2023|I143S28C714J4V1,I143S28C714J4V1,TECNICO EN GESTION FINANCIERA,Administración y Comercio,Administración de Empresas y Derecho,Educación Comercial y Administración,Técnico de Nivel Superior,Carreras Técnicas,NO ACREDITADA
2024|I143S28C714J4V1,I143S28C714J4V1,TECNICO EN GESTION FINANCIERA,Administración y Comercio,Administración de Empresas y Derecho,Educación Comercial y Administración,Técnico de Nivel Superior,Carreras Técnicas,NO ACREDITADA
2025|I143S28C714J4V1,I143S28C714J4V1,TECNICO EN GESTION FINANCIERA,Administración y Comercio,Administración de Empresas y Derecho,Educación Comercial y Administración,Técnico de Nivel Superior,Carreras Técnicas,NO ACREDITADA
2026|I143S28C714J4V1,I143S28C714J4V1,TECNICO EN GESTION FINANCIERA,Administración y Comercio,Administración de Empresas y Derecho,Educación Comercial y Administración,Técnico de Nivel Superior,Carreras Técnicas,NO ACREDITADA
2023|I111S9C422J2V2,I111S9C422J2V2,TECNICO EN GESTION LOGISTICA,Administración y Comercio,Administración de Empresas y Derecho,Educación Comercial y Administración,Técnico de Nivel Superior,Carreras Técnicas,NO ACREDITADA
2024|I111S5C422J2V2,I111S5C422J2V2,TECNICO EN GESTION LOGISTICA,Administración y Comercio,Administración de Empresas y Derecho,Educación Comercial y Administración,Técnico de Nivel Superior,Carreras Técnicas,NO ACREDITADA
2024|I111S9C422J2V2,I111S9C422J2V2,TECNICO EN GESTION LOGISTICA,Administración y Comercio,Administración de Empresas y Derecho,Educación Comercial y Administración,Técnico de Nivel Superior,Carreras Técnicas,NO ACREDITADA
2023|I111S10C309J2V1,I111S10C309J2V1,TECNICO EN GESTION LOGISTICA PEV,Administración y Comercio,Administración de Empresas y Derecho,Educación Comercial y Administración,Técnico de Nivel Superior,Carreras Técnicas,NO ACREDITADA
2023|I111S15C309J2V1,I111S15C309J2V1,TECNICO EN GESTION LOGISTICA PEV,Administración y Comercio,Administración de Empresas y Derecho,Educación Comercial y Administración,Técnico de Nivel Superior,Carreras Técnicas,NO ACREDITADA
2023|I111S20C309J2V1,I111S20C309J2V1,TECNICO EN GESTION LOGISTICA PEV,Administración y Comercio,Administración de Empresas y Derecho,Educación Comercial y Administración,Técnico de Nivel Superior,Carreras Técnicas,NO ACREDITADA
2023|I111S21C309J2V1,I111S21C309J2V1,TECNICO EN GESTION LOGISTICA PEV,Administración y Comercio,Administración de Empresas y Derecho,Educación Comercial y Administración,Técnico de Nivel Superior,Carreras Técnicas,NO ACREDITADA
2023|I111S22C309J2V1,I111S22C309J2V1,TECNICO EN GESTION LOGISTICA PEV,Administración y Comercio,Administración de Empresas y Derecho,Educación Comercial y Administración,Técnico de Nivel Superior,Carreras Técnicas,NO ACREDITADA
2024|I111S10C309J2V1,I111S10C309J2V1,TECNICO EN GESTION LOGISTICA PEV,Administración y Comercio,Administración de Empresas y Derecho,Educación Comercial y Administración,Técnico de Nivel Superior,Carreras Técnicas,NO ACREDITADA
2024|I111S15C309J2V1,I111S15C309J2V1,TECNICO EN GESTION LOGISTICA PEV,Administración y Comercio,Administración de Empresas y Derecho,Educación Comercial y Administración,Técnico de Nivel Superior,Carreras Técnicas,NO ACREDITADA
2024|I111S20C309J2V1,I111S20C309J2V1,TECNICO EN GESTION LOGISTICA PEV,Administración y Comercio,Administración de Empresas y Derecho,Educación Comercial y Administración,Técnico de Nivel Superior,Carreras Técnicas,NO ACREDITADA
2024|I111S21C309J2V1,I111S21C309J2V1,TECNICO EN GESTION LOGISTICA PEV,Administración y Comercio,Administración de Empresas y Derecho,Educación Comercial y Administración,Técnico de Nivel Superior,Carreras Técnicas,NO ACREDITADA
2024|I111S22C309J2V1,I111S22C309J2V1,TECNICO EN GESTION LOGISTICA PEV,Administración y Comercio,Administración de Empresas y Derecho,Educación Comercial y Administración,Técnico de Nivel Superior,Carreras Técnicas,NO ACREDITADA
2025|I111S10C309J2V1,I111S10C309J2V1,TECNICO EN GESTION LOGISTICA PEV,Administración y Comercio,Administración de Empresas y Derecho,Educación Comercial y Administración,Técnico de Nivel Superior,Carreras Técnicas,NO ACREDITADA
2025|I111S20C309J2V1,I111S20C309J2V1,TECNICO EN GESTION LOGISTICA PEV,Administración y Comercio,Administración de Empresas y Derecho,Educación Comercial y Administración,Técnico de Nivel Superior,Carreras Técnicas,NO ACREDITADA
2025|I111S21C309J2V1,I111S21C309J2V1,TECNICO EN GESTION LOGISTICA PEV,Administración y Comercio,Administración de Empresas y Derecho,Educación Comercial y Administración,Técnico de Nivel Superior,Carreras Técnicas,NO ACREDITADA
2025|I111S22C309J2V1,I111S22C309J2V1,TECNICO EN GESTION LOGISTICA PEV,Administración y Comercio,Administración de Empresas y Derecho,Educación Comercial y Administración,Técnico de Nivel Superior,Carreras Técnicas,NO ACREDITADA
2023|I143S28C710J4V1,I143S28C710J4V1,TECNICO EN INNOVACION SOCIAL SUSTENTABLE,Administración y Comercio,Administración de Empresas y Derecho,Educación Comercial y Administración,Técnico de Nivel Superior,Carreras Técnicas,NO ACREDITADA
2024|I143S28C710J4V1,I143S28C710J4V1,TECNICO EN INNOVACION SOCIAL SUSTENTABLE,Administración y Comercio,Administración de Empresas y Derecho,Educación Comercial y Administración,Técnico de Nivel Superior,Carreras Técnicas,NO ACREDITADA
2025|I143S28C710J4V1,I143S28C710J4V1,TECNICO EN INNOVACION SOCIAL SUSTENTABLE,Administración y Comercio,Administración de Empresas y Derecho,Educación Comercial y Administración,Técnico de Nivel Superior,Carreras Técnicas,NO ACREDITADA
2023|I106S6C296J4V1,I106S6C296J4V1,TECNICO EN LOGISTICA,Administración y Comercio,Administración de Empresas y Derecho,Educación Comercial y Administración,Técnico de Nivel Superior,Carreras Técnicas,NO ACREDITADA
2023|I123S2C223J4V1,I123S2C223J4V1,TECNICO EN LOGISTICA,Administración y Comercio,Administración de Empresas y Derecho,Educación Comercial y Administración,Técnico de Nivel Superior,Carreras Técnicas,NO ACREDITADA
2023|I152S10C323J4V3,I152S10C323J4V3,TECNICO EN LOGISTICA,Administración y Comercio,Administración de Empresas y Derecho,Educación Comercial y Administración,Técnico de Nivel Superior,Carreras Técnicas,NO ACREDITADA
2023|I218S1C125J4V2,I218S1C125J4V2,TECNICO EN LOGISTICA,Administración y Comercio,Administración de Empresas y Derecho,Educación Comercial y Administración,Técnico de Nivel Superior,Carreras Técnicas,NO ACREDITADA
2024|I106S6C296J4V1,I106S6C296J4V1,TECNICO EN LOGISTICA,Administración y Comercio,Administración de Empresas y Derecho,Educación Comercial y Administración,Técnico de Nivel Superior,Carreras Técnicas,NO ACREDITADA
2024|I106S6C296J4V2,I106S6C296J4V2,TECNICO EN LOGISTICA,Administración y Comercio,Administración de Empresas y Derecho,Educación Comercial y Administración,Técnico de Nivel Superior,Carreras Técnicas,NO ACREDITADA
2024|I123S2C223J4V1,I123S2C223J4V1,TECNICO EN LOGISTICA,Administración y Comercio,Administración de Empresas y Derecho,Educación Comercial y Administración,Técnico de Nivel Superior,Carreras Técnicas,NO ACREDITADA
2024|I139S3C178J4V1,I139S3C178J4V1,TECNICO EN LOGISTICA,Administración y Comercio,Administración de Empresas y Derecho,Educación Comercial y Administración,Técnico de Nivel Superior,Carreras Técnicas,NO ACREDITADA
2024|I152S10C323J4V1,I152S10C323J4V1,TECNICO EN LOGISTICA,Administración y Comercio,Administración de Empresas y Derecho,Educación Comercial y Administración,Técnico de Nivel Superior,Carreras Técnicas,NO ACREDITADA
2024|I162S2C79J4V1,I162S2C79J4V1,TECNICO EN LOGISTICA,Administración y Comercio,Administración de Empresas y Derecho,Educación Comercial y Administración,Técnico de Nivel Superior,Carreras Técnicas,NO ACREDITADA
2024|I214S1C103J4V2,I214S1C103J4V2,TECNICO EN LOGISTICA,Administración y Comercio,Administración de Empresas y Derecho,Educación Comercial y Administración,Técnico de Nivel Superior,Carreras Técnicas,NO ACREDITADA
2024|I218S1C125J4V2,I218S1C125J4V2,TECNICO EN LOGISTICA,Administración y Comercio,Administración de Empresas y Derecho,Educación Comercial y Administración,Técnico de Nivel Superior,Carreras Técnicas,NO ACREDITADA
2025|I106S6C296J4V1,I106S6C296J4V1,TECNICO EN LOGISTICA,Administración y Comercio,Administración de Empresas y Derecho,Educación Comercial y Administración,Técnico de Nivel Superior,Carreras Técnicas,NO ACREDITADA
2025|I106S6C296J4V2,I106S6C296J4V2,TECNICO EN LOGISTICA,Administración y Comercio,Administración de Empresas y Derecho,Educación Comercial y Administración,Técnico de Nivel Superior,Carreras Técnicas,NO ACREDITADA
2025|I123S2C223J4V1,I123S2C223J4V1,TECNICO EN LOGISTICA,Administración y Comercio,Administración de Empresas y Derecho,Educación Comercial y Administración,Técnico de Nivel Superior,Carreras Técnicas,NO ACREDITADA
2025|I139S3C178J4V1,I139S3C178J4V1,TECNICO EN LOGISTICA,Administración y Comercio,Administración de Empresas y Derecho,Educación Comercial y Administración,Técnico de Nivel Superior,Carreras Técnicas,NO ACREDITADA
2025|I152S10C323J4V3,I152S10C323J4V3,TECNICO EN LOGISTICA,Administración y Comercio,Administración de Empresas y Derecho,Educación Comercial y Administración,Técnico de Nivel Superior,Carreras Técnicas,NO ACREDITADA
2025|I162S2C79J4V1,I162S2C79J4V1,TECNICO EN LOGISTICA,Administración y Comercio,Administración de Empresas y Derecho,Educación Comercial y Administración,Técnico de Nivel Superior,Carreras Técnicas,NO ACREDITADA
2025|I218S1C125J4V2,I218S1C125J4V2,TECNICO EN LOGISTICA,Administración y Comercio,Administración de Empresas y Derecho,Educación Comercial y Administración,Técnico de Nivel Superior,Carreras Técnicas,NO ACREDITADA
2026|I106S6C296J4V2,I106S6C296J4V2,TECNICO EN LOGISTICA,Administración y Comercio,Administración de Empresas y Derecho,Educación Comercial y Administración,Técnico de Nivel Superior,Carreras Técnicas,NO ACREDITADA
2026|I117S1C60J4V1,I117S1C60J4V1,TECNICO EN LOGISTICA,Administración y Comercio,Administración de Empresas y Derecho,Educación Comercial y Administración,Técnico de Nivel Superior,Carreras Técnicas,NO ACREDITADA
2026|I123S2C223J4V1,I123S2C223J4V1,TECNICO EN LOGISTICA,Administración y Comercio,Administración de Empresas y Derecho,Educación Comercial y Administración,Técnico de Nivel Superior,Carreras Técnicas,NO ACREDITADA
2026|I139S3C178J4V1,I139S3C178J4V1,TECNICO EN LOGISTICA,Administración y Comercio,Administración de Empresas y Derecho,Educación Comercial y Administración,Técnico de Nivel Superior,Carreras Técnicas,NO ACREDITADA
2026|I152S10C323J4V1,I152S10C323J4V1,TECNICO EN LOGISTICA,Administración y Comercio,Administración de Empresas y Derecho,Educación Comercial y Administración,Técnico de Nivel Superior,Carreras Técnicas,NO ACREDITADA
2026|I162S2C79J4V1,I162S2C79J4V1,TECNICO EN LOGISTICA,Administración y Comercio,Administración de Empresas y Derecho,Educación Comercial y Administración,Técnico de Nivel Superior,Carreras Técnicas,NO ACREDITADA
2026|I218S1C125J4V2,I218S1C125J4V2,TECNICO EN LOGISTICA,Administración y Comercio,Administración de Empresas y Derecho,Educación Comercial y Administración,Técnico de Nivel Superior,Carreras Técnicas,NO ACREDITADA
2023|I111S3C492J3V1,I111S3C492J3V1,TECNICO EN MARKETING,Administración y Comercio,Administración de Empresas y Derecho,Educación Comercial y Administración,Técnico de Nivel Superior,Carreras Técnicas,NO ACREDITADA
2023|I111S5C492J3V1,I111S5C492J3V1,TECNICO EN MARKETING,Administración y Comercio,Administración de Empresas y Derecho,Educación Comercial y Administración,Técnico de Nivel Superior,Carreras Técnicas,NO ACREDITADA
2023|I111S9C492J3V1,I111S9C492J3V1,TECNICO EN MARKETING,Administración y Comercio,Administración de Empresas y Derecho,Educación Comercial y Administración,Técnico de Nivel Superior,Carreras Técnicas,NO ACREDITADA
2024|I111S5C492J3V1,I111S5C492J3V1,TECNICO EN MARKETING,Administración y Comercio,Administración de Empresas y Derecho,Educación Comercial y Administración,Técnico de Nivel Superior,Carreras Técnicas,NO ACREDITADA
2024|I111S9C492J3V1,I111S9C492J3V1,TECNICO EN MARKETING,Administración y Comercio,Administración de Empresas y Derecho,Educación Comercial y Administración,Técnico de Nivel Superior,Carreras Técnicas,NO ACREDITADA
2025|I111S5C492J3V1,I111S5C492J3V1,TECNICO EN MARKETING,Administración y Comercio,Administración de Empresas y Derecho,Educación Comercial y Administración,Técnico de Nivel Superior,Carreras Técnicas,NO ACREDITADA
2025|I111S9C492J3V1,I111S9C492J3V1,TECNICO EN MARKETING,Administración y Comercio,Administración de Empresas y Derecho,Educación Comercial y Administración,Técnico de Nivel Superior,Carreras Técnicas,NO ACREDITADA
2023|I143S28C655J4V1,I143S28C655J4V1,TECNICO EN MARKETING DIGITAL,Administración y Comercio,Administración de Empresas y Derecho,Educación Comercial y Administración,Técnico de Nivel Superior,Carreras Técnicas,NO ACREDITADA
2023|I152S10C398J4V1,I152S10C398J4V1,TECNICO EN MARKETING DIGITAL,Administración y Comercio,Administración de Empresas y Derecho,Educación Comercial y Administración,Técnico de Nivel Superior,Carreras Técnicas,NO ACREDITADA
2024|I143S28C655J4V1,I143S28C655J4V1,TECNICO EN MARKETING DIGITAL,Administración y Comercio,Administración de Empresas y Derecho,Educación Comercial y Administración,Técnico de Nivel Superior,Carreras Técnicas,NO ACREDITADA
2024|I152S10C398J4V1,I152S10C398J4V1,TECNICO EN MARKETING DIGITAL,Administración y Comercio,Administración de Empresas y Derecho,Educación Comercial y Administración,Técnico de Nivel Superior,Carreras Técnicas,NO ACREDITADA
2025|I143S28C655J4V1,I143S28C655J4V1,TECNICO EN MARKETING DIGITAL,Administración y Comercio,Administración de Empresas y Derecho,Educación Comercial y Administración,Técnico de Nivel Superior,Carreras Técnicas,NO ACREDITADA
2025|I152S10C398J4V1,I152S10C398J4V1,TECNICO EN MARKETING DIGITAL,Administración y Comercio,Administración de Empresas y Derecho,Educación Comercial y Administración,Técnico de Nivel Superior,Carreras Técnicas,NO ACREDITADA
2026|I117S1C121J4V1,I117S1C121J4V1,TECNICO EN MARKETING DIGITAL,Administración y Comercio,Administración de Empresas y Derecho,Educación Comercial y Administración,Técnico de Nivel Superior,Carreras Técnicas,NO ACREDITADA
2026|I143S28C655J4V1,I143S28C655J4V1,TECNICO EN MARKETING DIGITAL,Administración y Comercio,Administración de Empresas y Derecho,Educación Comercial y Administración,Técnico de Nivel Superior,Carreras Técnicas,NO ACREDITADA
2026|I152S10C398J4V1,I152S10C398J4V1,TECNICO EN MARKETING DIGITAL,Administración y Comercio,Administración de Empresas y Derecho,Educación Comercial y Administración,Técnico de Nivel Superior,Carreras Técnicas,NO ACREDITADA
2026|I162S2C118J4V1,I162S2C118J4V1,TECNICO EN MARKETING DIGITAL,Administración y Comercio,Administración de Empresas y Derecho,Educación Comercial y Administración,Técnico de Nivel Superior,Carreras Técnicas,NO ACREDITADA
2026|I171S1C107J4V1,I171S1C107J4V1,TECNICO EN MARKETING DIGITAL,Administración y Comercio,Administración de Empresas y Derecho,Educación Comercial y Administración,Técnico de Nivel Superior,Carreras Técnicas,NO ACREDITADA
2024|I123S2C229J4V1,I123S2C229J4V1,TECNICO EN NIVEL SUPERIOR EN MARKETING DIGITAL,Administración y Comercio,Administración de Empresas y Derecho,Educación Comercial y Administración,Técnico de Nivel Superior,Carreras Técnicas,NO ACREDITADA
2025|I123S2C229J4V1,I123S2C229J4V1,TECNICO EN NIVEL SUPERIOR EN MARKETING DIGITAL,Administración y Comercio,Administración de Empresas y Derecho,Educación Comercial y Administración,Técnico de Nivel Superior,Carreras Técnicas,NO ACREDITADA
2026|I123S2C229J4V1,I123S2C229J4V1,TECNICO EN NIVEL SUPERIOR EN MARKETING DIGITAL,Administración y Comercio,Administración de Empresas y Derecho,Educación Comercial y Administración,Técnico de Nivel Superior,Carreras Técnicas,NO ACREDITADA
2023|I143S12C645J3V1,I143S12C645J3V1,TECNICO EN OPERACIONES LOGISTICAS,Administración y Comercio,Administración de Empresas y Derecho,Educación Comercial y Administración,Técnico de Nivel Superior,Carreras Técnicas,NO ACREDITADA
2023|I143S13C645J3V1,I143S13C645J3V1,TECNICO EN OPERACIONES LOGISTICAS,Administración y Comercio,Administración de Empresas y Derecho,Educación Comercial y Administración,Técnico de Nivel Superior,Carreras Técnicas,NO ACREDITADA
2023|I143S17C645J3V1,I143S17C645J3V1,TECNICO EN OPERACIONES LOGISTICAS,Administración y Comercio,Administración de Empresas y Derecho,Educación Comercial y Administración,Técnico de Nivel Superior,Carreras Técnicas,NO ACREDITADA
2023|I143S27C645J3V1,I143S27C645J3V1,TECNICO EN OPERACIONES LOGISTICAS,Administración y Comercio,Administración de Empresas y Derecho,Educación Comercial y Administración,Técnico de Nivel Superior,Carreras Técnicas,NO ACREDITADA
2023|I143S28C645J4V1,I143S28C645J4V1,TECNICO EN OPERACIONES LOGISTICAS,Administración y Comercio,Administración de Empresas y Derecho,Educación Comercial y Administración,Técnico de Nivel Superior,Carreras Técnicas,NO ACREDITADA
2023|I143S29C645J3V1,I143S29C645J3V1,TECNICO EN OPERACIONES LOGISTICAS,Administración y Comercio,Administración de Empresas y Derecho,Educación Comercial y Administración,Técnico de Nivel Superior,Carreras Técnicas,NO ACREDITADA
2023|I143S30C645J3V1,I143S30C645J3V1,TECNICO EN OPERACIONES LOGISTICAS,Administración y Comercio,Administración de Empresas y Derecho,Educación Comercial y Administración,Técnico de Nivel Superior,Carreras Técnicas,NO ACREDITADA
2023|I143S5C645J3V1,I143S5C645J3V1,TECNICO EN OPERACIONES LOGISTICAS,Administración y Comercio,Administración de Empresas y Derecho,Educación Comercial y Administración,Técnico de Nivel Superior,Carreras Técnicas,NO ACREDITADA
2024|I143S10C645J3V1,I143S10C645J3V1,TECNICO EN OPERACIONES LOGISTICAS,Administración y Comercio,Administración de Empresas y Derecho,Educación Comercial y Administración,Técnico de Nivel Superior,Carreras Técnicas,NO ACREDITADA
2024|I143S12C645J3V1,I143S12C645J3V1,TECNICO EN OPERACIONES LOGISTICAS,Administración y Comercio,Administración de Empresas y Derecho,Educación Comercial y Administración,Técnico de Nivel Superior,Carreras Técnicas,NO ACREDITADA
2024|I143S28C645J4V1,I143S28C645J4V1,TECNICO EN OPERACIONES LOGISTICAS,Administración y Comercio,Administración de Empresas y Derecho,Educación Comercial y Administración,Técnico de Nivel Superior,Carreras Técnicas,NO ACREDITADA
2024|I143S29C645J3V1,I143S29C645J3V1,TECNICO EN OPERACIONES LOGISTICAS,Administración y Comercio,Administración de Empresas y Derecho,Educación Comercial y Administración,Técnico de Nivel Superior,Carreras Técnicas,NO ACREDITADA
2024|I143S30C645J3V1,I143S30C645J3V1,TECNICO EN OPERACIONES LOGISTICAS,Administración y Comercio,Administración de Empresas y Derecho,Educación Comercial y Administración,Técnico de Nivel Superior,Carreras Técnicas,NO ACREDITADA
2025|I111S27C537J4V1,I111S27C537J4V1,TECNICO EN OPERACIONES LOGISTICAS,Administración y Comercio,Administración de Empresas y Derecho,Educación Comercial y Administración,Técnico de Nivel Superior,Carreras Técnicas,NO ACREDITADA
2025|I143S28C645J4V1,I143S28C645J4V1,TECNICO EN OPERACIONES LOGISTICAS,Administración y Comercio,Administración de Empresas y Derecho,Educación Comercial y Administración,Técnico de Nivel Superior,Carreras Técnicas,NO ACREDITADA
2025|I143S29C645J3V1,I143S29C645J3V1,TECNICO EN OPERACIONES LOGISTICAS,Administración y Comercio,Administración de Empresas y Derecho,Educación Comercial y Administración,Técnico de Nivel Superior,Carreras Técnicas,NO ACREDITADA
2025|I143S30C645J3V1,I143S30C645J3V1,TECNICO EN OPERACIONES LOGISTICAS,Administración y Comercio,Administración de Empresas y Derecho,Educación Comercial y Administración,Técnico de Nivel Superior,Carreras Técnicas,NO ACREDITADA
2026|I111S27C537J4V1,I111S27C537J4V1,TECNICO EN OPERACIONES LOGISTICAS,Administración y Comercio,Administración de Empresas y Derecho,Educación Comercial y Administración,Técnico de Nivel Superior,Carreras Técnicas,NO ACREDITADA
2023|I123S2C224J4V1,I123S2C224J4V1,TECNICO EN RECURSOS HUMANOS,Administración y Comercio,Administración de Empresas y Derecho,Educación Comercial y Administración,Técnico de Nivel Superior,Carreras Técnicas,NO ACREDITADA
2023|I152S10C321J4V3,I152S10C321J4V3,TECNICO EN RECURSOS HUMANOS,Administración y Comercio,Administración de Empresas y Derecho,Educación Comercial y Administración,Técnico de Nivel Superior,Carreras Técnicas,NO ACREDITADA
2024|I123S2C224J4V1,I123S2C224J4V1,TECNICO EN RECURSOS HUMANOS,Administración y Comercio,Administración de Empresas y Derecho,Educación Comercial y Administración,Técnico de Nivel Superior,Carreras Técnicas,NO ACREDITADA
2024|I152S10C321J2V2,I152S10C321J2V2,TECNICO EN RECURSOS HUMANOS,Administración y Comercio,Administración de Empresas y Derecho,Educación Comercial y Administración,Técnico de Nivel Superior,Carreras Técnicas,NO ACREDITADA
2024|I152S10C321J4V1,I152S10C321J4V1,TECNICO EN RECURSOS HUMANOS,Administración y Comercio,Administración de Empresas y Derecho,Educación Comercial y Administración,Técnico de Nivel Superior,Carreras Técnicas,NO ACREDITADA
2025|I123S2C224J4V1,I123S2C224J4V1,TECNICO EN RECURSOS HUMANOS,Administración y Comercio,Administración de Empresas y Derecho,Educación Comercial y Administración,Técnico de Nivel Superior,Carreras Técnicas,NO ACREDITADA
2025|I152S10C321J4V3,I152S10C321J4V3,TECNICO EN RECURSOS HUMANOS,Administración y Comercio,Administración de Empresas y Derecho,Educación Comercial y Administración,Técnico de Nivel Superior,Carreras Técnicas,NO ACREDITADA
2026|I117S1C61J4V1,I117S1C61J4V1,TECNICO EN RECURSOS HUMANOS,Administración y Comercio,Administración de Empresas y Derecho,Educación Comercial y Administración,Técnico de Nivel Superior,Carreras Técnicas,NO ACREDITADA
2026|I123S2C224J4V1,I123S2C224J4V1,TECNICO EN RECURSOS HUMANOS,Administración y Comercio,Administración de Empresas y Derecho,Educación Comercial y Administración,Técnico de Nivel Superior,Carreras Técnicas,NO ACREDITADA
2026|I152S10C321J4V1,I152S10C321J4V1,TECNICO EN RECURSOS HUMANOS,Administración y Comercio,Administración de Empresas y Derecho,Educación Comercial y Administración,Técnico de Nivel Superior,Carreras Técnicas,NO ACREDITADA
2026|I162S2C119J4V1,I162S2C119J4V1,TECNICO EN RECURSOS HUMANOS,Administración y Comercio,Administración de Empresas y Derecho,Educación Comercial y Administración,Técnico de Nivel Superior,Carreras Técnicas,NO ACREDITADA
2023|I534S1C60J4V1,I534S1C60J4V1,TECNICO EN SEGURIDAD ELECTRONICA ALARMAS Y CCTV,Administración y Comercio,Servicios,Servicios de Seguridad,Técnico de Nivel Superior,Carreras Técnicas,NO ACREDITADA
2024|I534S1C60J4V1,I534S1C60J4V1,TECNICO EN SEGURIDAD ELECTRONICA ALARMAS Y CCTV,Administración y Comercio,Servicios,Servicios de Seguridad,Técnico de Nivel Superior,Carreras Técnicas,NO ACREDITADA
2026|I117S1C122J4V1,I117S1C122J4V1,TECNICO EN SEGURIDAD PRIVADA,Administración y Comercio,Servicios,Servicios de Seguridad,Técnico de Nivel Superior,Carreras Técnicas,NO ACREDITADA
2023|I143S28C614J4V1,I143S28C614J4V1,TECNICO EN TURISMO,Administración y Comercio,Servicios,Servicios personales,Técnico de Nivel Superior,Carreras Técnicas,NO ACREDITADA
2024|I143S28C614J4V1,I143S28C614J4V1,TECNICO EN TURISMO,Administración y Comercio,Servicios,Servicios personales,Técnico de Nivel Superior,Carreras Técnicas,NO ACREDITADA
2024|I143S28C614J4V2,I143S28C614J4V2,TECNICO EN TURISMO,Administración y Comercio,Servicios,Servicios personales,Técnico de Nivel Superior,Carreras Técnicas,NO ACREDITADA
2024|I152S10C480J4V1,I152S10C480J4V1,TECNICO EN TURISMO,Administración y Comercio,Servicios,Servicios personales,Técnico de Nivel Superior,Carreras Técnicas,NO ACREDITADA
2025|I143S28C614J4V1,I143S28C614J4V1,TECNICO EN TURISMO,Administración y Comercio,Servicios,Servicios personales,Técnico de Nivel Superior,Carreras Técnicas,NO ACREDITADA
2025|I143S28C614J4V2,I143S28C614J4V2,TECNICO EN TURISMO,Administración y Comercio,Servicios,Servicios personales,Técnico de Nivel Superior,Carreras Técnicas,NO ACREDITADA
2025|I152S10C480J4V1,I152S10C480J4V1,TECNICO EN TURISMO,Administración y Comercio,Servicios,Servicios personales,Técnico de Nivel Superior,Carreras Técnicas,NO ACREDITADA
2026|I143S28C614J4V1,I143S28C614J4V1,TECNICO EN TURISMO,Administración y Comercio,Servicios,Servicios personales,Técnico de Nivel Superior,Carreras Técnicas,NO ACREDITADA
2026|I143S28C614J4V2,I143S28C614J4V2,TECNICO EN TURISMO,Administración y Comercio,Servicios,Servicios personales,Técnico de Nivel Superior,Carreras Técnicas,NO ACREDITADA
2026|I152S10C480J4V1,I152S10C480J4V1,TECNICO EN TURISMO,Administración y Comercio,Servicios,Servicios personales,Técnico de Nivel Superior,Carreras Técnicas,NO ACREDITADA
2023|I46S9C194J3V1,I46S9C194J3V1,TECNICO NIVEL SUPERIOR EN ADMINISTRACION DE EMPRESAS,Administración y Comercio,Administración de Empresas y Derecho,Educación Comercial y Administración,Técnico de Nivel Superior,Carreras Técnicas,NO ACREDITADA
2023|I534S1C71J4V1,I534S1C71J4V1,TECNICO NIVEL SUPERIOR EN SISTEMA DE SEGURIDAD ELECTRONICA Y COMUNICACION Y ENLACE,Administración y Comercio,Servicios,Servicios de Seguridad,Técnico de Nivel Superior,Carreras Técnicas,NO ACREDITADA
2024|I534S1C71J4V1,I534S1C71J4V1,TECNICO NIVEL SUPERIOR EN SISTEMA DE SEGURIDAD ELECTRONICA Y COMUNICACION Y ENLACE,Administración y Comercio,Servicios,Servicios de Seguridad,Técnico de Nivel Superior,Carreras Técnicas,NO ACREDITADA
2023|I117S1C1J4V1,I117S1C1J4V1,TECNICO SUPERIOR EN ADMINISTRACION DE EMPRESAS,Administración y Comercio,Administración de Empresas y Derecho,Educación Comercial y Administración,Técnico de Nivel Superior,Carreras Técnicas,NO ACREDITADA
2024|I117S1C1J4V1,I117S1C1J4V1,TECNICO SUPERIOR EN ADMINISTRACION DE EMPRESAS,Administración y Comercio,Administración de Empresas y Derecho,Educación Comercial y Administración,Técnico de Nivel Superior,Carreras Técnicas,NO ACREDITADA
2025|I117S1C1J4V1,I117S1C1J4V1,TECNICO SUPERIOR EN ADMINISTRACION DE EMPRESAS,Administración y Comercio,Administración de Empresas y Derecho,Educación Comercial y Administración,Técnico de Nivel Superior,Carreras Técnicas,NO ACREDITADA
2026|I93S1C216J4V2,I93S1C216J4V2,TECNICO UNIVERSITARIO EN ADMINISTRACION,Administración y Comercio,Administración de Empresas y Derecho,Educación Comercial y Administración,Técnico de Nivel Superior,Carreras Técnicas,NO ACREDITADA
2023|I10S7C799J4V1,I10S7C799J4V1,TECNICO UNIVERSITARIO EN ADMINISTRACION DE EMPRESAS,Administración y Comercio,Administración de Empresas y Derecho,Educación Comercial y Administración,Técnico de Nivel Superior,Carreras Técnicas,NO ACREDITADA
2024|I10S7C799J4V1,I10S7C799J4V1,TECNICO UNIVERSITARIO EN ADMINISTRACION DE EMPRESAS,Administración y Comercio,Administración de Empresas y Derecho,Educación Comercial y Administración,Técnico de Nivel Superior,Carreras Técnicas,NO ACREDITADA
2025|I10S7C799J4V1,I10S7C799J4V1,TECNICO UNIVERSITARIO EN ADMINISTRACION DE EMPRESAS,Administración y Comercio,Administración de Empresas y Derecho,Educación Comercial y Administración,Técnico de Nivel Superior,Carreras Técnicas,NO ACREDITADA
2026|I10S7C799J4V1,I10S7C799J4V1,TECNICO UNIVERSITARIO EN ADMINISTRACION DE EMPRESAS,Administración y Comercio,Administración de Empresas y Derecho,Educación Comercial y Administración,Técnico de Nivel Superior,Carreras Técnicas,NO ACREDITADA
2023|I10S7C802J4V1,I10S7C802J4V1,TECNICO UNIVERSITARIO EN CONTABILIDAD GENERAL,Administración y Comercio,Administración de Empresas y Derecho,Educación Comercial y Administración,Técnico de Nivel Superior,Carreras Técnicas,NO ACREDITADA
2024|I10S7C802J4V1,I10S7C802J4V1,TECNICO UNIVERSITARIO EN CONTABILIDAD GENERAL,Administración y Comercio,Administración de Empresas y Derecho,Educación Comercial y Administración,Técnico de Nivel Superior,Carreras Técnicas,NO ACREDITADA
2025|I10S7C802J4V1,I10S7C802J4V1,TECNICO UNIVERSITARIO EN CONTABILIDAD GENERAL,Administración y Comercio,Administración de Empresas y Derecho,Educación Comercial y Administración,Técnico de Nivel Superior,Carreras Técnicas,NO ACREDITADA
2026|I10S7C802J4V1,I10S7C802J4V1,TECNICO UNIVERSITARIO EN CONTABILIDAD GENERAL,Administración y Comercio,Administración de Empresas y Derecho,Educación Comercial y Administración,Técnico de Nivel Superior,Carreras Técnicas,NO ACREDITADA
2023|I10S7C832J4V1,I10S7C832J4V1,TECNICO UNIVERSITARIO EN FINANZAS,Administración y Comercio,Administración de Empresas y Derecho,Educación Comercial y Administración,Técnico de Nivel Superior,Carreras Técnicas,NO ACREDITADA
2024|I10S7C832J4V1,I10S7C832J4V1,TECNICO UNIVERSITARIO EN FINANZAS,Administración y Comercio,Administración de Empresas y Derecho,Educación Comercial y Administración,Técnico de Nivel Superior,Carreras Técnicas,NO ACREDITADA
2025|I10S7C946J4V1,I10S7C946J4V1,TECNICO UNIVERSITARIO EN GESTION COMERCIAL,Administración y Comercio,Administración de Empresas y Derecho,Educación Comercial y Administración,Técnico de Nivel Superior,Carreras Técnicas,NO ACREDITADA
2026|I10S7C946J4V1,I10S7C946J4V1,TECNICO UNIVERSITARIO EN GESTION COMERCIAL,Administración y Comercio,Administración de Empresas y Derecho,Educación Comercial y Administración,Técnico de Nivel Superior,Carreras Técnicas,NO ACREDITADA
2023|I10S7C859J4V1,I10S7C859J4V1,TECNICO UNIVERSITARIO EN GESTION DE PERSONAS,Administración y Comercio,Administración de Empresas y Derecho,Educación Comercial y Administración,Técnico de Nivel Superior,Carreras Técnicas,NO ACREDITADA
2024|I10S7C859J4V1,I10S7C859J4V1,TECNICO UNIVERSITARIO EN GESTION DE PERSONAS,Administración y Comercio,Administración de Empresas y Derecho,Educación Comercial y Administración,Técnico de Nivel Superior,Carreras Técnicas,NO ACREDITADA
2025|I10S7C859J4V1,I10S7C859J4V1,TECNICO UNIVERSITARIO EN GESTION DE PERSONAS,Administración y Comercio,Administración de Empresas y Derecho,Educación Comercial y Administración,Técnico de Nivel Superior,Carreras Técnicas,NO ACREDITADA
2026|I10S7C859J4V1,I10S7C859J4V1,TECNICO UNIVERSITARIO EN GESTION DE PERSONAS,Administración y Comercio,Administración de Empresas y Derecho,Educación Comercial y Administración,Técnico de Nivel Superior,Carreras Técnicas,NO ACREDITADA
2023|I10S7C860J4V1,I10S7C860J4V1,TECNICO UNIVERSITARIO EN LOGISTICA,Administración y Comercio,Administración de Empresas y Derecho,Educación Comercial y Administración,Técnico de Nivel Superior,Carreras Técnicas,NO ACREDITADA
2024|I10S7C860J4V1,I10S7C860J4V1,TECNICO UNIVERSITARIO EN LOGISTICA,Administración y Comercio,Administración de Empresas y Derecho,Educación Comercial y Administración,Técnico de Nivel Superior,Carreras Técnicas,NO ACREDITADA
2025|I10S7C860J4V1,I10S7C860J4V1,TECNICO UNIVERSITARIO EN LOGISTICA,Administración y Comercio,Administración de Empresas y Derecho,Educación Comercial y Administración,Técnico de Nivel Superior,Carreras Técnicas,NO ACREDITADA
2026|I10S7C860J4V1,I10S7C860J4V1,TECNICO UNIVERSITARIO EN LOGISTICA,Administración y Comercio,Administración de Empresas y Derecho,Educación Comercial y Administración,Técnico de Nivel Superior,Carreras Técnicas,NO ACREDITADA
2025|I10S7C945J4V1,I10S7C945J4V1,TECNICO UNIVERSITARIO EN MARKETING DIGITAL,Administración y Comercio,Administración de Empresas y Derecho,Educación Comercial y Administración,Técnico de Nivel Superior,Carreras Técnicas,NO ACREDITADA
2026|I10S7C945J4V1,I10S7C945J4V1,TECNICO UNIVERSITARIO EN MARKETING DIGITAL,Administración y Comercio,Administración de Empresas y Derecho,Educación Comercial y Administración,Técnico de Nivel Superior,Carreras Técnicas,NO ACREDITADA
2023|I10S7C833J4V1,I10S7C833J4V1,TECNICO UNIVERSITARIO EN MARKETING Y GESTION COMERCIAL,Administración y Comercio,Administración de Empresas y Derecho,Educación Comercial y Administración,Técnico de Nivel Superior,Carreras Técnicas,NO ACREDITADA
2024|I10S7C833J4V1,I10S7C833J4V1,TECNICO UNIVERSITARIO EN MARKETING Y GESTION COMERCIAL,Administración y Comercio,Administración de Empresas y Derecho,Educación Comercial y Administración,Técnico de Nivel Superior,Carreras Técnicas,NO ACREDITADA
2025|I10S7C833J4V1,I10S7C833J4V1,TECNICO UNIVERSITARIO EN MARKETING Y GESTION COMERCIAL,Administración y Comercio,Administración de Empresas y Derecho,Educación Comercial y Administración,Técnico de Nivel Superior,Carreras Técnicas,NO ACREDITADA
2026|I10S7C833J4V1,I10S7C833J4V1,TECNICO UNIVERSITARIO EN MARKETING Y GESTION COMERCIAL,Administración y Comercio,Administración de Empresas y Derecho,Educación Comercial y Administración,Técnico de Nivel Superior,Carreras Técnicas,NO ACREDITADA
2023|I22S1C55J3V2,I22S1C55J3V2,AGRONOMIA,Agropecuaria,"Agricultura, Silvicultura, Pesca y Veterinaria",Agricultura,Profesional Con Licenciatura,Carreras Profesionales,NO ACREDITADA
2023|I22S1C55J3V3,I22S1C55J3V3,AGRONOMIA,Agropecuaria,"Agricultura, Silvicultura, Pesca y Veterinaria",Agricultura,Profesional Con Licenciatura,Carreras Profesionales,NO ACREDITADA
2024|I22S1C55J3V2,I22S1C55J3V2,AGRONOMIA,Agropecuaria,"Agricultura, Silvicultura, Pesca y Veterinaria",Agricultura,Profesional Con Licenciatura,Carreras Profesionales,NO ACREDITADA
2025|I19S1C1J3V3,I19S1C1J3V3,AGRONOMIA,Agropecuaria,"Agricultura, Silvicultura, Pesca y Veterinaria",Agricultura,Profesional Con Licenciatura,Carreras Profesionales,NO ACREDITADA
2025|I22S1C55J3V2,I22S1C55J3V2,AGRONOMIA,Agropecuaria,"Agricultura, Silvicultura, Pesca y Veterinaria",Agricultura,Profesional Con Licenciatura,Carreras Profesionales,NO ACREDITADA
2025|I22S1C55J4V4,I22S1C55J4V4,AGRONOMIA,Agropecuaria,"Agricultura, Silvicultura, Pesca y Veterinaria",Agricultura,Profesional Con Licenciatura,Carreras Profesionales,NO ACREDITADA
2026|I19S1C1J3V3,I19S1C1J3V3,AGRONOMIA,Agropecuaria,"Agricultura, Silvicultura, Pesca y Veterinaria",Agricultura,Profesional Con Licenciatura,Carreras Profesionales,NO ACREDITADA
2026|I22S1C55J3V2,I22S1C55J3V2,AGRONOMIA,Agropecuaria,"Agricultura, Silvicultura, Pesca y Veterinaria",Agricultura,Profesional Con Licenciatura,Carreras Profesionales,NO ACREDITADA
2026|I22S1C55J4V4,I22S1C55J4V4,AGRONOMIA,Agropecuaria,"Agricultura, Silvicultura, Pesca y Veterinaria",Agricultura,Profesional Con Licenciatura,Carreras Profesionales,NO ACREDITADA
2023|I46S19C108J3V3,I46S19C108J3V3,AGRONOMIA (PLAN DE CONTINUIDAD),Agropecuaria,"Agricultura, Silvicultura, Pesca y Veterinaria",Agricultura,Profesional Con Licenciatura,Carreras Profesionales,NO ACREDITADA
2023|I46S12C639J3V2,I46S12C639J3V2,AGRONOMIA PARA INGENIEROS AGRICOLAS PCE,Agropecuaria,"Agricultura, Silvicultura, Pesca y Veterinaria",Agricultura,Profesional Con Licenciatura,Carreras Profesionales,NO ACREDITADA
2025|I13S1C479J3V1,I13S1C479J3V1,"AGRONOMIA, PLAN CONTINUIDAD DE ESTUDIOS",Agropecuaria,"Agricultura, Silvicultura, Pesca y Veterinaria",Agricultura,Profesional Con Licenciatura,Carreras Profesionales,NO ACREDITADA
2025|I13S7C479J3V1,I13S7C479J3V1,"AGRONOMIA, PLAN CONTINUIDAD DE ESTUDIOS",Agropecuaria,"Agricultura, Silvicultura, Pesca y Veterinaria",Agricultura,Profesional Con Licenciatura,Carreras Profesionales,NO ACREDITADA
2026|I13S1C479J3V1,I13S1C479J3V1,"AGRONOMIA, PLAN CONTINUIDAD DE ESTUDIOS",Agropecuaria,"Agricultura, Silvicultura, Pesca y Veterinaria",Agricultura,Profesional Con Licenciatura,Carreras Profesionales,NO ACREDITADA
2026|I13S7C479J3V1,I13S7C479J3V1,"AGRONOMIA, PLAN CONTINUIDAD DE ESTUDIOS",Agropecuaria,"Agricultura, Silvicultura, Pesca y Veterinaria",Agricultura,Profesional Con Licenciatura,Carreras Profesionales,NO ACREDITADA
2023|I120S1C333J3V1,I120S1C333J3V1,INGENIERIA EN GESTION FORESTAL,Agropecuaria,"Agricultura, Silvicultura, Pesca y Veterinaria",Silvicultura,Profesional Sin Licenciatura,Carreras Profesionales,NO ACREDITADA
2024|I120S1C333J3V1,I120S1C333J3V1,INGENIERIA EN GESTION FORESTAL,Agropecuaria,"Agricultura, Silvicultura, Pesca y Veterinaria",Silvicultura,Profesional Sin Licenciatura,Carreras Profesionales,NO ACREDITADA
2026|I120S1C333J3V1,I120S1C333J3V1,INGENIERIA EN GESTION FORESTAL,Agropecuaria,"Agricultura, Silvicultura, Pesca y Veterinaria",Silvicultura,Profesional Sin Licenciatura,Carreras Profesionales,NO ACREDITADA
2023|I19S4C37J3V1,I19S4C37J3V1,MEDICINA VETERINARIA,Agropecuaria,"Agricultura, Silvicultura, Pesca y Veterinaria",Veterinaria,Profesional Con Licenciatura,Carreras Profesionales,NO ACREDITADA
2023|I19S5C37J3V1,I19S5C37J3V1,MEDICINA VETERINARIA,Agropecuaria,"Agricultura, Silvicultura, Pesca y Veterinaria",Veterinaria,Profesional Con Licenciatura,Carreras Profesionales,NO ACREDITADA
2023|I19S6C37J3V1,I19S6C37J3V1,MEDICINA VETERINARIA,Agropecuaria,"Agricultura, Silvicultura, Pesca y Veterinaria",Veterinaria,Profesional Con Licenciatura,Carreras Profesionales,NO ACREDITADA
2023|I19S9C37J3V1,I19S9C37J3V1,MEDICINA VETERINARIA,Agropecuaria,"Agricultura, Silvicultura, Pesca y Veterinaria",Veterinaria,Profesional Con Licenciatura,Carreras Profesionales,NO ACREDITADA
2024|I19S4C37J3V1,I19S4C37J3V1,MEDICINA VETERINARIA,Agropecuaria,"Agricultura, Silvicultura, Pesca y Veterinaria",Veterinaria,Profesional Con Licenciatura,Carreras Profesionales,NO ACREDITADA
2024|I19S5C37J3V1,I19S5C37J3V1,MEDICINA VETERINARIA,Agropecuaria,"Agricultura, Silvicultura, Pesca y Veterinaria",Veterinaria,Profesional Con Licenciatura,Carreras Profesionales,NO ACREDITADA
2024|I19S6C37J3V1,I19S6C37J3V1,MEDICINA VETERINARIA,Agropecuaria,"Agricultura, Silvicultura, Pesca y Veterinaria",Veterinaria,Profesional Con Licenciatura,Carreras Profesionales,NO ACREDITADA
2024|I19S9C37J3V1,I19S9C37J3V1,MEDICINA VETERINARIA,Agropecuaria,"Agricultura, Silvicultura, Pesca y Veterinaria",Veterinaria,Profesional Con Licenciatura,Carreras Profesionales,NO ACREDITADA
2025|I19S4C37J3V1,I19S4C37J3V1,MEDICINA VETERINARIA,Agropecuaria,"Agricultura, Silvicultura, Pesca y Veterinaria",Veterinaria,Profesional Con Licenciatura,Carreras Profesionales,NO ACREDITADA
2025|I19S5C37J3V1,I19S5C37J3V1,MEDICINA VETERINARIA,Agropecuaria,"Agricultura, Silvicultura, Pesca y Veterinaria",Veterinaria,Profesional Con Licenciatura,Carreras Profesionales,NO ACREDITADA
2025|I19S6C37J3V1,I19S6C37J3V1,MEDICINA VETERINARIA,Agropecuaria,"Agricultura, Silvicultura, Pesca y Veterinaria",Veterinaria,Profesional Con Licenciatura,Carreras Profesionales,NO ACREDITADA
2025|I19S9C37J3V1,I19S9C37J3V1,MEDICINA VETERINARIA,Agropecuaria,"Agricultura, Silvicultura, Pesca y Veterinaria",Veterinaria,Profesional Con Licenciatura,Carreras Profesionales,NO ACREDITADA
2026|I19S4C37J3V1,I19S4C37J3V1,MEDICINA VETERINARIA,Agropecuaria,"Agricultura, Silvicultura, Pesca y Veterinaria",Veterinaria,Profesional Con Licenciatura,Carreras Profesionales,NO ACREDITADA
2026|I19S5C37J3V1,I19S5C37J3V1,MEDICINA VETERINARIA,Agropecuaria,"Agricultura, Silvicultura, Pesca y Veterinaria",Veterinaria,Profesional Con Licenciatura,Carreras Profesionales,NO ACREDITADA
2026|I19S6C37J3V1,I19S6C37J3V1,MEDICINA VETERINARIA,Agropecuaria,"Agricultura, Silvicultura, Pesca y Veterinaria",Veterinaria,Profesional Con Licenciatura,Carreras Profesionales,NO ACREDITADA
2026|I19S9C37J3V1,I19S9C37J3V1,MEDICINA VETERINARIA,Agropecuaria,"Agricultura, Silvicultura, Pesca y Veterinaria",Veterinaria,Profesional Con Licenciatura,Carreras Profesionales,NO ACREDITADA
2023|I19S1C512J3V1,I19S1C512J3V1,TECNICO DE NIVEL SUPERIOR AGRICOLA,Agropecuaria,"Agricultura, Silvicultura, Pesca y Veterinaria",Agricultura,Técnico de Nivel Superior,Carreras Técnicas,NO ACREDITADA
2023|I19S9C512J3V1,I19S9C512J3V1,TECNICO DE NIVEL SUPERIOR AGRICOLA,Agropecuaria,"Agricultura, Silvicultura, Pesca y Veterinaria",Agricultura,Técnico de Nivel Superior,Carreras Técnicas,NO ACREDITADA
2024|I19S1C512J3V1,I19S1C512J3V1,TECNICO DE NIVEL SUPERIOR AGRICOLA,Agropecuaria,"Agricultura, Silvicultura, Pesca y Veterinaria",Agricultura,Técnico de Nivel Superior,Carreras Técnicas,NO ACREDITADA
2024|I19S9C512J3V1,I19S9C512J3V1,TECNICO DE NIVEL SUPERIOR AGRICOLA,Agropecuaria,"Agricultura, Silvicultura, Pesca y Veterinaria",Agricultura,Técnico de Nivel Superior,Carreras Técnicas,NO ACREDITADA
2025|I19S1C512J3V1,I19S1C512J3V1,TECNICO DE NIVEL SUPERIOR AGRICOLA,Agropecuaria,"Agricultura, Silvicultura, Pesca y Veterinaria",Agricultura,Técnico de Nivel Superior,Carreras Técnicas,NO ACREDITADA
2025|I19S9C512J3V1,I19S9C512J3V1,TECNICO DE NIVEL SUPERIOR AGRICOLA,Agropecuaria,"Agricultura, Silvicultura, Pesca y Veterinaria",Agricultura,Técnico de Nivel Superior,Carreras Técnicas,NO ACREDITADA
2026|I19S1C512J3V1,I19S1C512J3V1,TECNICO DE NIVEL SUPERIOR AGRICOLA,Agropecuaria,"Agricultura, Silvicultura, Pesca y Veterinaria",Agricultura,Técnico de Nivel Superior,Carreras Técnicas,NO ACREDITADA
2026|I19S9C512J3V1,I19S9C512J3V1,TECNICO DE NIVEL SUPERIOR AGRICOLA,Agropecuaria,"Agricultura, Silvicultura, Pesca y Veterinaria",Agricultura,Técnico de Nivel Superior,Carreras Técnicas,NO ACREDITADA
2023|I46S19C215J3V3,I46S19C215J3V3,TECNICO DE NIVEL SUPERIOR EN AGRONOMIA,Agropecuaria,"Agricultura, Silvicultura, Pesca y Veterinaria",Agricultura,Técnico de Nivel Superior,Carreras Técnicas,NO ACREDITADA
2024|I19S1C325J3V1,I19S1C325J3V1,TECNICO DE NIVEL SUPERIOR VETERINARIO,Agropecuaria,"Agricultura, Silvicultura, Pesca y Veterinaria",Veterinaria,Técnico de Nivel Superior,Carreras Técnicas,NO ACREDITADA
2024|I19S4C325J3V1,I19S4C325J3V1,TECNICO DE NIVEL SUPERIOR VETERINARIO,Agropecuaria,"Agricultura, Silvicultura, Pesca y Veterinaria",Veterinaria,Técnico de Nivel Superior,Carreras Técnicas,NO ACREDITADA
2024|I19S5C325J3V1,I19S5C325J3V1,TECNICO DE NIVEL SUPERIOR VETERINARIO,Agropecuaria,"Agricultura, Silvicultura, Pesca y Veterinaria",Veterinaria,Técnico de Nivel Superior,Carreras Técnicas,NO ACREDITADA
2024|I19S9C325J3V1,I19S9C325J3V1,TECNICO DE NIVEL SUPERIOR VETERINARIO,Agropecuaria,"Agricultura, Silvicultura, Pesca y Veterinaria",Veterinaria,Técnico de Nivel Superior,Carreras Técnicas,NO ACREDITADA
2025|I19S1C325J3V1,I19S1C325J3V1,TECNICO DE NIVEL SUPERIOR VETERINARIO,Agropecuaria,"Agricultura, Silvicultura, Pesca y Veterinaria",Veterinaria,Técnico de Nivel Superior,Carreras Técnicas,NO ACREDITADA
2025|I19S4C325J3V1,I19S4C325J3V1,TECNICO DE NIVEL SUPERIOR VETERINARIO,Agropecuaria,"Agricultura, Silvicultura, Pesca y Veterinaria",Veterinaria,Técnico de Nivel Superior,Carreras Técnicas,NO ACREDITADA
2025|I19S5C325J3V1,I19S5C325J3V1,TECNICO DE NIVEL SUPERIOR VETERINARIO,Agropecuaria,"Agricultura, Silvicultura, Pesca y Veterinaria",Veterinaria,Técnico de Nivel Superior,Carreras Técnicas,NO ACREDITADA
2025|I19S9C325J3V1,I19S9C325J3V1,TECNICO DE NIVEL SUPERIOR VETERINARIO,Agropecuaria,"Agricultura, Silvicultura, Pesca y Veterinaria",Veterinaria,Técnico de Nivel Superior,Carreras Técnicas,NO ACREDITADA
2026|I19S1C325J3V1,I19S1C325J3V1,TECNICO DE NIVEL SUPERIOR VETERINARIO,Agropecuaria,"Agricultura, Silvicultura, Pesca y Veterinaria",Veterinaria,Técnico de Nivel Superior,Carreras Técnicas,NO ACREDITADA
2026|I19S4C325J3V1,I19S4C325J3V1,TECNICO DE NIVEL SUPERIOR VETERINARIO,Agropecuaria,"Agricultura, Silvicultura, Pesca y Veterinaria",Veterinaria,Técnico de Nivel Superior,Carreras Técnicas,NO ACREDITADA
2026|I19S5C325J3V1,I19S5C325J3V1,TECNICO DE NIVEL SUPERIOR VETERINARIO,Agropecuaria,"Agricultura, Silvicultura, Pesca y Veterinaria",Veterinaria,Técnico de Nivel Superior,Carreras Técnicas,NO ACREDITADA
2026|I19S9C325J3V1,I19S9C325J3V1,TECNICO DE NIVEL SUPERIOR VETERINARIO,Agropecuaria,"Agricultura, Silvicultura, Pesca y Veterinaria",Veterinaria,Técnico de Nivel Superior,Carreras Técnicas,NO ACREDITADA
2023|I120S1C319J3V1,I120S1C319J3V1,TECNICO FORESTAL,Agropecuaria,"Agricultura, Silvicultura, Pesca y Veterinaria",Silvicultura,Técnico de Nivel Superior,Carreras Técnicas,NO ACREDITADA
2024|I120S1C319J3V1,I120S1C319J3V1,TECNICO FORESTAL,Agropecuaria,"Agricultura, Silvicultura, Pesca y Veterinaria",Silvicultura,Técnico de Nivel Superior,Carreras Técnicas,NO ACREDITADA
2026|I120S1C319J3V1,I120S1C319J3V1,TECNICO FORESTAL,Agropecuaria,"Agricultura, Silvicultura, Pesca y Veterinaria",Silvicultura,Técnico de Nivel Superior,Carreras Técnicas,NO ACREDITADA
2024|I120S3C411J3V1,I120S3C411J3V1,TECNICO NIVEL SUPERIOR AGRICOLA,Agropecuaria,"Agricultura, Silvicultura, Pesca y Veterinaria",Agricultura,Técnico de Nivel Superior,Carreras Técnicas,NO ACREDITADA
2026|I143S28C701J4V1,I143S28C701J4V1,ANIMACION 3D,Arte y Arquitectura,Artes y Humanidades,Artes,Técnico de Nivel Superior,Carreras Técnicas,NO ACREDITADA
2023|I10S8C281J4V1,I10S8C281J4V1,ANIMACION DIGITAL,Arte y Arquitectura,Artes y Humanidades,Artes,Profesional Con Licenciatura,Carreras Profesionales,NO ACREDITADA
2023|I1S1C242J3V2,I1S1C242J3V2,ARQUITECTURA,Arte y Arquitectura,"Ingeniería, Industria y Construcción",Arquitectura y Construcción,Profesional Con Licenciatura,Carreras Profesionales,NO ACREDITADA
2023|I26S1C2J3V1,I26S1C2J3V1,ARQUITECTURA,Arte y Arquitectura,"Ingeniería, Industria y Construcción",Arquitectura y Construcción,Profesional Con Licenciatura,Carreras Profesionales,NO ACREDITADA
2024|I1S1C242J3V2,I1S1C242J3V2,ARQUITECTURA,Arte y Arquitectura,"Ingeniería, Industria y Construcción",Arquitectura y Construcción,Profesional Con Licenciatura,Carreras Profesionales,NO ACREDITADA
2024|I1S1C242J4V3,I1S1C242J4V3,ARQUITECTURA,Arte y Arquitectura,"Ingeniería, Industria y Construcción",Arquitectura y Construcción,Profesional Con Licenciatura,Carreras Profesionales,NO ACREDITADA
2024|I1S1C242J4V5,I1S1C242J4V5,ARQUITECTURA,Arte y Arquitectura,"Ingeniería, Industria y Construcción",Arquitectura y Construcción,Profesional Con Licenciatura,Carreras Profesionales,NO ACREDITADA
2024|I26S1C2J3V1,I26S1C2J3V1,ARQUITECTURA,Arte y Arquitectura,"Ingeniería, Industria y Construcción",Arquitectura y Construcción,Profesional Con Licenciatura,Carreras Profesionales,NO ACREDITADA
2025|I1S1C242J3V2,I1S1C242J3V2,ARQUITECTURA,Arte y Arquitectura,"Ingeniería, Industria y Construcción",Arquitectura y Construcción,Profesional Con Licenciatura,Carreras Profesionales,NO ACREDITADA
2025|I1S1C242J4V3,I1S1C242J4V3,ARQUITECTURA,Arte y Arquitectura,"Ingeniería, Industria y Construcción",Arquitectura y Construcción,Profesional Con Licenciatura,Carreras Profesionales,NO ACREDITADA
2025|I1S1C242J4V5,I1S1C242J4V5,ARQUITECTURA,Arte y Arquitectura,"Ingeniería, Industria y Construcción",Arquitectura y Construcción,Profesional Con Licenciatura,Carreras Profesionales,NO ACREDITADA
2025|I26S1C2J3V1,I26S1C2J3V1,ARQUITECTURA,Arte y Arquitectura,"Ingeniería, Industria y Construcción",Arquitectura y Construcción,Profesional Con Licenciatura,Carreras Profesionales,NO ACREDITADA
2026|I1S1C242J3V2,I1S1C242J3V2,ARQUITECTURA,Arte y Arquitectura,"Ingeniería, Industria y Construcción",Arquitectura y Construcción,Profesional Con Licenciatura,Carreras Profesionales,NO ACREDITADA
2026|I1S1C242J4V3,I1S1C242J4V3,ARQUITECTURA,Arte y Arquitectura,"Ingeniería, Industria y Construcción",Arquitectura y Construcción,Profesional Con Licenciatura,Carreras Profesionales,NO ACREDITADA
2026|I1S1C242J4V4,I1S1C242J4V4,ARQUITECTURA,Arte y Arquitectura,"Ingeniería, Industria y Construcción",Arquitectura y Construcción,Profesional Con Licenciatura,Carreras Profesionales,NO ACREDITADA
2026|I1S1C242J4V5,I1S1C242J4V5,ARQUITECTURA,Arte y Arquitectura,"Ingeniería, Industria y Construcción",Arquitectura y Construcción,Profesional Con Licenciatura,Carreras Profesionales,NO ACREDITADA
2026|I26S1C2J3V1,I26S1C2J3V1,ARQUITECTURA,Arte y Arquitectura,"Ingeniería, Industria y Construcción",Arquitectura y Construcción,Profesional Con Licenciatura,Carreras Profesionales,NO ACREDITADA
2025|I22S1C108J3V2,I22S1C108J3V2,CINE Y COMUNICACION AUDIOVISUAL,Arte y Arquitectura,Artes y Humanidades,Artes,Profesional Con Licenciatura,Carreras Profesionales,NO ACREDITADA
2026|I22S1C108J3V2,I22S1C108J3V2,CINE Y COMUNICACION AUDIOVISUAL,Arte y Arquitectura,Artes y Humanidades,Artes,Profesional Con Licenciatura,Carreras Profesionales,NO ACREDITADA
2026|I123S2C7J4V3,I123S2C7J4V3,COMUNICACION AUDIOVISUAL,Arte y Arquitectura,Artes y Humanidades,Artes,Profesional Sin Licenciatura,Carreras Profesionales,NO ACREDITADA
2023|I4S1C989J3V1,I4S1C989J3V1,COMUNICACION AUDIOVISUAL MULTIMEDIA,Arte y Arquitectura,Artes y Humanidades,Artes,Profesional Sin Licenciatura,Carreras Profesionales,NO ACREDITADA
2024|I4S1C989J3V1,I4S1C989J3V1,COMUNICACION AUDIOVISUAL MULTIMEDIA,Arte y Arquitectura,Artes y Humanidades,Artes,Profesional Sin Licenciatura,Carreras Profesionales,NO ACREDITADA
2023|I26S1C199J3V1,I26S1C199J3V1,DISEÑO DE INTERIORES Y AMBIENTES,Arte y Arquitectura,Artes y Humanidades,Artes,Profesional Con Licenciatura,Carreras Profesionales,NO ACREDITADA
2024|I26S1C199J3V1,I26S1C199J3V1,DISEÑO DE INTERIORES Y AMBIENTES,Arte y Arquitectura,Artes y Humanidades,Artes,Profesional Con Licenciatura,Carreras Profesionales,NO ACREDITADA
2024|I26S1C199J3V2,I26S1C199J3V2,DISEÑO DE INTERIORES Y AMBIENTES,Arte y Arquitectura,Artes y Humanidades,Artes,Profesional Con Licenciatura,Carreras Profesionales,NO ACREDITADA
2025|I26S1C199J3V1,I26S1C199J3V1,DISEÑO DE INTERIORES Y AMBIENTES,Arte y Arquitectura,Artes y Humanidades,Artes,Profesional Con Licenciatura,Carreras Profesionales,NO ACREDITADA
2025|I26S1C199J3V2,I26S1C199J3V2,DISEÑO DE INTERIORES Y AMBIENTES,Arte y Arquitectura,Artes y Humanidades,Artes,Profesional Con Licenciatura,Carreras Profesionales,NO ACREDITADA
2026|I26S1C199J3V1,I26S1C199J3V1,DISEÑO DE INTERIORES Y AMBIENTES,Arte y Arquitectura,Artes y Humanidades,Artes,Profesional Con Licenciatura,Carreras Profesionales,NO ACREDITADA
2026|I26S1C199J3V2,I26S1C199J3V2,DISEÑO DE INTERIORES Y AMBIENTES,Arte y Arquitectura,Artes y Humanidades,Artes,Profesional Con Licenciatura,Carreras Profesionales,NO ACREDITADA
2023|I106S6C303J4V1,I106S6C303J4V1,DISEÑO GRAFICO DIGITAL,Arte y Arquitectura,Artes y Humanidades,Artes,Profesional Sin Licenciatura,Carreras Profesionales,NO ACREDITADA
2024|I106S6C303J4V1,I106S6C303J4V1,DISEÑO GRAFICO DIGITAL,Arte y Arquitectura,Artes y Humanidades,Artes,Profesional Sin Licenciatura,Carreras Profesionales,NO ACREDITADA
2024|I106S6C303J4V2,I106S6C303J4V2,DISEÑO GRAFICO DIGITAL,Arte y Arquitectura,Artes y Humanidades,Artes,Profesional Sin Licenciatura,Carreras Profesionales,NO ACREDITADA
2025|I106S6C303J4V1,I106S6C303J4V1,DISEÑO GRAFICO DIGITAL,Arte y Arquitectura,Artes y Humanidades,Artes,Profesional Sin Licenciatura,Carreras Profesionales,NO ACREDITADA
2025|I106S6C303J4V2,I106S6C303J4V2,DISEÑO GRAFICO DIGITAL,Arte y Arquitectura,Artes y Humanidades,Artes,Profesional Sin Licenciatura,Carreras Profesionales,NO ACREDITADA
2026|I106S6C303J4V2,I106S6C303J4V2,DISEÑO GRAFICO DIGITAL,Arte y Arquitectura,Artes y Humanidades,Artes,Profesional Sin Licenciatura,Carreras Profesionales,NO ACREDITADA
2025|I382S1C49J4V1,I382S1C49J4V1,FOTOGRAFIA EN MEDIOS DIGITALES,Arte y Arquitectura,Artes y Humanidades,Artes,Técnico de Nivel Superior,Carreras Técnicas,NO ACREDITADA
2026|I382S1C49J4V1,I382S1C49J4V1,FOTOGRAFIA EN MEDIOS DIGITALES,Arte y Arquitectura,Artes y Humanidades,Artes,Técnico de Nivel Superior,Carreras Técnicas,NO ACREDITADA
2025|I382S1C50J4V1,I382S1C50J4V1,ILUSTRACION DIGITAL,Arte y Arquitectura,Artes y Humanidades,Artes,Técnico de Nivel Superior,Carreras Técnicas,NO ACREDITADA
2026|I382S1C50J4V1,I382S1C50J4V1,ILUSTRACION DIGITAL,Arte y Arquitectura,Artes y Humanidades,Artes,Técnico de Nivel Superior,Carreras Técnicas,NO ACREDITADA
2023|I693S0C0J4V1,I693S0C0J4V1,INTERPRETE EN JAZZ Y MUSICA POPULAR,Arte y Arquitectura,Artes y Humanidades,Artes,Profesional Sin Licenciatura,Carreras Profesionales,NO ACREDITADA
2024|I693S0C0J4V1,I693S0C0J4V1,INTERPRETE EN JAZZ Y MUSICA POPULAR,Arte y Arquitectura,Artes y Humanidades,Artes,Profesional Sin Licenciatura,Carreras Profesionales,NO ACREDITADA
2025|I693S0C0J4V1,I693S0C0J4V1,INTERPRETE EN JAZZ Y MUSICA POPULAR,Arte y Arquitectura,Artes y Humanidades,Artes,Profesional Sin Licenciatura,Carreras Profesionales,NO ACREDITADA
2026|I693S0C0J4V1,I693S0C0J4V1,INTERPRETE EN JAZZ Y MUSICA POPULAR,Arte y Arquitectura,Artes y Humanidades,Artes,Profesional Sin Licenciatura,Carreras Profesionales,NO ACREDITADA
2026|I1S1C185J4V1,I1S1C185J4V1,LICENCIATURA EN ARTES DIGITALES,Arte y Arquitectura,Artes y Humanidades,Artes,Licenciatura No Conducente a Título,Carreras Profesionales,NO ACREDITADA
2026|I91S1C2J3V2,I91S1C2J3V2,PLAN ESPECIAL DE TITULACION ARQUITECTURA,Arte y Arquitectura,"Ingeniería, Industria y Construcción",Arquitectura y Construcción,Profesional Sin Licenciatura,Carreras Profesionales,NO ACREDITADA
2023|I129S1C30J4V2,I129S1C30J4V2,PRODUCCION MUSICAL Y GESTION ARTISTICA,Arte y Arquitectura,Artes y Humanidades,Artes,Profesional Sin Licenciatura,Carreras Profesionales,NO ACREDITADA
2024|I129S1C30J4V2,I129S1C30J4V2,PRODUCCION MUSICAL Y GESTION ARTISTICA,Arte y Arquitectura,Artes y Humanidades,Artes,Profesional Sin Licenciatura,Carreras Profesionales,NO ACREDITADA
2025|I129S1C30J4V2,I129S1C30J4V2,PRODUCCION MUSICAL Y GESTION ARTISTICA,Arte y Arquitectura,Artes y Humanidades,Artes,Profesional Sin Licenciatura,Carreras Profesionales,NO ACREDITADA
2026|I129S1C30J4V2,I129S1C30J4V2,PRODUCCION MUSICAL Y GESTION ARTISTICA,Arte y Arquitectura,Artes y Humanidades,Artes,Profesional Sin Licenciatura,Carreras Profesionales,NO ACREDITADA
2026|I11S2C260J4V2,I11S2C260J4V2,PROGRAMA ESPECIAL DE LICENCIATURA EN ARTES,Arte y Arquitectura,Artes y Humanidades,Artes,Licenciatura No Conducente a Título,Carreras Profesionales,NO ACREDITADA
2023|I106S6C310J4V1,I106S6C310J4V1,TECNICO DE NIVEL SUPERIOR EN DISEÑO GRAFICO DIGITAL,Arte y Arquitectura,Artes y Humanidades,Artes,Técnico de Nivel Superior,Carreras Técnicas,NO ACREDITADA
2024|I106S6C310J4V1,I106S6C310J4V1,TECNICO DE NIVEL SUPERIOR EN DISEÑO GRAFICO DIGITAL,Arte y Arquitectura,Artes y Humanidades,Artes,Técnico de Nivel Superior,Carreras Técnicas,NO ACREDITADA
2024|I106S6C310J4V2,I106S6C310J4V2,TECNICO DE NIVEL SUPERIOR EN DISEÑO GRAFICO DIGITAL,Arte y Arquitectura,Artes y Humanidades,Artes,Técnico de Nivel Superior,Carreras Técnicas,NO ACREDITADA
2025|I106S6C310J4V1,I106S6C310J4V1,TECNICO DE NIVEL SUPERIOR EN DISEÑO GRAFICO DIGITAL,Arte y Arquitectura,Artes y Humanidades,Artes,Técnico de Nivel Superior,Carreras Técnicas,NO ACREDITADA
2025|I106S6C310J4V2,I106S6C310J4V2,TECNICO DE NIVEL SUPERIOR EN DISEÑO GRAFICO DIGITAL,Arte y Arquitectura,Artes y Humanidades,Artes,Técnico de Nivel Superior,Carreras Técnicas,NO ACREDITADA
2026|I106S6C310J4V2,I106S6C310J4V2,TECNICO DE NIVEL SUPERIOR EN DISEÑO GRAFICO DIGITAL,Arte y Arquitectura,Artes y Humanidades,Artes,Técnico de Nivel Superior,Carreras Técnicas,NO ACREDITADA
2025|I693S0C18J4V1,I693S0C18J4V1,TECNICO DE NIVEL SUPERIOR EN PRODUCCION MUSICAL,Arte y Arquitectura,Artes y Humanidades,Artes,Técnico de Nivel Superior,Carreras Técnicas,NO ACREDITADA
2026|I693S0C18J4V1,I693S0C18J4V1,TECNICO DE NIVEL SUPERIOR EN PRODUCCION MUSICAL,Arte y Arquitectura,Artes y Humanidades,Artes,Técnico de Nivel Superior,Carreras Técnicas,NO ACREDITADA
2023|I143S28C701J4V1,I143S28C701J4V1,TECNICO EN ANIMACION 3D,Arte y Arquitectura,Artes y Humanidades,Artes,Técnico de Nivel Superior,Carreras Técnicas,NO ACREDITADA
2024|I143S28C701J4V1,I143S28C701J4V1,TECNICO EN ANIMACION 3D,Arte y Arquitectura,Artes y Humanidades,Artes,Técnico de Nivel Superior,Carreras Técnicas,NO ACREDITADA
2025|I143S28C701J4V1,I143S28C701J4V1,TECNICO EN ANIMACION 3D,Arte y Arquitectura,Artes y Humanidades,Artes,Técnico de Nivel Superior,Carreras Técnicas,NO ACREDITADA
2023|I106S6C295J4V1,I106S6C295J4V1,TECNICO EN ANIMACION DIGITAL,Arte y Arquitectura,Artes y Humanidades,Artes,Técnico de Nivel Superior,Carreras Técnicas,NO ACREDITADA
2024|I106S6C295J4V1,I106S6C295J4V1,TECNICO EN ANIMACION DIGITAL,Arte y Arquitectura,Artes y Humanidades,Artes,Técnico de Nivel Superior,Carreras Técnicas,NO ACREDITADA
2024|I106S6C295J4V2,I106S6C295J4V2,TECNICO EN ANIMACION DIGITAL,Arte y Arquitectura,Artes y Humanidades,Artes,Técnico de Nivel Superior,Carreras Técnicas,NO ACREDITADA
2025|I106S6C295J4V1,I106S6C295J4V1,TECNICO EN ANIMACION DIGITAL,Arte y Arquitectura,Artes y Humanidades,Artes,Técnico de Nivel Superior,Carreras Técnicas,NO ACREDITADA
2025|I106S6C295J4V2,I106S6C295J4V2,TECNICO EN ANIMACION DIGITAL,Arte y Arquitectura,Artes y Humanidades,Artes,Técnico de Nivel Superior,Carreras Técnicas,NO ACREDITADA
2026|I106S6C295J4V2,I106S6C295J4V2,TECNICO EN ANIMACION DIGITAL,Arte y Arquitectura,Artes y Humanidades,Artes,Técnico de Nivel Superior,Carreras Técnicas,NO ACREDITADA
2025|I143S23C59J3V1,I143S23C59J3V1,TECNICO EN COSMETOLOGIA,Arte y Arquitectura,Servicios,Servicios personales,Técnico de Nivel Superior,Carreras Técnicas,NO ACREDITADA
2026|I143S23C59J3V1,I143S23C59J3V1,TECNICO EN COSMETOLOGIA,Arte y Arquitectura,Servicios,Servicios personales,Técnico de Nivel Superior,Carreras Técnicas,NO ACREDITADA
2025|I218S1C152J3V2,I218S1C152J3V2,TECNICO EN COSMETOLOGIA Y ESTETICA INTEGRAL,Arte y Arquitectura,Servicios,Servicios personales,Técnico de Nivel Superior,Carreras Técnicas,NO ACREDITADA
2026|I218S1C152J3V2,I218S1C152J3V2,TECNICO EN COSMETOLOGIA Y ESTETICA INTEGRAL,Arte y Arquitectura,Servicios,Servicios personales,Técnico de Nivel Superior,Carreras Técnicas,NO ACREDITADA
2026|I143S26C24J3V1,I143S26C24J3V1,TECNICO EN DIBUJO DE ARQUITECTURA Y OBRAS CIVILES,Arte y Arquitectura,"Ingeniería, Industria y Construcción",Arquitectura y Construcción,Técnico de Nivel Superior,Carreras Técnicas,NO ACREDITADA
2023|I123S2C211J4V1,I123S2C211J4V1,TECNICO EN DISEÑO Y CONTENIDO PARA PLATAFORMAS DIGITALES,Arte y Arquitectura,Artes y Humanidades,Artes,Técnico de Nivel Superior,Carreras Técnicas,NO ACREDITADA
2024|I123S2C211J4V1,I123S2C211J4V1,TECNICO EN DISEÑO Y CONTENIDO PARA PLATAFORMAS DIGITALES,Arte y Arquitectura,Artes y Humanidades,Artes,Técnico de Nivel Superior,Carreras Técnicas,NO ACREDITADA
2025|I123S2C211J4V1,I123S2C211J4V1,TECNICO EN DISEÑO Y CONTENIDO PARA PLATAFORMAS DIGITALES,Arte y Arquitectura,Artes y Humanidades,Artes,Técnico de Nivel Superior,Carreras Técnicas,NO ACREDITADA
2026|I123S2C211J4V1,I123S2C211J4V1,TECNICO EN DISEÑO Y CONTENIDO PARA PLATAFORMAS DIGITALES,Arte y Arquitectura,Artes y Humanidades,Artes,Técnico de Nivel Superior,Carreras Técnicas,NO ACREDITADA
2023|I120S1C281J3V1,I120S1C281J3V1,TECNICO EN ESTETICA INTEGRAL,Arte y Arquitectura,Servicios,Servicios personales,Técnico de Nivel Superior,Carreras Técnicas,NO ACREDITADA
2026|I435S1C101J3V2,I435S1C101J3V2,TECNICO EN PAISAJISMO SUSTENTABLE,Arte y Arquitectura,"Ingeniería, Industria y Construcción",Arquitectura y Construcción,Técnico de Nivel Superior,Carreras Técnicas,NO ACREDITADA
2026|I143S28C700J4V1,I143S28C700J4V1,ANALISIS DE DATOS,Ciencias Básicas,"Ciencias naturales, matemáticas y estadística",Matemáticas y Estadísticas,Técnico de Nivel Superior,Carreras Técnicas,NO ACREDITADA
2023|I426S1C55J4V1,I426S1C55J4V1,ANALITICA DE DATOS,Ciencias Básicas,"Ciencias naturales, matemáticas y estadística",Matemáticas y Estadísticas,Técnico de Nivel Superior,Carreras Técnicas,NO ACREDITADA
2024|I113S7C588J4V1,I113S7C588J4V1,INGENIERIA EN CIENCIA DE DATOS,Ciencias Básicas,"Ciencias naturales, matemáticas y estadística",Matemáticas y Estadísticas,Profesional Sin Licenciatura,Carreras Profesionales,NO ACREDITADA
2025|I113S13C588J4V1,I113S13C588J4V1,INGENIERIA EN CIENCIA DE DATOS,Ciencias Básicas,"Ciencias naturales, matemáticas y estadística",Matemáticas y Estadísticas,Profesional Sin Licenciatura,Carreras Profesionales,NO ACREDITADA
2025|I113S7C588J4V1,I113S7C588J4V1,INGENIERIA EN CIENCIA DE DATOS,Ciencias Básicas,"Ciencias naturales, matemáticas y estadística",Matemáticas y Estadísticas,Profesional Sin Licenciatura,Carreras Profesionales,NO ACREDITADA
2025|I162S2C88J4V1,I162S2C88J4V1,INGENIERIA EN CIENCIA DE DATOS,Ciencias Básicas,"Ciencias naturales, matemáticas y estadística",Matemáticas y Estadísticas,Profesional Sin Licenciatura,Carreras Profesionales,NO ACREDITADA
2026|I111S27C552J4V1,I111S27C552J4V1,INGENIERIA EN CIENCIA DE DATOS,Ciencias Básicas,"Ciencias naturales, matemáticas y estadística",Matemáticas y Estadísticas,Profesional Sin Licenciatura,Carreras Profesionales,NO ACREDITADA
2026|I113S7C588J4V1,I113S7C588J4V1,INGENIERIA EN CIENCIA DE DATOS,Ciencias Básicas,"Ciencias naturales, matemáticas y estadística",Matemáticas y Estadísticas,Profesional Sin Licenciatura,Carreras Profesionales,NO ACREDITADA
2026|I162S2C88J4V1,I162S2C88J4V1,INGENIERIA EN CIENCIA DE DATOS,Ciencias Básicas,"Ciencias naturales, matemáticas y estadística",Matemáticas y Estadísticas,Profesional Sin Licenciatura,Carreras Profesionales,NO ACREDITADA
2026|I113S7C588J4V2,I113S7C588J4V2,INGENIERIA EN CIENCIA DE DATOS PLAN CONTINUIDAD,Ciencias Básicas,"Ciencias naturales, matemáticas y estadística",Matemáticas y Estadísticas,Profesional Sin Licenciatura,Carreras Profesionales,NO ACREDITADA
2023|I171S1C73J4V1,I171S1C73J4V1,INGENIERIA EN CIENCIAS DE DATOS,Ciencias Básicas,"Ciencias naturales, matemáticas y estadística",Matemáticas y Estadísticas,Profesional Sin Licenciatura,Carreras Profesionales,NO ACREDITADA
2024|I171S1C73J4V1,I171S1C73J4V1,INGENIERIA EN CIENCIAS DE DATOS,Ciencias Básicas,"Ciencias naturales, matemáticas y estadística",Matemáticas y Estadísticas,Profesional Sin Licenciatura,Carreras Profesionales,NO ACREDITADA
2025|I171S1C73J4V1,I171S1C73J4V1,INGENIERIA EN CIENCIAS DE DATOS,Ciencias Básicas,"Ciencias naturales, matemáticas y estadística",Matemáticas y Estadísticas,Profesional Sin Licenciatura,Carreras Profesionales,NO ACREDITADA
2025|I20S1C821J4V1,I20S1C821J4V1,INGENIERIA EN CIENCIAS DE DATOS,Ciencias Básicas,"Ciencias naturales, matemáticas y estadística",Matemáticas y Estadísticas,Profesional Con Licenciatura,Carreras Profesionales,NO ACREDITADA
2026|I171S1C73J4V1,I171S1C73J4V1,INGENIERIA EN CIENCIAS DE DATOS,Ciencias Básicas,"Ciencias naturales, matemáticas y estadística",Matemáticas y Estadísticas,Profesional Sin Licenciatura,Carreras Profesionales,NO ACREDITADA
2026|I20S1C821J4V1,I20S1C821J4V1,INGENIERIA EN CIENCIAS DE DATOS,Ciencias Básicas,"Ciencias naturales, matemáticas y estadística",Matemáticas y Estadísticas,Profesional Con Licenciatura,Carreras Profesionales,NO ACREDITADA
2025|I171S1C73J4V2,I171S1C73J4V2,INGENIERIA EN CIENCIAS DE DATOS (PLAN ESPECIAL),Ciencias Básicas,"Ciencias naturales, matemáticas y estadística",Matemáticas y Estadísticas,Profesional Sin Licenciatura,Carreras Profesionales,NO ACREDITADA
2026|I171S1C73J4V2,I171S1C73J4V2,INGENIERIA EN CIENCIAS DE DATOS (PLAN ESPECIAL),Ciencias Básicas,"Ciencias naturales, matemáticas y estadística",Matemáticas y Estadísticas,Profesional Sin Licenciatura,Carreras Profesionales,NO ACREDITADA
2023|I143S28C703J4V1,I143S28C703J4V1,INGENIERIA EN DATA SCIENCE,Ciencias Básicas,"Ciencias naturales, matemáticas y estadística",Matemáticas y Estadísticas,Profesional Sin Licenciatura,Carreras Profesionales,NO ACREDITADA
2024|I143S28C703J4V1,I143S28C703J4V1,INGENIERIA EN DATA SCIENCE,Ciencias Básicas,"Ciencias naturales, matemáticas y estadística",Matemáticas y Estadísticas,Profesional Sin Licenciatura,Carreras Profesionales,NO ACREDITADA
2025|I143S28C703J4V1,I143S28C703J4V1,INGENIERIA EN DATA SCIENCE,Ciencias Básicas,"Ciencias naturales, matemáticas y estadística",Matemáticas y Estadísticas,Profesional Sin Licenciatura,Carreras Profesionales,NO ACREDITADA
2026|I143S28C703J4V1,I143S28C703J4V1,INGENIERIA EN DATA SCIENCE,Ciencias Básicas,"Ciencias naturales, matemáticas y estadística",Matemáticas y Estadísticas,Profesional Sin Licenciatura,Carreras Profesionales,NO ACREDITADA
2023|I120S1C16J3V1,I120S1C16J3V1,INGENIERIA EN GEOMENSURA,Ciencias Básicas,"Ciencias naturales, matemáticas y estadística",Ciencias Físicas,Profesional Sin Licenciatura,Carreras Profesionales,NO ACREDITADA
2023|I120S2C16J3V1,I120S2C16J3V1,INGENIERIA EN GEOMENSURA,Ciencias Básicas,"Ciencias naturales, matemáticas y estadística",Ciencias Físicas,Profesional Sin Licenciatura,Carreras Profesionales,NO ACREDITADA
2023|I120S3C16J3V1,I120S3C16J3V1,INGENIERIA EN GEOMENSURA,Ciencias Básicas,"Ciencias naturales, matemáticas y estadística",Ciencias Físicas,Profesional Sin Licenciatura,Carreras Profesionales,NO ACREDITADA
2023|I120S4C16J3V1,I120S4C16J3V1,INGENIERIA EN GEOMENSURA,Ciencias Básicas,"Ciencias naturales, matemáticas y estadística",Ciencias Físicas,Profesional Sin Licenciatura,Carreras Profesionales,NO ACREDITADA
2024|I120S1C16J3V1,I120S1C16J3V1,INGENIERIA EN GEOMENSURA,Ciencias Básicas,"Ciencias naturales, matemáticas y estadística",Ciencias Físicas,Profesional Sin Licenciatura,Carreras Profesionales,NO ACREDITADA
2024|I120S2C16J3V1,I120S2C16J3V1,INGENIERIA EN GEOMENSURA,Ciencias Básicas,"Ciencias naturales, matemáticas y estadística",Ciencias Físicas,Profesional Sin Licenciatura,Carreras Profesionales,NO ACREDITADA
2024|I120S3C16J3V1,I120S3C16J3V1,INGENIERIA EN GEOMENSURA,Ciencias Básicas,"Ciencias naturales, matemáticas y estadística",Ciencias Físicas,Profesional Sin Licenciatura,Carreras Profesionales,NO ACREDITADA
2024|I120S4C16J3V1,I120S4C16J3V1,INGENIERIA EN GEOMENSURA,Ciencias Básicas,"Ciencias naturales, matemáticas y estadística",Ciencias Físicas,Profesional Sin Licenciatura,Carreras Profesionales,NO ACREDITADA
2024|I152S10C18J3V1,I152S10C18J3V1,INGENIERIA EN GEOMENSURA,Ciencias Básicas,"Ciencias naturales, matemáticas y estadística",Ciencias Físicas,Profesional Sin Licenciatura,Carreras Profesionales,NO ACREDITADA
2025|I152S10C18J3V1,I152S10C18J3V1,INGENIERIA EN GEOMENSURA,Ciencias Básicas,"Ciencias naturales, matemáticas y estadística",Ciencias Físicas,Profesional Sin Licenciatura,Carreras Profesionales,NO ACREDITADA
2026|I116S40C183J4V1,I116S40C183J4V1,INGENIERIA EN GEOMENSURA,Ciencias Básicas,"Ciencias naturales, matemáticas y estadística",Ciencias Físicas,Profesional Sin Licenciatura,Carreras Profesionales,NO ACREDITADA
2026|I120S1C16J3V1,I120S1C16J3V1,INGENIERIA EN GEOMENSURA,Ciencias Básicas,"Ciencias naturales, matemáticas y estadística",Ciencias Físicas,Profesional Sin Licenciatura,Carreras Profesionales,NO ACREDITADA
2026|I120S2C16J3V1,I120S2C16J3V1,INGENIERIA EN GEOMENSURA,Ciencias Básicas,"Ciencias naturales, matemáticas y estadística",Ciencias Físicas,Profesional Sin Licenciatura,Carreras Profesionales,NO ACREDITADA
2026|I120S3C16J3V1,I120S3C16J3V1,INGENIERIA EN GEOMENSURA,Ciencias Básicas,"Ciencias naturales, matemáticas y estadística",Ciencias Físicas,Profesional Sin Licenciatura,Carreras Profesionales,NO ACREDITADA
2026|I120S4C16J3V1,I120S4C16J3V1,INGENIERIA EN GEOMENSURA,Ciencias Básicas,"Ciencias naturales, matemáticas y estadística",Ciencias Físicas,Profesional Sin Licenciatura,Carreras Profesionales,NO ACREDITADA
2026|I152S10C18J3V1,I152S10C18J3V1,INGENIERIA EN GEOMENSURA,Ciencias Básicas,"Ciencias naturales, matemáticas y estadística",Ciencias Físicas,Profesional Sin Licenciatura,Carreras Profesionales,NO ACREDITADA
2023|I50S1C350J4V1,I50S1C350J4V1,INGENIERIA EN GEOMENSURA Y CARTOGRAFIA PROGRAMA DE PROSECUCION DE ESTUDIOS,Ciencias Básicas,"Ciencias naturales, matemáticas y estadística",Ciencias Físicas,Profesional Sin Licenciatura,Carreras Profesionales,NO ACREDITADA
2024|I50S1C350J4V1,I50S1C350J4V1,INGENIERIA EN GEOMENSURA Y CARTOGRAFIA PROGRAMA DE PROSECUCION DE ESTUDIOS,Ciencias Básicas,"Ciencias naturales, matemáticas y estadística",Ciencias Físicas,Profesional Sin Licenciatura,Carreras Profesionales,NO ACREDITADA
2025|I50S1C350J4V1,I50S1C350J4V1,INGENIERIA EN GEOMENSURA Y CARTOGRAFIA PROGRAMA DE PROSECUCION DE ESTUDIOS,Ciencias Básicas,"Ciencias naturales, matemáticas y estadística",Ciencias Físicas,Profesional Sin Licenciatura,Carreras Profesionales,NO ACREDITADA
2026|I50S1C350J4V1,I50S1C350J4V1,INGENIERIA EN GEOMENSURA Y CARTOGRAFIA PROGRAMA DE PROSECUCION DE ESTUDIOS,Ciencias Básicas,"Ciencias naturales, matemáticas y estadística",Ciencias Físicas,Profesional Sin Licenciatura,Carreras Profesionales,NO ACREDITADA
2023|I91S1C519J3V1,I91S1C519J3V1,PLAN ESPECIAL DE GEOLOGIA,Ciencias Básicas,"Ciencias naturales, matemáticas y estadística",Ciencias Físicas,Profesional Con Licenciatura,Carreras Profesionales,NO ACREDITADA
2024|I91S1C519J3V1,I91S1C519J3V1,PLAN ESPECIAL DE GEOLOGIA,Ciencias Básicas,"Ciencias naturales, matemáticas y estadística",Ciencias Físicas,Profesional Con Licenciatura,Carreras Profesionales,NO ACREDITADA
2025|I91S1C519J3V1,I91S1C519J3V1,PLAN ESPECIAL DE GEOLOGIA,Ciencias Básicas,"Ciencias naturales, matemáticas y estadística",Ciencias Físicas,Profesional Con Licenciatura,Carreras Profesionales,NO ACREDITADA
2026|I91S1C519J3V1,I91S1C519J3V1,PLAN ESPECIAL DE GEOLOGIA,Ciencias Básicas,"Ciencias naturales, matemáticas y estadística",Ciencias Físicas,Profesional Con Licenciatura,Carreras Profesionales,NO ACREDITADA
2026|I72S1C652J3V1,I72S1C652J3V1,PROGRAMA DE CONTINUIDAD DE ESTUDIOS DE LA CARRERA DE METEOROLOGIA,Ciencias Básicas,"Ciencias naturales, matemáticas y estadística",Ciencias Físicas,Profesional Sin Licenciatura,Carreras Profesionales,NO ACREDITADA
2024|I117S1C120J4V1,I117S1C120J4V1,TECNICO DE NIVEL SUPERIOR EN ANALISIS DE DATOS,Ciencias Básicas,"Ciencias naturales, matemáticas y estadística",Matemáticas y Estadísticas,Técnico de Nivel Superior,Carreras Técnicas,NO ACREDITADA
2025|I117S1C120J4V1,I117S1C120J4V1,TECNICO DE NIVEL SUPERIOR EN ANALISIS DE DATOS,Ciencias Básicas,"Ciencias naturales, matemáticas y estadística",Matemáticas y Estadísticas,Técnico de Nivel Superior,Carreras Técnicas,NO ACREDITADA
2023|I106S6C335J4V1,I106S6C335J4V1,TECNICO DE NIVEL SUPERIOR EN CIENCIA DE DATOS,Ciencias Básicas,"Ciencias naturales, matemáticas y estadística",Matemáticas y Estadísticas,Técnico de Nivel Superior,Carreras Técnicas,NO ACREDITADA
2024|I106S6C335J4V1,I106S6C335J4V1,TECNICO DE NIVEL SUPERIOR EN CIENCIA DE DATOS,Ciencias Básicas,"Ciencias naturales, matemáticas y estadística",Matemáticas y Estadísticas,Técnico de Nivel Superior,Carreras Técnicas,NO ACREDITADA
2024|I106S6C335J4V2,I106S6C335J4V2,TECNICO DE NIVEL SUPERIOR EN CIENCIA DE DATOS,Ciencias Básicas,"Ciencias naturales, matemáticas y estadística",Matemáticas y Estadísticas,Técnico de Nivel Superior,Carreras Técnicas,NO ACREDITADA
2025|I106S6C335J4V1,I106S6C335J4V1,TECNICO DE NIVEL SUPERIOR EN CIENCIA DE DATOS,Ciencias Básicas,"Ciencias naturales, matemáticas y estadística",Matemáticas y Estadísticas,Técnico de Nivel Superior,Carreras Técnicas,NO ACREDITADA
2025|I106S6C335J4V2,I106S6C335J4V2,TECNICO DE NIVEL SUPERIOR EN CIENCIA DE DATOS,Ciencias Básicas,"Ciencias naturales, matemáticas y estadística",Matemáticas y Estadísticas,Técnico de Nivel Superior,Carreras Técnicas,NO ACREDITADA
2026|I106S6C335J4V2,I106S6C335J4V2,TECNICO DE NIVEL SUPERIOR EN CIENCIA DE DATOS,Ciencias Básicas,"Ciencias naturales, matemáticas y estadística",Matemáticas y Estadísticas,Técnico de Nivel Superior,Carreras Técnicas,NO ACREDITADA
2024|I113S7C592J4V1,I113S7C592J4V1,TECNICO DE NIVEL SUPERIOR EN CIENCIAS DE DATOS,Ciencias Básicas,"Ciencias naturales, matemáticas y estadística",Matemáticas y Estadísticas,Técnico de Nivel Superior,Carreras Técnicas,NO ACREDITADA
2025|I113S13C592J4V1,I113S13C592J4V1,TECNICO DE NIVEL SUPERIOR EN CIENCIAS DE DATOS,Ciencias Básicas,"Ciencias naturales, matemáticas y estadística",Matemáticas y Estadísticas,Técnico de Nivel Superior,Carreras Técnicas,NO ACREDITADA
2026|I113S13C592J4V1,I113S13C592J4V1,TECNICO DE NIVEL SUPERIOR EN CIENCIAS DE DATOS,Ciencias Básicas,"Ciencias naturales, matemáticas y estadística",Matemáticas y Estadísticas,Técnico de Nivel Superior,Carreras Técnicas,NO ACREDITADA
2026|I113S7C592J4V1,I113S7C592J4V1,TECNICO DE NIVEL SUPERIOR EN CIENCIAS DE DATOS,Ciencias Básicas,"Ciencias naturales, matemáticas y estadística",Matemáticas y Estadísticas,Técnico de Nivel Superior,Carreras Técnicas,NO ACREDITADA
2023|I143S28C700J4V1,I143S28C700J4V1,TECNICO EN ANALISIS DE DATOS,Ciencias Básicas,"Ciencias naturales, matemáticas y estadística",Matemáticas y Estadísticas,Técnico de Nivel Superior,Carreras Técnicas,NO ACREDITADA
2024|I143S28C700J4V1,I143S28C700J4V1,TECNICO EN ANALISIS DE DATOS,Ciencias Básicas,"Ciencias naturales, matemáticas y estadística",Matemáticas y Estadísticas,Técnico de Nivel Superior,Carreras Técnicas,NO ACREDITADA
2025|I143S28C700J4V1,I143S28C700J4V1,TECNICO EN ANALISIS DE DATOS,Ciencias Básicas,"Ciencias naturales, matemáticas y estadística",Matemáticas y Estadísticas,Técnico de Nivel Superior,Carreras Técnicas,NO ACREDITADA
2026|I117S1C120J4V1,I117S1C120J4V1,TECNICO EN ANALISIS DE DATOS,Ciencias Básicas,"Ciencias naturales, matemáticas y estadística",Matemáticas y Estadísticas,Técnico de Nivel Superior,Carreras Técnicas,NO ACREDITADA
2026|I171S1C104J4V1,I171S1C104J4V1,TECNICO EN ANALITICA DE DATOS,Ciencias Básicas,"Ciencias naturales, matemáticas y estadística",Matemáticas y Estadísticas,Técnico de Nivel Superior,Carreras Técnicas,NO ACREDITADA
2025|I162S2C89J4V1,I162S2C89J4V1,TECNICO EN CIENCIA DE DATOS,Ciencias Básicas,"Ciencias naturales, matemáticas y estadística",Matemáticas y Estadísticas,Técnico de Nivel Superior,Carreras Técnicas,NO ACREDITADA
2026|I162S2C89J4V1,I162S2C89J4V1,TECNICO EN CIENCIA DE DATOS,Ciencias Básicas,"Ciencias naturales, matemáticas y estadística",Matemáticas y Estadísticas,Técnico de Nivel Superior,Carreras Técnicas,NO ACREDITADA
2023|I10S11C380J4V1,I10S11C380J4V1,ADMINISTRACION PUBLICA,Ciencias Sociales,Administración de Empresas y Derecho,Educación Comercial y Administración,Profesional Con Licenciatura,Carreras Profesionales,NO ACREDITADA
2023|I10S11C380J4V2,I10S11C380J4V2,ADMINISTRACION PUBLICA,Ciencias Sociales,Administración de Empresas y Derecho,Educación Comercial y Administración,Profesional Con Licenciatura,Carreras Profesionales,NO ACREDITADA
2023|I10S7C380J4V2,I10S7C380J4V2,ADMINISTRACION PUBLICA,Ciencias Sociales,Administración de Empresas y Derecho,Educación Comercial y Administración,Profesional Con Licenciatura,Carreras Profesionales,NO ACREDITADA
2023|I10S7C380J4V3,I10S7C380J4V3,ADMINISTRACION PUBLICA,Ciencias Sociales,Administración de Empresas y Derecho,Educación Comercial y Administración,Profesional Con Licenciatura,Carreras Profesionales,NO ACREDITADA
2023|I117S1C96J4V1,I117S1C96J4V1,ADMINISTRACION PUBLICA,Ciencias Sociales,Administración de Empresas y Derecho,Educación Comercial y Administración,Profesional Sin Licenciatura,Carreras Profesionales,NO ACREDITADA
2023|I143S20C660J3V1,I143S20C660J3V1,ADMINISTRACION PUBLICA,Ciencias Sociales,Administración de Empresas y Derecho,Educación Comercial y Administración,Profesional Sin Licenciatura,Carreras Profesionales,NO ACREDITADA
2023|I143S28C660J4V1,I143S28C660J4V1,ADMINISTRACION PUBLICA,Ciencias Sociales,Administración de Empresas y Derecho,Educación Comercial y Administración,Profesional Sin Licenciatura,Carreras Profesionales,NO ACREDITADA
2023|I152S10C274J4V4,I152S10C274J4V4,ADMINISTRACION PUBLICA,Ciencias Sociales,Administración de Empresas y Derecho,Educación Comercial y Administración,Profesional Sin Licenciatura,Carreras Profesionales,NO ACREDITADA
2023|I152S10C274J4V5,I152S10C274J4V5,ADMINISTRACION PUBLICA,Ciencias Sociales,Administración de Empresas y Derecho,Educación Comercial y Administración,Profesional Sin Licenciatura,Carreras Profesionales,NO ACREDITADA
2023|I171S1C70J4V1,I171S1C70J4V1,ADMINISTRACION PUBLICA,Ciencias Sociales,Administración de Empresas y Derecho,Educación Comercial y Administración,Profesional Sin Licenciatura,Carreras Profesionales,NO ACREDITADA
2023|I22S1C299J2V1,I22S1C299J2V1,ADMINISTRACION PUBLICA,Ciencias Sociales,Administración de Empresas y Derecho,Educación Comercial y Administración,Profesional Con Licenciatura,Carreras Profesionales,NO ACREDITADA
2023|I22S1C299J4V1,I22S1C299J4V1,ADMINISTRACION PUBLICA,Ciencias Sociales,Administración de Empresas y Derecho,Educación Comercial y Administración,Profesional Con Licenciatura,Carreras Profesionales,NO ACREDITADA
2023|I26S1C179J4V2,I26S1C179J4V2,ADMINISTRACION PUBLICA,Ciencias Sociales,Administración de Empresas y Derecho,Educación Comercial y Administración,Profesional Con Licenciatura,Carreras Profesionales,NO ACREDITADA
2023|I26S1C60J4V2,I26S1C60J4V2,ADMINISTRACION PUBLICA,Ciencias Sociales,Administración de Empresas y Derecho,Educación Comercial y Administración,Profesional Con Licenciatura,Carreras Profesionales,NO ACREDITADA
2023|I4S1C2J4V2,I4S1C2J4V2,ADMINISTRACION PUBLICA,Ciencias Sociales,Administración de Empresas y Derecho,Educación Comercial y Administración,Profesional Con Licenciatura,Carreras Profesionales,NO ACREDITADA
2023|I4S1C2J4V3,I4S1C2J4V3,ADMINISTRACION PUBLICA,Ciencias Sociales,Administración de Empresas y Derecho,Educación Comercial y Administración,Profesional Con Licenciatura,Carreras Profesionales,NO ACREDITADA
2024|I10S11C380J4V2,I10S11C380J4V2,ADMINISTRACION PUBLICA,Ciencias Sociales,Administración de Empresas y Derecho,Educación Comercial y Administración,Profesional Con Licenciatura,Carreras Profesionales,NO ACREDITADA
2024|I10S7C380J4V2,I10S7C380J4V2,ADMINISTRACION PUBLICA,Ciencias Sociales,Administración de Empresas y Derecho,Educación Comercial y Administración,Profesional Con Licenciatura,Carreras Profesionales,NO ACREDITADA
2024|I10S7C380J4V3,I10S7C380J4V3,ADMINISTRACION PUBLICA,Ciencias Sociales,Administración de Empresas y Derecho,Educación Comercial y Administración,Profesional Con Licenciatura,Carreras Profesionales,NO ACREDITADA
2024|I10S7C380J4V5,I10S7C380J4V5,ADMINISTRACION PUBLICA,Ciencias Sociales,Administración de Empresas y Derecho,Educación Comercial y Administración,Profesional Con Licenciatura,Carreras Profesionales,NO ACREDITADA
2024|I113S7C581J4V1,I113S7C581J4V1,ADMINISTRACION PUBLICA,Ciencias Sociales,Administración de Empresas y Derecho,Educación Comercial y Administración,Profesional Sin Licenciatura,Carreras Profesionales,NO ACREDITADA
2024|I116S40C228J4V1,I116S40C228J4V1,ADMINISTRACION PUBLICA,Ciencias Sociales,Administración de Empresas y Derecho,Educación Comercial y Administración,Profesional Sin Licenciatura,Carreras Profesionales,NO ACREDITADA
2024|I117S1C96J4V1,I117S1C96J4V1,ADMINISTRACION PUBLICA,Ciencias Sociales,Administración de Empresas y Derecho,Educación Comercial y Administración,Profesional Sin Licenciatura,Carreras Profesionales,NO ACREDITADA
2024|I143S20C660J3V1,I143S20C660J3V1,ADMINISTRACION PUBLICA,Ciencias Sociales,Administración de Empresas y Derecho,Educación Comercial y Administración,Profesional Sin Licenciatura,Carreras Profesionales,NO ACREDITADA
2024|I143S28C660J4V1,I143S28C660J4V1,ADMINISTRACION PUBLICA,Ciencias Sociales,Administración de Empresas y Derecho,Educación Comercial y Administración,Profesional Sin Licenciatura,Carreras Profesionales,NO ACREDITADA
2024|I152S10C274J2V3,I152S10C274J2V3,ADMINISTRACION PUBLICA,Ciencias Sociales,Administración de Empresas y Derecho,Educación Comercial y Administración,Profesional Sin Licenciatura,Carreras Profesionales,NO ACREDITADA
2024|I152S10C274J4V4,I152S10C274J4V4,ADMINISTRACION PUBLICA,Ciencias Sociales,Administración de Empresas y Derecho,Educación Comercial y Administración,Profesional Sin Licenciatura,Carreras Profesionales,NO ACREDITADA
2024|I171S1C70J4V1,I171S1C70J4V1,ADMINISTRACION PUBLICA,Ciencias Sociales,Administración de Empresas y Derecho,Educación Comercial y Administración,Profesional Sin Licenciatura,Carreras Profesionales,NO ACREDITADA
2024|I17S2C180J4V1,I17S2C180J4V1,ADMINISTRACION PUBLICA,Ciencias Sociales,Administración de Empresas y Derecho,Educación Comercial y Administración,Profesional Con Licenciatura,Carreras Profesionales,NO ACREDITADA
2024|I17S2C180J4V2,I17S2C180J4V2,ADMINISTRACION PUBLICA,Ciencias Sociales,Administración de Empresas y Derecho,Educación Comercial y Administración,Profesional Con Licenciatura,Carreras Profesionales,NO ACREDITADA
2024|I214S1C100J4V2,I214S1C100J4V2,ADMINISTRACION PUBLICA,Ciencias Sociales,Administración de Empresas y Derecho,Educación Comercial y Administración,Técnico de Nivel Superior,Carreras Técnicas,NO ACREDITADA
2024|I22S1C299J2V1,I22S1C299J2V1,ADMINISTRACION PUBLICA,Ciencias Sociales,Administración de Empresas y Derecho,Educación Comercial y Administración,Profesional Con Licenciatura,Carreras Profesionales,NO ACREDITADA
2024|I22S1C299J4V1,I22S1C299J4V1,ADMINISTRACION PUBLICA,Ciencias Sociales,Administración de Empresas y Derecho,Educación Comercial y Administración,Profesional Con Licenciatura,Carreras Profesionales,NO ACREDITADA
2024|I26S1C179J4V2,I26S1C179J4V2,ADMINISTRACION PUBLICA,Ciencias Sociales,Administración de Empresas y Derecho,Educación Comercial y Administración,Profesional Con Licenciatura,Carreras Profesionales,NO ACREDITADA
2024|I26S1C179J4V3,I26S1C179J4V3,ADMINISTRACION PUBLICA,Ciencias Sociales,Administración de Empresas y Derecho,Educación Comercial y Administración,Profesional Con Licenciatura,Carreras Profesionales,NO ACREDITADA
2024|I26S1C60J4V2,I26S1C60J4V2,ADMINISTRACION PUBLICA,Ciencias Sociales,Administración de Empresas y Derecho,Educación Comercial y Administración,Profesional Con Licenciatura,Carreras Profesionales,NO ACREDITADA
2024|I31S1C101J4V2,I31S1C101J4V2,ADMINISTRACION PUBLICA,Ciencias Sociales,Administración de Empresas y Derecho,Educación Comercial y Administración,Profesional Con Licenciatura,Carreras Profesionales,NO ACREDITADA
2024|I39S6C55J3V2,I39S6C55J3V2,ADMINISTRACION PUBLICA,Ciencias Sociales,Administración de Empresas y Derecho,Educación Comercial y Administración,Profesional Con Licenciatura,Carreras Profesionales,NO ACREDITADA
2024|I39S6C55J4V2,I39S6C55J4V2,ADMINISTRACION PUBLICA,Ciencias Sociales,Administración de Empresas y Derecho,Educación Comercial y Administración,Profesional Con Licenciatura,Carreras Profesionales,NO ACREDITADA
2024|I39S8C55J3V1,I39S8C55J3V1,ADMINISTRACION PUBLICA,Ciencias Sociales,Administración de Empresas y Derecho,Educación Comercial y Administración,Profesional Con Licenciatura,Carreras Profesionales,NO ACREDITADA
2024|I4S1C2J4V2,I4S1C2J4V2,ADMINISTRACION PUBLICA,Ciencias Sociales,Administración de Empresas y Derecho,Educación Comercial y Administración,Profesional Con Licenciatura,Carreras Profesionales,NO ACREDITADA
2024|I4S1C2J4V3,I4S1C2J4V3,ADMINISTRACION PUBLICA,Ciencias Sociales,Administración de Empresas y Derecho,Educación Comercial y Administración,Profesional Con Licenciatura,Carreras Profesionales,NO ACREDITADA
2025|I100S43C335J4V1,I100S43C335J4V1,ADMINISTRACION PUBLICA,Ciencias Sociales,Administración de Empresas y Derecho,Educación Comercial y Administración,Profesional Sin Licenciatura,Carreras Profesionales,NO ACREDITADA
2025|I10S7C380J4V2,I10S7C380J4V2,ADMINISTRACION PUBLICA,Ciencias Sociales,Administración de Empresas y Derecho,Educación Comercial y Administración,Profesional Con Licenciatura,Carreras Profesionales,NO ACREDITADA
2025|I10S7C380J4V3,I10S7C380J4V3,ADMINISTRACION PUBLICA,Ciencias Sociales,Administración de Empresas y Derecho,Educación Comercial y Administración,Profesional Con Licenciatura,Carreras Profesionales,NO ACREDITADA
2025|I10S7C380J4V5,I10S7C380J4V5,ADMINISTRACION PUBLICA,Ciencias Sociales,Administración de Empresas y Derecho,Educación Comercial y Administración,Profesional Con Licenciatura,Carreras Profesionales,NO ACREDITADA
2025|I111S27C535J4V1,I111S27C535J4V1,ADMINISTRACION PUBLICA,Ciencias Sociales,Administración de Empresas y Derecho,Educación Comercial y Administración,Profesional Sin Licenciatura,Carreras Profesionales,NO ACREDITADA
2025|I113S13C581J4V1,I113S13C581J4V1,ADMINISTRACION PUBLICA,Ciencias Sociales,Administración de Empresas y Derecho,Educación Comercial y Administración,Profesional Sin Licenciatura,Carreras Profesionales,NO ACREDITADA
2025|I113S7C581J4V1,I113S7C581J4V1,ADMINISTRACION PUBLICA,Ciencias Sociales,Administración de Empresas y Derecho,Educación Comercial y Administración,Profesional Sin Licenciatura,Carreras Profesionales,NO ACREDITADA
2025|I116S40C228J4V1,I116S40C228J4V1,ADMINISTRACION PUBLICA,Ciencias Sociales,Administración de Empresas y Derecho,Educación Comercial y Administración,Profesional Sin Licenciatura,Carreras Profesionales,NO ACREDITADA
2025|I117S1C96J4V1,I117S1C96J4V1,ADMINISTRACION PUBLICA,Ciencias Sociales,Administración de Empresas y Derecho,Educación Comercial y Administración,Profesional Sin Licenciatura,Carreras Profesionales,NO ACREDITADA
2025|I143S28C660J4V1,I143S28C660J4V1,ADMINISTRACION PUBLICA,Ciencias Sociales,Administración de Empresas y Derecho,Educación Comercial y Administración,Profesional Sin Licenciatura,Carreras Profesionales,NO ACREDITADA
2025|I152S10C274J4V5,I152S10C274J4V5,ADMINISTRACION PUBLICA,Ciencias Sociales,Administración de Empresas y Derecho,Educación Comercial y Administración,Profesional Sin Licenciatura,Carreras Profesionales,NO ACREDITADA
2025|I162S2C83J4V1,I162S2C83J4V1,ADMINISTRACION PUBLICA,Ciencias Sociales,Administración de Empresas y Derecho,Educación Comercial y Administración,Profesional Sin Licenciatura,Carreras Profesionales,NO ACREDITADA
2025|I171S1C70J4V1,I171S1C70J4V1,ADMINISTRACION PUBLICA,Ciencias Sociales,Administración de Empresas y Derecho,Educación Comercial y Administración,Profesional Sin Licenciatura,Carreras Profesionales,NO ACREDITADA
2025|I17S2C180J4V1,I17S2C180J4V1,ADMINISTRACION PUBLICA,Ciencias Sociales,Administración de Empresas y Derecho,Educación Comercial y Administración,Profesional Con Licenciatura,Carreras Profesionales,NO ACREDITADA
2025|I17S2C180J4V2,I17S2C180J4V2,ADMINISTRACION PUBLICA,Ciencias Sociales,Administración de Empresas y Derecho,Educación Comercial y Administración,Profesional Con Licenciatura,Carreras Profesionales,NO ACREDITADA
2025|I19S1C453J4V2,I19S1C453J4V2,ADMINISTRACION PUBLICA,Ciencias Sociales,Administración de Empresas y Derecho,Educación Comercial y Administración,Profesional Con Licenciatura,Carreras Profesionales,NO ACREDITADA
2025|I20S1C894J4V1,I20S1C894J4V1,ADMINISTRACION PUBLICA,Ciencias Sociales,Administración de Empresas y Derecho,Educación Comercial y Administración,Profesional Con Licenciatura,Carreras Profesionales,NO ACREDITADA
2025|I22S1C299J4V1,I22S1C299J4V1,ADMINISTRACION PUBLICA,Ciencias Sociales,Administración de Empresas y Derecho,Educación Comercial y Administración,Profesional Con Licenciatura,Carreras Profesionales,NO ACREDITADA
2025|I26S1C179J4V2,I26S1C179J4V2,ADMINISTRACION PUBLICA,Ciencias Sociales,Administración de Empresas y Derecho,Educación Comercial y Administración,Profesional Con Licenciatura,Carreras Profesionales,NO ACREDITADA
2025|I26S1C179J4V3,I26S1C179J4V3,ADMINISTRACION PUBLICA,Ciencias Sociales,Administración de Empresas y Derecho,Educación Comercial y Administración,Profesional Con Licenciatura,Carreras Profesionales,NO ACREDITADA
2025|I26S1C60J4V2,I26S1C60J4V2,ADMINISTRACION PUBLICA,Ciencias Sociales,Administración de Empresas y Derecho,Educación Comercial y Administración,Profesional Con Licenciatura,Carreras Profesionales,NO ACREDITADA
2025|I31S1C101J4V2,I31S1C101J4V2,ADMINISTRACION PUBLICA,Ciencias Sociales,Administración de Empresas y Derecho,Educación Comercial y Administración,Profesional Con Licenciatura,Carreras Profesionales,NO ACREDITADA
2025|I39S6C55J3V2,I39S6C55J3V2,ADMINISTRACION PUBLICA,Ciencias Sociales,Administración de Empresas y Derecho,Educación Comercial y Administración,Profesional Con Licenciatura,Carreras Profesionales,NO ACREDITADA
2025|I39S6C55J4V2,I39S6C55J4V2,ADMINISTRACION PUBLICA,Ciencias Sociales,Administración de Empresas y Derecho,Educación Comercial y Administración,Profesional Con Licenciatura,Carreras Profesionales,NO ACREDITADA
2025|I4S1C2J4V2,I4S1C2J4V2,ADMINISTRACION PUBLICA,Ciencias Sociales,Administración de Empresas y Derecho,Educación Comercial y Administración,Profesional Con Licenciatura,Carreras Profesionales,NO ACREDITADA
2025|I4S1C2J4V3,I4S1C2J4V3,ADMINISTRACION PUBLICA,Ciencias Sociales,Administración de Empresas y Derecho,Educación Comercial y Administración,Profesional Con Licenciatura,Carreras Profesionales,NO ACREDITADA
2026|I100S43C335J4V1,I100S43C335J4V1,ADMINISTRACION PUBLICA,Ciencias Sociales,Administración de Empresas y Derecho,Educación Comercial y Administración,Profesional Sin Licenciatura,Carreras Profesionales,NO ACREDITADA
2026|I10S7C380J4V2,I10S7C380J4V2,ADMINISTRACION PUBLICA,Ciencias Sociales,Administración de Empresas y Derecho,Educación Comercial y Administración,Profesional Con Licenciatura,Carreras Profesionales,NO ACREDITADA
2026|I10S7C380J4V3,I10S7C380J4V3,ADMINISTRACION PUBLICA,Ciencias Sociales,Administración de Empresas y Derecho,Educación Comercial y Administración,Profesional Con Licenciatura,Carreras Profesionales,NO ACREDITADA
2026|I10S7C380J4V5,I10S7C380J4V5,ADMINISTRACION PUBLICA,Ciencias Sociales,Administración de Empresas y Derecho,Educación Comercial y Administración,Profesional Con Licenciatura,Carreras Profesionales,NO ACREDITADA
2026|I111S27C535J4V1,I111S27C535J4V1,ADMINISTRACION PUBLICA,Ciencias Sociales,Administración de Empresas y Derecho,Educación Comercial y Administración,Profesional Sin Licenciatura,Carreras Profesionales,NO ACREDITADA
2026|I113S13C581J4V1,I113S13C581J4V1,ADMINISTRACION PUBLICA,Ciencias Sociales,Administración de Empresas y Derecho,Educación Comercial y Administración,Profesional Sin Licenciatura,Carreras Profesionales,NO ACREDITADA
2026|I113S7C581J4V1,I113S7C581J4V1,ADMINISTRACION PUBLICA,Ciencias Sociales,Administración de Empresas y Derecho,Educación Comercial y Administración,Profesional Sin Licenciatura,Carreras Profesionales,NO ACREDITADA
2026|I116S40C228J4V1,I116S40C228J4V1,ADMINISTRACION PUBLICA,Ciencias Sociales,Administración de Empresas y Derecho,Educación Comercial y Administración,Profesional Sin Licenciatura,Carreras Profesionales,NO ACREDITADA
2026|I117S1C96J4V1,I117S1C96J4V1,ADMINISTRACION PUBLICA,Ciencias Sociales,Administración de Empresas y Derecho,Educación Comercial y Administración,Profesional Sin Licenciatura,Carreras Profesionales,NO ACREDITADA
2026|I143S28C660J4V1,I143S28C660J4V1,ADMINISTRACION PUBLICA,Ciencias Sociales,Administración de Empresas y Derecho,Educación Comercial y Administración,Profesional Sin Licenciatura,Carreras Profesionales,NO ACREDITADA
2026|I152S10C274J4V4,I152S10C274J4V4,ADMINISTRACION PUBLICA,Ciencias Sociales,Administración de Empresas y Derecho,Educación Comercial y Administración,Profesional Sin Licenciatura,Carreras Profesionales,NO ACREDITADA
2026|I152S10C274J4V5,I152S10C274J4V5,ADMINISTRACION PUBLICA,Ciencias Sociales,Administración de Empresas y Derecho,Educación Comercial y Administración,Profesional Sin Licenciatura,Carreras Profesionales,NO ACREDITADA
2026|I162S2C83J4V1,I162S2C83J4V1,ADMINISTRACION PUBLICA,Ciencias Sociales,Administración de Empresas y Derecho,Educación Comercial y Administración,Profesional Sin Licenciatura,Carreras Profesionales,NO ACREDITADA
2026|I162S2C83J4V2,I162S2C83J4V2,ADMINISTRACION PUBLICA,Ciencias Sociales,Administración de Empresas y Derecho,Educación Comercial y Administración,Profesional Sin Licenciatura,Carreras Profesionales,NO ACREDITADA
2026|I171S1C70J4V1,I171S1C70J4V1,ADMINISTRACION PUBLICA,Ciencias Sociales,Administración de Empresas y Derecho,Educación Comercial y Administración,Profesional Sin Licenciatura,Carreras Profesionales,NO ACREDITADA
2026|I17S2C180J4V1,I17S2C180J4V1,ADMINISTRACION PUBLICA,Ciencias Sociales,Administración de Empresas y Derecho,Educación Comercial y Administración,Profesional Con Licenciatura,Carreras Profesionales,NO ACREDITADA
2026|I17S2C180J4V2,I17S2C180J4V2,ADMINISTRACION PUBLICA,Ciencias Sociales,Administración de Empresas y Derecho,Educación Comercial y Administración,Profesional Con Licenciatura,Carreras Profesionales,NO ACREDITADA
2026|I19S1C453J4V2,I19S1C453J4V2,ADMINISTRACION PUBLICA,Ciencias Sociales,Administración de Empresas y Derecho,Educación Comercial y Administración,Profesional Con Licenciatura,Carreras Profesionales,NO ACREDITADA
2026|I20S1C894J4V1,I20S1C894J4V1,ADMINISTRACION PUBLICA,Ciencias Sociales,Administración de Empresas y Derecho,Educación Comercial y Administración,Profesional Con Licenciatura,Carreras Profesionales,NO ACREDITADA
2026|I22S1C299J4V1,I22S1C299J4V1,ADMINISTRACION PUBLICA,Ciencias Sociales,Administración de Empresas y Derecho,Educación Comercial y Administración,Profesional Con Licenciatura,Carreras Profesionales,NO ACREDITADA
2026|I26S1C179J4V2,I26S1C179J4V2,ADMINISTRACION PUBLICA,Ciencias Sociales,Administración de Empresas y Derecho,Educación Comercial y Administración,Profesional Con Licenciatura,Carreras Profesionales,NO ACREDITADA
2026|I26S1C179J4V3,I26S1C179J4V3,ADMINISTRACION PUBLICA,Ciencias Sociales,Administración de Empresas y Derecho,Educación Comercial y Administración,Profesional Con Licenciatura,Carreras Profesionales,NO ACREDITADA
2026|I26S1C60J4V2,I26S1C60J4V2,ADMINISTRACION PUBLICA,Ciencias Sociales,Administración de Empresas y Derecho,Educación Comercial y Administración,Profesional Con Licenciatura,Carreras Profesionales,NO ACREDITADA
2026|I31S1C101J4V2,I31S1C101J4V2,ADMINISTRACION PUBLICA,Ciencias Sociales,Administración de Empresas y Derecho,Educación Comercial y Administración,Profesional Con Licenciatura,Carreras Profesionales,NO ACREDITADA
2026|I39S6C55J3V2,I39S6C55J3V2,ADMINISTRACION PUBLICA,Ciencias Sociales,Administración de Empresas y Derecho,Educación Comercial y Administración,Profesional Con Licenciatura,Carreras Profesionales,NO ACREDITADA
2026|I39S6C55J4V2,I39S6C55J4V2,ADMINISTRACION PUBLICA,Ciencias Sociales,Administración de Empresas y Derecho,Educación Comercial y Administración,Profesional Con Licenciatura,Carreras Profesionales,NO ACREDITADA
2026|I4S1C2J4V2,I4S1C2J4V2,ADMINISTRACION PUBLICA,Ciencias Sociales,Administración de Empresas y Derecho,Educación Comercial y Administración,Profesional Con Licenciatura,Carreras Profesionales,NO ACREDITADA
2026|I4S1C2J4V3,I4S1C2J4V3,ADMINISTRACION PUBLICA,Ciencias Sociales,Administración de Empresas y Derecho,Educación Comercial y Administración,Profesional Con Licenciatura,Carreras Profesionales,NO ACREDITADA
2023|I171S1C70J4V2,I171S1C70J4V2,ADMINISTRACION PUBLICA (PLAN ESPECIAL),Ciencias Sociales,Administración de Empresas y Derecho,Educación Comercial y Administración,Profesional Sin Licenciatura,Carreras Profesionales,NO ACREDITADA
2025|I171S1C70J4V2,I171S1C70J4V2,ADMINISTRACION PUBLICA (PLAN ESPECIAL),Ciencias Sociales,Administración de Empresas y Derecho,Educación Comercial y Administración,Profesional Sin Licenciatura,Carreras Profesionales,NO ACREDITADA
2026|I171S1C70J4V2,I171S1C70J4V2,ADMINISTRACION PUBLICA (PLAN ESPECIAL),Ciencias Sociales,Administración de Empresas y Derecho,Educación Comercial y Administración,Profesional Sin Licenciatura,Carreras Profesionales,NO ACREDITADA
2023|I26S1C179J4V1,I26S1C179J4V1,ADMINISTRACION PUBLICA - TECNICO,Ciencias Sociales,Administración de Empresas y Derecho,Educación Comercial y Administración,Profesional Con Licenciatura,Carreras Profesionales,NO ACREDITADA
2024|I113S7C582J4V1,I113S7C582J4V1,ADMINISTRACION PUBLICA MENCION EN SEGURIDAD PUBLICA Y GESTION DE RIESGOS,Ciencias Sociales,Administración de Empresas y Derecho,Educación Comercial y Administración,Profesional Sin Licenciatura,Carreras Profesionales,NO ACREDITADA
2025|I113S13C582J4V1,I113S13C582J4V1,ADMINISTRACION PUBLICA MENCION EN SEGURIDAD PUBLICA Y GESTION DE RIESGOS,Ciencias Sociales,Administración de Empresas y Derecho,Educación Comercial y Administración,Profesional Sin Licenciatura,Carreras Profesionales,NO ACREDITADA
2026|I113S13C582J4V1,I113S13C582J4V1,ADMINISTRACION PUBLICA MENCION EN SEGURIDAD PUBLICA Y GESTION DE RIESGOS,Ciencias Sociales,Administración de Empresas y Derecho,Educación Comercial y Administración,Profesional Sin Licenciatura,Carreras Profesionales,NO ACREDITADA
2026|I113S7C582J4V1,I113S7C582J4V1,ADMINISTRACION PUBLICA MENCION EN SEGURIDAD PUBLICA Y GESTION DE RIESGOS,Ciencias Sociales,Administración de Empresas y Derecho,Educación Comercial y Administración,Profesional Sin Licenciatura,Carreras Profesionales,NO ACREDITADA
2024|I113S7C583J4V1,I113S7C583J4V1,ADMINISTRACION PUBLICA MENCION GESTION DESARROLLO LOCAL Y REGIONAL,Ciencias Sociales,Administración de Empresas y Derecho,Educación Comercial y Administración,Profesional Sin Licenciatura,Carreras Profesionales,NO ACREDITADA
2024|I152S10C100J4V2,I152S10C100J4V2,ADMINISTRACION PUBLICA MENCION GESTION DESARROLLO LOCAL Y REGIONAL,Ciencias Sociales,Administración de Empresas y Derecho,Educación Comercial y Administración,Profesional Sin Licenciatura,Carreras Profesionales,NO ACREDITADA
2025|I113S13C583J4V1,I113S13C583J4V1,ADMINISTRACION PUBLICA MENCION GESTION DESARROLLO LOCAL Y REGIONAL,Ciencias Sociales,Administración de Empresas y Derecho,Educación Comercial y Administración,Profesional Sin Licenciatura,Carreras Profesionales,NO ACREDITADA
2025|I152S10C100J4V2,I152S10C100J4V2,ADMINISTRACION PUBLICA MENCION GESTION DESARROLLO LOCAL Y REGIONAL,Ciencias Sociales,Administración de Empresas y Derecho,Educación Comercial y Administración,Profesional Sin Licenciatura,Carreras Profesionales,NO ACREDITADA
2026|I113S13C583J4V1,I113S13C583J4V1,ADMINISTRACION PUBLICA MENCION GESTION DESARROLLO LOCAL Y REGIONAL,Ciencias Sociales,Administración de Empresas y Derecho,Educación Comercial y Administración,Profesional Sin Licenciatura,Carreras Profesionales,NO ACREDITADA
2026|I113S7C583J4V1,I113S7C583J4V1,ADMINISTRACION PUBLICA MENCION GESTION DESARROLLO LOCAL Y REGIONAL,Ciencias Sociales,Administración de Empresas y Derecho,Educación Comercial y Administración,Profesional Sin Licenciatura,Carreras Profesionales,NO ACREDITADA
2026|I152S10C100J4V2,I152S10C100J4V2,ADMINISTRACION PUBLICA MENCION GESTION DESARROLLO LOCAL Y REGIONAL,Ciencias Sociales,Administración de Empresas y Derecho,Educación Comercial y Administración,Profesional Sin Licenciatura,Carreras Profesionales,NO ACREDITADA
2024|I113S7C584J4V1,I113S7C584J4V1,ADMINISTRACION PUBLICA MENCION GESTION MUNICIPAL,Ciencias Sociales,Administración de Empresas y Derecho,Educación Comercial y Administración,Profesional Sin Licenciatura,Carreras Profesionales,NO ACREDITADA
2024|I152S10C470J4V1,I152S10C470J4V1,ADMINISTRACION PUBLICA MENCION GESTION MUNICIPAL,Ciencias Sociales,Administración de Empresas y Derecho,Educación Comercial y Administración,Profesional Sin Licenciatura,Carreras Profesionales,NO ACREDITADA
2025|I113S13C584J4V1,I113S13C584J4V1,ADMINISTRACION PUBLICA MENCION GESTION MUNICIPAL,Ciencias Sociales,Administración de Empresas y Derecho,Educación Comercial y Administración,Profesional Sin Licenciatura,Carreras Profesionales,NO ACREDITADA
2025|I113S7C584J4V1,I113S7C584J4V1,ADMINISTRACION PUBLICA MENCION GESTION MUNICIPAL,Ciencias Sociales,Administración de Empresas y Derecho,Educación Comercial y Administración,Profesional Sin Licenciatura,Carreras Profesionales,NO ACREDITADA
2025|I152S10C470J4V1,I152S10C470J4V1,ADMINISTRACION PUBLICA MENCION GESTION MUNICIPAL,Ciencias Sociales,Administración de Empresas y Derecho,Educación Comercial y Administración,Profesional Sin Licenciatura,Carreras Profesionales,NO ACREDITADA
2026|I113S7C584J4V1,I113S7C584J4V1,ADMINISTRACION PUBLICA MENCION GESTION MUNICIPAL,Ciencias Sociales,Administración de Empresas y Derecho,Educación Comercial y Administración,Profesional Sin Licenciatura,Carreras Profesionales,NO ACREDITADA
2026|I152S10C470J4V1,I152S10C470J4V1,ADMINISTRACION PUBLICA MENCION GESTION MUNICIPAL,Ciencias Sociales,Administración de Empresas y Derecho,Educación Comercial y Administración,Profesional Sin Licenciatura,Carreras Profesionales,NO ACREDITADA
2025|I113S13C581J4V2,I113S13C581J4V2,ADMINISTRACION PUBLICA PLAN CONTINUIDAD,Ciencias Sociales,Administración de Empresas y Derecho,Educación Comercial y Administración,Profesional Sin Licenciatura,Carreras Profesionales,NO ACREDITADA
2026|I113S7C581J4V2,I113S7C581J4V2,ADMINISTRACION PUBLICA PLAN CONTINUIDAD,Ciencias Sociales,Administración de Empresas y Derecho,Educación Comercial y Administración,Profesional Sin Licenciatura,Carreras Profesionales,NO ACREDITADA
2023|I152S10C430J4V1,I152S10C430J4V1,"ADMINISTRACION PUBLICA, MENCION SEGURIDAD PUBLICA Y GESTION DE RIESGOS",Ciencias Sociales,Administración de Empresas y Derecho,Educación Comercial y Administración,Profesional Sin Licenciatura,Carreras Profesionales,NO ACREDITADA
2024|I152S10C430J4V1,I152S10C430J4V1,"ADMINISTRACION PUBLICA, MENCION SEGURIDAD PUBLICA Y GESTION DE RIESGOS",Ciencias Sociales,Administración de Empresas y Derecho,Educación Comercial y Administración,Profesional Sin Licenciatura,Carreras Profesionales,NO ACREDITADA
2025|I152S10C430J4V1,I152S10C430J4V1,"ADMINISTRACION PUBLICA, MENCION SEGURIDAD PUBLICA Y GESTION DE RIESGOS",Ciencias Sociales,Administración de Empresas y Derecho,Educación Comercial y Administración,Profesional Sin Licenciatura,Carreras Profesionales,NO ACREDITADA
2026|I152S10C430J4V1,I152S10C430J4V1,"ADMINISTRACION PUBLICA, MENCION SEGURIDAD PUBLICA Y GESTION DE RIESGOS",Ciencias Sociales,Administración de Empresas y Derecho,Educación Comercial y Administración,Profesional Sin Licenciatura,Carreras Profesionales,NO ACREDITADA
2023|I9S1C357J4V1,I9S1C357J4V1,ADVANCE ADMINISTRACION PUBLICA,Ciencias Sociales,Administración de Empresas y Derecho,Educación Comercial y Administración,Profesional Con Licenciatura,Carreras Profesionales,NO ACREDITADA
2024|I9S1C357J4V1,I9S1C357J4V1,ADVANCE ADMINISTRACION PUBLICA,Ciencias Sociales,Administración de Empresas y Derecho,Educación Comercial y Administración,Profesional Con Licenciatura,Carreras Profesionales,NO ACREDITADA
2025|I9S1C357J4V1,I9S1C357J4V1,ADVANCE ADMINISTRACION PUBLICA,Ciencias Sociales,Administración de Empresas y Derecho,Educación Comercial y Administración,Profesional Con Licenciatura,Carreras Profesionales,NO ACREDITADA
2026|I9S1C357J4V1,I9S1C357J4V1,ADVANCE ADMINISTRACION PUBLICA,Ciencias Sociales,Administración de Empresas y Derecho,Educación Comercial y Administración,Profesional Con Licenciatura,Carreras Profesionales,NO ACREDITADA
2024|I9S1C7J4V2,I9S1C7J4V2,ADVANCE PSICOLOGIA,Ciencias Sociales,"Ciencias Sociales, Periodismo e Información",Ciencias Sociales y del Comportamiento,Profesional Con Licenciatura,Carreras Profesionales,NO ACREDITADA
2025|I9S1C7J4V2,I9S1C7J4V2,ADVANCE PSICOLOGIA,Ciencias Sociales,"Ciencias Sociales, Periodismo e Información",Ciencias Sociales y del Comportamiento,Profesional Con Licenciatura,Carreras Profesionales,NO ACREDITADA
2026|I9S1C7J4V2,I9S1C7J4V2,ADVANCE PSICOLOGIA,Ciencias Sociales,"Ciencias Sociales, Periodismo e Información",Ciencias Sociales y del Comportamiento,Profesional Con Licenciatura,Carreras Profesionales,NO ACREDITADA
2023|I9S1C360J4V1,I9S1C360J4V1,ADVANCE TRABAJO SOCIAL,Ciencias Sociales,Salud y Bienestar,Bienestar,Profesional Con Licenciatura,Carreras Profesionales,NO ACREDITADA
2024|I9S1C360J4V1,I9S1C360J4V1,ADVANCE TRABAJO SOCIAL,Ciencias Sociales,Salud y Bienestar,Bienestar,Profesional Con Licenciatura,Carreras Profesionales,NO ACREDITADA
2025|I9S1C360J4V1,I9S1C360J4V1,ADVANCE TRABAJO SOCIAL,Ciencias Sociales,Salud y Bienestar,Bienestar,Profesional Con Licenciatura,Carreras Profesionales,NO ACREDITADA
2026|I9S1C360J4V1,I9S1C360J4V1,ADVANCE TRABAJO SOCIAL,Ciencias Sociales,Salud y Bienestar,Bienestar,Profesional Con Licenciatura,Carreras Profesionales,NO ACREDITADA
2026|I68S1C40J4V1,I68S1C40J4V1,CIENCIA POLITICA Y ADMINISTRACION PUBLICA,Ciencias Sociales,"Ciencias Sociales, Periodismo e Información",Ciencias Sociales y del Comportamiento,Profesional Con Licenciatura,Carreras Profesionales,NO ACREDITADA
2026|I71S1C1090J4V1,I71S1C1090J4V1,GESTION CULTURAL,Ciencias Sociales,"Ciencias Sociales, Periodismo e Información",Ciencias Sociales y del Comportamiento,Profesional Sin Licenciatura,Carreras Profesionales,NO ACREDITADA
2023|I152S10C314J4V1,I152S10C314J4V1,INGENIERIA DE EJECUCION EN ADMINISTRACION MENCION GESTION MUNICIPAL,Ciencias Sociales,Administración de Empresas y Derecho,Educación Comercial y Administración,Profesional Sin Licenciatura,Carreras Profesionales,NO ACREDITADA
2024|I152S10C314J4V1,I152S10C314J4V1,INGENIERIA DE EJECUCION EN ADMINISTRACION MENCION GESTION MUNICIPAL,Ciencias Sociales,Administración de Empresas y Derecho,Educación Comercial y Administración,Profesional Sin Licenciatura,Carreras Profesionales,NO ACREDITADA
2025|I152S10C314J4V1,I152S10C314J4V1,INGENIERIA DE EJECUCION EN ADMINISTRACION MENCION GESTION MUNICIPAL,Ciencias Sociales,Administración de Empresas y Derecho,Educación Comercial y Administración,Profesional Sin Licenciatura,Carreras Profesionales,NO ACREDITADA
2026|I152S10C314J4V1,I152S10C314J4V1,INGENIERIA DE EJECUCION EN ADMINISTRACION MENCION GESTION MUNICIPAL,Ciencias Sociales,Administración de Empresas y Derecho,Educación Comercial y Administración,Profesional Sin Licenciatura,Carreras Profesionales,NO ACREDITADA
2023|I176S7C868J4V1,I176S7C868J4V1,INGENIERIA DE EJECUCION EN ADMINISTRACION PUBLICA,Ciencias Sociales,Administración de Empresas y Derecho,Educación Comercial y Administración,Profesional Sin Licenciatura,Carreras Profesionales,NO ACREDITADA
2024|I176S7C868J4V1,I176S7C868J4V1,INGENIERIA DE EJECUCION EN ADMINISTRACION PUBLICA,Ciencias Sociales,Administración de Empresas y Derecho,Educación Comercial y Administración,Profesional Sin Licenciatura,Carreras Profesionales,NO ACREDITADA
2023|I176S7C869J4V1,I176S7C869J4V1,INGENIERIA DE EJECUCION EN ADMINISTRACION PUBLICA (CONTINUIDAD),Ciencias Sociales,Administración de Empresas y Derecho,Educación Comercial y Administración,Profesional Sin Licenciatura,Carreras Profesionales,NO ACREDITADA
2023|I176S7C869J4V3,I176S7C869J4V3,INGENIERIA DE EJECUCION EN ADMINISTRACION PUBLICA (CONTINUIDAD),Ciencias Sociales,Administración de Empresas y Derecho,Educación Comercial y Administración,Profesional Sin Licenciatura,Carreras Profesionales,NO ACREDITADA
2024|I176S7C869J4V1,I176S7C869J4V1,INGENIERIA DE EJECUCION EN ADMINISTRACION PUBLICA (CONTINUIDAD),Ciencias Sociales,Administración de Empresas y Derecho,Educación Comercial y Administración,Profesional Sin Licenciatura,Carreras Profesionales,NO ACREDITADA
2024|I176S7C869J4V3,I176S7C869J4V3,INGENIERIA DE EJECUCION EN ADMINISTRACION PUBLICA (CONTINUIDAD),Ciencias Sociales,Administración de Empresas y Derecho,Educación Comercial y Administración,Profesional Sin Licenciatura,Carreras Profesionales,NO ACREDITADA
2023|I176S7C576J3V1,I176S7C576J3V1,"INGENIERIA DE EJECUCION EN ADMINISTRACION PUBLICA, CONTINUIDAD",Ciencias Sociales,Administración de Empresas y Derecho,Educación Comercial y Administración,Profesional Sin Licenciatura,Carreras Profesionales,NO ACREDITADA
2023|I176S7C576J4V1,I176S7C576J4V1,"INGENIERIA DE EJECUCION EN ADMINISTRACION PUBLICA, CONTINUIDAD",Ciencias Sociales,Administración de Empresas y Derecho,Educación Comercial y Administración,Profesional Sin Licenciatura,Carreras Profesionales,NO ACREDITADA
2024|I176S7C576J3V1,I176S7C576J3V1,"INGENIERIA DE EJECUCION EN ADMINISTRACION PUBLICA, CONTINUIDAD",Ciencias Sociales,Administración de Empresas y Derecho,Educación Comercial y Administración,Profesional Sin Licenciatura,Carreras Profesionales,NO ACREDITADA
2024|I176S7C576J4V1,I176S7C576J4V1,"INGENIERIA DE EJECUCION EN ADMINISTRACION PUBLICA, CONTINUIDAD",Ciencias Sociales,Administración de Empresas y Derecho,Educación Comercial y Administración,Profesional Sin Licenciatura,Carreras Profesionales,NO ACREDITADA
2023|I123S1C198J4V1,I123S1C198J4V1,INGENIERIA EN ADMINISTRACION PUBLICA,Ciencias Sociales,Administración de Empresas y Derecho,Educación Comercial y Administración,Profesional Sin Licenciatura,Carreras Profesionales,NO ACREDITADA
2023|I123S2C198J4V1,I123S2C198J4V1,INGENIERIA EN ADMINISTRACION PUBLICA,Ciencias Sociales,Administración de Empresas y Derecho,Educación Comercial y Administración,Profesional Sin Licenciatura,Carreras Profesionales,NO ACREDITADA
2023|I123S2C198J4V3,I123S2C198J4V3,INGENIERIA EN ADMINISTRACION PUBLICA,Ciencias Sociales,Administración de Empresas y Derecho,Educación Comercial y Administración,Profesional Sin Licenciatura,Carreras Profesionales,NO ACREDITADA
2023|I123S3C198J4V1,I123S3C198J4V1,INGENIERIA EN ADMINISTRACION PUBLICA,Ciencias Sociales,Administración de Empresas y Derecho,Educación Comercial y Administración,Profesional Sin Licenciatura,Carreras Profesionales,NO ACREDITADA
2023|I123S5C198J4V1,I123S5C198J4V1,INGENIERIA EN ADMINISTRACION PUBLICA,Ciencias Sociales,Administración de Empresas y Derecho,Educación Comercial y Administración,Profesional Sin Licenciatura,Carreras Profesionales,NO ACREDITADA
2024|I123S1C198J4V1,I123S1C198J4V1,INGENIERIA EN ADMINISTRACION PUBLICA,Ciencias Sociales,Administración de Empresas y Derecho,Educación Comercial y Administración,Profesional Sin Licenciatura,Carreras Profesionales,NO ACREDITADA
2024|I123S1C198J4V3,I123S1C198J4V3,INGENIERIA EN ADMINISTRACION PUBLICA,Ciencias Sociales,Administración de Empresas y Derecho,Educación Comercial y Administración,Profesional Sin Licenciatura,Carreras Profesionales,NO ACREDITADA
2024|I123S2C198J4V1,I123S2C198J4V1,INGENIERIA EN ADMINISTRACION PUBLICA,Ciencias Sociales,Administración de Empresas y Derecho,Educación Comercial y Administración,Profesional Sin Licenciatura,Carreras Profesionales,NO ACREDITADA
2024|I123S2C198J4V3,I123S2C198J4V3,INGENIERIA EN ADMINISTRACION PUBLICA,Ciencias Sociales,Administración de Empresas y Derecho,Educación Comercial y Administración,Profesional Sin Licenciatura,Carreras Profesionales,NO ACREDITADA
2024|I123S3C198J4V1,I123S3C198J4V1,INGENIERIA EN ADMINISTRACION PUBLICA,Ciencias Sociales,Administración de Empresas y Derecho,Educación Comercial y Administración,Profesional Sin Licenciatura,Carreras Profesionales,NO ACREDITADA
2024|I123S5C198J4V1,I123S5C198J4V1,INGENIERIA EN ADMINISTRACION PUBLICA,Ciencias Sociales,Administración de Empresas y Derecho,Educación Comercial y Administración,Profesional Sin Licenciatura,Carreras Profesionales,NO ACREDITADA
2025|I123S2C198J4V1,I123S2C198J4V1,INGENIERIA EN ADMINISTRACION PUBLICA,Ciencias Sociales,Administración de Empresas y Derecho,Educación Comercial y Administración,Profesional Sin Licenciatura,Carreras Profesionales,NO ACREDITADA
2025|I123S2C198J4V3,I123S2C198J4V3,INGENIERIA EN ADMINISTRACION PUBLICA,Ciencias Sociales,Administración de Empresas y Derecho,Educación Comercial y Administración,Profesional Sin Licenciatura,Carreras Profesionales,NO ACREDITADA
2026|I123S1C198J4V1,I123S1C198J4V1,INGENIERIA EN ADMINISTRACION PUBLICA,Ciencias Sociales,Administración de Empresas y Derecho,Educación Comercial y Administración,Profesional Sin Licenciatura,Carreras Profesionales,NO ACREDITADA
2026|I123S2C198J4V1,I123S2C198J4V1,INGENIERIA EN ADMINISTRACION PUBLICA,Ciencias Sociales,Administración de Empresas y Derecho,Educación Comercial y Administración,Profesional Sin Licenciatura,Carreras Profesionales,NO ACREDITADA
2026|I123S2C198J4V3,I123S2C198J4V3,INGENIERIA EN ADMINISTRACION PUBLICA,Ciencias Sociales,Administración de Empresas y Derecho,Educación Comercial y Administración,Profesional Sin Licenciatura,Carreras Profesionales,NO ACREDITADA
2026|I123S3C198J4V1,I123S3C198J4V1,INGENIERIA EN ADMINISTRACION PUBLICA,Ciencias Sociales,Administración de Empresas y Derecho,Educación Comercial y Administración,Profesional Sin Licenciatura,Carreras Profesionales,NO ACREDITADA
2026|I123S5C198J4V1,I123S5C198J4V1,INGENIERIA EN ADMINISTRACION PUBLICA,Ciencias Sociales,Administración de Empresas y Derecho,Educación Comercial y Administración,Profesional Sin Licenciatura,Carreras Profesionales,NO ACREDITADA
2023|I46S5C613J4V2,I46S5C613J4V2,INGENIERIA EN ADMINISTRACION PUBLICA (PLAN DE CONTINUIDAD),Ciencias Sociales,Administración de Empresas y Derecho,Educación Comercial y Administración,Profesional Con Licenciatura,Carreras Profesionales,NO ACREDITADA
2023|I106S3C287J4V1,I106S3C287J4V1,INGENIERIA EN ADMINISTRACION PUBLICA Y MUNICIPAL,Ciencias Sociales,Administración de Empresas y Derecho,Educación Comercial y Administración,Profesional Sin Licenciatura,Carreras Profesionales,NO ACREDITADA
2023|I106S6C287J4V2,I106S6C287J4V2,INGENIERIA EN ADMINISTRACION PUBLICA Y MUNICIPAL,Ciencias Sociales,Administración de Empresas y Derecho,Educación Comercial y Administración,Profesional Sin Licenciatura,Carreras Profesionales,NO ACREDITADA
2023|I106S6C287J4V3,I106S6C287J4V3,INGENIERIA EN ADMINISTRACION PUBLICA Y MUNICIPAL,Ciencias Sociales,Administración de Empresas y Derecho,Educación Comercial y Administración,Profesional Sin Licenciatura,Carreras Profesionales,NO ACREDITADA
2023|I120S1C224J3V1,I120S1C224J3V1,INGENIERIA EN ADMINISTRACION PUBLICA Y MUNICIPAL,Ciencias Sociales,Administración de Empresas y Derecho,Educación Comercial y Administración,Profesional Sin Licenciatura,Carreras Profesionales,NO ACREDITADA
2023|I120S1C235J4V1,I120S1C235J4V1,INGENIERIA EN ADMINISTRACION PUBLICA Y MUNICIPAL,Ciencias Sociales,Administración de Empresas y Derecho,Educación Comercial y Administración,Profesional Sin Licenciatura,Carreras Profesionales,NO ACREDITADA
2023|I120S2C235J4V1,I120S2C235J4V1,INGENIERIA EN ADMINISTRACION PUBLICA Y MUNICIPAL,Ciencias Sociales,Administración de Empresas y Derecho,Educación Comercial y Administración,Profesional Sin Licenciatura,Carreras Profesionales,NO ACREDITADA
2023|I120S3C224J3V1,I120S3C224J3V1,INGENIERIA EN ADMINISTRACION PUBLICA Y MUNICIPAL,Ciencias Sociales,Administración de Empresas y Derecho,Educación Comercial y Administración,Profesional Sin Licenciatura,Carreras Profesionales,NO ACREDITADA
2023|I120S3C235J4V1,I120S3C235J4V1,INGENIERIA EN ADMINISTRACION PUBLICA Y MUNICIPAL,Ciencias Sociales,Administración de Empresas y Derecho,Educación Comercial y Administración,Profesional Sin Licenciatura,Carreras Profesionales,NO ACREDITADA
2023|I120S4C235J4V1,I120S4C235J4V1,INGENIERIA EN ADMINISTRACION PUBLICA Y MUNICIPAL,Ciencias Sociales,Administración de Empresas y Derecho,Educación Comercial y Administración,Profesional Sin Licenciatura,Carreras Profesionales,NO ACREDITADA
2024|I106S6C287J4V2,I106S6C287J4V2,INGENIERIA EN ADMINISTRACION PUBLICA Y MUNICIPAL,Ciencias Sociales,Administración de Empresas y Derecho,Educación Comercial y Administración,Profesional Sin Licenciatura,Carreras Profesionales,NO ACREDITADA
2024|I106S6C287J4V3,I106S6C287J4V3,INGENIERIA EN ADMINISTRACION PUBLICA Y MUNICIPAL,Ciencias Sociales,Administración de Empresas y Derecho,Educación Comercial y Administración,Profesional Sin Licenciatura,Carreras Profesionales,NO ACREDITADA
2024|I106S6C287J4V4,I106S6C287J4V4,INGENIERIA EN ADMINISTRACION PUBLICA Y MUNICIPAL,Ciencias Sociales,Administración de Empresas y Derecho,Educación Comercial y Administración,Profesional Sin Licenciatura,Carreras Profesionales,NO ACREDITADA
2024|I106S6C287J4V5,I106S6C287J4V5,INGENIERIA EN ADMINISTRACION PUBLICA Y MUNICIPAL,Ciencias Sociales,Administración de Empresas y Derecho,Educación Comercial y Administración,Profesional Sin Licenciatura,Carreras Profesionales,NO ACREDITADA
2024|I120S1C235J4V1,I120S1C235J4V1,INGENIERIA EN ADMINISTRACION PUBLICA Y MUNICIPAL,Ciencias Sociales,Administración de Empresas y Derecho,Educación Comercial y Administración,Profesional Sin Licenciatura,Carreras Profesionales,NO ACREDITADA
2024|I120S2C235J4V1,I120S2C235J4V1,INGENIERIA EN ADMINISTRACION PUBLICA Y MUNICIPAL,Ciencias Sociales,Administración de Empresas y Derecho,Educación Comercial y Administración,Profesional Sin Licenciatura,Carreras Profesionales,NO ACREDITADA
2024|I120S3C224J3V1,I120S3C224J3V1,INGENIERIA EN ADMINISTRACION PUBLICA Y MUNICIPAL,Ciencias Sociales,Administración de Empresas y Derecho,Educación Comercial y Administración,Profesional Sin Licenciatura,Carreras Profesionales,NO ACREDITADA
2024|I120S3C235J4V1,I120S3C235J4V1,INGENIERIA EN ADMINISTRACION PUBLICA Y MUNICIPAL,Ciencias Sociales,Administración de Empresas y Derecho,Educación Comercial y Administración,Profesional Sin Licenciatura,Carreras Profesionales,NO ACREDITADA
2024|I120S4C235J4V1,I120S4C235J4V1,INGENIERIA EN ADMINISTRACION PUBLICA Y MUNICIPAL,Ciencias Sociales,Administración de Empresas y Derecho,Educación Comercial y Administración,Profesional Sin Licenciatura,Carreras Profesionales,NO ACREDITADA
2025|I106S6C287J4V2,I106S6C287J4V2,INGENIERIA EN ADMINISTRACION PUBLICA Y MUNICIPAL,Ciencias Sociales,Administración de Empresas y Derecho,Educación Comercial y Administración,Profesional Sin Licenciatura,Carreras Profesionales,NO ACREDITADA
2025|I106S6C287J4V3,I106S6C287J4V3,INGENIERIA EN ADMINISTRACION PUBLICA Y MUNICIPAL,Ciencias Sociales,Administración de Empresas y Derecho,Educación Comercial y Administración,Profesional Sin Licenciatura,Carreras Profesionales,NO ACREDITADA
2025|I106S6C287J4V4,I106S6C287J4V4,INGENIERIA EN ADMINISTRACION PUBLICA Y MUNICIPAL,Ciencias Sociales,Administración de Empresas y Derecho,Educación Comercial y Administración,Profesional Sin Licenciatura,Carreras Profesionales,NO ACREDITADA
2025|I106S6C287J4V5,I106S6C287J4V5,INGENIERIA EN ADMINISTRACION PUBLICA Y MUNICIPAL,Ciencias Sociales,Administración de Empresas y Derecho,Educación Comercial y Administración,Profesional Sin Licenciatura,Carreras Profesionales,NO ACREDITADA
2026|I106S6C287J4V4,I106S6C287J4V4,INGENIERIA EN ADMINISTRACION PUBLICA Y MUNICIPAL,Ciencias Sociales,Administración de Empresas y Derecho,Educación Comercial y Administración,Profesional Sin Licenciatura,Carreras Profesionales,NO ACREDITADA
2026|I106S6C287J4V5,I106S6C287J4V5,INGENIERIA EN ADMINISTRACION PUBLICA Y MUNICIPAL,Ciencias Sociales,Administración de Empresas y Derecho,Educación Comercial y Administración,Profesional Sin Licenciatura,Carreras Profesionales,NO ACREDITADA
2026|I120S1C235J4V1,I120S1C235J4V1,INGENIERIA EN ADMINISTRACION PUBLICA Y MUNICIPAL,Ciencias Sociales,Administración de Empresas y Derecho,Educación Comercial y Administración,Profesional Sin Licenciatura,Carreras Profesionales,NO ACREDITADA
2026|I120S2C235J4V1,I120S2C235J4V1,INGENIERIA EN ADMINISTRACION PUBLICA Y MUNICIPAL,Ciencias Sociales,Administración de Empresas y Derecho,Educación Comercial y Administración,Profesional Sin Licenciatura,Carreras Profesionales,NO ACREDITADA
2026|I120S3C224J3V1,I120S3C224J3V1,INGENIERIA EN ADMINISTRACION PUBLICA Y MUNICIPAL,Ciencias Sociales,Administración de Empresas y Derecho,Educación Comercial y Administración,Profesional Sin Licenciatura,Carreras Profesionales,NO ACREDITADA
2026|I120S3C235J4V1,I120S3C235J4V1,INGENIERIA EN ADMINISTRACION PUBLICA Y MUNICIPAL,Ciencias Sociales,Administración de Empresas y Derecho,Educación Comercial y Administración,Profesional Sin Licenciatura,Carreras Profesionales,NO ACREDITADA
2026|I120S4C235J4V1,I120S4C235J4V1,INGENIERIA EN ADMINISTRACION PUBLICA Y MUNICIPAL,Ciencias Sociales,Administración de Empresas y Derecho,Educación Comercial y Administración,Profesional Sin Licenciatura,Carreras Profesionales,NO ACREDITADA
2023|I22S1C368J4V1,I22S1C368J4V1,LICENCIATURA EN ADMINISTRACION PUBLICA,Ciencias Sociales,Administración de Empresas y Derecho,Educación Comercial y Administración,Licenciatura No Conducente a Título,Carreras Profesionales,NO ACREDITADA
2024|I22S1C368J4V1,I22S1C368J4V1,LICENCIATURA EN ADMINISTRACION PUBLICA,Ciencias Sociales,Administración de Empresas y Derecho,Educación Comercial y Administración,Licenciatura No Conducente a Título,Carreras Profesionales,NO ACREDITADA
2024|I22S1C368J4V2,I22S1C368J4V2,LICENCIATURA EN ADMINISTRACION PUBLICA,Ciencias Sociales,Administración de Empresas y Derecho,Educación Comercial y Administración,Licenciatura No Conducente a Título,Carreras Profesionales,NO ACREDITADA
2025|I22S1C368J4V1,I22S1C368J4V1,LICENCIATURA EN ADMINISTRACION PUBLICA,Ciencias Sociales,Administración de Empresas y Derecho,Educación Comercial y Administración,Licenciatura No Conducente a Título,Carreras Profesionales,NO ACREDITADA
2025|I22S1C368J4V2,I22S1C368J4V2,LICENCIATURA EN ADMINISTRACION PUBLICA,Ciencias Sociales,Administración de Empresas y Derecho,Educación Comercial y Administración,Licenciatura No Conducente a Título,Carreras Profesionales,NO ACREDITADA
2026|I22S1C368J4V2,I22S1C368J4V2,LICENCIATURA EN ADMINISTRACION PUBLICA,Ciencias Sociales,Administración de Empresas y Derecho,Educación Comercial y Administración,Licenciatura No Conducente a Título,Carreras Profesionales,NO ACREDITADA
2023|I1S1C10J4V1,I1S1C10J4V1,LICENCIATURA EN HISTORIA,Ciencias Sociales,Artes y Humanidades,Humanidades,Licenciatura No Conducente a Título,Carreras Profesionales,NO ACREDITADA
2024|I1S1C10J4V1,I1S1C10J4V1,LICENCIATURA EN HISTORIA,Ciencias Sociales,Artes y Humanidades,Humanidades,Licenciatura No Conducente a Título,Carreras Profesionales,NO ACREDITADA
2025|I1S1C10J4V1,I1S1C10J4V1,LICENCIATURA EN HISTORIA,Ciencias Sociales,Artes y Humanidades,Humanidades,Licenciatura No Conducente a Título,Carreras Profesionales,NO ACREDITADA
2026|I1S1C10J4V1,I1S1C10J4V1,LICENCIATURA EN HISTORIA,Ciencias Sociales,Artes y Humanidades,Humanidades,Licenciatura No Conducente a Título,Carreras Profesionales,NO ACREDITADA
2023|I16S1C344J4V1,I16S1C344J4V1,LICENCIATURA EN TRABAJO SOCIAL,Ciencias Sociales,Salud y Bienestar,Bienestar,Licenciatura No Conducente a Título,Carreras Profesionales,NO ACREDITADA
2023|I17S2C182J4V2,I17S2C182J4V2,LICENCIATURA EN TRABAJO SOCIAL,Ciencias Sociales,Salud y Bienestar,Bienestar,Licenciatura No Conducente a Título,Carreras Profesionales,NO ACREDITADA
2023|I1S1C252J4V1,I1S1C252J4V1,LICENCIATURA EN TRABAJO SOCIAL,Ciencias Sociales,Salud y Bienestar,Bienestar,Licenciatura No Conducente a Título,Carreras Profesionales,NO ACREDITADA
2023|I20S1C539J4V1,I20S1C539J4V1,LICENCIATURA EN TRABAJO SOCIAL,Ciencias Sociales,Salud y Bienestar,Bienestar,Licenciatura No Conducente a Título,Carreras Profesionales,NO ACREDITADA
2023|I22S1C337J4V1,I22S1C337J4V1,LICENCIATURA EN TRABAJO SOCIAL,Ciencias Sociales,Salud y Bienestar,Bienestar,Licenciatura No Conducente a Título,Carreras Profesionales,NO ACREDITADA
2023|I26S1C174J4V1,I26S1C174J4V1,LICENCIATURA EN TRABAJO SOCIAL,Ciencias Sociales,Salud y Bienestar,Bienestar,Licenciatura No Conducente a Título,Carreras Profesionales,NO ACREDITADA
2023|I46S5C129J4V1,I46S5C129J4V1,LICENCIATURA EN TRABAJO SOCIAL,Ciencias Sociales,Salud y Bienestar,Bienestar,Licenciatura No Conducente a Título,Carreras Profesionales,NO ACREDITADA
2023|I68S1C121J4V1,I68S1C121J4V1,LICENCIATURA EN TRABAJO SOCIAL,Ciencias Sociales,Salud y Bienestar,Bienestar,Licenciatura No Conducente a Título,Carreras Profesionales,NO ACREDITADA
2024|I17S2C182J4V2,I17S2C182J4V2,LICENCIATURA EN TRABAJO SOCIAL,Ciencias Sociales,Salud y Bienestar,Bienestar,Licenciatura No Conducente a Título,Carreras Profesionales,NO ACREDITADA
2024|I1S1C252J4V1,I1S1C252J4V1,LICENCIATURA EN TRABAJO SOCIAL,Ciencias Sociales,Salud y Bienestar,Bienestar,Licenciatura No Conducente a Título,Carreras Profesionales,NO ACREDITADA
2024|I20S1C539J4V1,I20S1C539J4V1,LICENCIATURA EN TRABAJO SOCIAL,Ciencias Sociales,Salud y Bienestar,Bienestar,Licenciatura No Conducente a Título,Carreras Profesionales,NO ACREDITADA
2024|I22S1C337J4V1,I22S1C337J4V1,LICENCIATURA EN TRABAJO SOCIAL,Ciencias Sociales,Salud y Bienestar,Bienestar,Licenciatura No Conducente a Título,Carreras Profesionales,NO ACREDITADA
2024|I26S1C174J4V2,I26S1C174J4V2,LICENCIATURA EN TRABAJO SOCIAL,Ciencias Sociales,Salud y Bienestar,Bienestar,Licenciatura No Conducente a Título,Carreras Profesionales,NO ACREDITADA
2024|I38S1C198J4V1,I38S1C198J4V1,LICENCIATURA EN TRABAJO SOCIAL,Ciencias Sociales,Salud y Bienestar,Bienestar,Licenciatura No Conducente a Título,Carreras Profesionales,NO ACREDITADA
2024|I68S1C121J4V1,I68S1C121J4V1,LICENCIATURA EN TRABAJO SOCIAL,Ciencias Sociales,Salud y Bienestar,Bienestar,Licenciatura No Conducente a Título,Carreras Profesionales,NO ACREDITADA
2025|I17S2C182J4V2,I17S2C182J4V2,LICENCIATURA EN TRABAJO SOCIAL,Ciencias Sociales,Salud y Bienestar,Bienestar,Licenciatura No Conducente a Título,Carreras Profesionales,NO ACREDITADA
2025|I1S1C252J4V1,I1S1C252J4V1,LICENCIATURA EN TRABAJO SOCIAL,Ciencias Sociales,Salud y Bienestar,Bienestar,Licenciatura No Conducente a Título,Carreras Profesionales,NO ACREDITADA
2025|I20S1C539J4V1,I20S1C539J4V1,LICENCIATURA EN TRABAJO SOCIAL,Ciencias Sociales,Salud y Bienestar,Bienestar,Licenciatura No Conducente a Título,Carreras Profesionales,NO ACREDITADA
2025|I22S1C337J4V1,I22S1C337J4V1,LICENCIATURA EN TRABAJO SOCIAL,Ciencias Sociales,Salud y Bienestar,Bienestar,Licenciatura No Conducente a Título,Carreras Profesionales,NO ACREDITADA
2025|I26S1C174J4V2,I26S1C174J4V2,LICENCIATURA EN TRABAJO SOCIAL,Ciencias Sociales,Salud y Bienestar,Bienestar,Licenciatura No Conducente a Título,Carreras Profesionales,NO ACREDITADA
2025|I38S1C198J4V1,I38S1C198J4V1,LICENCIATURA EN TRABAJO SOCIAL,Ciencias Sociales,Salud y Bienestar,Bienestar,Licenciatura No Conducente a Título,Carreras Profesionales,NO ACREDITADA
2025|I39S2C167J3V1,I39S2C167J3V1,LICENCIATURA EN TRABAJO SOCIAL,Ciencias Sociales,Salud y Bienestar,Bienestar,Licenciatura No Conducente a Título,Carreras Profesionales,NO ACREDITADA
2025|I39S6C167J3V1,I39S6C167J3V1,LICENCIATURA EN TRABAJO SOCIAL,Ciencias Sociales,Salud y Bienestar,Bienestar,Licenciatura No Conducente a Título,Carreras Profesionales,NO ACREDITADA
2025|I39S6C167J4V1,I39S6C167J4V1,LICENCIATURA EN TRABAJO SOCIAL,Ciencias Sociales,Salud y Bienestar,Bienestar,Licenciatura No Conducente a Título,Carreras Profesionales,NO ACREDITADA
2025|I39S7C167J3V1,I39S7C167J3V1,LICENCIATURA EN TRABAJO SOCIAL,Ciencias Sociales,Salud y Bienestar,Bienestar,Licenciatura No Conducente a Título,Carreras Profesionales,NO ACREDITADA
2025|I68S1C121J4V1,I68S1C121J4V1,LICENCIATURA EN TRABAJO SOCIAL,Ciencias Sociales,Salud y Bienestar,Bienestar,Licenciatura No Conducente a Título,Carreras Profesionales,NO ACREDITADA
2026|I17S2C182J4V2,I17S2C182J4V2,LICENCIATURA EN TRABAJO SOCIAL,Ciencias Sociales,Salud y Bienestar,Bienestar,Licenciatura No Conducente a Título,Carreras Profesionales,NO ACREDITADA
2026|I1S1C252J4V1,I1S1C252J4V1,LICENCIATURA EN TRABAJO SOCIAL,Ciencias Sociales,Salud y Bienestar,Bienestar,Licenciatura No Conducente a Título,Carreras Profesionales,NO ACREDITADA
2026|I20S1C539J4V1,I20S1C539J4V1,LICENCIATURA EN TRABAJO SOCIAL,Ciencias Sociales,Salud y Bienestar,Bienestar,Licenciatura No Conducente a Título,Carreras Profesionales,NO ACREDITADA
2026|I22S1C337J4V2,I22S1C337J4V2,LICENCIATURA EN TRABAJO SOCIAL,Ciencias Sociales,Salud y Bienestar,Bienestar,Licenciatura No Conducente a Título,Carreras Profesionales,NO ACREDITADA
2026|I26S1C174J4V2,I26S1C174J4V2,LICENCIATURA EN TRABAJO SOCIAL,Ciencias Sociales,Salud y Bienestar,Bienestar,Licenciatura No Conducente a Título,Carreras Profesionales,NO ACREDITADA
2026|I38S1C198J4V1,I38S1C198J4V1,LICENCIATURA EN TRABAJO SOCIAL,Ciencias Sociales,Salud y Bienestar,Bienestar,Licenciatura No Conducente a Título,Carreras Profesionales,NO ACREDITADA
2026|I39S2C167J3V1,I39S2C167J3V1,LICENCIATURA EN TRABAJO SOCIAL,Ciencias Sociales,Salud y Bienestar,Bienestar,Licenciatura No Conducente a Título,Carreras Profesionales,NO ACREDITADA
2026|I39S6C167J3V1,I39S6C167J3V1,LICENCIATURA EN TRABAJO SOCIAL,Ciencias Sociales,Salud y Bienestar,Bienestar,Licenciatura No Conducente a Título,Carreras Profesionales,NO ACREDITADA
2026|I39S6C167J4V1,I39S6C167J4V1,LICENCIATURA EN TRABAJO SOCIAL,Ciencias Sociales,Salud y Bienestar,Bienestar,Licenciatura No Conducente a Título,Carreras Profesionales,NO ACREDITADA
2026|I50S1C463J4V1,I50S1C463J4V1,LICENCIATURA EN TRABAJO SOCIAL,Ciencias Sociales,Salud y Bienestar,Bienestar,Licenciatura No Conducente a Título,Carreras Profesionales,NO ACREDITADA
2026|I68S1C121J4V1,I68S1C121J4V1,LICENCIATURA EN TRABAJO SOCIAL,Ciencias Sociales,Salud y Bienestar,Bienestar,Licenciatura No Conducente a Título,Carreras Profesionales,NO ACREDITADA
2023|I1S1C232J4V3,I1S1C232J4V3,PERIODISMO,Ciencias Sociales,"Ciencias Sociales, Periodismo e Información",Periodismo e Información,Profesional Con Licenciatura,Carreras Profesionales,NO ACREDITADA
2023|I1S1C232J4V4,I1S1C232J4V4,PERIODISMO,Ciencias Sociales,"Ciencias Sociales, Periodismo e Información",Periodismo e Información,Profesional Con Licenciatura,Carreras Profesionales,NO ACREDITADA
2023|I20S1C8J4V2,I20S1C8J4V2,PERIODISMO,Ciencias Sociales,"Ciencias Sociales, Periodismo e Información",Periodismo e Información,Profesional Con Licenciatura,Carreras Profesionales,NO ACREDITADA
2023|I26S1C4J3V1,I26S1C4J3V1,PERIODISMO,Ciencias Sociales,"Ciencias Sociales, Periodismo e Información",Periodismo e Información,Profesional Con Licenciatura,Carreras Profesionales,NO ACREDITADA
2024|I1S1C232J4V3,I1S1C232J4V3,PERIODISMO,Ciencias Sociales,"Ciencias Sociales, Periodismo e Información",Periodismo e Información,Profesional Con Licenciatura,Carreras Profesionales,NO ACREDITADA
2024|I1S1C232J4V4,I1S1C232J4V4,PERIODISMO,Ciencias Sociales,"Ciencias Sociales, Periodismo e Información",Periodismo e Información,Profesional Con Licenciatura,Carreras Profesionales,NO ACREDITADA
2024|I20S1C8J4V2,I20S1C8J4V2,PERIODISMO,Ciencias Sociales,"Ciencias Sociales, Periodismo e Información",Periodismo e Información,Profesional Con Licenciatura,Carreras Profesionales,NO ACREDITADA
2024|I26S1C4J3V1,I26S1C4J3V1,PERIODISMO,Ciencias Sociales,"Ciencias Sociales, Periodismo e Información",Periodismo e Información,Profesional Con Licenciatura,Carreras Profesionales,NO ACREDITADA
2024|I26S1C4J3V2,I26S1C4J3V2,PERIODISMO,Ciencias Sociales,"Ciencias Sociales, Periodismo e Información",Periodismo e Información,Profesional Con Licenciatura,Carreras Profesionales,NO ACREDITADA
2025|I1S1C232J4V3,I1S1C232J4V3,PERIODISMO,Ciencias Sociales,"Ciencias Sociales, Periodismo e Información",Periodismo e Información,Profesional Con Licenciatura,Carreras Profesionales,NO ACREDITADA
2025|I1S1C232J4V4,I1S1C232J4V4,PERIODISMO,Ciencias Sociales,"Ciencias Sociales, Periodismo e Información",Periodismo e Información,Profesional Con Licenciatura,Carreras Profesionales,NO ACREDITADA
2025|I20S1C8J4V2,I20S1C8J4V2,PERIODISMO,Ciencias Sociales,"Ciencias Sociales, Periodismo e Información",Periodismo e Información,Profesional Con Licenciatura,Carreras Profesionales,NO ACREDITADA
2025|I26S1C4J3V1,I26S1C4J3V1,PERIODISMO,Ciencias Sociales,"Ciencias Sociales, Periodismo e Información",Periodismo e Información,Profesional Con Licenciatura,Carreras Profesionales,NO ACREDITADA
2025|I26S1C4J3V2,I26S1C4J3V2,PERIODISMO,Ciencias Sociales,"Ciencias Sociales, Periodismo e Información",Periodismo e Información,Profesional Con Licenciatura,Carreras Profesionales,NO ACREDITADA
2026|I1S1C232J4V3,I1S1C232J4V3,PERIODISMO,Ciencias Sociales,"Ciencias Sociales, Periodismo e Información",Periodismo e Información,Profesional Con Licenciatura,Carreras Profesionales,NO ACREDITADA
2026|I1S1C232J4V4,I1S1C232J4V4,PERIODISMO,Ciencias Sociales,"Ciencias Sociales, Periodismo e Información",Periodismo e Información,Profesional Con Licenciatura,Carreras Profesionales,NO ACREDITADA
2026|I20S1C8J4V2,I20S1C8J4V2,PERIODISMO,Ciencias Sociales,"Ciencias Sociales, Periodismo e Información",Periodismo e Información,Profesional Con Licenciatura,Carreras Profesionales,NO ACREDITADA
2026|I22S1C4J3V2,I22S1C4J3V2,PERIODISMO,Ciencias Sociales,"Ciencias Sociales, Periodismo e Información",Periodismo e Información,Profesional Con Licenciatura,Carreras Profesionales,NO ACREDITADA
2026|I26S1C4J3V1,I26S1C4J3V1,PERIODISMO,Ciencias Sociales,"Ciencias Sociales, Periodismo e Información",Periodismo e Información,Profesional Con Licenciatura,Carreras Profesionales,NO ACREDITADA
2026|I26S1C4J3V2,I26S1C4J3V2,PERIODISMO,Ciencias Sociales,"Ciencias Sociales, Periodismo e Información",Periodismo e Información,Profesional Con Licenciatura,Carreras Profesionales,NO ACREDITADA
2023|I120S1C288J3V2,I120S1C288J3V2,PLAN ESPECIAL TECNICO EN ADMINISTRACION PUBLICA Y MUNICIPAL,Ciencias Sociales,Administración de Empresas y Derecho,Educación Comercial y Administración,Técnico de Nivel Superior,Carreras Técnicas,NO ACREDITADA
2023|I120S3C288J3V2,I120S3C288J3V2,PLAN ESPECIAL TECNICO EN ADMINISTRACION PUBLICA Y MUNICIPAL,Ciencias Sociales,Administración de Empresas y Derecho,Educación Comercial y Administración,Técnico de Nivel Superior,Carreras Técnicas,NO ACREDITADA
2024|I120S1C288J3V2,I120S1C288J3V2,PLAN ESPECIAL TECNICO EN ADMINISTRACION PUBLICA Y MUNICIPAL,Ciencias Sociales,Administración de Empresas y Derecho,Educación Comercial y Administración,Técnico de Nivel Superior,Carreras Técnicas,NO ACREDITADA
2026|I120S1C288J3V2,I120S1C288J3V2,PLAN ESPECIAL TECNICO EN ADMINISTRACION PUBLICA Y MUNICIPAL,Ciencias Sociales,Administración de Empresas y Derecho,Educación Comercial y Administración,Técnico de Nivel Superior,Carreras Técnicas,NO ACREDITADA
2023|I120S1C291J3V2,I120S1C291J3V2,PLAN ESPECIAL TECNICO EN SERVICIO SOCIAL,Ciencias Sociales,Salud y Bienestar,Bienestar,Técnico de Nivel Superior,Carreras Técnicas,NO ACREDITADA
2024|I120S1C291J3V2,I120S1C291J3V2,PLAN ESPECIAL TECNICO EN SERVICIO SOCIAL,Ciencias Sociales,Salud y Bienestar,Bienestar,Técnico de Nivel Superior,Carreras Técnicas,NO ACREDITADA
2025|I13S10C384J3V2,I13S10C384J3V2,PROGRAMA DE LICENCIATURA DE TRABAJO SOCIAL,Ciencias Sociales,Salud y Bienestar,Bienestar,Licenciatura No Conducente a Título,Carreras Profesionales,NO ACREDITADA
2025|I13S11C384J3V2,I13S11C384J3V2,PROGRAMA DE LICENCIATURA DE TRABAJO SOCIAL,Ciencias Sociales,Salud y Bienestar,Bienestar,Licenciatura No Conducente a Título,Carreras Profesionales,NO ACREDITADA
2025|I13S16C384J3V2,I13S16C384J3V2,PROGRAMA DE LICENCIATURA DE TRABAJO SOCIAL,Ciencias Sociales,Salud y Bienestar,Bienestar,Licenciatura No Conducente a Título,Carreras Profesionales,NO ACREDITADA
2025|I13S17C384J3V2,I13S17C384J3V2,PROGRAMA DE LICENCIATURA DE TRABAJO SOCIAL,Ciencias Sociales,Salud y Bienestar,Bienestar,Licenciatura No Conducente a Título,Carreras Profesionales,NO ACREDITADA
2025|I13S1C384J3V2,I13S1C384J3V2,PROGRAMA DE LICENCIATURA DE TRABAJO SOCIAL,Ciencias Sociales,Salud y Bienestar,Bienestar,Licenciatura No Conducente a Título,Carreras Profesionales,NO ACREDITADA
2025|I13S2C384J3V2,I13S2C384J3V2,PROGRAMA DE LICENCIATURA DE TRABAJO SOCIAL,Ciencias Sociales,Salud y Bienestar,Bienestar,Licenciatura No Conducente a Título,Carreras Profesionales,NO ACREDITADA
2025|I13S3C384J3V2,I13S3C384J3V2,PROGRAMA DE LICENCIATURA DE TRABAJO SOCIAL,Ciencias Sociales,Salud y Bienestar,Bienestar,Licenciatura No Conducente a Título,Carreras Profesionales,NO ACREDITADA
2025|I13S5C384J3V2,I13S5C384J3V2,PROGRAMA DE LICENCIATURA DE TRABAJO SOCIAL,Ciencias Sociales,Salud y Bienestar,Bienestar,Licenciatura No Conducente a Título,Carreras Profesionales,NO ACREDITADA
2025|I13S6C384J3V2,I13S6C384J3V2,PROGRAMA DE LICENCIATURA DE TRABAJO SOCIAL,Ciencias Sociales,Salud y Bienestar,Bienestar,Licenciatura No Conducente a Título,Carreras Profesionales,NO ACREDITADA
2025|I13S7C384J3V2,I13S7C384J3V2,PROGRAMA DE LICENCIATURA DE TRABAJO SOCIAL,Ciencias Sociales,Salud y Bienestar,Bienestar,Licenciatura No Conducente a Título,Carreras Profesionales,NO ACREDITADA
2025|I13S9C384J3V2,I13S9C384J3V2,PROGRAMA DE LICENCIATURA DE TRABAJO SOCIAL,Ciencias Sociales,Salud y Bienestar,Bienestar,Licenciatura No Conducente a Título,Carreras Profesionales,NO ACREDITADA
2026|I13S1C384J4V2,I13S1C384J4V2,PROGRAMA DE LICENCIATURA DE TRABAJO SOCIAL,Ciencias Sociales,Salud y Bienestar,Bienestar,Licenciatura No Conducente a Título,Carreras Profesionales,NO ACREDITADA
2026|I11S1C102J4V2,I11S1C102J4V2,PROGRAMA ESPECIAL DE TITULACION EN ADMINISTRACION PUBLICA,Ciencias Sociales,Administración de Empresas y Derecho,Educación Comercial y Administración,Profesional Con Licenciatura,Carreras Profesionales,NO ACREDITADA
2025|I11S1C280J3V1,I11S1C280J3V1,PROGRAMA ESPECIAL DE TITULACION EN SOCIOLOGIA,Ciencias Sociales,"Ciencias Sociales, Periodismo e Información",Ciencias Sociales y del Comportamiento,Profesional Con Licenciatura,Carreras Profesionales,NO ACREDITADA
2026|I11S1C280J3V1,I11S1C280J3V1,PROGRAMA ESPECIAL DE TITULACION EN SOCIOLOGIA,Ciencias Sociales,"Ciencias Sociales, Periodismo e Información",Ciencias Sociales y del Comportamiento,Profesional Con Licenciatura,Carreras Profesionales,NO ACREDITADA
2023|I10S12C31J3V1,I10S12C31J3V1,PSICOLOGIA,Ciencias Sociales,"Ciencias Sociales, Periodismo e Información",Ciencias Sociales y del Comportamiento,Profesional Con Licenciatura,Carreras Profesionales,NO ACREDITADA
2023|I17S2C23J3V1,I17S2C23J3V1,PSICOLOGIA,Ciencias Sociales,"Ciencias Sociales, Periodismo e Información",Ciencias Sociales y del Comportamiento,Profesional Con Licenciatura,Carreras Profesionales,NO ACREDITADA
2023|I17S2C23J3V2,I17S2C23J3V2,PSICOLOGIA,Ciencias Sociales,"Ciencias Sociales, Periodismo e Información",Ciencias Sociales y del Comportamiento,Profesional Con Licenciatura,Carreras Profesionales,NO ACREDITADA
2023|I17S2C23J4V1,I17S2C23J4V1,PSICOLOGIA,Ciencias Sociales,"Ciencias Sociales, Periodismo e Información",Ciencias Sociales y del Comportamiento,Profesional Con Licenciatura,Carreras Profesionales,NO ACREDITADA
2023|I17S2C23J4V2,I17S2C23J4V2,PSICOLOGIA,Ciencias Sociales,"Ciencias Sociales, Periodismo e Información",Ciencias Sociales y del Comportamiento,Profesional Con Licenciatura,Carreras Profesionales,NO ACREDITADA
2023|I19S1C9J3V2,I19S1C9J3V2,PSICOLOGIA,Ciencias Sociales,"Ciencias Sociales, Periodismo e Información",Ciencias Sociales y del Comportamiento,Profesional Con Licenciatura,Carreras Profesionales,NO ACREDITADA
2023|I19S2C9J3V2,I19S2C9J3V2,PSICOLOGIA,Ciencias Sociales,"Ciencias Sociales, Periodismo e Información",Ciencias Sociales y del Comportamiento,Profesional Con Licenciatura,Carreras Profesionales,NO ACREDITADA
2023|I19S3C9J3V2,I19S3C9J3V2,PSICOLOGIA,Ciencias Sociales,"Ciencias Sociales, Periodismo e Información",Ciencias Sociales y del Comportamiento,Profesional Con Licenciatura,Carreras Profesionales,NO ACREDITADA
2023|I19S4C9J3V2,I19S4C9J3V2,PSICOLOGIA,Ciencias Sociales,"Ciencias Sociales, Periodismo e Información",Ciencias Sociales y del Comportamiento,Profesional Con Licenciatura,Carreras Profesionales,NO ACREDITADA
2023|I19S5C9J3V2,I19S5C9J3V2,PSICOLOGIA,Ciencias Sociales,"Ciencias Sociales, Periodismo e Información",Ciencias Sociales y del Comportamiento,Profesional Con Licenciatura,Carreras Profesionales,NO ACREDITADA
2023|I19S6C9J3V2,I19S6C9J3V2,PSICOLOGIA,Ciencias Sociales,"Ciencias Sociales, Periodismo e Información",Ciencias Sociales y del Comportamiento,Profesional Con Licenciatura,Carreras Profesionales,NO ACREDITADA
2023|I1S1C12J4V4,I1S1C12J4V4,PSICOLOGIA,Ciencias Sociales,"Ciencias Sociales, Periodismo e Información",Ciencias Sociales y del Comportamiento,Profesional Con Licenciatura,Carreras Profesionales,NO ACREDITADA
2023|I20S1C7J3V3,I20S1C7J3V3,PSICOLOGIA,Ciencias Sociales,"Ciencias Sociales, Periodismo e Información",Ciencias Sociales y del Comportamiento,Profesional Con Licenciatura,Carreras Profesionales,NO ACREDITADA
2023|I20S3C7J3V3,I20S3C7J3V3,PSICOLOGIA,Ciencias Sociales,"Ciencias Sociales, Periodismo e Información",Ciencias Sociales y del Comportamiento,Profesional Con Licenciatura,Carreras Profesionales,NO ACREDITADA
2023|I20S4C7J3V3,I20S4C7J3V3,PSICOLOGIA,Ciencias Sociales,"Ciencias Sociales, Periodismo e Información",Ciencias Sociales y del Comportamiento,Profesional Con Licenciatura,Carreras Profesionales,NO ACREDITADA
2023|I26S1C84J3V2,I26S1C84J3V2,PSICOLOGIA,Ciencias Sociales,"Ciencias Sociales, Periodismo e Información",Ciencias Sociales y del Comportamiento,Profesional Con Licenciatura,Carreras Profesionales,NO ACREDITADA
2023|I46S5C132J4V2,I46S5C132J4V2,PSICOLOGIA,Ciencias Sociales,"Ciencias Sociales, Periodismo e Información",Ciencias Sociales y del Comportamiento,Profesional Con Licenciatura,Carreras Profesionales,NO ACREDITADA
2024|I10S12C31J3V1,I10S12C31J3V1,PSICOLOGIA,Ciencias Sociales,"Ciencias Sociales, Periodismo e Información",Ciencias Sociales y del Comportamiento,Profesional Con Licenciatura,Carreras Profesionales,NO ACREDITADA
2024|I17S2C23J3V1,I17S2C23J3V1,PSICOLOGIA,Ciencias Sociales,"Ciencias Sociales, Periodismo e Información",Ciencias Sociales y del Comportamiento,Profesional Con Licenciatura,Carreras Profesionales,NO ACREDITADA
2024|I17S2C23J3V2,I17S2C23J3V2,PSICOLOGIA,Ciencias Sociales,"Ciencias Sociales, Periodismo e Información",Ciencias Sociales y del Comportamiento,Profesional Con Licenciatura,Carreras Profesionales,NO ACREDITADA
2024|I17S2C23J4V1,I17S2C23J4V1,PSICOLOGIA,Ciencias Sociales,"Ciencias Sociales, Periodismo e Información",Ciencias Sociales y del Comportamiento,Profesional Con Licenciatura,Carreras Profesionales,NO ACREDITADA
2024|I17S2C23J4V2,I17S2C23J4V2,PSICOLOGIA,Ciencias Sociales,"Ciencias Sociales, Periodismo e Información",Ciencias Sociales y del Comportamiento,Profesional Con Licenciatura,Carreras Profesionales,NO ACREDITADA
2024|I19S1C9J3V2,I19S1C9J3V2,PSICOLOGIA,Ciencias Sociales,"Ciencias Sociales, Periodismo e Información",Ciencias Sociales y del Comportamiento,Profesional Con Licenciatura,Carreras Profesionales,NO ACREDITADA
2024|I19S2C9J3V2,I19S2C9J3V2,PSICOLOGIA,Ciencias Sociales,"Ciencias Sociales, Periodismo e Información",Ciencias Sociales y del Comportamiento,Profesional Con Licenciatura,Carreras Profesionales,NO ACREDITADA
2024|I19S3C9J3V2,I19S3C9J3V2,PSICOLOGIA,Ciencias Sociales,"Ciencias Sociales, Periodismo e Información",Ciencias Sociales y del Comportamiento,Profesional Con Licenciatura,Carreras Profesionales,NO ACREDITADA
2024|I19S4C9J3V2,I19S4C9J3V2,PSICOLOGIA,Ciencias Sociales,"Ciencias Sociales, Periodismo e Información",Ciencias Sociales y del Comportamiento,Profesional Con Licenciatura,Carreras Profesionales,NO ACREDITADA
2024|I19S5C9J3V2,I19S5C9J3V2,PSICOLOGIA,Ciencias Sociales,"Ciencias Sociales, Periodismo e Información",Ciencias Sociales y del Comportamiento,Profesional Con Licenciatura,Carreras Profesionales,NO ACREDITADA
2024|I19S6C9J3V2,I19S6C9J3V2,PSICOLOGIA,Ciencias Sociales,"Ciencias Sociales, Periodismo e Información",Ciencias Sociales y del Comportamiento,Profesional Con Licenciatura,Carreras Profesionales,NO ACREDITADA
2024|I1S1C12J4V4,I1S1C12J4V4,PSICOLOGIA,Ciencias Sociales,"Ciencias Sociales, Periodismo e Información",Ciencias Sociales y del Comportamiento,Profesional Con Licenciatura,Carreras Profesionales,NO ACREDITADA
2024|I20S1C7J3V3,I20S1C7J3V3,PSICOLOGIA,Ciencias Sociales,"Ciencias Sociales, Periodismo e Información",Ciencias Sociales y del Comportamiento,Profesional Con Licenciatura,Carreras Profesionales,NO ACREDITADA
2024|I20S3C7J3V3,I20S3C7J3V3,PSICOLOGIA,Ciencias Sociales,"Ciencias Sociales, Periodismo e Información",Ciencias Sociales y del Comportamiento,Profesional Con Licenciatura,Carreras Profesionales,NO ACREDITADA
2024|I20S4C7J3V3,I20S4C7J3V3,PSICOLOGIA,Ciencias Sociales,"Ciencias Sociales, Periodismo e Información",Ciencias Sociales y del Comportamiento,Profesional Con Licenciatura,Carreras Profesionales,NO ACREDITADA
2024|I26S1C84J3V2,I26S1C84J3V2,PSICOLOGIA,Ciencias Sociales,"Ciencias Sociales, Periodismo e Información",Ciencias Sociales y del Comportamiento,Profesional Con Licenciatura,Carreras Profesionales,NO ACREDITADA
2025|I10S12C31J3V1,I10S12C31J3V1,PSICOLOGIA,Ciencias Sociales,"Ciencias Sociales, Periodismo e Información",Ciencias Sociales y del Comportamiento,Profesional Con Licenciatura,Carreras Profesionales,NO ACREDITADA
2025|I17S2C23J3V1,I17S2C23J3V1,PSICOLOGIA,Ciencias Sociales,"Ciencias Sociales, Periodismo e Información",Ciencias Sociales y del Comportamiento,Profesional Con Licenciatura,Carreras Profesionales,NO ACREDITADA
2025|I17S2C23J3V2,I17S2C23J3V2,PSICOLOGIA,Ciencias Sociales,"Ciencias Sociales, Periodismo e Información",Ciencias Sociales y del Comportamiento,Profesional Con Licenciatura,Carreras Profesionales,NO ACREDITADA
2025|I17S2C23J4V1,I17S2C23J4V1,PSICOLOGIA,Ciencias Sociales,"Ciencias Sociales, Periodismo e Información",Ciencias Sociales y del Comportamiento,Profesional Con Licenciatura,Carreras Profesionales,NO ACREDITADA
2025|I17S2C23J4V2,I17S2C23J4V2,PSICOLOGIA,Ciencias Sociales,"Ciencias Sociales, Periodismo e Información",Ciencias Sociales y del Comportamiento,Profesional Con Licenciatura,Carreras Profesionales,NO ACREDITADA
2025|I19S1C9J3V2,I19S1C9J3V2,PSICOLOGIA,Ciencias Sociales,"Ciencias Sociales, Periodismo e Información",Ciencias Sociales y del Comportamiento,Profesional Con Licenciatura,Carreras Profesionales,NO ACREDITADA
2025|I19S2C9J3V2,I19S2C9J3V2,PSICOLOGIA,Ciencias Sociales,"Ciencias Sociales, Periodismo e Información",Ciencias Sociales y del Comportamiento,Profesional Con Licenciatura,Carreras Profesionales,NO ACREDITADA
2025|I19S3C9J3V2,I19S3C9J3V2,PSICOLOGIA,Ciencias Sociales,"Ciencias Sociales, Periodismo e Información",Ciencias Sociales y del Comportamiento,Profesional Con Licenciatura,Carreras Profesionales,NO ACREDITADA
2025|I19S4C9J3V2,I19S4C9J3V2,PSICOLOGIA,Ciencias Sociales,"Ciencias Sociales, Periodismo e Información",Ciencias Sociales y del Comportamiento,Profesional Con Licenciatura,Carreras Profesionales,NO ACREDITADA
2025|I19S5C9J3V2,I19S5C9J3V2,PSICOLOGIA,Ciencias Sociales,"Ciencias Sociales, Periodismo e Información",Ciencias Sociales y del Comportamiento,Profesional Con Licenciatura,Carreras Profesionales,NO ACREDITADA
2025|I19S6C9J3V2,I19S6C9J3V2,PSICOLOGIA,Ciencias Sociales,"Ciencias Sociales, Periodismo e Información",Ciencias Sociales y del Comportamiento,Profesional Con Licenciatura,Carreras Profesionales,NO ACREDITADA
2025|I1S1C12J4V4,I1S1C12J4V4,PSICOLOGIA,Ciencias Sociales,"Ciencias Sociales, Periodismo e Información",Ciencias Sociales y del Comportamiento,Profesional Con Licenciatura,Carreras Profesionales,NO ACREDITADA
2025|I20S1C7J3V3,I20S1C7J3V3,PSICOLOGIA,Ciencias Sociales,"Ciencias Sociales, Periodismo e Información",Ciencias Sociales y del Comportamiento,Profesional Con Licenciatura,Carreras Profesionales,NO ACREDITADA
2025|I20S3C7J3V3,I20S3C7J3V3,PSICOLOGIA,Ciencias Sociales,"Ciencias Sociales, Periodismo e Información",Ciencias Sociales y del Comportamiento,Profesional Con Licenciatura,Carreras Profesionales,NO ACREDITADA
2025|I20S4C7J3V3,I20S4C7J3V3,PSICOLOGIA,Ciencias Sociales,"Ciencias Sociales, Periodismo e Información",Ciencias Sociales y del Comportamiento,Profesional Con Licenciatura,Carreras Profesionales,NO ACREDITADA
2025|I22S1C18J3V1,I22S1C18J3V1,PSICOLOGIA,Ciencias Sociales,"Ciencias Sociales, Periodismo e Información",Ciencias Sociales y del Comportamiento,Profesional Con Licenciatura,Carreras Profesionales,NO ACREDITADA
2025|I26S1C84J3V2,I26S1C84J3V2,PSICOLOGIA,Ciencias Sociales,"Ciencias Sociales, Periodismo e Información",Ciencias Sociales y del Comportamiento,Profesional Con Licenciatura,Carreras Profesionales,NO ACREDITADA
2026|I10S12C31J3V1,I10S12C31J3V1,PSICOLOGIA,Ciencias Sociales,"Ciencias Sociales, Periodismo e Información",Ciencias Sociales y del Comportamiento,Profesional Con Licenciatura,Carreras Profesionales,NO ACREDITADA
2026|I10S7C31J3V1,I10S7C31J3V1,PSICOLOGIA,Ciencias Sociales,"Ciencias Sociales, Periodismo e Información",Ciencias Sociales y del Comportamiento,Profesional Con Licenciatura,Carreras Profesionales,NO ACREDITADA
2026|I17S2C23J3V1,I17S2C23J3V1,PSICOLOGIA,Ciencias Sociales,"Ciencias Sociales, Periodismo e Información",Ciencias Sociales y del Comportamiento,Profesional Con Licenciatura,Carreras Profesionales,NO ACREDITADA
2026|I17S2C23J3V2,I17S2C23J3V2,PSICOLOGIA,Ciencias Sociales,"Ciencias Sociales, Periodismo e Información",Ciencias Sociales y del Comportamiento,Profesional Con Licenciatura,Carreras Profesionales,NO ACREDITADA
2026|I17S2C23J4V1,I17S2C23J4V1,PSICOLOGIA,Ciencias Sociales,"Ciencias Sociales, Periodismo e Información",Ciencias Sociales y del Comportamiento,Profesional Con Licenciatura,Carreras Profesionales,NO ACREDITADA
2026|I17S2C23J4V2,I17S2C23J4V2,PSICOLOGIA,Ciencias Sociales,"Ciencias Sociales, Periodismo e Información",Ciencias Sociales y del Comportamiento,Profesional Con Licenciatura,Carreras Profesionales,NO ACREDITADA
2026|I19S1C9J3V2,I19S1C9J3V2,PSICOLOGIA,Ciencias Sociales,"Ciencias Sociales, Periodismo e Información",Ciencias Sociales y del Comportamiento,Profesional Con Licenciatura,Carreras Profesionales,NO ACREDITADA
2026|I19S2C9J3V2,I19S2C9J3V2,PSICOLOGIA,Ciencias Sociales,"Ciencias Sociales, Periodismo e Información",Ciencias Sociales y del Comportamiento,Profesional Con Licenciatura,Carreras Profesionales,NO ACREDITADA
2026|I19S3C9J3V2,I19S3C9J3V2,PSICOLOGIA,Ciencias Sociales,"Ciencias Sociales, Periodismo e Información",Ciencias Sociales y del Comportamiento,Profesional Con Licenciatura,Carreras Profesionales,NO ACREDITADA
2026|I19S4C9J3V2,I19S4C9J3V2,PSICOLOGIA,Ciencias Sociales,"Ciencias Sociales, Periodismo e Información",Ciencias Sociales y del Comportamiento,Profesional Con Licenciatura,Carreras Profesionales,NO ACREDITADA
2026|I19S5C9J3V2,I19S5C9J3V2,PSICOLOGIA,Ciencias Sociales,"Ciencias Sociales, Periodismo e Información",Ciencias Sociales y del Comportamiento,Profesional Con Licenciatura,Carreras Profesionales,NO ACREDITADA
2026|I19S6C9J3V2,I19S6C9J3V2,PSICOLOGIA,Ciencias Sociales,"Ciencias Sociales, Periodismo e Información",Ciencias Sociales y del Comportamiento,Profesional Con Licenciatura,Carreras Profesionales,NO ACREDITADA
2026|I1S1C12J4V4,I1S1C12J4V4,PSICOLOGIA,Ciencias Sociales,"Ciencias Sociales, Periodismo e Información",Ciencias Sociales y del Comportamiento,Profesional Con Licenciatura,Carreras Profesionales,NO ACREDITADA
2026|I20S1C7J3V3,I20S1C7J3V3,PSICOLOGIA,Ciencias Sociales,"Ciencias Sociales, Periodismo e Información",Ciencias Sociales y del Comportamiento,Profesional Con Licenciatura,Carreras Profesionales,NO ACREDITADA
2026|I20S3C7J3V3,I20S3C7J3V3,PSICOLOGIA,Ciencias Sociales,"Ciencias Sociales, Periodismo e Información",Ciencias Sociales y del Comportamiento,Profesional Con Licenciatura,Carreras Profesionales,NO ACREDITADA
2026|I20S4C7J3V3,I20S4C7J3V3,PSICOLOGIA,Ciencias Sociales,"Ciencias Sociales, Periodismo e Información",Ciencias Sociales y del Comportamiento,Profesional Con Licenciatura,Carreras Profesionales,NO ACREDITADA
2026|I22S1C18J3V1,I22S1C18J3V1,PSICOLOGIA,Ciencias Sociales,"Ciencias Sociales, Periodismo e Información",Ciencias Sociales y del Comportamiento,Profesional Con Licenciatura,Carreras Profesionales,NO ACREDITADA
2026|I26S1C84J3V2,I26S1C84J3V2,PSICOLOGIA,Ciencias Sociales,"Ciencias Sociales, Periodismo e Información",Ciencias Sociales y del Comportamiento,Profesional Con Licenciatura,Carreras Profesionales,NO ACREDITADA
2026|I39S2C2J3V1,I39S2C2J3V1,PSICOLOGIA,Ciencias Sociales,"Ciencias Sociales, Periodismo e Información",Ciencias Sociales y del Comportamiento,Profesional Con Licenciatura,Carreras Profesionales,NO ACREDITADA
2026|I39S6C2J3V1,I39S6C2J3V1,PSICOLOGIA,Ciencias Sociales,"Ciencias Sociales, Periodismo e Información",Ciencias Sociales y del Comportamiento,Profesional Con Licenciatura,Carreras Profesionales,NO ACREDITADA
2026|I39S7C2J3V1,I39S7C2J3V1,PSICOLOGIA,Ciencias Sociales,"Ciencias Sociales, Periodismo e Información",Ciencias Sociales y del Comportamiento,Profesional Con Licenciatura,Carreras Profesionales,NO ACREDITADA
2026|I39S8C2J3V1,I39S8C2J3V1,PSICOLOGIA,Ciencias Sociales,"Ciencias Sociales, Periodismo e Información",Ciencias Sociales y del Comportamiento,Profesional Con Licenciatura,Carreras Profesionales,NO ACREDITADA
2026|I93S1C386J3V2,I93S1C386J3V2,PSICOLOGIA,Ciencias Sociales,"Ciencias Sociales, Periodismo e Información",Ciencias Sociales y del Comportamiento,Profesional Con Licenciatura,Carreras Profesionales,NO ACREDITADA
2026|I42S1C20J4V2,I42S1C20J4V2,PSICOLOGIA ADVANCE,Ciencias Sociales,"Ciencias Sociales, Periodismo e Información",Ciencias Sociales y del Comportamiento,Profesional Con Licenciatura,Carreras Profesionales,NO ACREDITADA
2023|I19S1C55J4V1,I19S1C55J4V1,PUBLICIDAD,Ciencias Sociales,Administración de Empresas y Derecho,Educación Comercial y Administración,Profesional Con Licenciatura,Carreras Profesionales,NO ACREDITADA
2024|I19S1C55J4V1,I19S1C55J4V1,PUBLICIDAD,Ciencias Sociales,Administración de Empresas y Derecho,Educación Comercial y Administración,Profesional Con Licenciatura,Carreras Profesionales,NO ACREDITADA
2025|I19S1C55J4V1,I19S1C55J4V1,PUBLICIDAD,Ciencias Sociales,Administración de Empresas y Derecho,Educación Comercial y Administración,Profesional Con Licenciatura,Carreras Profesionales,NO ACREDITADA
2026|I19S1C55J4V1,I19S1C55J4V1,PUBLICIDAD,Ciencias Sociales,Administración de Empresas y Derecho,Educación Comercial y Administración,Profesional Con Licenciatura,Carreras Profesionales,NO ACREDITADA
2023|I106S6C293J4V1,I106S6C293J4V1,PUBLICIDAD EN MARKETING DIGITAL,Ciencias Sociales,Administración de Empresas y Derecho,Educación Comercial y Administración,Profesional Sin Licenciatura,Carreras Profesionales,NO ACREDITADA
2024|I106S6C293J4V1,I106S6C293J4V1,PUBLICIDAD EN MARKETING DIGITAL,Ciencias Sociales,Administración de Empresas y Derecho,Educación Comercial y Administración,Profesional Sin Licenciatura,Carreras Profesionales,NO ACREDITADA
2024|I106S6C293J4V2,I106S6C293J4V2,PUBLICIDAD EN MARKETING DIGITAL,Ciencias Sociales,Administración de Empresas y Derecho,Educación Comercial y Administración,Profesional Sin Licenciatura,Carreras Profesionales,NO ACREDITADA
2025|I106S6C293J4V1,I106S6C293J4V1,PUBLICIDAD EN MARKETING DIGITAL,Ciencias Sociales,Administración de Empresas y Derecho,Educación Comercial y Administración,Profesional Sin Licenciatura,Carreras Profesionales,NO ACREDITADA
2025|I106S6C293J4V2,I106S6C293J4V2,PUBLICIDAD EN MARKETING DIGITAL,Ciencias Sociales,Administración de Empresas y Derecho,Educación Comercial y Administración,Profesional Sin Licenciatura,Carreras Profesionales,NO ACREDITADA
2026|I106S6C293J4V2,I106S6C293J4V2,PUBLICIDAD EN MARKETING DIGITAL,Ciencias Sociales,Administración de Empresas y Derecho,Educación Comercial y Administración,Profesional Sin Licenciatura,Carreras Profesionales,NO ACREDITADA
2023|I120S1C272J4V1,I120S1C272J4V1,RELACIONES PUBLICAS,Ciencias Sociales,Administración de Empresas y Derecho,Educación Comercial y Administración,Profesional Sin Licenciatura,Carreras Profesionales,NO ACREDITADA
2023|I120S2C272J4V1,I120S2C272J4V1,RELACIONES PUBLICAS,Ciencias Sociales,Administración de Empresas y Derecho,Educación Comercial y Administración,Profesional Sin Licenciatura,Carreras Profesionales,NO ACREDITADA
2023|I120S3C272J4V1,I120S3C272J4V1,RELACIONES PUBLICAS,Ciencias Sociales,Administración de Empresas y Derecho,Educación Comercial y Administración,Profesional Sin Licenciatura,Carreras Profesionales,NO ACREDITADA
2023|I120S4C272J4V1,I120S4C272J4V1,RELACIONES PUBLICAS,Ciencias Sociales,Administración de Empresas y Derecho,Educación Comercial y Administración,Profesional Sin Licenciatura,Carreras Profesionales,NO ACREDITADA
2023|I19S1C8J4V1,I19S1C8J4V1,RELACIONES PUBLICAS,Ciencias Sociales,Administración de Empresas y Derecho,Educación Comercial y Administración,Profesional Con Licenciatura,Carreras Profesionales,NO ACREDITADA
2023|I22S1C9J2V1,I22S1C9J2V1,RELACIONES PUBLICAS,Ciencias Sociales,Administración de Empresas y Derecho,Educación Comercial y Administración,Profesional Con Licenciatura,Carreras Profesionales,NO ACREDITADA
2023|I22S1C9J2V2,I22S1C9J2V2,RELACIONES PUBLICAS,Ciencias Sociales,Administración de Empresas y Derecho,Educación Comercial y Administración,Profesional Con Licenciatura,Carreras Profesionales,NO ACREDITADA
2024|I120S1C272J4V1,I120S1C272J4V1,RELACIONES PUBLICAS,Ciencias Sociales,Administración de Empresas y Derecho,Educación Comercial y Administración,Profesional Sin Licenciatura,Carreras Profesionales,NO ACREDITADA
2024|I120S2C272J4V1,I120S2C272J4V1,RELACIONES PUBLICAS,Ciencias Sociales,Administración de Empresas y Derecho,Educación Comercial y Administración,Profesional Sin Licenciatura,Carreras Profesionales,NO ACREDITADA
2024|I120S3C272J4V1,I120S3C272J4V1,RELACIONES PUBLICAS,Ciencias Sociales,Administración de Empresas y Derecho,Educación Comercial y Administración,Profesional Sin Licenciatura,Carreras Profesionales,NO ACREDITADA
2024|I120S4C272J4V1,I120S4C272J4V1,RELACIONES PUBLICAS,Ciencias Sociales,Administración de Empresas y Derecho,Educación Comercial y Administración,Profesional Sin Licenciatura,Carreras Profesionales,NO ACREDITADA
2024|I19S1C8J4V1,I19S1C8J4V1,RELACIONES PUBLICAS,Ciencias Sociales,Administración de Empresas y Derecho,Educación Comercial y Administración,Profesional Con Licenciatura,Carreras Profesionales,NO ACREDITADA
2024|I22S1C9J2V1,I22S1C9J2V1,RELACIONES PUBLICAS,Ciencias Sociales,Administración de Empresas y Derecho,Educación Comercial y Administración,Profesional Con Licenciatura,Carreras Profesionales,NO ACREDITADA
2025|I19S1C8J4V1,I19S1C8J4V1,RELACIONES PUBLICAS,Ciencias Sociales,Administración de Empresas y Derecho,Educación Comercial y Administración,Profesional Con Licenciatura,Carreras Profesionales,NO ACREDITADA
2025|I22S1C9J2V1,I22S1C9J2V1,RELACIONES PUBLICAS,Ciencias Sociales,Administración de Empresas y Derecho,Educación Comercial y Administración,Profesional Con Licenciatura,Carreras Profesionales,NO ACREDITADA
2026|I120S1C272J4V1,I120S1C272J4V1,RELACIONES PUBLICAS,Ciencias Sociales,Administración de Empresas y Derecho,Educación Comercial y Administración,Profesional Sin Licenciatura,Carreras Profesionales,NO ACREDITADA
2026|I120S2C272J4V1,I120S2C272J4V1,RELACIONES PUBLICAS,Ciencias Sociales,Administración de Empresas y Derecho,Educación Comercial y Administración,Profesional Sin Licenciatura,Carreras Profesionales,NO ACREDITADA
2026|I120S3C272J4V1,I120S3C272J4V1,RELACIONES PUBLICAS,Ciencias Sociales,Administración de Empresas y Derecho,Educación Comercial y Administración,Profesional Sin Licenciatura,Carreras Profesionales,NO ACREDITADA
2026|I120S4C272J4V1,I120S4C272J4V1,RELACIONES PUBLICAS,Ciencias Sociales,Administración de Empresas y Derecho,Educación Comercial y Administración,Profesional Sin Licenciatura,Carreras Profesionales,NO ACREDITADA
2026|I19S1C8J4V1,I19S1C8J4V1,RELACIONES PUBLICAS,Ciencias Sociales,Administración de Empresas y Derecho,Educación Comercial y Administración,Profesional Con Licenciatura,Carreras Profesionales,NO ACREDITADA
2026|I111S27C538J4V2,I111S27C538J4V2,RELACIONES PUBLICAS Y COMUNICACION ORGANIZACIONAL,Ciencias Sociales,Administración de Empresas y Derecho,Educación Comercial y Administración,Profesional Sin Licenciatura,Carreras Profesionales,NO ACREDITADA
2023|I106S6C20J4V1,I106S6C20J4V1,SERVICIO SOCIAL,Ciencias Sociales,Salud y Bienestar,Bienestar,Profesional Sin Licenciatura,Carreras Profesionales,NO ACREDITADA
2023|I106S6C20J4V2,I106S6C20J4V2,SERVICIO SOCIAL,Ciencias Sociales,Salud y Bienestar,Bienestar,Profesional Sin Licenciatura,Carreras Profesionales,NO ACREDITADA
2023|I116S40C4J4V1,I116S40C4J4V1,SERVICIO SOCIAL,Ciencias Sociales,Salud y Bienestar,Bienestar,Profesional Sin Licenciatura,Carreras Profesionales,NO ACREDITADA
2023|I120S1C114J4V1,I120S1C114J4V1,SERVICIO SOCIAL,Ciencias Sociales,Salud y Bienestar,Bienestar,Profesional Sin Licenciatura,Carreras Profesionales,NO ACREDITADA
2023|I120S1C9J3V1,I120S1C9J3V1,SERVICIO SOCIAL,Ciencias Sociales,Salud y Bienestar,Bienestar,Profesional Sin Licenciatura,Carreras Profesionales,NO ACREDITADA
2023|I120S2C114J4V1,I120S2C114J4V1,SERVICIO SOCIAL,Ciencias Sociales,Salud y Bienestar,Bienestar,Profesional Sin Licenciatura,Carreras Profesionales,NO ACREDITADA
2023|I120S2C9J3V1,I120S2C9J3V1,SERVICIO SOCIAL,Ciencias Sociales,Salud y Bienestar,Bienestar,Profesional Sin Licenciatura,Carreras Profesionales,NO ACREDITADA
2023|I120S3C114J4V1,I120S3C114J4V1,SERVICIO SOCIAL,Ciencias Sociales,Salud y Bienestar,Bienestar,Profesional Sin Licenciatura,Carreras Profesionales,NO ACREDITADA
2023|I120S3C9J3V1,I120S3C9J3V1,SERVICIO SOCIAL,Ciencias Sociales,Salud y Bienestar,Bienestar,Profesional Sin Licenciatura,Carreras Profesionales,NO ACREDITADA
2023|I120S4C114J4V1,I120S4C114J4V1,SERVICIO SOCIAL,Ciencias Sociales,Salud y Bienestar,Bienestar,Profesional Sin Licenciatura,Carreras Profesionales,NO ACREDITADA
2023|I120S4C9J3V1,I120S4C9J3V1,SERVICIO SOCIAL,Ciencias Sociales,Salud y Bienestar,Bienestar,Profesional Sin Licenciatura,Carreras Profesionales,NO ACREDITADA
2024|I106S6C20J4V1,I106S6C20J4V1,SERVICIO SOCIAL,Ciencias Sociales,Salud y Bienestar,Bienestar,Profesional Sin Licenciatura,Carreras Profesionales,NO ACREDITADA
2024|I106S6C20J4V2,I106S6C20J4V2,SERVICIO SOCIAL,Ciencias Sociales,Salud y Bienestar,Bienestar,Profesional Sin Licenciatura,Carreras Profesionales,NO ACREDITADA
2024|I106S6C20J4V3,I106S6C20J4V3,SERVICIO SOCIAL,Ciencias Sociales,Salud y Bienestar,Bienestar,Profesional Sin Licenciatura,Carreras Profesionales,NO ACREDITADA
2024|I106S6C20J4V4,I106S6C20J4V4,SERVICIO SOCIAL,Ciencias Sociales,Salud y Bienestar,Bienestar,Profesional Sin Licenciatura,Carreras Profesionales,NO ACREDITADA
2024|I116S40C4J4V1,I116S40C4J4V1,SERVICIO SOCIAL,Ciencias Sociales,Salud y Bienestar,Bienestar,Profesional Sin Licenciatura,Carreras Profesionales,NO ACREDITADA
2024|I120S1C114J4V1,I120S1C114J4V1,SERVICIO SOCIAL,Ciencias Sociales,Salud y Bienestar,Bienestar,Profesional Sin Licenciatura,Carreras Profesionales,NO ACREDITADA
2024|I120S1C9J3V1,I120S1C9J3V1,SERVICIO SOCIAL,Ciencias Sociales,Salud y Bienestar,Bienestar,Profesional Sin Licenciatura,Carreras Profesionales,NO ACREDITADA
2024|I120S2C114J4V1,I120S2C114J4V1,SERVICIO SOCIAL,Ciencias Sociales,Salud y Bienestar,Bienestar,Profesional Sin Licenciatura,Carreras Profesionales,NO ACREDITADA
2024|I120S2C9J3V1,I120S2C9J3V1,SERVICIO SOCIAL,Ciencias Sociales,Salud y Bienestar,Bienestar,Profesional Sin Licenciatura,Carreras Profesionales,NO ACREDITADA
2024|I120S3C114J4V1,I120S3C114J4V1,SERVICIO SOCIAL,Ciencias Sociales,Salud y Bienestar,Bienestar,Profesional Sin Licenciatura,Carreras Profesionales,NO ACREDITADA
2024|I120S3C9J3V1,I120S3C9J3V1,SERVICIO SOCIAL,Ciencias Sociales,Salud y Bienestar,Bienestar,Profesional Sin Licenciatura,Carreras Profesionales,NO ACREDITADA
2024|I120S4C114J4V1,I120S4C114J4V1,SERVICIO SOCIAL,Ciencias Sociales,Salud y Bienestar,Bienestar,Profesional Sin Licenciatura,Carreras Profesionales,NO ACREDITADA
2024|I120S4C9J3V1,I120S4C9J3V1,SERVICIO SOCIAL,Ciencias Sociales,Salud y Bienestar,Bienestar,Profesional Sin Licenciatura,Carreras Profesionales,NO ACREDITADA
2025|I106S6C20J4V1,I106S6C20J4V1,SERVICIO SOCIAL,Ciencias Sociales,Salud y Bienestar,Bienestar,Profesional Sin Licenciatura,Carreras Profesionales,NO ACREDITADA
2025|I106S6C20J4V3,I106S6C20J4V3,SERVICIO SOCIAL,Ciencias Sociales,Salud y Bienestar,Bienestar,Profesional Sin Licenciatura,Carreras Profesionales,NO ACREDITADA
2025|I106S6C20J4V4,I106S6C20J4V4,SERVICIO SOCIAL,Ciencias Sociales,Salud y Bienestar,Bienestar,Profesional Sin Licenciatura,Carreras Profesionales,NO ACREDITADA
2025|I116S40C4J4V1,I116S40C4J4V1,SERVICIO SOCIAL,Ciencias Sociales,Salud y Bienestar,Bienestar,Profesional Sin Licenciatura,Carreras Profesionales,NO ACREDITADA
2025|I116S40C4J4V2,I116S40C4J4V2,SERVICIO SOCIAL,Ciencias Sociales,Salud y Bienestar,Bienestar,Profesional Sin Licenciatura,Carreras Profesionales,NO ACREDITADA
2026|I106S6C20J4V3,I106S6C20J4V3,SERVICIO SOCIAL,Ciencias Sociales,Salud y Bienestar,Bienestar,Profesional Sin Licenciatura,Carreras Profesionales,NO ACREDITADA
2026|I106S6C20J4V4,I106S6C20J4V4,SERVICIO SOCIAL,Ciencias Sociales,Salud y Bienestar,Bienestar,Profesional Sin Licenciatura,Carreras Profesionales,NO ACREDITADA
2026|I116S40C4J4V1,I116S40C4J4V1,SERVICIO SOCIAL,Ciencias Sociales,Salud y Bienestar,Bienestar,Profesional Sin Licenciatura,Carreras Profesionales,NO ACREDITADA
2026|I116S40C4J4V2,I116S40C4J4V2,SERVICIO SOCIAL,Ciencias Sociales,Salud y Bienestar,Bienestar,Profesional Sin Licenciatura,Carreras Profesionales,NO ACREDITADA
2026|I120S1C114J4V1,I120S1C114J4V1,SERVICIO SOCIAL,Ciencias Sociales,Salud y Bienestar,Bienestar,Profesional Sin Licenciatura,Carreras Profesionales,NO ACREDITADA
2026|I120S1C9J3V1,I120S1C9J3V1,SERVICIO SOCIAL,Ciencias Sociales,Salud y Bienestar,Bienestar,Profesional Sin Licenciatura,Carreras Profesionales,NO ACREDITADA
2026|I120S2C114J4V1,I120S2C114J4V1,SERVICIO SOCIAL,Ciencias Sociales,Salud y Bienestar,Bienestar,Profesional Sin Licenciatura,Carreras Profesionales,NO ACREDITADA
2026|I120S2C9J3V1,I120S2C9J3V1,SERVICIO SOCIAL,Ciencias Sociales,Salud y Bienestar,Bienestar,Profesional Sin Licenciatura,Carreras Profesionales,NO ACREDITADA
2026|I120S3C114J4V1,I120S3C114J4V1,SERVICIO SOCIAL,Ciencias Sociales,Salud y Bienestar,Bienestar,Profesional Sin Licenciatura,Carreras Profesionales,NO ACREDITADA
2026|I120S3C9J3V1,I120S3C9J3V1,SERVICIO SOCIAL,Ciencias Sociales,Salud y Bienestar,Bienestar,Profesional Sin Licenciatura,Carreras Profesionales,NO ACREDITADA
2026|I120S4C114J4V1,I120S4C114J4V1,SERVICIO SOCIAL,Ciencias Sociales,Salud y Bienestar,Bienestar,Profesional Sin Licenciatura,Carreras Profesionales,NO ACREDITADA
2026|I120S4C9J3V1,I120S4C9J3V1,SERVICIO SOCIAL,Ciencias Sociales,Salud y Bienestar,Bienestar,Profesional Sin Licenciatura,Carreras Profesionales,NO ACREDITADA
2023|I10S11C376J3V1,I10S11C376J3V1,SOCIOLOGIA,Ciencias Sociales,"Ciencias Sociales, Periodismo e Información",Ciencias Sociales y del Comportamiento,Profesional Con Licenciatura,Carreras Profesionales,NO ACREDITADA
2023|I10S7C376J3V1,I10S7C376J3V1,SOCIOLOGIA,Ciencias Sociales,"Ciencias Sociales, Periodismo e Información",Ciencias Sociales y del Comportamiento,Profesional Con Licenciatura,Carreras Profesionales,NO ACREDITADA
2024|I10S7C376J3V1,I10S7C376J3V1,SOCIOLOGIA,Ciencias Sociales,"Ciencias Sociales, Periodismo e Información",Ciencias Sociales y del Comportamiento,Profesional Con Licenciatura,Carreras Profesionales,NO ACREDITADA
2025|I10S7C376J3V1,I10S7C376J3V1,SOCIOLOGIA,Ciencias Sociales,"Ciencias Sociales, Periodismo e Información",Ciencias Sociales y del Comportamiento,Profesional Con Licenciatura,Carreras Profesionales,NO ACREDITADA
2023|I117S1C58J4V1,I117S1C58J4V1,TECNICO DE NIVEL SUPERIOR EDUCADOR SOCIAL INFANTOJUVENIL,Ciencias Sociales,Salud y Bienestar,Bienestar,Técnico de Nivel Superior,Carreras Técnicas,NO ACREDITADA
2024|I117S1C58J4V1,I117S1C58J4V1,TECNICO DE NIVEL SUPERIOR EDUCADOR SOCIAL INFANTOJUVENIL,Ciencias Sociales,Salud y Bienestar,Bienestar,Técnico de Nivel Superior,Carreras Técnicas,NO ACREDITADA
2025|I117S1C58J4V1,I117S1C58J4V1,TECNICO DE NIVEL SUPERIOR EDUCADOR SOCIAL INFANTOJUVENIL,Ciencias Sociales,Salud y Bienestar,Bienestar,Técnico de Nivel Superior,Carreras Técnicas,NO ACREDITADA
2023|I106S6C284J4V1,I106S6C284J4V1,TECNICO DE NIVEL SUPERIOR EN ADMINISTRACION PUBLICA,Ciencias Sociales,Administración de Empresas y Derecho,Educación Comercial y Administración,Técnico de Nivel Superior,Carreras Técnicas,NO ACREDITADA
2023|I113S7C330J4V2,I113S7C330J4V2,TECNICO DE NIVEL SUPERIOR EN ADMINISTRACION PUBLICA,Ciencias Sociales,Administración de Empresas y Derecho,Educación Comercial y Administración,Técnico de Nivel Superior,Carreras Técnicas,NO ACREDITADA
2023|I117S1C31J4V1,I117S1C31J4V1,TECNICO DE NIVEL SUPERIOR EN ADMINISTRACION PUBLICA,Ciencias Sociales,Administración de Empresas y Derecho,Educación Comercial y Administración,Técnico de Nivel Superior,Carreras Técnicas,NO ACREDITADA
2023|I123S1C201J4V1,I123S1C201J4V1,TECNICO DE NIVEL SUPERIOR EN ADMINISTRACION PUBLICA,Ciencias Sociales,Administración de Empresas y Derecho,Educación Comercial y Administración,Técnico de Nivel Superior,Carreras Técnicas,NO ACREDITADA
2023|I123S2C201J4V1,I123S2C201J4V1,TECNICO DE NIVEL SUPERIOR EN ADMINISTRACION PUBLICA,Ciencias Sociales,Administración de Empresas y Derecho,Educación Comercial y Administración,Técnico de Nivel Superior,Carreras Técnicas,NO ACREDITADA
2023|I123S3C201J4V1,I123S3C201J4V1,TECNICO DE NIVEL SUPERIOR EN ADMINISTRACION PUBLICA,Ciencias Sociales,Administración de Empresas y Derecho,Educación Comercial y Administración,Técnico de Nivel Superior,Carreras Técnicas,NO ACREDITADA
2023|I123S5C201J4V1,I123S5C201J4V1,TECNICO DE NIVEL SUPERIOR EN ADMINISTRACION PUBLICA,Ciencias Sociales,Administración de Empresas y Derecho,Educación Comercial y Administración,Técnico de Nivel Superior,Carreras Técnicas,NO ACREDITADA
2023|I176S3C446J3V2,I176S3C446J3V2,TECNICO DE NIVEL SUPERIOR EN ADMINISTRACION PUBLICA,Ciencias Sociales,Administración de Empresas y Derecho,Educación Comercial y Administración,Técnico de Nivel Superior,Carreras Técnicas,NO ACREDITADA
2023|I176S7C446J4V1,I176S7C446J4V1,TECNICO DE NIVEL SUPERIOR EN ADMINISTRACION PUBLICA,Ciencias Sociales,Administración de Empresas y Derecho,Educación Comercial y Administración,Técnico de Nivel Superior,Carreras Técnicas,NO ACREDITADA
2023|I176S7C446J4V3,I176S7C446J4V3,TECNICO DE NIVEL SUPERIOR EN ADMINISTRACION PUBLICA,Ciencias Sociales,Administración de Empresas y Derecho,Educación Comercial y Administración,Técnico de Nivel Superior,Carreras Técnicas,NO ACREDITADA
2023|I312S1C82J4V1,I312S1C82J4V1,TECNICO DE NIVEL SUPERIOR EN ADMINISTRACION PUBLICA,Ciencias Sociales,Administración de Empresas y Derecho,Educación Comercial y Administración,Técnico de Nivel Superior,Carreras Técnicas,NO ACREDITADA
2023|I312S1C82J4V3,I312S1C82J4V3,TECNICO DE NIVEL SUPERIOR EN ADMINISTRACION PUBLICA,Ciencias Sociales,Administración de Empresas y Derecho,Educación Comercial y Administración,Técnico de Nivel Superior,Carreras Técnicas,NO ACREDITADA
2024|I106S6C284J4V1,I106S6C284J4V1,TECNICO DE NIVEL SUPERIOR EN ADMINISTRACION PUBLICA,Ciencias Sociales,Administración de Empresas y Derecho,Educación Comercial y Administración,Técnico de Nivel Superior,Carreras Técnicas,NO ACREDITADA
2024|I106S6C284J4V2,I106S6C284J4V2,TECNICO DE NIVEL SUPERIOR EN ADMINISTRACION PUBLICA,Ciencias Sociales,Administración de Empresas y Derecho,Educación Comercial y Administración,Técnico de Nivel Superior,Carreras Técnicas,NO ACREDITADA
2024|I113S7C330J4V2,I113S7C330J4V2,TECNICO DE NIVEL SUPERIOR EN ADMINISTRACION PUBLICA,Ciencias Sociales,Administración de Empresas y Derecho,Educación Comercial y Administración,Técnico de Nivel Superior,Carreras Técnicas,NO ACREDITADA
2024|I117S1C31J4V1,I117S1C31J4V1,TECNICO DE NIVEL SUPERIOR EN ADMINISTRACION PUBLICA,Ciencias Sociales,Administración de Empresas y Derecho,Educación Comercial y Administración,Técnico de Nivel Superior,Carreras Técnicas,NO ACREDITADA
2024|I123S1C201J4V1,I123S1C201J4V1,TECNICO DE NIVEL SUPERIOR EN ADMINISTRACION PUBLICA,Ciencias Sociales,Administración de Empresas y Derecho,Educación Comercial y Administración,Técnico de Nivel Superior,Carreras Técnicas,NO ACREDITADA
2024|I123S2C201J4V1,I123S2C201J4V1,TECNICO DE NIVEL SUPERIOR EN ADMINISTRACION PUBLICA,Ciencias Sociales,Administración de Empresas y Derecho,Educación Comercial y Administración,Técnico de Nivel Superior,Carreras Técnicas,NO ACREDITADA
2024|I123S5C201J4V1,I123S5C201J4V1,TECNICO DE NIVEL SUPERIOR EN ADMINISTRACION PUBLICA,Ciencias Sociales,Administración de Empresas y Derecho,Educación Comercial y Administración,Técnico de Nivel Superior,Carreras Técnicas,NO ACREDITADA
2024|I176S3C446J3V2,I176S3C446J3V2,TECNICO DE NIVEL SUPERIOR EN ADMINISTRACION PUBLICA,Ciencias Sociales,Administración de Empresas y Derecho,Educación Comercial y Administración,Técnico de Nivel Superior,Carreras Técnicas,NO ACREDITADA
2024|I176S7C446J3V2,I176S7C446J3V2,TECNICO DE NIVEL SUPERIOR EN ADMINISTRACION PUBLICA,Ciencias Sociales,Administración de Empresas y Derecho,Educación Comercial y Administración,Técnico de Nivel Superior,Carreras Técnicas,NO ACREDITADA
2024|I176S7C446J4V3,I176S7C446J4V3,TECNICO DE NIVEL SUPERIOR EN ADMINISTRACION PUBLICA,Ciencias Sociales,Administración de Empresas y Derecho,Educación Comercial y Administración,Técnico de Nivel Superior,Carreras Técnicas,NO ACREDITADA
2024|I312S1C82J4V1,I312S1C82J4V1,TECNICO DE NIVEL SUPERIOR EN ADMINISTRACION PUBLICA,Ciencias Sociales,Administración de Empresas y Derecho,Educación Comercial y Administración,Técnico de Nivel Superior,Carreras Técnicas,NO ACREDITADA
2024|I312S1C82J4V2,I312S1C82J4V2,TECNICO DE NIVEL SUPERIOR EN ADMINISTRACION PUBLICA,Ciencias Sociales,Administración de Empresas y Derecho,Educación Comercial y Administración,Técnico de Nivel Superior,Carreras Técnicas,NO ACREDITADA
2024|I629S0C156J4V1,I629S0C156J4V1,TECNICO DE NIVEL SUPERIOR EN ADMINISTRACION PUBLICA,Ciencias Sociales,Administración de Empresas y Derecho,Educación Comercial y Administración,Técnico de Nivel Superior,Carreras Técnicas,NO ACREDITADA
2025|I106S6C284J4V1,I106S6C284J4V1,TECNICO DE NIVEL SUPERIOR EN ADMINISTRACION PUBLICA,Ciencias Sociales,Administración de Empresas y Derecho,Educación Comercial y Administración,Técnico de Nivel Superior,Carreras Técnicas,NO ACREDITADA
2025|I106S6C284J4V2,I106S6C284J4V2,TECNICO DE NIVEL SUPERIOR EN ADMINISTRACION PUBLICA,Ciencias Sociales,Administración de Empresas y Derecho,Educación Comercial y Administración,Técnico de Nivel Superior,Carreras Técnicas,NO ACREDITADA
2025|I113S13C330J4V2,I113S13C330J4V2,TECNICO DE NIVEL SUPERIOR EN ADMINISTRACION PUBLICA,Ciencias Sociales,Administración de Empresas y Derecho,Educación Comercial y Administración,Técnico de Nivel Superior,Carreras Técnicas,NO ACREDITADA
2025|I113S7C330J4V2,I113S7C330J4V2,TECNICO DE NIVEL SUPERIOR EN ADMINISTRACION PUBLICA,Ciencias Sociales,Administración de Empresas y Derecho,Educación Comercial y Administración,Técnico de Nivel Superior,Carreras Técnicas,NO ACREDITADA
2025|I117S1C31J4V1,I117S1C31J4V1,TECNICO DE NIVEL SUPERIOR EN ADMINISTRACION PUBLICA,Ciencias Sociales,Administración de Empresas y Derecho,Educación Comercial y Administración,Técnico de Nivel Superior,Carreras Técnicas,NO ACREDITADA
2025|I123S2C201J4V1,I123S2C201J4V1,TECNICO DE NIVEL SUPERIOR EN ADMINISTRACION PUBLICA,Ciencias Sociales,Administración de Empresas y Derecho,Educación Comercial y Administración,Técnico de Nivel Superior,Carreras Técnicas,NO ACREDITADA
2025|I312S1C82J4V1,I312S1C82J4V1,TECNICO DE NIVEL SUPERIOR EN ADMINISTRACION PUBLICA,Ciencias Sociales,Administración de Empresas y Derecho,Educación Comercial y Administración,Técnico de Nivel Superior,Carreras Técnicas,NO ACREDITADA
2025|I312S1C82J4V3,I312S1C82J4V3,TECNICO DE NIVEL SUPERIOR EN ADMINISTRACION PUBLICA,Ciencias Sociales,Administración de Empresas y Derecho,Educación Comercial y Administración,Técnico de Nivel Superior,Carreras Técnicas,NO ACREDITADA
2025|I629S0C156J4V1,I629S0C156J4V1,TECNICO DE NIVEL SUPERIOR EN ADMINISTRACION PUBLICA,Ciencias Sociales,Administración de Empresas y Derecho,Educación Comercial y Administración,Técnico de Nivel Superior,Carreras Técnicas,NO ACREDITADA
2026|I106S6C284J4V2,I106S6C284J4V2,TECNICO DE NIVEL SUPERIOR EN ADMINISTRACION PUBLICA,Ciencias Sociales,Administración de Empresas y Derecho,Educación Comercial y Administración,Técnico de Nivel Superior,Carreras Técnicas,NO ACREDITADA
2026|I113S13C330J4V2,I113S13C330J4V2,TECNICO DE NIVEL SUPERIOR EN ADMINISTRACION PUBLICA,Ciencias Sociales,Administración de Empresas y Derecho,Educación Comercial y Administración,Técnico de Nivel Superior,Carreras Técnicas,NO ACREDITADA
2026|I113S7C330J4V2,I113S7C330J4V2,TECNICO DE NIVEL SUPERIOR EN ADMINISTRACION PUBLICA,Ciencias Sociales,Administración de Empresas y Derecho,Educación Comercial y Administración,Técnico de Nivel Superior,Carreras Técnicas,NO ACREDITADA
2026|I123S1C201J4V1,I123S1C201J4V1,TECNICO DE NIVEL SUPERIOR EN ADMINISTRACION PUBLICA,Ciencias Sociales,Administración de Empresas y Derecho,Educación Comercial y Administración,Técnico de Nivel Superior,Carreras Técnicas,NO ACREDITADA
2026|I123S2C201J4V1,I123S2C201J4V1,TECNICO DE NIVEL SUPERIOR EN ADMINISTRACION PUBLICA,Ciencias Sociales,Administración de Empresas y Derecho,Educación Comercial y Administración,Técnico de Nivel Superior,Carreras Técnicas,NO ACREDITADA
2026|I312S1C82J4V1,I312S1C82J4V1,TECNICO DE NIVEL SUPERIOR EN ADMINISTRACION PUBLICA,Ciencias Sociales,Administración de Empresas y Derecho,Educación Comercial y Administración,Técnico de Nivel Superior,Carreras Técnicas,NO ACREDITADA
2026|I312S1C82J4V3,I312S1C82J4V3,TECNICO DE NIVEL SUPERIOR EN ADMINISTRACION PUBLICA,Ciencias Sociales,Administración de Empresas y Derecho,Educación Comercial y Administración,Técnico de Nivel Superior,Carreras Técnicas,NO ACREDITADA
2026|I629S0C156J4V1,I629S0C156J4V1,TECNICO DE NIVEL SUPERIOR EN ADMINISTRACION PUBLICA,Ciencias Sociales,Administración de Empresas y Derecho,Educación Comercial y Administración,Técnico de Nivel Superior,Carreras Técnicas,NO ACREDITADA
2023|I633S0C90J4V1,I633S0C90J4V1,TECNICO DE NIVEL SUPERIOR EN GESTION MUNICIPAL,Ciencias Sociales,Administración de Empresas y Derecho,Educación Comercial y Administración,Técnico de Nivel Superior,Carreras Técnicas,NO ACREDITADA
2024|I633S0C90J4V1,I633S0C90J4V1,TECNICO DE NIVEL SUPERIOR EN GESTION MUNICIPAL,Ciencias Sociales,Administración de Empresas y Derecho,Educación Comercial y Administración,Técnico de Nivel Superior,Carreras Técnicas,NO ACREDITADA
2023|I113S7C507J4V1,I113S7C507J4V1,TECNICO DE NIVEL SUPERIOR EN GESTION PUBLICA Y MUNICIPAL,Ciencias Sociales,Administración de Empresas y Derecho,Educación Comercial y Administración,Técnico de Nivel Superior,Carreras Técnicas,NO ACREDITADA
2024|I113S7C507J4V1,I113S7C507J4V1,TECNICO DE NIVEL SUPERIOR EN GESTION PUBLICA Y MUNICIPAL,Ciencias Sociales,Administración de Empresas y Derecho,Educación Comercial y Administración,Técnico de Nivel Superior,Carreras Técnicas,NO ACREDITADA
2025|I113S7C507J4V1,I113S7C507J4V1,TECNICO DE NIVEL SUPERIOR EN GESTION PUBLICA Y MUNICIPAL,Ciencias Sociales,Administración de Empresas y Derecho,Educación Comercial y Administración,Técnico de Nivel Superior,Carreras Técnicas,NO ACREDITADA
2026|I113S7C507J4V1,I113S7C507J4V1,TECNICO DE NIVEL SUPERIOR EN GESTION PUBLICA Y MUNICIPAL,Ciencias Sociales,Administración de Empresas y Derecho,Educación Comercial y Administración,Técnico de Nivel Superior,Carreras Técnicas,NO ACREDITADA
2024|I312S1C123J4V1,I312S1C123J4V1,TECNICO DE NIVEL SUPERIOR EN GESTION SOCIAL Y COMUNITARIA,Ciencias Sociales,"Ciencias Sociales, Periodismo e Información",Ciencias Sociales y del Comportamiento,Técnico de Nivel Superior,Carreras Técnicas,NO ACREDITADA
2024|I312S1C123J4V2,I312S1C123J4V2,TECNICO DE NIVEL SUPERIOR EN GESTION SOCIAL Y COMUNITARIA,Ciencias Sociales,"Ciencias Sociales, Periodismo e Información",Ciencias Sociales y del Comportamiento,Técnico de Nivel Superior,Carreras Técnicas,NO ACREDITADA
2025|I312S1C123J4V1,I312S1C123J4V1,TECNICO DE NIVEL SUPERIOR EN GESTION SOCIAL Y COMUNITARIA,Ciencias Sociales,"Ciencias Sociales, Periodismo e Información",Ciencias Sociales y del Comportamiento,Técnico de Nivel Superior,Carreras Técnicas,NO ACREDITADA
2025|I312S1C123J4V2,I312S1C123J4V2,TECNICO DE NIVEL SUPERIOR EN GESTION SOCIAL Y COMUNITARIA,Ciencias Sociales,"Ciencias Sociales, Periodismo e Información",Ciencias Sociales y del Comportamiento,Técnico de Nivel Superior,Carreras Técnicas,NO ACREDITADA
2026|I312S1C123J4V1,I312S1C123J4V1,TECNICO DE NIVEL SUPERIOR EN GESTION SOCIAL Y COMUNITARIA,Ciencias Sociales,"Ciencias Sociales, Periodismo e Información",Ciencias Sociales y del Comportamiento,Técnico de Nivel Superior,Carreras Técnicas,NO ACREDITADA
2026|I312S1C123J4V2,I312S1C123J4V2,TECNICO DE NIVEL SUPERIOR EN GESTION SOCIAL Y COMUNITARIA,Ciencias Sociales,"Ciencias Sociales, Periodismo e Información",Ciencias Sociales y del Comportamiento,Técnico de Nivel Superior,Carreras Técnicas,NO ACREDITADA
2023|I312S1C123J4V1,I312S1C123J4V1,TECNICO DE NIVEL SUPERIOR EN GESTION TERRITORIAL Y COMUNITARIA,Ciencias Sociales,"Ciencias Sociales, Periodismo e Información",Ciencias Sociales y del Comportamiento,Técnico de Nivel Superior,Carreras Técnicas,NO ACREDITADA
2023|I312S1C123J4V2,I312S1C123J4V2,TECNICO DE NIVEL SUPERIOR EN GESTION TERRITORIAL Y COMUNITARIA,Ciencias Sociales,"Ciencias Sociales, Periodismo e Información",Ciencias Sociales y del Comportamiento,Técnico de Nivel Superior,Carreras Técnicas,NO ACREDITADA
2023|I113S7C540J4V1,I113S7C540J4V1,TECNICO DE NIVEL SUPERIOR EN PREVENCION Y REHABILITACION DE ADICCIONES,Ciencias Sociales,Salud y Bienestar,Bienestar,Técnico de Nivel Superior,Carreras Técnicas,NO ACREDITADA
2024|I113S7C540J4V1,I113S7C540J4V1,TECNICO DE NIVEL SUPERIOR EN PREVENCION Y REHABILITACION DE ADICCIONES,Ciencias Sociales,Salud y Bienestar,Bienestar,Técnico de Nivel Superior,Carreras Técnicas,NO ACREDITADA
2025|I113S7C540J4V1,I113S7C540J4V1,TECNICO DE NIVEL SUPERIOR EN PREVENCION Y REHABILITACION DE ADICCIONES,Ciencias Sociales,Salud y Bienestar,Bienestar,Técnico de Nivel Superior,Carreras Técnicas,NO ACREDITADA
2026|I113S13C540J4V1,I113S13C540J4V1,TECNICO DE NIVEL SUPERIOR EN PREVENCION Y REHABILITACION DE ADICCIONES,Ciencias Sociales,Salud y Bienestar,Bienestar,Técnico de Nivel Superior,Carreras Técnicas,NO ACREDITADA
2026|I113S7C540J4V1,I113S7C540J4V1,TECNICO DE NIVEL SUPERIOR EN PREVENCION Y REHABILITACION DE ADICCIONES,Ciencias Sociales,Salud y Bienestar,Bienestar,Técnico de Nivel Superior,Carreras Técnicas,NO ACREDITADA
2026|I113S7C614J4V1,I113S7C614J4V1,TECNICO DE NIVEL SUPERIOR EN REHABILITACION DE DEPENDENCIA DE DROGAS,Ciencias Sociales,Salud y Bienestar,Bienestar,Técnico de Nivel Superior,Carreras Técnicas,NO ACREDITADA
2023|I117S1C32J4V1,I117S1C32J4V1,TECNICO DE NIVEL SUPERIOR EN RELACIONES PUBLICAS Y COMUNICACIONES,Ciencias Sociales,Administración de Empresas y Derecho,Educación Comercial y Administración,Técnico de Nivel Superior,Carreras Técnicas,NO ACREDITADA
2024|I117S1C32J4V1,I117S1C32J4V1,TECNICO DE NIVEL SUPERIOR EN RELACIONES PUBLICAS Y COMUNICACIONES,Ciencias Sociales,Administración de Empresas y Derecho,Educación Comercial y Administración,Técnico de Nivel Superior,Carreras Técnicas,NO ACREDITADA
2025|I117S1C32J4V1,I117S1C32J4V1,TECNICO DE NIVEL SUPERIOR EN RELACIONES PUBLICAS Y COMUNICACIONES,Ciencias Sociales,Administración de Empresas y Derecho,Educación Comercial y Administración,Técnico de Nivel Superior,Carreras Técnicas,NO ACREDITADA
2023|I106S6C250J4V1,I106S6C250J4V1,TECNICO DE NIVEL SUPERIOR EN SERVICIO SOCIAL,Ciencias Sociales,Salud y Bienestar,Bienestar,Técnico de Nivel Superior,Carreras Técnicas,NO ACREDITADA
2024|I106S3C250J3V1,I106S3C250J3V1,TECNICO DE NIVEL SUPERIOR EN SERVICIO SOCIAL,Ciencias Sociales,Salud y Bienestar,Bienestar,Técnico de Nivel Superior,Carreras Técnicas,NO ACREDITADA
2024|I106S6C250J4V2,I106S6C250J4V2,TECNICO DE NIVEL SUPERIOR EN SERVICIO SOCIAL,Ciencias Sociales,Salud y Bienestar,Bienestar,Técnico de Nivel Superior,Carreras Técnicas,NO ACREDITADA
2025|I106S6C250J4V1,I106S6C250J4V1,TECNICO DE NIVEL SUPERIOR EN SERVICIO SOCIAL,Ciencias Sociales,Salud y Bienestar,Bienestar,Técnico de Nivel Superior,Carreras Técnicas,NO ACREDITADA
2025|I106S6C250J4V2,I106S6C250J4V2,TECNICO DE NIVEL SUPERIOR EN SERVICIO SOCIAL,Ciencias Sociales,Salud y Bienestar,Bienestar,Técnico de Nivel Superior,Carreras Técnicas,NO ACREDITADA
2026|I106S6C250J4V1,I106S6C250J4V1,TECNICO DE NIVEL SUPERIOR EN SERVICIO SOCIAL,Ciencias Sociales,Salud y Bienestar,Bienestar,Técnico de Nivel Superior,Carreras Técnicas,NO ACREDITADA
2023|I106S6C342J4V1,I106S6C342J4V1,TECNICO DE NIVEL SUPERIOR EN SOCIAL MEDIA,Ciencias Sociales,"Ciencias Sociales, Periodismo e Información",Periodismo e Información,Técnico de Nivel Superior,Carreras Técnicas,NO ACREDITADA
2024|I106S6C342J4V1,I106S6C342J4V1,TECNICO DE NIVEL SUPERIOR EN SOCIAL MEDIA,Ciencias Sociales,"Ciencias Sociales, Periodismo e Información",Periodismo e Información,Técnico de Nivel Superior,Carreras Técnicas,NO ACREDITADA
2024|I106S6C342J4V2,I106S6C342J4V2,TECNICO DE NIVEL SUPERIOR EN SOCIAL MEDIA,Ciencias Sociales,"Ciencias Sociales, Periodismo e Información",Periodismo e Información,Técnico de Nivel Superior,Carreras Técnicas,NO ACREDITADA
2025|I106S6C342J4V2,I106S6C342J4V2,TECNICO DE NIVEL SUPERIOR EN SOCIAL MEDIA,Ciencias Sociales,"Ciencias Sociales, Periodismo e Información",Periodismo e Información,Técnico de Nivel Superior,Carreras Técnicas,NO ACREDITADA
2026|I106S6C342J4V2,I106S6C342J4V2,TECNICO DE NIVEL SUPERIOR EN SOCIAL MEDIA,Ciencias Sociales,"Ciencias Sociales, Periodismo e Información",Periodismo e Información,Técnico de Nivel Superior,Carreras Técnicas,NO ACREDITADA
2023|I113S7C459J4V1,I113S7C459J4V1,TECNICO DE NIVEL SUPERIOR EN TRABAJO SOCIAL,Ciencias Sociales,Salud y Bienestar,Bienestar,Técnico de Nivel Superior,Carreras Técnicas,NO ACREDITADA
2023|I117S1C62J4V1,I117S1C62J4V1,TECNICO DE NIVEL SUPERIOR EN TRABAJO SOCIAL,Ciencias Sociales,Salud y Bienestar,Bienestar,Técnico de Nivel Superior,Carreras Técnicas,NO ACREDITADA
2023|I176S10C40J3V3,I176S10C40J3V3,TECNICO DE NIVEL SUPERIOR EN TRABAJO SOCIAL,Ciencias Sociales,Salud y Bienestar,Bienestar,Técnico de Nivel Superior,Carreras Técnicas,NO ACREDITADA
2023|I176S7C40J3V3,I176S7C40J3V3,TECNICO DE NIVEL SUPERIOR EN TRABAJO SOCIAL,Ciencias Sociales,Salud y Bienestar,Bienestar,Técnico de Nivel Superior,Carreras Técnicas,NO ACREDITADA
2023|I176S7C40J4V1,I176S7C40J4V1,TECNICO DE NIVEL SUPERIOR EN TRABAJO SOCIAL,Ciencias Sociales,Salud y Bienestar,Bienestar,Técnico de Nivel Superior,Carreras Técnicas,NO ACREDITADA
2023|I176S7C40J4V4,I176S7C40J4V4,TECNICO DE NIVEL SUPERIOR EN TRABAJO SOCIAL,Ciencias Sociales,Salud y Bienestar,Bienestar,Técnico de Nivel Superior,Carreras Técnicas,NO ACREDITADA
2023|I312S1C89J4V1,I312S1C89J4V1,TECNICO DE NIVEL SUPERIOR EN TRABAJO SOCIAL,Ciencias Sociales,Salud y Bienestar,Bienestar,Técnico de Nivel Superior,Carreras Técnicas,NO ACREDITADA
2023|I312S1C89J4V2,I312S1C89J4V2,TECNICO DE NIVEL SUPERIOR EN TRABAJO SOCIAL,Ciencias Sociales,Salud y Bienestar,Bienestar,Técnico de Nivel Superior,Carreras Técnicas,NO ACREDITADA
2023|I312S1C89J4V3,I312S1C89J4V3,TECNICO DE NIVEL SUPERIOR EN TRABAJO SOCIAL,Ciencias Sociales,Salud y Bienestar,Bienestar,Técnico de Nivel Superior,Carreras Técnicas,NO ACREDITADA
2024|I101S1C124J4V1,I101S1C124J4V1,TECNICO DE NIVEL SUPERIOR EN TRABAJO SOCIAL,Ciencias Sociales,Salud y Bienestar,Bienestar,Técnico de Nivel Superior,Carreras Técnicas,NO ACREDITADA
2024|I113S7C459J4V1,I113S7C459J4V1,TECNICO DE NIVEL SUPERIOR EN TRABAJO SOCIAL,Ciencias Sociales,Salud y Bienestar,Bienestar,Técnico de Nivel Superior,Carreras Técnicas,NO ACREDITADA
2024|I117S1C62J4V1,I117S1C62J4V1,TECNICO DE NIVEL SUPERIOR EN TRABAJO SOCIAL,Ciencias Sociales,Salud y Bienestar,Bienestar,Técnico de Nivel Superior,Carreras Técnicas,NO ACREDITADA
2024|I176S10C40J3V1,I176S10C40J3V1,TECNICO DE NIVEL SUPERIOR EN TRABAJO SOCIAL,Ciencias Sociales,Salud y Bienestar,Bienestar,Técnico de Nivel Superior,Carreras Técnicas,NO ACREDITADA
2024|I176S7C40J3V3,I176S7C40J3V3,TECNICO DE NIVEL SUPERIOR EN TRABAJO SOCIAL,Ciencias Sociales,Salud y Bienestar,Bienestar,Técnico de Nivel Superior,Carreras Técnicas,NO ACREDITADA
2024|I176S7C40J4V1,I176S7C40J4V1,TECNICO DE NIVEL SUPERIOR EN TRABAJO SOCIAL,Ciencias Sociales,Salud y Bienestar,Bienestar,Técnico de Nivel Superior,Carreras Técnicas,NO ACREDITADA
2024|I176S7C40J4V4,I176S7C40J4V4,TECNICO DE NIVEL SUPERIOR EN TRABAJO SOCIAL,Ciencias Sociales,Salud y Bienestar,Bienestar,Técnico de Nivel Superior,Carreras Técnicas,NO ACREDITADA
2024|I312S1C89J4V1,I312S1C89J4V1,TECNICO DE NIVEL SUPERIOR EN TRABAJO SOCIAL,Ciencias Sociales,Salud y Bienestar,Bienestar,Técnico de Nivel Superior,Carreras Técnicas,NO ACREDITADA
2024|I312S1C89J4V2,I312S1C89J4V2,TECNICO DE NIVEL SUPERIOR EN TRABAJO SOCIAL,Ciencias Sociales,Salud y Bienestar,Bienestar,Técnico de Nivel Superior,Carreras Técnicas,NO ACREDITADA
2024|I312S1C89J4V3,I312S1C89J4V3,TECNICO DE NIVEL SUPERIOR EN TRABAJO SOCIAL,Ciencias Sociales,Salud y Bienestar,Bienestar,Técnico de Nivel Superior,Carreras Técnicas,NO ACREDITADA
2025|I113S13C459J4V1,I113S13C459J4V1,TECNICO DE NIVEL SUPERIOR EN TRABAJO SOCIAL,Ciencias Sociales,Salud y Bienestar,Bienestar,Técnico de Nivel Superior,Carreras Técnicas,NO ACREDITADA
2025|I113S7C459J4V1,I113S7C459J4V1,TECNICO DE NIVEL SUPERIOR EN TRABAJO SOCIAL,Ciencias Sociales,Salud y Bienestar,Bienestar,Técnico de Nivel Superior,Carreras Técnicas,NO ACREDITADA
2025|I117S1C62J4V1,I117S1C62J4V1,TECNICO DE NIVEL SUPERIOR EN TRABAJO SOCIAL,Ciencias Sociales,Salud y Bienestar,Bienestar,Técnico de Nivel Superior,Carreras Técnicas,NO ACREDITADA
2025|I312S1C89J4V1,I312S1C89J4V1,TECNICO DE NIVEL SUPERIOR EN TRABAJO SOCIAL,Ciencias Sociales,Salud y Bienestar,Bienestar,Técnico de Nivel Superior,Carreras Técnicas,NO ACREDITADA
2025|I312S1C89J4V3,I312S1C89J4V3,TECNICO DE NIVEL SUPERIOR EN TRABAJO SOCIAL,Ciencias Sociales,Salud y Bienestar,Bienestar,Técnico de Nivel Superior,Carreras Técnicas,NO ACREDITADA
2025|I629S0C151J4V1,I629S0C151J4V1,TECNICO DE NIVEL SUPERIOR EN TRABAJO SOCIAL,Ciencias Sociales,Salud y Bienestar,Bienestar,Técnico de Nivel Superior,Carreras Técnicas,NO ACREDITADA
2026|I113S13C459J4V1,I113S13C459J4V1,TECNICO DE NIVEL SUPERIOR EN TRABAJO SOCIAL,Ciencias Sociales,Salud y Bienestar,Bienestar,Técnico de Nivel Superior,Carreras Técnicas,NO ACREDITADA
2026|I113S7C459J4V1,I113S7C459J4V1,TECNICO DE NIVEL SUPERIOR EN TRABAJO SOCIAL,Ciencias Sociales,Salud y Bienestar,Bienestar,Técnico de Nivel Superior,Carreras Técnicas,NO ACREDITADA
2026|I312S1C89J4V1,I312S1C89J4V1,TECNICO DE NIVEL SUPERIOR EN TRABAJO SOCIAL,Ciencias Sociales,Salud y Bienestar,Bienestar,Técnico de Nivel Superior,Carreras Técnicas,NO ACREDITADA
2026|I312S1C89J4V3,I312S1C89J4V3,TECNICO DE NIVEL SUPERIOR EN TRABAJO SOCIAL,Ciencias Sociales,Salud y Bienestar,Bienestar,Técnico de Nivel Superior,Carreras Técnicas,NO ACREDITADA
2026|I629S0C151J4V1,I629S0C151J4V1,TECNICO DE NIVEL SUPERIOR EN TRABAJO SOCIAL,Ciencias Sociales,Salud y Bienestar,Bienestar,Técnico de Nivel Superior,Carreras Técnicas,NO ACREDITADA
2023|I152S10C327J4V2,I152S10C327J4V2,TECNICO EN ADMINISTRACION MENCION GESTION MUNICIPAL,Ciencias Sociales,Administración de Empresas y Derecho,Educación Comercial y Administración,Técnico de Nivel Superior,Carreras Técnicas,NO ACREDITADA
2024|I152S10C327J4V1,I152S10C327J4V1,TECNICO EN ADMINISTRACION MENCION GESTION MUNICIPAL,Ciencias Sociales,Administración de Empresas y Derecho,Educación Comercial y Administración,Técnico de Nivel Superior,Carreras Técnicas,NO ACREDITADA
2025|I152S10C327J4V2,I152S10C327J4V2,TECNICO EN ADMINISTRACION MENCION GESTION MUNICIPAL,Ciencias Sociales,Administración de Empresas y Derecho,Educación Comercial y Administración,Técnico de Nivel Superior,Carreras Técnicas,NO ACREDITADA
2026|I152S10C327J4V2,I152S10C327J4V2,TECNICO EN ADMINISTRACION MENCION GESTION MUNICIPAL,Ciencias Sociales,Administración de Empresas y Derecho,Educación Comercial y Administración,Técnico de Nivel Superior,Carreras Técnicas,NO ACREDITADA
2023|I139S3C199J4V1,I139S3C199J4V1,TECNICO EN ADMINISTRACION PUBLICA,Ciencias Sociales,Administración de Empresas y Derecho,Educación Comercial y Administración,Técnico de Nivel Superior,Carreras Técnicas,NO ACREDITADA
2023|I143S12C653J3V1,I143S12C653J3V1,TECNICO EN ADMINISTRACION PUBLICA,Ciencias Sociales,Administración de Empresas y Derecho,Educación Comercial y Administración,Técnico de Nivel Superior,Carreras Técnicas,NO ACREDITADA
2023|I143S28C653J4V1,I143S28C653J4V1,TECNICO EN ADMINISTRACION PUBLICA,Ciencias Sociales,Administración de Empresas y Derecho,Educación Comercial y Administración,Técnico de Nivel Superior,Carreras Técnicas,NO ACREDITADA
2023|I143S30C653J3V1,I143S30C653J3V1,TECNICO EN ADMINISTRACION PUBLICA,Ciencias Sociales,Administración de Empresas y Derecho,Educación Comercial y Administración,Técnico de Nivel Superior,Carreras Técnicas,NO ACREDITADA
2023|I152S10C278J4V3,I152S10C278J4V3,TECNICO EN ADMINISTRACION PUBLICA,Ciencias Sociales,Administración de Empresas y Derecho,Educación Comercial y Administración,Técnico de Nivel Superior,Carreras Técnicas,NO ACREDITADA
2023|I920S2C10J3V1,I920S2C10J3V1,TECNICO EN ADMINISTRACION PUBLICA,Ciencias Sociales,Administración de Empresas y Derecho,Educación Comercial y Administración,Técnico de Nivel Superior,Carreras Técnicas,NO ACREDITADA
2024|I139S3C199J4V1,I139S3C199J4V1,TECNICO EN ADMINISTRACION PUBLICA,Ciencias Sociales,Administración de Empresas y Derecho,Educación Comercial y Administración,Técnico de Nivel Superior,Carreras Técnicas,NO ACREDITADA
2024|I143S12C653J3V1,I143S12C653J3V1,TECNICO EN ADMINISTRACION PUBLICA,Ciencias Sociales,Administración de Empresas y Derecho,Educación Comercial y Administración,Técnico de Nivel Superior,Carreras Técnicas,NO ACREDITADA
2024|I143S28C653J4V1,I143S28C653J4V1,TECNICO EN ADMINISTRACION PUBLICA,Ciencias Sociales,Administración de Empresas y Derecho,Educación Comercial y Administración,Técnico de Nivel Superior,Carreras Técnicas,NO ACREDITADA
2024|I143S30C653J3V1,I143S30C653J3V1,TECNICO EN ADMINISTRACION PUBLICA,Ciencias Sociales,Administración de Empresas y Derecho,Educación Comercial y Administración,Técnico de Nivel Superior,Carreras Técnicas,NO ACREDITADA
2024|I152S10C278J4V2,I152S10C278J4V2,TECNICO EN ADMINISTRACION PUBLICA,Ciencias Sociales,Administración de Empresas y Derecho,Educación Comercial y Administración,Técnico de Nivel Superior,Carreras Técnicas,NO ACREDITADA
2024|I920S1C10J3V1,I920S1C10J3V1,TECNICO EN ADMINISTRACION PUBLICA,Ciencias Sociales,Administración de Empresas y Derecho,Educación Comercial y Administración,Técnico de Nivel Superior,Carreras Técnicas,NO ACREDITADA
2024|I920S2C10J3V1,I920S2C10J3V1,TECNICO EN ADMINISTRACION PUBLICA,Ciencias Sociales,Administración de Empresas y Derecho,Educación Comercial y Administración,Técnico de Nivel Superior,Carreras Técnicas,NO ACREDITADA
2025|I139S3C199J4V1,I139S3C199J4V1,TECNICO EN ADMINISTRACION PUBLICA,Ciencias Sociales,Administración de Empresas y Derecho,Educación Comercial y Administración,Técnico de Nivel Superior,Carreras Técnicas,NO ACREDITADA
2025|I143S28C653J4V1,I143S28C653J4V1,TECNICO EN ADMINISTRACION PUBLICA,Ciencias Sociales,Administración de Empresas y Derecho,Educación Comercial y Administración,Técnico de Nivel Superior,Carreras Técnicas,NO ACREDITADA
2025|I152S10C278J4V3,I152S10C278J4V3,TECNICO EN ADMINISTRACION PUBLICA,Ciencias Sociales,Administración de Empresas y Derecho,Educación Comercial y Administración,Técnico de Nivel Superior,Carreras Técnicas,NO ACREDITADA
2025|I162S2C84J4V1,I162S2C84J4V1,TECNICO EN ADMINISTRACION PUBLICA,Ciencias Sociales,Administración de Empresas y Derecho,Educación Comercial y Administración,Técnico de Nivel Superior,Carreras Técnicas,NO ACREDITADA
2025|I430S40C351J4V1,I430S40C351J4V1,TECNICO EN ADMINISTRACION PUBLICA,Ciencias Sociales,Administración de Empresas y Derecho,Educación Comercial y Administración,Técnico de Nivel Superior,Carreras Técnicas,NO ACREDITADA
2025|I920S2C10J3V1,I920S2C10J3V1,TECNICO EN ADMINISTRACION PUBLICA,Ciencias Sociales,Administración de Empresas y Derecho,Educación Comercial y Administración,Técnico de Nivel Superior,Carreras Técnicas,NO ACREDITADA
2026|I100S43C363J4V1,I100S43C363J4V1,TECNICO EN ADMINISTRACION PUBLICA,Ciencias Sociales,Administración de Empresas y Derecho,Educación Comercial y Administración,Técnico de Nivel Superior,Carreras Técnicas,NO ACREDITADA
2026|I117S1C31J4V1,I117S1C31J4V1,TECNICO EN ADMINISTRACION PUBLICA,Ciencias Sociales,Administración de Empresas y Derecho,Educación Comercial y Administración,Técnico de Nivel Superior,Carreras Técnicas,NO ACREDITADA
2026|I139S3C199J4V1,I139S3C199J4V1,TECNICO EN ADMINISTRACION PUBLICA,Ciencias Sociales,Administración de Empresas y Derecho,Educación Comercial y Administración,Técnico de Nivel Superior,Carreras Técnicas,NO ACREDITADA
2026|I143S28C653J4V1,I143S28C653J4V1,TECNICO EN ADMINISTRACION PUBLICA,Ciencias Sociales,Administración de Empresas y Derecho,Educación Comercial y Administración,Técnico de Nivel Superior,Carreras Técnicas,NO ACREDITADA
2026|I152S10C278J4V2,I152S10C278J4V2,TECNICO EN ADMINISTRACION PUBLICA,Ciencias Sociales,Administración de Empresas y Derecho,Educación Comercial y Administración,Técnico de Nivel Superior,Carreras Técnicas,NO ACREDITADA
2026|I162S2C84J4V1,I162S2C84J4V1,TECNICO EN ADMINISTRACION PUBLICA,Ciencias Sociales,Administración de Empresas y Derecho,Educación Comercial y Administración,Técnico de Nivel Superior,Carreras Técnicas,NO ACREDITADA
2026|I218S1C173J4V1,I218S1C173J4V1,TECNICO EN ADMINISTRACION PUBLICA,Ciencias Sociales,Administración de Empresas y Derecho,Educación Comercial y Administración,Técnico de Nivel Superior,Carreras Técnicas,NO ACREDITADA
2026|I920S2C10J3V1,I920S2C10J3V1,TECNICO EN ADMINISTRACION PUBLICA,Ciencias Sociales,Administración de Empresas y Derecho,Educación Comercial y Administración,Técnico de Nivel Superior,Carreras Técnicas,NO ACREDITADA
2023|I143S28C39J4V1,I143S28C39J4V1,TECNICO EN COMUNICACION Y RELACIONES PUBLICAS,Ciencias Sociales,Administración de Empresas y Derecho,Educación Comercial y Administración,Técnico de Nivel Superior,Carreras Técnicas,NO ACREDITADA
2024|I143S28C39J4V1,I143S28C39J4V1,TECNICO EN COMUNICACION Y RELACIONES PUBLICAS,Ciencias Sociales,Administración de Empresas y Derecho,Educación Comercial y Administración,Técnico de Nivel Superior,Carreras Técnicas,NO ACREDITADA
2025|I143S28C39J4V1,I143S28C39J4V1,TECNICO EN COMUNICACION Y RELACIONES PUBLICAS,Ciencias Sociales,Administración de Empresas y Derecho,Educación Comercial y Administración,Técnico de Nivel Superior,Carreras Técnicas,NO ACREDITADA
2026|I143S28C39J4V1,I143S28C39J4V1,TECNICO EN COMUNICACION Y RELACIONES PUBLICAS,Ciencias Sociales,Administración de Empresas y Derecho,Educación Comercial y Administración,Técnico de Nivel Superior,Carreras Técnicas,NO ACREDITADA
2026|I117S1C145J4V1,I117S1C145J4V1,TECNICO EN PREVENCION Y REHABILITACION DE ADICCIONES,Ciencias Sociales,Salud y Bienestar,Bienestar,Técnico de Nivel Superior,Carreras Técnicas,NO ACREDITADA
2024|I152S10C109J4V1,I152S10C109J4V1,TECNICO EN PREVENCION Y REHABILITACION PSICOSOCIAL MENCION DROGADICCION,Ciencias Sociales,Salud y Bienestar,Bienestar,Técnico de Nivel Superior,Carreras Técnicas,NO ACREDITADA
2023|I152S10C389J4V1,I152S10C389J4V1,"TECNICO EN PREVENCION, TRATAMIENTO Y REHABILITACION DE SUSTANCIAS",Ciencias Sociales,Salud y Bienestar,Bienestar,Técnico de Nivel Superior,Carreras Técnicas,NO ACREDITADA
2024|I152S10C389J4V1,I152S10C389J4V1,"TECNICO EN PREVENCION, TRATAMIENTO Y REHABILITACION DE SUSTANCIAS",Ciencias Sociales,Salud y Bienestar,Bienestar,Técnico de Nivel Superior,Carreras Técnicas,NO ACREDITADA
2025|I152S10C389J4V1,I152S10C389J4V1,"TECNICO EN PREVENCION, TRATAMIENTO Y REHABILITACION DE SUSTANCIAS",Ciencias Sociales,Salud y Bienestar,Bienestar,Técnico de Nivel Superior,Carreras Técnicas,NO ACREDITADA
2026|I152S10C389J4V1,I152S10C389J4V1,"TECNICO EN PREVENCION, TRATAMIENTO Y REHABILITACION DE SUSTANCIAS",Ciencias Sociales,Salud y Bienestar,Bienestar,Técnico de Nivel Superior,Carreras Técnicas,NO ACREDITADA
2023|I106S6C292J4V1,I106S6C292J4V1,TECNICO EN PUBLICIDAD,Ciencias Sociales,Administración de Empresas y Derecho,Educación Comercial y Administración,Técnico de Nivel Superior,Carreras Técnicas,NO ACREDITADA
2024|I106S6C292J4V1,I106S6C292J4V1,TECNICO EN PUBLICIDAD,Ciencias Sociales,Administración de Empresas y Derecho,Educación Comercial y Administración,Técnico de Nivel Superior,Carreras Técnicas,NO ACREDITADA
2024|I106S6C292J4V2,I106S6C292J4V2,TECNICO EN PUBLICIDAD,Ciencias Sociales,Administración de Empresas y Derecho,Educación Comercial y Administración,Técnico de Nivel Superior,Carreras Técnicas,NO ACREDITADA
2025|I106S6C292J4V1,I106S6C292J4V1,TECNICO EN PUBLICIDAD,Ciencias Sociales,Administración de Empresas y Derecho,Educación Comercial y Administración,Técnico de Nivel Superior,Carreras Técnicas,NO ACREDITADA
2025|I106S6C292J4V2,I106S6C292J4V2,TECNICO EN PUBLICIDAD,Ciencias Sociales,Administración de Empresas y Derecho,Educación Comercial y Administración,Técnico de Nivel Superior,Carreras Técnicas,NO ACREDITADA
2026|I106S6C292J4V2,I106S6C292J4V2,TECNICO EN PUBLICIDAD,Ciencias Sociales,Administración de Empresas y Derecho,Educación Comercial y Administración,Técnico de Nivel Superior,Carreras Técnicas,NO ACREDITADA
2024|I152S10C479J4V1,I152S10C479J4V1,TECNICO EN REHABILITACION DE PERSONAS CON DEPENDENCIA DE DROGAS,Ciencias Sociales,Salud y Bienestar,Bienestar,Técnico de Nivel Superior,Carreras Técnicas,NO ACREDITADA
2025|I152S10C479J4V1,I152S10C479J4V1,TECNICO EN REHABILITACION DE PERSONAS CON DEPENDENCIA DE DROGAS,Ciencias Sociales,Salud y Bienestar,Bienestar,Técnico de Nivel Superior,Carreras Técnicas,NO ACREDITADA
2026|I152S10C479J4V1,I152S10C479J4V1,TECNICO EN REHABILITACION DE PERSONAS CON DEPENDENCIA DE DROGAS,Ciencias Sociales,Salud y Bienestar,Bienestar,Técnico de Nivel Superior,Carreras Técnicas,NO ACREDITADA
2026|I117S1C32J4V1,I117S1C32J4V1,TECNICO EN RELACIONES PUBLICAS Y COMUNICACIONES,Ciencias Sociales,Administración de Empresas y Derecho,Educación Comercial y Administración,Técnico de Nivel Superior,Carreras Técnicas,NO ACREDITADA
2023|I116S40C17J4V1,I116S40C17J4V1,TECNICO EN TRABAJO SOCIAL,Ciencias Sociales,Salud y Bienestar,Bienestar,Técnico de Nivel Superior,Carreras Técnicas,NO ACREDITADA
2023|I143S26C83J3V1,I143S26C83J3V1,TECNICO EN TRABAJO SOCIAL,Ciencias Sociales,Salud y Bienestar,Bienestar,Técnico de Nivel Superior,Carreras Técnicas,NO ACREDITADA
2023|I143S28C83J4V1,I143S28C83J4V1,TECNICO EN TRABAJO SOCIAL,Ciencias Sociales,Salud y Bienestar,Bienestar,Técnico de Nivel Superior,Carreras Técnicas,NO ACREDITADA
2023|I152S10C300J4V3,I152S10C300J4V3,TECNICO EN TRABAJO SOCIAL,Ciencias Sociales,Salud y Bienestar,Bienestar,Técnico de Nivel Superior,Carreras Técnicas,NO ACREDITADA
2023|I218S1C25J4V2,I218S1C25J4V2,TECNICO EN TRABAJO SOCIAL,Ciencias Sociales,Salud y Bienestar,Bienestar,Técnico de Nivel Superior,Carreras Técnicas,NO ACREDITADA
2024|I116S40C17J4V1,I116S40C17J4V1,TECNICO EN TRABAJO SOCIAL,Ciencias Sociales,Salud y Bienestar,Bienestar,Técnico de Nivel Superior,Carreras Técnicas,NO ACREDITADA
2024|I143S28C83J4V1,I143S28C83J4V1,TECNICO EN TRABAJO SOCIAL,Ciencias Sociales,Salud y Bienestar,Bienestar,Técnico de Nivel Superior,Carreras Técnicas,NO ACREDITADA
2024|I152S10C300J4V3,I152S10C300J4V3,TECNICO EN TRABAJO SOCIAL,Ciencias Sociales,Salud y Bienestar,Bienestar,Técnico de Nivel Superior,Carreras Técnicas,NO ACREDITADA
2024|I218S1C25J4V2,I218S1C25J4V2,TECNICO EN TRABAJO SOCIAL,Ciencias Sociales,Salud y Bienestar,Bienestar,Técnico de Nivel Superior,Carreras Técnicas,NO ACREDITADA
2025|I116S40C17J4V1,I116S40C17J4V1,TECNICO EN TRABAJO SOCIAL,Ciencias Sociales,Salud y Bienestar,Bienestar,Técnico de Nivel Superior,Carreras Técnicas,NO ACREDITADA
2025|I143S28C83J4V1,I143S28C83J4V1,TECNICO EN TRABAJO SOCIAL,Ciencias Sociales,Salud y Bienestar,Bienestar,Técnico de Nivel Superior,Carreras Técnicas,NO ACREDITADA
2025|I152S10C300J4V3,I152S10C300J4V3,TECNICO EN TRABAJO SOCIAL,Ciencias Sociales,Salud y Bienestar,Bienestar,Técnico de Nivel Superior,Carreras Técnicas,NO ACREDITADA
2025|I218S1C25J4V2,I218S1C25J4V2,TECNICO EN TRABAJO SOCIAL,Ciencias Sociales,Salud y Bienestar,Bienestar,Técnico de Nivel Superior,Carreras Técnicas,NO ACREDITADA
2026|I111S27C555J4V1,I111S27C555J4V1,TECNICO EN TRABAJO SOCIAL,Ciencias Sociales,Salud y Bienestar,Bienestar,Técnico de Nivel Superior,Carreras Técnicas,NO ACREDITADA
2026|I116S40C17J4V1,I116S40C17J4V1,TECNICO EN TRABAJO SOCIAL,Ciencias Sociales,Salud y Bienestar,Bienestar,Técnico de Nivel Superior,Carreras Técnicas,NO ACREDITADA
2026|I117S1C62J4V1,I117S1C62J4V1,TECNICO EN TRABAJO SOCIAL,Ciencias Sociales,Salud y Bienestar,Bienestar,Técnico de Nivel Superior,Carreras Técnicas,NO ACREDITADA
2026|I143S28C83J4V1,I143S28C83J4V1,TECNICO EN TRABAJO SOCIAL,Ciencias Sociales,Salud y Bienestar,Bienestar,Técnico de Nivel Superior,Carreras Técnicas,NO ACREDITADA
2026|I152S10C300J4V3,I152S10C300J4V3,TECNICO EN TRABAJO SOCIAL,Ciencias Sociales,Salud y Bienestar,Bienestar,Técnico de Nivel Superior,Carreras Técnicas,NO ACREDITADA
2026|I218S1C25J4V2,I218S1C25J4V2,TECNICO EN TRABAJO SOCIAL,Ciencias Sociales,Salud y Bienestar,Bienestar,Técnico de Nivel Superior,Carreras Técnicas,NO ACREDITADA
2023|I123S1C151J4V1,I123S1C151J4V1,TECNICO TRABAJO SOCIAL,Ciencias Sociales,Salud y Bienestar,Bienestar,Técnico de Nivel Superior,Carreras Técnicas,NO ACREDITADA
2023|I123S2C151J4V1,I123S2C151J4V1,TECNICO TRABAJO SOCIAL,Ciencias Sociales,Salud y Bienestar,Bienestar,Técnico de Nivel Superior,Carreras Técnicas,NO ACREDITADA
2023|I123S3C151J4V1,I123S3C151J4V1,TECNICO TRABAJO SOCIAL,Ciencias Sociales,Salud y Bienestar,Bienestar,Técnico de Nivel Superior,Carreras Técnicas,NO ACREDITADA
2023|I123S5C151J4V1,I123S5C151J4V1,TECNICO TRABAJO SOCIAL,Ciencias Sociales,Salud y Bienestar,Bienestar,Técnico de Nivel Superior,Carreras Técnicas,NO ACREDITADA
2024|I123S1C151J4V1,I123S1C151J4V1,TECNICO TRABAJO SOCIAL,Ciencias Sociales,Salud y Bienestar,Bienestar,Técnico de Nivel Superior,Carreras Técnicas,NO ACREDITADA
2024|I123S2C151J4V1,I123S2C151J4V1,TECNICO TRABAJO SOCIAL,Ciencias Sociales,Salud y Bienestar,Bienestar,Técnico de Nivel Superior,Carreras Técnicas,NO ACREDITADA
2024|I123S3C151J4V1,I123S3C151J4V1,TECNICO TRABAJO SOCIAL,Ciencias Sociales,Salud y Bienestar,Bienestar,Técnico de Nivel Superior,Carreras Técnicas,NO ACREDITADA
2024|I123S5C151J4V1,I123S5C151J4V1,TECNICO TRABAJO SOCIAL,Ciencias Sociales,Salud y Bienestar,Bienestar,Técnico de Nivel Superior,Carreras Técnicas,NO ACREDITADA
2025|I123S2C151J4V1,I123S2C151J4V1,TECNICO TRABAJO SOCIAL,Ciencias Sociales,Salud y Bienestar,Bienestar,Técnico de Nivel Superior,Carreras Técnicas,NO ACREDITADA
2026|I123S2C151J4V1,I123S2C151J4V1,TECNICO TRABAJO SOCIAL,Ciencias Sociales,Salud y Bienestar,Bienestar,Técnico de Nivel Superior,Carreras Técnicas,NO ACREDITADA
2026|I123S5C151J4V1,I123S5C151J4V1,TECNICO TRABAJO SOCIAL,Ciencias Sociales,Salud y Bienestar,Bienestar,Técnico de Nivel Superior,Carreras Técnicas,NO ACREDITADA
2023|I10S7C800J4V1,I10S7C800J4V1,TECNICO UNIVERSITARIO EN ADMINISTRACION PUBLICA,Ciencias Sociales,Administración de Empresas y Derecho,Educación Comercial y Administración,Técnico de Nivel Superior,Carreras Técnicas,NO ACREDITADA
2024|I10S7C800J4V1,I10S7C800J4V1,TECNICO UNIVERSITARIO EN ADMINISTRACION PUBLICA,Ciencias Sociales,Administración de Empresas y Derecho,Educación Comercial y Administración,Técnico de Nivel Superior,Carreras Técnicas,NO ACREDITADA
2025|I10S7C800J4V1,I10S7C800J4V1,TECNICO UNIVERSITARIO EN ADMINISTRACION PUBLICA,Ciencias Sociales,Administración de Empresas y Derecho,Educación Comercial y Administración,Técnico de Nivel Superior,Carreras Técnicas,NO ACREDITADA
2026|I10S7C800J4V1,I10S7C800J4V1,TECNICO UNIVERSITARIO EN ADMINISTRACION PUBLICA,Ciencias Sociales,Administración de Empresas y Derecho,Educación Comercial y Administración,Técnico de Nivel Superior,Carreras Técnicas,NO ACREDITADA
2026|I93S1C387J4V1,I93S1C387J4V1,TECNICO UNIVERSITARIO EN ADMINISTRACION PUBLICA,Ciencias Sociales,Administración de Empresas y Derecho,Educación Comercial y Administración,Técnico de Nivel Superior,Carreras Técnicas,NO ACREDITADA
2023|I117S1C83J4V1,I117S1C83J4V1,TRABAJO SOCIAL,Ciencias Sociales,Salud y Bienestar,Bienestar,Profesional Sin Licenciatura,Carreras Profesionales,NO ACREDITADA
2023|I123S1C18J4V1,I123S1C18J4V1,TRABAJO SOCIAL,Ciencias Sociales,Salud y Bienestar,Bienestar,Profesional Sin Licenciatura,Carreras Profesionales,NO ACREDITADA
2023|I123S2C18J4V1,I123S2C18J4V1,TRABAJO SOCIAL,Ciencias Sociales,Salud y Bienestar,Bienestar,Profesional Sin Licenciatura,Carreras Profesionales,NO ACREDITADA
2023|I123S3C18J4V1,I123S3C18J4V1,TRABAJO SOCIAL,Ciencias Sociales,Salud y Bienestar,Bienestar,Profesional Sin Licenciatura,Carreras Profesionales,NO ACREDITADA
2023|I123S5C18J4V1,I123S5C18J4V1,TRABAJO SOCIAL,Ciencias Sociales,Salud y Bienestar,Bienestar,Profesional Sin Licenciatura,Carreras Profesionales,NO ACREDITADA
2023|I143S28C28J4V1,I143S28C28J4V1,TRABAJO SOCIAL,Ciencias Sociales,Salud y Bienestar,Bienestar,Profesional Sin Licenciatura,Carreras Profesionales,NO ACREDITADA
2023|I152S10C41J2V2,I152S10C41J2V2,TRABAJO SOCIAL,Ciencias Sociales,Salud y Bienestar,Bienestar,Profesional Sin Licenciatura,Carreras Profesionales,NO ACREDITADA
2023|I152S10C41J4V3,I152S10C41J4V3,TRABAJO SOCIAL,Ciencias Sociales,Salud y Bienestar,Bienestar,Profesional Sin Licenciatura,Carreras Profesionales,NO ACREDITADA
2023|I152S10C41J4V4,I152S10C41J4V4,TRABAJO SOCIAL,Ciencias Sociales,Salud y Bienestar,Bienestar,Profesional Sin Licenciatura,Carreras Profesionales,NO ACREDITADA
2023|I176S7C3J4V1,I176S7C3J4V1,TRABAJO SOCIAL,Ciencias Sociales,Salud y Bienestar,Bienestar,Profesional Sin Licenciatura,Carreras Profesionales,NO ACREDITADA
2023|I176S7C3J4V2,I176S7C3J4V2,TRABAJO SOCIAL,Ciencias Sociales,Salud y Bienestar,Bienestar,Profesional Sin Licenciatura,Carreras Profesionales,NO ACREDITADA
2023|I17S2C38J4V1,I17S2C38J4V1,TRABAJO SOCIAL,Ciencias Sociales,Salud y Bienestar,Bienestar,Profesional Con Licenciatura,Carreras Profesionales,NO ACREDITADA
2023|I17S2C38J4V3,I17S2C38J4V3,TRABAJO SOCIAL,Ciencias Sociales,Salud y Bienestar,Bienestar,Profesional Con Licenciatura,Carreras Profesionales,NO ACREDITADA
2023|I19S1C104J4V2,I19S1C104J4V2,TRABAJO SOCIAL,Ciencias Sociales,Salud y Bienestar,Bienestar,Profesional Con Licenciatura,Carreras Profesionales,NO ACREDITADA
2023|I19S4C104J3V1,I19S4C104J3V1,TRABAJO SOCIAL,Ciencias Sociales,Salud y Bienestar,Bienestar,Profesional Con Licenciatura,Carreras Profesionales,NO ACREDITADA
2023|I1S1C227J4V2,I1S1C227J4V2,TRABAJO SOCIAL,Ciencias Sociales,Salud y Bienestar,Bienestar,Profesional Con Licenciatura,Carreras Profesionales,NO ACREDITADA
2023|I1S1C227J4V4,I1S1C227J4V4,TRABAJO SOCIAL,Ciencias Sociales,Salud y Bienestar,Bienestar,Profesional Con Licenciatura,Carreras Profesionales,NO ACREDITADA
2023|I22S1C283J2V3,I22S1C283J2V3,TRABAJO SOCIAL,Ciencias Sociales,Salud y Bienestar,Bienestar,Profesional Con Licenciatura,Carreras Profesionales,NO ACREDITADA
2023|I26S1C155J3V1,I26S1C155J3V1,TRABAJO SOCIAL,Ciencias Sociales,Salud y Bienestar,Bienestar,Profesional Con Licenciatura,Carreras Profesionales,NO ACREDITADA
2023|I26S1C155J4V1,I26S1C155J4V1,TRABAJO SOCIAL,Ciencias Sociales,Salud y Bienestar,Bienestar,Profesional Con Licenciatura,Carreras Profesionales,NO ACREDITADA
2023|I26S1C155J4V3,I26S1C155J4V3,TRABAJO SOCIAL,Ciencias Sociales,Salud y Bienestar,Bienestar,Profesional Con Licenciatura,Carreras Profesionales,NO ACREDITADA
2023|I26S1C155J4V4,I26S1C155J4V4,TRABAJO SOCIAL,Ciencias Sociales,Salud y Bienestar,Bienestar,Profesional Con Licenciatura,Carreras Profesionales,NO ACREDITADA
2023|I46S5C144J4V1,I46S5C144J4V1,TRABAJO SOCIAL,Ciencias Sociales,Salud y Bienestar,Bienestar,Profesional Con Licenciatura,Carreras Profesionales,NO ACREDITADA
2024|I117S1C83J4V1,I117S1C83J4V1,TRABAJO SOCIAL,Ciencias Sociales,Salud y Bienestar,Bienestar,Profesional Sin Licenciatura,Carreras Profesionales,NO ACREDITADA
2024|I123S1C18J4V1,I123S1C18J4V1,TRABAJO SOCIAL,Ciencias Sociales,Salud y Bienestar,Bienestar,Profesional Sin Licenciatura,Carreras Profesionales,NO ACREDITADA
2024|I123S2C18J4V1,I123S2C18J4V1,TRABAJO SOCIAL,Ciencias Sociales,Salud y Bienestar,Bienestar,Profesional Sin Licenciatura,Carreras Profesionales,NO ACREDITADA
2024|I123S3C18J4V1,I123S3C18J4V1,TRABAJO SOCIAL,Ciencias Sociales,Salud y Bienestar,Bienestar,Profesional Sin Licenciatura,Carreras Profesionales,NO ACREDITADA
2024|I123S5C18J4V1,I123S5C18J4V1,TRABAJO SOCIAL,Ciencias Sociales,Salud y Bienestar,Bienestar,Profesional Sin Licenciatura,Carreras Profesionales,NO ACREDITADA
2024|I143S28C28J4V1,I143S28C28J4V1,TRABAJO SOCIAL,Ciencias Sociales,Salud y Bienestar,Bienestar,Profesional Sin Licenciatura,Carreras Profesionales,NO ACREDITADA
2024|I152S10C41J4V2,I152S10C41J4V2,TRABAJO SOCIAL,Ciencias Sociales,Salud y Bienestar,Bienestar,Profesional Sin Licenciatura,Carreras Profesionales,NO ACREDITADA
2024|I176S7C3J3V1,I176S7C3J3V1,TRABAJO SOCIAL,Ciencias Sociales,Salud y Bienestar,Bienestar,Profesional Sin Licenciatura,Carreras Profesionales,NO ACREDITADA
2024|I176S7C3J4V1,I176S7C3J4V1,TRABAJO SOCIAL,Ciencias Sociales,Salud y Bienestar,Bienestar,Profesional Sin Licenciatura,Carreras Profesionales,NO ACREDITADA
2024|I176S7C3J4V2,I176S7C3J4V2,TRABAJO SOCIAL,Ciencias Sociales,Salud y Bienestar,Bienestar,Profesional Sin Licenciatura,Carreras Profesionales,NO ACREDITADA
2024|I17S2C38J4V1,I17S2C38J4V1,TRABAJO SOCIAL,Ciencias Sociales,Salud y Bienestar,Bienestar,Profesional Con Licenciatura,Carreras Profesionales,NO ACREDITADA
2024|I17S2C38J4V3,I17S2C38J4V3,TRABAJO SOCIAL,Ciencias Sociales,Salud y Bienestar,Bienestar,Profesional Con Licenciatura,Carreras Profesionales,NO ACREDITADA
2024|I17S2C38J5V1,I17S2C38J5V1,TRABAJO SOCIAL,Ciencias Sociales,Salud y Bienestar,Bienestar,Profesional Con Licenciatura,Carreras Profesionales,NO ACREDITADA
2024|I19S4C104J3V1,I19S4C104J3V1,TRABAJO SOCIAL,Ciencias Sociales,Salud y Bienestar,Bienestar,Profesional Con Licenciatura,Carreras Profesionales,NO ACREDITADA
2024|I1S1C227J4V2,I1S1C227J4V2,TRABAJO SOCIAL,Ciencias Sociales,Salud y Bienestar,Bienestar,Profesional Con Licenciatura,Carreras Profesionales,NO ACREDITADA
2024|I1S1C227J4V4,I1S1C227J4V4,TRABAJO SOCIAL,Ciencias Sociales,Salud y Bienestar,Bienestar,Profesional Con Licenciatura,Carreras Profesionales,NO ACREDITADA
2024|I22S1C283J2V3,I22S1C283J2V3,TRABAJO SOCIAL,Ciencias Sociales,Salud y Bienestar,Bienestar,Profesional Con Licenciatura,Carreras Profesionales,NO ACREDITADA
2024|I26S1C155J3V1,I26S1C155J3V1,TRABAJO SOCIAL,Ciencias Sociales,Salud y Bienestar,Bienestar,Profesional Con Licenciatura,Carreras Profesionales,NO ACREDITADA
2024|I26S1C155J4V1,I26S1C155J4V1,TRABAJO SOCIAL,Ciencias Sociales,Salud y Bienestar,Bienestar,Profesional Con Licenciatura,Carreras Profesionales,NO ACREDITADA
2024|I26S1C155J4V3,I26S1C155J4V3,TRABAJO SOCIAL,Ciencias Sociales,Salud y Bienestar,Bienestar,Profesional Con Licenciatura,Carreras Profesionales,NO ACREDITADA
2024|I26S1C155J4V4,I26S1C155J4V4,TRABAJO SOCIAL,Ciencias Sociales,Salud y Bienestar,Bienestar,Profesional Con Licenciatura,Carreras Profesionales,NO ACREDITADA
2024|I26S1C155J4V5,I26S1C155J4V5,TRABAJO SOCIAL,Ciencias Sociales,Salud y Bienestar,Bienestar,Profesional Con Licenciatura,Carreras Profesionales,NO ACREDITADA
2024|I68S1C26J4V1,I68S1C26J4V1,TRABAJO SOCIAL,Ciencias Sociales,Salud y Bienestar,Bienestar,Profesional Con Licenciatura,Carreras Profesionales,NO ACREDITADA
2025|I117S1C83J4V1,I117S1C83J4V1,TRABAJO SOCIAL,Ciencias Sociales,Salud y Bienestar,Bienestar,Profesional Sin Licenciatura,Carreras Profesionales,NO ACREDITADA
2025|I123S2C18J4V1,I123S2C18J4V1,TRABAJO SOCIAL,Ciencias Sociales,Salud y Bienestar,Bienestar,Profesional Sin Licenciatura,Carreras Profesionales,NO ACREDITADA
2025|I143S28C28J4V1,I143S28C28J4V1,TRABAJO SOCIAL,Ciencias Sociales,Salud y Bienestar,Bienestar,Profesional Sin Licenciatura,Carreras Profesionales,NO ACREDITADA
2025|I152S10C41J4V4,I152S10C41J4V4,TRABAJO SOCIAL,Ciencias Sociales,Salud y Bienestar,Bienestar,Profesional Sin Licenciatura,Carreras Profesionales,NO ACREDITADA
2025|I17S2C38J4V1,I17S2C38J4V1,TRABAJO SOCIAL,Ciencias Sociales,Salud y Bienestar,Bienestar,Profesional Con Licenciatura,Carreras Profesionales,NO ACREDITADA
2025|I17S2C38J4V3,I17S2C38J4V3,TRABAJO SOCIAL,Ciencias Sociales,Salud y Bienestar,Bienestar,Profesional Con Licenciatura,Carreras Profesionales,NO ACREDITADA
2025|I17S2C38J4V4,I17S2C38J4V4,TRABAJO SOCIAL,Ciencias Sociales,Salud y Bienestar,Bienestar,Profesional Con Licenciatura,Carreras Profesionales,NO ACREDITADA
2025|I19S4C104J3V1,I19S4C104J3V1,TRABAJO SOCIAL,Ciencias Sociales,Salud y Bienestar,Bienestar,Profesional Con Licenciatura,Carreras Profesionales,NO ACREDITADA
2025|I1S1C227J4V2,I1S1C227J4V2,TRABAJO SOCIAL,Ciencias Sociales,Salud y Bienestar,Bienestar,Profesional Con Licenciatura,Carreras Profesionales,NO ACREDITADA
2025|I1S1C227J4V4,I1S1C227J4V4,TRABAJO SOCIAL,Ciencias Sociales,Salud y Bienestar,Bienestar,Profesional Con Licenciatura,Carreras Profesionales,NO ACREDITADA
2025|I22S1C283J2V3,I22S1C283J2V3,TRABAJO SOCIAL,Ciencias Sociales,Salud y Bienestar,Bienestar,Profesional Con Licenciatura,Carreras Profesionales,NO ACREDITADA
2025|I22S1C283J3V2,I22S1C283J3V2,TRABAJO SOCIAL,Ciencias Sociales,Salud y Bienestar,Bienestar,Profesional Con Licenciatura,Carreras Profesionales,NO ACREDITADA
2025|I26S1C155J3V1,I26S1C155J3V1,TRABAJO SOCIAL,Ciencias Sociales,Salud y Bienestar,Bienestar,Profesional Con Licenciatura,Carreras Profesionales,NO ACREDITADA
2025|I26S1C155J4V1,I26S1C155J4V1,TRABAJO SOCIAL,Ciencias Sociales,Salud y Bienestar,Bienestar,Profesional Con Licenciatura,Carreras Profesionales,NO ACREDITADA
2025|I26S1C155J4V3,I26S1C155J4V3,TRABAJO SOCIAL,Ciencias Sociales,Salud y Bienestar,Bienestar,Profesional Con Licenciatura,Carreras Profesionales,NO ACREDITADA
2025|I26S1C155J4V4,I26S1C155J4V4,TRABAJO SOCIAL,Ciencias Sociales,Salud y Bienestar,Bienestar,Profesional Con Licenciatura,Carreras Profesionales,NO ACREDITADA
2025|I26S1C155J4V5,I26S1C155J4V5,TRABAJO SOCIAL,Ciencias Sociales,Salud y Bienestar,Bienestar,Profesional Con Licenciatura,Carreras Profesionales,NO ACREDITADA
2025|I39S2C6J3V2,I39S2C6J3V2,TRABAJO SOCIAL,Ciencias Sociales,Salud y Bienestar,Bienestar,Profesional Con Licenciatura,Carreras Profesionales,NO ACREDITADA
2025|I39S6C6J3V2,I39S6C6J3V2,TRABAJO SOCIAL,Ciencias Sociales,Salud y Bienestar,Bienestar,Profesional Con Licenciatura,Carreras Profesionales,NO ACREDITADA
2025|I39S6C6J4V2,I39S6C6J4V2,TRABAJO SOCIAL,Ciencias Sociales,Salud y Bienestar,Bienestar,Profesional Con Licenciatura,Carreras Profesionales,NO ACREDITADA
2025|I39S7C6J3V2,I39S7C6J3V2,TRABAJO SOCIAL,Ciencias Sociales,Salud y Bienestar,Bienestar,Profesional Con Licenciatura,Carreras Profesionales,NO ACREDITADA
2025|I39S8C6J3V2,I39S8C6J3V2,TRABAJO SOCIAL,Ciencias Sociales,Salud y Bienestar,Bienestar,Profesional Con Licenciatura,Carreras Profesionales,NO ACREDITADA
2025|I68S1C26J4V1,I68S1C26J4V1,TRABAJO SOCIAL,Ciencias Sociales,Salud y Bienestar,Bienestar,Profesional Con Licenciatura,Carreras Profesionales,NO ACREDITADA
2026|I117S1C83J4V1,I117S1C83J4V1,TRABAJO SOCIAL,Ciencias Sociales,Salud y Bienestar,Bienestar,Profesional Sin Licenciatura,Carreras Profesionales,NO ACREDITADA
2026|I123S2C18J4V1,I123S2C18J4V1,TRABAJO SOCIAL,Ciencias Sociales,Salud y Bienestar,Bienestar,Profesional Sin Licenciatura,Carreras Profesionales,NO ACREDITADA
2026|I123S5C18J4V1,I123S5C18J4V1,TRABAJO SOCIAL,Ciencias Sociales,Salud y Bienestar,Bienestar,Profesional Sin Licenciatura,Carreras Profesionales,NO ACREDITADA
2026|I143S28C28J4V1,I143S28C28J4V1,TRABAJO SOCIAL,Ciencias Sociales,Salud y Bienestar,Bienestar,Profesional Sin Licenciatura,Carreras Profesionales,NO ACREDITADA
2026|I152S10C41J4V3,I152S10C41J4V3,TRABAJO SOCIAL,Ciencias Sociales,Salud y Bienestar,Bienestar,Profesional Sin Licenciatura,Carreras Profesionales,NO ACREDITADA
2026|I17S2C38J4V3,I17S2C38J4V3,TRABAJO SOCIAL,Ciencias Sociales,Salud y Bienestar,Bienestar,Profesional Con Licenciatura,Carreras Profesionales,NO ACREDITADA
2026|I17S2C38J4V4,I17S2C38J4V4,TRABAJO SOCIAL,Ciencias Sociales,Salud y Bienestar,Bienestar,Profesional Con Licenciatura,Carreras Profesionales,NO ACREDITADA
2026|I19S4C104J3V1,I19S4C104J3V1,TRABAJO SOCIAL,Ciencias Sociales,Salud y Bienestar,Bienestar,Profesional Con Licenciatura,Carreras Profesionales,NO ACREDITADA
2026|I1S1C227J4V2,I1S1C227J4V2,TRABAJO SOCIAL,Ciencias Sociales,Salud y Bienestar,Bienestar,Profesional Con Licenciatura,Carreras Profesionales,NO ACREDITADA
2026|I1S1C227J4V4,I1S1C227J4V4,TRABAJO SOCIAL,Ciencias Sociales,Salud y Bienestar,Bienestar,Profesional Con Licenciatura,Carreras Profesionales,NO ACREDITADA
2026|I22S1C283J2V3,I22S1C283J2V3,TRABAJO SOCIAL,Ciencias Sociales,Salud y Bienestar,Bienestar,Profesional Con Licenciatura,Carreras Profesionales,NO ACREDITADA
2026|I22S1C283J3V2,I22S1C283J3V2,TRABAJO SOCIAL,Ciencias Sociales,Salud y Bienestar,Bienestar,Profesional Con Licenciatura,Carreras Profesionales,NO ACREDITADA
2026|I22S1C283J4V4,I22S1C283J4V4,TRABAJO SOCIAL,Ciencias Sociales,Salud y Bienestar,Bienestar,Profesional Con Licenciatura,Carreras Profesionales,NO ACREDITADA
2026|I26S1C155J4V1,I26S1C155J4V1,TRABAJO SOCIAL,Ciencias Sociales,Salud y Bienestar,Bienestar,Profesional Con Licenciatura,Carreras Profesionales,NO ACREDITADA
2026|I26S1C155J4V3,I26S1C155J4V3,TRABAJO SOCIAL,Ciencias Sociales,Salud y Bienestar,Bienestar,Profesional Con Licenciatura,Carreras Profesionales,NO ACREDITADA
2026|I26S1C155J4V4,I26S1C155J4V4,TRABAJO SOCIAL,Ciencias Sociales,Salud y Bienestar,Bienestar,Profesional Con Licenciatura,Carreras Profesionales,NO ACREDITADA
2026|I26S1C155J4V5,I26S1C155J4V5,TRABAJO SOCIAL,Ciencias Sociales,Salud y Bienestar,Bienestar,Profesional Con Licenciatura,Carreras Profesionales,NO ACREDITADA
2026|I39S2C6J3V2,I39S2C6J3V2,TRABAJO SOCIAL,Ciencias Sociales,Salud y Bienestar,Bienestar,Profesional Con Licenciatura,Carreras Profesionales,NO ACREDITADA
2026|I39S6C6J3V2,I39S6C6J3V2,TRABAJO SOCIAL,Ciencias Sociales,Salud y Bienestar,Bienestar,Profesional Con Licenciatura,Carreras Profesionales,NO ACREDITADA
2026|I39S6C6J4V2,I39S6C6J4V2,TRABAJO SOCIAL,Ciencias Sociales,Salud y Bienestar,Bienestar,Profesional Con Licenciatura,Carreras Profesionales,NO ACREDITADA
2026|I39S7C6J3V2,I39S7C6J3V2,TRABAJO SOCIAL,Ciencias Sociales,Salud y Bienestar,Bienestar,Profesional Con Licenciatura,Carreras Profesionales,NO ACREDITADA
2026|I39S8C6J3V2,I39S8C6J3V2,TRABAJO SOCIAL,Ciencias Sociales,Salud y Bienestar,Bienestar,Profesional Con Licenciatura,Carreras Profesionales,NO ACREDITADA
2026|I68S1C26J4V1,I68S1C26J4V1,TRABAJO SOCIAL,Ciencias Sociales,Salud y Bienestar,Bienestar,Profesional Con Licenciatura,Carreras Profesionales,NO ACREDITADA
2026|I93S1C24J4V3,I93S1C24J4V3,TRABAJO SOCIAL,Ciencias Sociales,Salud y Bienestar,Bienestar,Profesional Con Licenciatura,Carreras Profesionales,NO ACREDITADA
2023|I176S7C200J4V1,I176S7C200J4V1,TRABAJO SOCIAL (CONTINUIDAD),Ciencias Sociales,Salud y Bienestar,Bienestar,Profesional Sin Licenciatura,Carreras Profesionales,NO ACREDITADA
2023|I176S7C200J4V2,I176S7C200J4V2,TRABAJO SOCIAL (CONTINUIDAD),Ciencias Sociales,Salud y Bienestar,Bienestar,Profesional Sin Licenciatura,Carreras Profesionales,NO ACREDITADA
2024|I176S7C200J4V1,I176S7C200J4V1,TRABAJO SOCIAL (CONTINUIDAD),Ciencias Sociales,Salud y Bienestar,Bienestar,Profesional Sin Licenciatura,Carreras Profesionales,NO ACREDITADA
2024|I176S7C200J4V2,I176S7C200J4V2,TRABAJO SOCIAL (CONTINUIDAD),Ciencias Sociales,Salud y Bienestar,Bienestar,Profesional Sin Licenciatura,Carreras Profesionales,NO ACREDITADA
2023|I46S5C512J4V1,I46S5C512J4V1,TRABAJO SOCIAL (PLAN DE CONTINUIDAD),Ciencias Sociales,Salud y Bienestar,Bienestar,Profesional Con Licenciatura,Carreras Profesionales,NO ACREDITADA
2023|I16S1C316J4V2,I16S1C316J4V2,TRABAJO SOCIAL - CONTINUIDAD TNS,Ciencias Sociales,Salud y Bienestar,Bienestar,Profesional Con Licenciatura,Carreras Profesionales,NO ACREDITADA
2026|I20S1C67J4V4,I20S1C67J4V4,TRABAJO SOCIAL CON MENCION GESTION E INNOVACION SOCIAL,Ciencias Sociales,Salud y Bienestar,Bienestar,Profesional Con Licenciatura,Carreras Profesionales,NO ACREDITADA
2023|I123S1C180J4V3,I123S1C180J4V3,TRABAJO SOCIAL MENCION EN INTERVENCION SOCIAL,Ciencias Sociales,Salud y Bienestar,Bienestar,Profesional Sin Licenciatura,Carreras Profesionales,NO ACREDITADA
2023|I123S2C180J4V3,I123S2C180J4V3,TRABAJO SOCIAL MENCION EN INTERVENCION SOCIAL,Ciencias Sociales,Salud y Bienestar,Bienestar,Profesional Sin Licenciatura,Carreras Profesionales,NO ACREDITADA
2023|I123S3C180J4V3,I123S3C180J4V3,TRABAJO SOCIAL MENCION EN INTERVENCION SOCIAL,Ciencias Sociales,Salud y Bienestar,Bienestar,Profesional Sin Licenciatura,Carreras Profesionales,NO ACREDITADA
2023|I176S10C200J3V1,I176S10C200J3V1,"TRABAJO SOCIAL, CONTINUIDAD",Ciencias Sociales,Salud y Bienestar,Bienestar,Profesional Sin Licenciatura,Carreras Profesionales,NO ACREDITADA
2023|I176S7C200J3V1,I176S7C200J3V1,"TRABAJO SOCIAL, CONTINUIDAD",Ciencias Sociales,Salud y Bienestar,Bienestar,Profesional Sin Licenciatura,Carreras Profesionales,NO ACREDITADA
2024|I176S7C200J3V1,I176S7C200J3V1,"TRABAJO SOCIAL, CONTINUIDAD",Ciencias Sociales,Salud y Bienestar,Bienestar,Profesional Sin Licenciatura,Carreras Profesionales,NO ACREDITADA
2023|I123S1C16J4V1,I123S1C16J4V1,ASISTENTE JURIDICO,Derecho,Administración de Empresas y Derecho,Derecho,Técnico de Nivel Superior,Carreras Técnicas,NO ACREDITADA
2023|I123S2C16J4V1,I123S2C16J4V1,ASISTENTE JURIDICO,Derecho,Administración de Empresas y Derecho,Derecho,Técnico de Nivel Superior,Carreras Técnicas,NO ACREDITADA
2023|I123S3C16J4V1,I123S3C16J4V1,ASISTENTE JURIDICO,Derecho,Administración de Empresas y Derecho,Derecho,Técnico de Nivel Superior,Carreras Técnicas,NO ACREDITADA
2023|I123S5C16J4V1,I123S5C16J4V1,ASISTENTE JURIDICO,Derecho,Administración de Empresas y Derecho,Derecho,Técnico de Nivel Superior,Carreras Técnicas,NO ACREDITADA
2024|I123S1C16J4V1,I123S1C16J4V1,ASISTENTE JURIDICO,Derecho,Administración de Empresas y Derecho,Derecho,Técnico de Nivel Superior,Carreras Técnicas,NO ACREDITADA
2024|I123S2C16J4V1,I123S2C16J4V1,ASISTENTE JURIDICO,Derecho,Administración de Empresas y Derecho,Derecho,Técnico de Nivel Superior,Carreras Técnicas,NO ACREDITADA
2025|I123S2C16J4V1,I123S2C16J4V1,ASISTENTE JURIDICO,Derecho,Administración de Empresas y Derecho,Derecho,Técnico de Nivel Superior,Carreras Técnicas,NO ACREDITADA
2026|I123S2C16J4V1,I123S2C16J4V1,ASISTENTE JURIDICO,Derecho,Administración de Empresas y Derecho,Derecho,Técnico de Nivel Superior,Carreras Técnicas,NO ACREDITADA
2023|I117S1C63J4V1,I117S1C63J4V1,TECNICO DE NIVEL SUPERIOR JURIDICO,Derecho,Administración de Empresas y Derecho,Derecho,Técnico de Nivel Superior,Carreras Técnicas,NO ACREDITADA
2024|I117S1C63J4V1,I117S1C63J4V1,TECNICO DE NIVEL SUPERIOR JURIDICO,Derecho,Administración de Empresas y Derecho,Derecho,Técnico de Nivel Superior,Carreras Técnicas,NO ACREDITADA
2025|I117S1C63J4V1,I117S1C63J4V1,TECNICO DE NIVEL SUPERIOR JURIDICO,Derecho,Administración de Empresas y Derecho,Derecho,Técnico de Nivel Superior,Carreras Técnicas,NO ACREDITADA
2023|I143S20C30J3V1,I143S20C30J3V1,TECNICO JURIDICO,Derecho,Administración de Empresas y Derecho,Derecho,Técnico de Nivel Superior,Carreras Técnicas,NO ACREDITADA
2023|I143S28C30J4V1,I143S28C30J4V1,TECNICO JURIDICO,Derecho,Administración de Empresas y Derecho,Derecho,Técnico de Nivel Superior,Carreras Técnicas,NO ACREDITADA
2024|I123S2C231J4V1,I123S2C231J4V1,TECNICO JURIDICO,Derecho,Administración de Empresas y Derecho,Derecho,Técnico de Nivel Superior,Carreras Técnicas,NO ACREDITADA
2024|I143S28C30J4V1,I143S28C30J4V1,TECNICO JURIDICO,Derecho,Administración de Empresas y Derecho,Derecho,Técnico de Nivel Superior,Carreras Técnicas,NO ACREDITADA
2024|I214S1C22J4V2,I214S1C22J4V2,TECNICO JURIDICO,Derecho,Administración de Empresas y Derecho,Derecho,Técnico de Nivel Superior,Carreras Técnicas,NO ACREDITADA
2025|I123S2C231J4V1,I123S2C231J4V1,TECNICO JURIDICO,Derecho,Administración de Empresas y Derecho,Derecho,Técnico de Nivel Superior,Carreras Técnicas,NO ACREDITADA
2025|I143S20C30J3V1,I143S20C30J3V1,TECNICO JURIDICO,Derecho,Administración de Empresas y Derecho,Derecho,Técnico de Nivel Superior,Carreras Técnicas,NO ACREDITADA
2025|I143S28C30J4V1,I143S28C30J4V1,TECNICO JURIDICO,Derecho,Administración de Empresas y Derecho,Derecho,Técnico de Nivel Superior,Carreras Técnicas,NO ACREDITADA
2026|I117S1C63J4V1,I117S1C63J4V1,TECNICO JURIDICO,Derecho,Administración de Empresas y Derecho,Derecho,Técnico de Nivel Superior,Carreras Técnicas,NO ACREDITADA
2026|I123S2C231J4V1,I123S2C231J4V1,TECNICO JURIDICO,Derecho,Administración de Empresas y Derecho,Derecho,Técnico de Nivel Superior,Carreras Técnicas,NO ACREDITADA
2026|I143S28C30J4V1,I143S28C30J4V1,TECNICO JURIDICO,Derecho,Administración de Empresas y Derecho,Derecho,Técnico de Nivel Superior,Carreras Técnicas,NO ACREDITADA
2023|I106S6C269J4V1,I106S6C269J4V1,TECNICO JURIDICO EN GESTION JUDICIAL,Derecho,Administración de Empresas y Derecho,Derecho,Técnico de Nivel Superior,Carreras Técnicas,NO ACREDITADA
2024|I106S6C269J4V1,I106S6C269J4V1,TECNICO JURIDICO EN GESTION JUDICIAL,Derecho,Administración de Empresas y Derecho,Derecho,Técnico de Nivel Superior,Carreras Técnicas,NO ACREDITADA
2024|I106S6C269J4V2,I106S6C269J4V2,TECNICO JURIDICO EN GESTION JUDICIAL,Derecho,Administración de Empresas y Derecho,Derecho,Técnico de Nivel Superior,Carreras Técnicas,NO ACREDITADA
2025|I106S6C269J4V1,I106S6C269J4V1,TECNICO JURIDICO EN GESTION JUDICIAL,Derecho,Administración de Empresas y Derecho,Derecho,Técnico de Nivel Superior,Carreras Técnicas,NO ACREDITADA
2025|I106S6C269J4V2,I106S6C269J4V2,TECNICO JURIDICO EN GESTION JUDICIAL,Derecho,Administración de Empresas y Derecho,Derecho,Técnico de Nivel Superior,Carreras Técnicas,NO ACREDITADA
2026|I106S6C269J4V2,I106S6C269J4V2,TECNICO JURIDICO EN GESTION JUDICIAL,Derecho,Administración de Empresas y Derecho,Derecho,Técnico de Nivel Superior,Carreras Técnicas,NO ACREDITADA
2023|I143S28C29J4V1,I143S28C29J4V1,ASISTENTE DE PARVULOS,Educación,Educación,Educación,Técnico de Nivel Superior,Carreras Técnicas,NO ACREDITADA
2024|I143S28C29J4V1,I143S28C29J4V1,ASISTENTE DE PARVULOS,Educación,Educación,Educación,Técnico de Nivel Superior,Carreras Técnicas,NO ACREDITADA
2025|I143S28C29J4V1,I143S28C29J4V1,ASISTENTE DE PARVULOS,Educación,Educación,Educación,Técnico de Nivel Superior,Carreras Técnicas,NO ACREDITADA
2026|I143S28C29J4V1,I143S28C29J4V1,ASISTENTE DE PARVULOS,Educación,Educación,Educación,Técnico de Nivel Superior,Carreras Técnicas,NO ACREDITADA
2023|I123S1C56J4V1,I123S1C56J4V1,ASISTENTE EN EDUCACION DE PARVULOS,Educación,Educación,Educación,Técnico de Nivel Superior,Carreras Técnicas,NO ACREDITADA
2023|I123S2C56J4V1,I123S2C56J4V1,ASISTENTE EN EDUCACION DE PARVULOS,Educación,Educación,Educación,Técnico de Nivel Superior,Carreras Técnicas,NO ACREDITADA
2023|I123S3C56J4V1,I123S3C56J4V1,ASISTENTE EN EDUCACION DE PARVULOS,Educación,Educación,Educación,Técnico de Nivel Superior,Carreras Técnicas,NO ACREDITADA
2023|I123S5C56J4V1,I123S5C56J4V1,ASISTENTE EN EDUCACION DE PARVULOS,Educación,Educación,Educación,Técnico de Nivel Superior,Carreras Técnicas,NO ACREDITADA
2024|I123S1C56J4V1,I123S1C56J4V1,ASISTENTE EN EDUCACION DE PARVULOS,Educación,Educación,Educación,Técnico de Nivel Superior,Carreras Técnicas,NO ACREDITADA
2024|I123S2C56J4V1,I123S2C56J4V1,ASISTENTE EN EDUCACION DE PARVULOS,Educación,Educación,Educación,Técnico de Nivel Superior,Carreras Técnicas,NO ACREDITADA
2024|I123S3C56J4V1,I123S3C56J4V1,ASISTENTE EN EDUCACION DE PARVULOS,Educación,Educación,Educación,Técnico de Nivel Superior,Carreras Técnicas,NO ACREDITADA
2025|I123S2C56J4V1,I123S2C56J4V1,ASISTENTE EN EDUCACION DE PARVULOS,Educación,Educación,Educación,Técnico de Nivel Superior,Carreras Técnicas,NO ACREDITADA
2026|I123S2C56J4V1,I123S2C56J4V1,ASISTENTE EN EDUCACION DE PARVULOS,Educación,Educación,Educación,Técnico de Nivel Superior,Carreras Técnicas,NO ACREDITADA
2023|I17S2C251J1V1,I17S2C251J1V1,CIENCIAS DE LA ACTIVIDAD FISICA Y DEL DEPORTE,Educación,Servicios,Servicios personales,Profesional Con Licenciatura,Carreras Profesionales,NO ACREDITADA
2023|I17S2C251J2V1,I17S2C251J2V1,CIENCIAS DE LA ACTIVIDAD FISICA Y DEL DEPORTE,Educación,Servicios,Servicios personales,Profesional Con Licenciatura,Carreras Profesionales,NO ACREDITADA
2024|I17S2C251J1V1,I17S2C251J1V1,CIENCIAS DE LA ACTIVIDAD FISICA Y DEL DEPORTE,Educación,Servicios,Servicios personales,Profesional Con Licenciatura,Carreras Profesionales,NO ACREDITADA
2024|I17S2C251J2V1,I17S2C251J2V1,CIENCIAS DE LA ACTIVIDAD FISICA Y DEL DEPORTE,Educación,Servicios,Servicios personales,Profesional Con Licenciatura,Carreras Profesionales,NO ACREDITADA
2025|I17S2C251J1V1,I17S2C251J1V1,CIENCIAS DE LA ACTIVIDAD FISICA Y DEL DEPORTE,Educación,Servicios,Servicios personales,Profesional Con Licenciatura,Carreras Profesionales,NO ACREDITADA
2025|I17S2C251J2V1,I17S2C251J2V1,CIENCIAS DE LA ACTIVIDAD FISICA Y DEL DEPORTE,Educación,Servicios,Servicios personales,Profesional Con Licenciatura,Carreras Profesionales,NO ACREDITADA
2026|I17S2C251J1V1,I17S2C251J1V1,CIENCIAS DE LA ACTIVIDAD FISICA Y DEL DEPORTE,Educación,Servicios,Servicios personales,Profesional Con Licenciatura,Carreras Profesionales,NO ACREDITADA
2026|I17S2C251J2V1,I17S2C251J2V1,CIENCIAS DE LA ACTIVIDAD FISICA Y DEL DEPORTE,Educación,Servicios,Servicios personales,Profesional Con Licenciatura,Carreras Profesionales,NO ACREDITADA
2023|I22S1C17J2V1,I22S1C17J2V1,EDUCACION PARVULARIA,Educación,Educación,Educación,Profesional Con Licenciatura,Carreras Profesionales,ACREDITADA
2023|I22S1C17J4V1,I22S1C17J4V1,EDUCACION PARVULARIA,Educación,Educación,Educación,Profesional Con Licenciatura,Carreras Profesionales,NO ACREDITADA
2024|I22S1C17J2V1,I22S1C17J2V1,EDUCACION PARVULARIA,Educación,Educación,Educación,Profesional Con Licenciatura,Carreras Profesionales,ACREDITADA
2024|I22S1C17J4V1,I22S1C17J4V1,EDUCACION PARVULARIA,Educación,Educación,Educación,Profesional Con Licenciatura,Carreras Profesionales,NO ACREDITADA
2025|I22S1C17J2V1,I22S1C17J2V1,EDUCACION PARVULARIA,Educación,Educación,Educación,Profesional Con Licenciatura,Carreras Profesionales,ACREDITADA
2025|I22S1C17J4V1,I22S1C17J4V1,EDUCACION PARVULARIA,Educación,Educación,Educación,Profesional Con Licenciatura,Carreras Profesionales,NO ACREDITADA
2026|I22S1C17J2V1,I22S1C17J2V1,EDUCACION PARVULARIA,Educación,Educación,Educación,Profesional Con Licenciatura,Carreras Profesionales,ACREDITADA
2026|I22S1C17J3V1,I22S1C17J3V1,EDUCACION PARVULARIA,Educación,Educación,Educación,Profesional Con Licenciatura,Carreras Profesionales,ACREDITADA
2026|I22S1C17J4V1,I22S1C17J4V1,EDUCACION PARVULARIA,Educación,Educación,Educación,Profesional Con Licenciatura,Carreras Profesionales,NO ACREDITADA
2023|I20S1C555J3V2,I20S1C555J3V2,ENTRENADOR DEPORTIVO,Educación,Servicios,Servicios personales,Profesional Con Licenciatura,Carreras Profesionales,NO ACREDITADA
2023|I20S3C555J3V2,I20S3C555J3V2,ENTRENADOR DEPORTIVO,Educación,Servicios,Servicios personales,Profesional Con Licenciatura,Carreras Profesionales,NO ACREDITADA
2023|I20S4C555J3V2,I20S4C555J3V2,ENTRENADOR DEPORTIVO,Educación,Servicios,Servicios personales,Profesional Con Licenciatura,Carreras Profesionales,NO ACREDITADA
2024|I20S1C555J3V2,I20S1C555J3V2,ENTRENADOR DEPORTIVO,Educación,Servicios,Servicios personales,Profesional Con Licenciatura,Carreras Profesionales,NO ACREDITADA
2024|I20S3C555J3V2,I20S3C555J3V2,ENTRENADOR DEPORTIVO,Educación,Servicios,Servicios personales,Profesional Con Licenciatura,Carreras Profesionales,NO ACREDITADA
2024|I20S4C555J3V2,I20S4C555J3V2,ENTRENADOR DEPORTIVO,Educación,Servicios,Servicios personales,Profesional Con Licenciatura,Carreras Profesionales,NO ACREDITADA
2025|I20S1C555J3V2,I20S1C555J3V2,ENTRENADOR DEPORTIVO,Educación,Servicios,Servicios personales,Profesional Con Licenciatura,Carreras Profesionales,NO ACREDITADA
2025|I20S1C555J4V2,I20S1C555J4V2,ENTRENADOR DEPORTIVO,Educación,Servicios,Servicios personales,Profesional Con Licenciatura,Carreras Profesionales,NO ACREDITADA
2025|I20S3C555J3V2,I20S3C555J3V2,ENTRENADOR DEPORTIVO,Educación,Servicios,Servicios personales,Profesional Con Licenciatura,Carreras Profesionales,NO ACREDITADA
2025|I20S3C555J4V2,I20S3C555J4V2,ENTRENADOR DEPORTIVO,Educación,Servicios,Servicios personales,Profesional Con Licenciatura,Carreras Profesionales,NO ACREDITADA
2025|I20S4C555J4V2,I20S4C555J4V2,ENTRENADOR DEPORTIVO,Educación,Servicios,Servicios personales,Profesional Con Licenciatura,Carreras Profesionales,NO ACREDITADA
2026|I10S7C1004J3V1,I10S7C1004J3V1,ENTRENADOR DEPORTIVO,Educación,Servicios,Servicios personales,Profesional Con Licenciatura,Carreras Profesionales,NO ACREDITADA
2026|I20S1C555J4V2,I20S1C555J4V2,ENTRENADOR DEPORTIVO,Educación,Servicios,Servicios personales,Profesional Con Licenciatura,Carreras Profesionales,NO ACREDITADA
2026|I20S3C555J4V2,I20S3C555J4V2,ENTRENADOR DEPORTIVO,Educación,Servicios,Servicios personales,Profesional Con Licenciatura,Carreras Profesionales,NO ACREDITADA
2026|I20S4C555J4V2,I20S4C555J4V2,ENTRENADOR DEPORTIVO,Educación,Servicios,Servicios personales,Profesional Con Licenciatura,Carreras Profesionales,NO ACREDITADA
2023|I312S1C103J4V1,I312S1C103J4V1,INSPECTOR EDUCACIONAL,Educación,Educación,Educación,Técnico de Nivel Superior,Carreras Técnicas,NO ACREDITADA
2023|I50S2C311J4V1,I50S2C311J4V1,LICENCIATURA EN CIENCIAS DE LA EDUCACION,Educación,Educación,Educación,Licenciatura No Conducente a Título,Carreras Profesionales,NO ACREDITADA
2024|I50S2C311J4V1,I50S2C311J4V1,LICENCIATURA EN CIENCIAS DE LA EDUCACION,Educación,Educación,Educación,Licenciatura No Conducente a Título,Carreras Profesionales,NO ACREDITADA
2025|I50S1C311J4V2,I50S1C311J4V2,LICENCIATURA EN CIENCIAS DE LA EDUCACION,Educación,Educación,Educación,Licenciatura No Conducente a Título,Carreras Profesionales,NO ACREDITADA
2026|I4S1C505J4V1,I4S1C505J4V1,LICENCIATURA EN CIENCIAS DE LA EDUCACION,Educación,Educación,Educación,Licenciatura No Conducente a Título,Carreras Profesionales,NO ACREDITADA
2026|I50S1C311J4V2,I50S1C311J4V2,LICENCIATURA EN CIENCIAS DE LA EDUCACION,Educación,Educación,Educación,Licenciatura No Conducente a Título,Carreras Profesionales,NO ACREDITADA
2023|I16S1C318J4V2,I16S1C318J4V2,LICENCIATURA EN EDUCACION,Educación,Educación,Educación,Licenciatura No Conducente a Título,Carreras Profesionales,NO ACREDITADA
2023|I17S2C306J4V1,I17S2C306J4V1,LICENCIATURA EN EDUCACION,Educación,Educación,Educación,Licenciatura No Conducente a Título,Carreras Profesionales,NO ACREDITADA
2023|I22S1C336J1V1,I22S1C336J1V1,LICENCIATURA EN EDUCACION,Educación,Educación,Educación,Licenciatura No Conducente a Título,Carreras Profesionales,NO ACREDITADA
2023|I22S1C336J4V1,I22S1C336J4V1,LICENCIATURA EN EDUCACION,Educación,Educación,Educación,Licenciatura No Conducente a Título,Carreras Profesionales,NO ACREDITADA
2023|I38S1C151J4V1,I38S1C151J4V1,LICENCIATURA EN EDUCACION,Educación,Educación,Educación,Licenciatura No Conducente a Título,Carreras Profesionales,NO ACREDITADA
2023|I68S1C132J4V2,I68S1C132J4V2,LICENCIATURA EN EDUCACION,Educación,Educación,Educación,Licenciatura No Conducente a Título,Carreras Profesionales,NO ACREDITADA
2024|I17S2C306J4V1,I17S2C306J4V1,LICENCIATURA EN EDUCACION,Educación,Educación,Educación,Licenciatura No Conducente a Título,Carreras Profesionales,NO ACREDITADA
2024|I22S1C336J4V1,I22S1C336J4V1,LICENCIATURA EN EDUCACION,Educación,Educación,Educación,Licenciatura No Conducente a Título,Carreras Profesionales,NO ACREDITADA
2024|I22S1C336J4V2,I22S1C336J4V2,LICENCIATURA EN EDUCACION,Educación,Educación,Educación,Licenciatura No Conducente a Título,Carreras Profesionales,NO ACREDITADA
2024|I38S1C151J4V1,I38S1C151J4V1,LICENCIATURA EN EDUCACION,Educación,Educación,Educación,Licenciatura No Conducente a Título,Carreras Profesionales,NO ACREDITADA
2024|I68S1C132J4V2,I68S1C132J4V2,LICENCIATURA EN EDUCACION,Educación,Educación,Educación,Licenciatura No Conducente a Título,Carreras Profesionales,NO ACREDITADA
2025|I17S2C306J4V1,I17S2C306J4V1,LICENCIATURA EN EDUCACION,Educación,Educación,Educación,Licenciatura No Conducente a Título,Carreras Profesionales,NO ACREDITADA
2025|I22S1C336J4V2,I22S1C336J4V2,LICENCIATURA EN EDUCACION,Educación,Educación,Educación,Licenciatura No Conducente a Título,Carreras Profesionales,NO ACREDITADA
2025|I38S1C151J4V1,I38S1C151J4V1,LICENCIATURA EN EDUCACION,Educación,Educación,Educación,Licenciatura No Conducente a Título,Carreras Profesionales,NO ACREDITADA
2025|I68S1C132J4V2,I68S1C132J4V2,LICENCIATURA EN EDUCACION,Educación,Educación,Educación,Licenciatura No Conducente a Título,Carreras Profesionales,NO ACREDITADA
2026|I22S1C336J4V2,I22S1C336J4V2,LICENCIATURA EN EDUCACION,Educación,Educación,Educación,Licenciatura No Conducente a Título,Carreras Profesionales,NO ACREDITADA
2026|I68S1C132J4V2,I68S1C132J4V2,LICENCIATURA EN EDUCACION,Educación,Educación,Educación,Licenciatura No Conducente a Título,Carreras Profesionales,NO ACREDITADA
2023|I46S5C625J4V1,I46S5C625J4V1,LICENCIATURA EN EDUCACION (PARA PROFESIONALES DEL AREA),Educación,Educación,Educación,Licenciatura No Conducente a Título,Carreras Profesionales,NO ACREDITADA
2023|I16S1C363J4V1,I16S1C363J4V1,LICENCIATURA EN EDUCACION INCLUSIVA MENCION INVESTIGACION DIDACTICA Y DIVERSIFICACION DEL CURRICULO Y LA ENSEÑANZA,Educación,Educación,Educación,Licenciatura No Conducente a Título,Carreras Profesionales,NO ACREDITADA
2023|I20S1C662J4V2,I20S1C662J4V2,LICENCIATURA EN PSICOPEDAGOGIA,Educación,Educación,Educación,Licenciatura No Conducente a Título,Carreras Profesionales,NO ACREDITADA
2024|I20S1C662J4V2,I20S1C662J4V2,LICENCIATURA EN PSICOPEDAGOGIA,Educación,Educación,Educación,Licenciatura No Conducente a Título,Carreras Profesionales,NO ACREDITADA
2025|I20S1C662J4V2,I20S1C662J4V2,LICENCIATURA EN PSICOPEDAGOGIA,Educación,Educación,Educación,Licenciatura No Conducente a Título,Carreras Profesionales,NO ACREDITADA
2026|I20S1C662J4V2,I20S1C662J4V2,LICENCIATURA EN PSICOPEDAGOGIA,Educación,Educación,Educación,Licenciatura No Conducente a Título,Carreras Profesionales,NO ACREDITADA
2023|I22S1C338J2V1,I22S1C338J2V1,PEDAGOGIA DE EDUCACION DIFERENCIAL MENCION DISCAPACIDAD INTELECTUAL,Educación,Educación,Educación,Profesional Con Licenciatura,Carreras Profesionales,ACREDITADA
2024|I22S1C338J2V1,I22S1C338J2V1,PEDAGOGIA DE EDUCACION DIFERENCIAL MENCION DISCAPACIDAD INTELECTUAL,Educación,Educación,Educación,Profesional Con Licenciatura,Carreras Profesionales,ACREDITADA
2024|I22S1C338J3V1,I22S1C338J3V1,PEDAGOGIA DE EDUCACION DIFERENCIAL MENCION DISCAPACIDAD INTELECTUAL,Educación,Educación,Educación,Profesional Con Licenciatura,Carreras Profesionales,ACREDITADA
2024|I22S1C338J4V2,I22S1C338J4V2,PEDAGOGIA DE EDUCACION DIFERENCIAL MENCION DISCAPACIDAD INTELECTUAL,Educación,Educación,Educación,Profesional Con Licenciatura,Carreras Profesionales,NO ACREDITADA
2025|I22S1C338J2V1,I22S1C338J2V1,PEDAGOGIA DE EDUCACION DIFERENCIAL MENCION DISCAPACIDAD INTELECTUAL,Educación,Educación,Educación,Profesional Con Licenciatura,Carreras Profesionales,ACREDITADA
2025|I22S1C338J3V1,I22S1C338J3V1,PEDAGOGIA DE EDUCACION DIFERENCIAL MENCION DISCAPACIDAD INTELECTUAL,Educación,Educación,Educación,Profesional Con Licenciatura,Carreras Profesionales,ACREDITADA
2025|I22S1C338J4V2,I22S1C338J4V2,PEDAGOGIA DE EDUCACION DIFERENCIAL MENCION DISCAPACIDAD INTELECTUAL,Educación,Educación,Educación,Profesional Con Licenciatura,Carreras Profesionales,NO ACREDITADA
2025|I22S1C338J4V3,I22S1C338J4V3,PEDAGOGIA DE EDUCACION DIFERENCIAL MENCION DISCAPACIDAD INTELECTUAL,Educación,Educación,Educación,Profesional Con Licenciatura,Carreras Profesionales,NO ACREDITADA
2026|I22S1C338J2V1,I22S1C338J2V1,PEDAGOGIA DE EDUCACION DIFERENCIAL MENCION DISCAPACIDAD INTELECTUAL,Educación,Educación,Educación,Profesional Con Licenciatura,Carreras Profesionales,ACREDITADA
2026|I22S1C338J3V1,I22S1C338J3V1,PEDAGOGIA DE EDUCACION DIFERENCIAL MENCION DISCAPACIDAD INTELECTUAL,Educación,Educación,Educación,Profesional Con Licenciatura,Carreras Profesionales,ACREDITADA
2026|I22S1C338J4V2,I22S1C338J4V2,PEDAGOGIA DE EDUCACION DIFERENCIAL MENCION DISCAPACIDAD INTELECTUAL,Educación,Educación,Educación,Profesional Con Licenciatura,Carreras Profesionales,NO ACREDITADA
2026|I22S1C338J4V3,I22S1C338J4V3,PEDAGOGIA DE EDUCACION DIFERENCIAL MENCION DISCAPACIDAD INTELECTUAL,Educación,Educación,Educación,Profesional Con Licenciatura,Carreras Profesionales,NO ACREDITADA
2024|I22S1C82J3V4,I22S1C82J3V4,PEDAGOGIA EN EDUCACION FISICA,Educación,Educación,Educación,Profesional Con Licenciatura,Carreras Profesionales,NO ACREDITADA
2025|I22S1C82J3V4,I22S1C82J3V4,PEDAGOGIA EN EDUCACION FISICA,Educación,Educación,Educación,Profesional Con Licenciatura,Carreras Profesionales,NO ACREDITADA
2026|I22S1C82J3V4,I22S1C82J3V4,PEDAGOGIA EN EDUCACION FISICA,Educación,Educación,Educación,Profesional Con Licenciatura,Carreras Profesionales,NO ACREDITADA
2026|I31S1C5J3V3,I31S1C5J3V3,PEDAGOGIA EN EDUCACION PARVULARIA,Educación,Educación,Educación,Profesional Con Licenciatura,Carreras Profesionales,NO ACREDITADA
2026|I31S2C5J3V3,I31S2C5J3V3,PEDAGOGIA EN EDUCACION PARVULARIA,Educación,Educación,Educación,Profesional Con Licenciatura,Carreras Profesionales,NO ACREDITADA
2026|I31S3C5J3V3,I31S3C5J3V3,PEDAGOGIA EN EDUCACION PARVULARIA,Educación,Educación,Educación,Profesional Con Licenciatura,Carreras Profesionales,NO ACREDITADA
2025|I83S1C60J4V1,I83S1C60J4V1,PLAN DE FORMACION PEDAGOGICA DE PROFESORES DE EDUCACION TECNICO PROFESIONAL,Educación,Educación,Educación,Profesional Con Licenciatura,Carreras Profesionales,NO ACREDITADA
2026|I45S4C1259J3V1,I45S4C1259J3V1,PROGRAMA DE FORMACION PEDAGOGICA EN EDUCACION BASICA,Educación,Educación,Educación,Profesional Con Licenciatura,Carreras Profesionales,NO ACREDITADA
2025|I78S5C341J3V2,I78S5C341J3V2,PROGRAMA DE FORMACION PEDAGOGICA EN EDUCACION MEDIA EN ALEMAN,Educación,Educación,Educación,Profesional Con Licenciatura,Carreras Profesionales,ACREDITADA
2026|I78S5C341J3V2,I78S5C341J3V2,PROGRAMA DE FORMACION PEDAGOGICA EN EDUCACION MEDIA EN ALEMAN,Educación,Educación,Educación,Profesional Con Licenciatura,Carreras Profesionales,ACREDITADA
2024|I22S1C379J4V1,I22S1C379J4V1,PROGRAMA DE FORMACION PEDAGOGICA EN EDUCACION MEDIA PARA LICENCIADOS Y PROFESIONALES,Educación,Educación,Educación,Profesional Con Licenciatura,Carreras Profesionales,NO ACREDITADA
2025|I22S1C379J4V1,I22S1C379J4V1,PROGRAMA DE FORMACION PEDAGOGICA EN EDUCACION MEDIA PARA LICENCIADOS Y PROFESIONALES,Educación,Educación,Educación,Profesional Con Licenciatura,Carreras Profesionales,NO ACREDITADA
2026|I22S1C379J4V1,I22S1C379J4V1,PROGRAMA DE FORMACION PEDAGOGICA EN EDUCACION MEDIA PARA LICENCIADOS Y PROFESIONALES,Educación,Educación,Educación,Profesional Con Licenciatura,Carreras Profesionales,NO ACREDITADA
2024|I78S8C429J3V1,I78S8C429J3V1,PROGRAMA DE FORMACION PEDAGOGICA PARA PROFESIONALES Y/O LICENCIADOS(AS),Educación,Educación,Educación,Profesional Con Licenciatura,Carreras Profesionales,NO ACREDITADA
2025|I78S8C429J3V1,I78S8C429J3V1,PROGRAMA DE FORMACION PEDAGOGICA PARA PROFESIONALES Y/O LICENCIADOS(AS),Educación,Educación,Educación,Profesional Con Licenciatura,Carreras Profesionales,NO ACREDITADA
2026|I78S8C429J3V1,I78S8C429J3V1,PROGRAMA DE FORMACION PEDAGOGICA PARA PROFESIONALES Y/O LICENCIADOS(AS),Educación,Educación,Educación,Profesional Con Licenciatura,Carreras Profesionales,ACREDITADA
2026|I20S1C933J3V1,I20S1C933J3V1,PROGRAMA DE PROSECUCION DE ESTUDIOS EN EDUCACION DIFERENCIAL CON MENCION EN DISCAPACIDAD INTELECTUAL,Educación,Educación,Educación,Profesional Con Licenciatura,Carreras Profesionales,NO ACREDITADA
2024|I82S1C260J3V1,I82S1C260J3V1,PROSECUCION DE ESTUDIOS EN LICENCIATURA EN EDUCACION Y PEDAGOGIA EN EDUCACION BASICA,Educación,Educación,Educación,Profesional Con Licenciatura,Carreras Profesionales,NO ACREDITADA
2025|I82S1C260J3V1,I82S1C260J3V1,PROSECUCION DE ESTUDIOS EN LICENCIATURA EN EDUCACION Y PEDAGOGIA EN EDUCACION BASICA,Educación,Educación,Educación,Profesional Con Licenciatura,Carreras Profesionales,NO ACREDITADA
2026|I82S1C260J3V1,I82S1C260J3V1,PROSECUCION DE ESTUDIOS EN LICENCIATURA EN EDUCACION Y PEDAGOGIA EN EDUCACION BASICA,Educación,Educación,Educación,Profesional Con Licenciatura,Carreras Profesionales,NO ACREDITADA
2026|I82S1C277J3V1,I82S1C277J3V1,PROSECUCION DE ESTUDIOS EN PEDAGOGIA EN FISICA O QUIMICA,Educación,Educación,Educación,Profesional Con Licenciatura,Carreras Profesionales,NO ACREDITADA
2024|I82S1C213J3V1,I82S1C213J3V1,PROSECUCION DE ESTUDIOS LICENCIATURA EN EDUCACION Y PEDAGOGIA EN ARTES ESCENICAS CON MENCION EN DANZA O TEATRO,Educación,Educación,Educación,Profesional Con Licenciatura,Carreras Profesionales,NO ACREDITADA
2025|I82S1C213J3V1,I82S1C213J3V1,PROSECUCION DE ESTUDIOS LICENCIATURA EN EDUCACION Y PEDAGOGIA EN ARTES ESCENICAS CON MENCION EN DANZA O TEATRO,Educación,Educación,Educación,Profesional Con Licenciatura,Carreras Profesionales,NO ACREDITADA
2026|I82S1C213J3V1,I82S1C213J3V1,PROSECUCION DE ESTUDIOS LICENCIATURA EN EDUCACION Y PEDAGOGIA EN ARTES ESCENICAS CON MENCION EN DANZA O TEATRO,Educación,Educación,Educación,Profesional Con Licenciatura,Carreras Profesionales,NO ACREDITADA
2023|I106S6C15J4V1,I106S6C15J4V1,PSICOPEDAGOGIA,Educación,Educación,Educación,Profesional Sin Licenciatura,Carreras Profesionales,NO ACREDITADA
2023|I10S7C375J4V2,I10S7C375J4V2,PSICOPEDAGOGIA,Educación,Educación,Educación,Profesional Con Licenciatura,Carreras Profesionales,NO ACREDITADA
2023|I116S40C196J4V1,I116S40C196J4V1,PSICOPEDAGOGIA,Educación,Educación,Educación,Profesional Sin Licenciatura,Carreras Profesionales,NO ACREDITADA
2023|I117S1C91J4V1,I117S1C91J4V1,PSICOPEDAGOGIA,Educación,Educación,Educación,Profesional Sin Licenciatura,Carreras Profesionales,NO ACREDITADA
2023|I120S1C310J4V1,I120S1C310J4V1,PSICOPEDAGOGIA,Educación,Educación,Educación,Profesional Sin Licenciatura,Carreras Profesionales,NO ACREDITADA
2023|I120S2C310J4V1,I120S2C310J4V1,PSICOPEDAGOGIA,Educación,Educación,Educación,Profesional Sin Licenciatura,Carreras Profesionales,NO ACREDITADA
2023|I120S3C310J4V1,I120S3C310J4V1,PSICOPEDAGOGIA,Educación,Educación,Educación,Profesional Sin Licenciatura,Carreras Profesionales,NO ACREDITADA
2023|I143S28C100J4V1,I143S28C100J4V1,PSICOPEDAGOGIA,Educación,Educación,Educación,Profesional Sin Licenciatura,Carreras Profesionales,NO ACREDITADA
2023|I152S10C21J4V4,I152S10C21J4V4,PSICOPEDAGOGIA,Educación,Educación,Educación,Profesional Sin Licenciatura,Carreras Profesionales,NO ACREDITADA
2023|I152S10C21J4V5,I152S10C21J4V5,PSICOPEDAGOGIA,Educación,Educación,Educación,Profesional Sin Licenciatura,Carreras Profesionales,NO ACREDITADA
2023|I176S7C42J3V1,I176S7C42J3V1,PSICOPEDAGOGIA,Educación,Educación,Educación,Profesional Sin Licenciatura,Carreras Profesionales,NO ACREDITADA
2023|I176S7C42J4V1,I176S7C42J4V1,PSICOPEDAGOGIA,Educación,Educación,Educación,Profesional Sin Licenciatura,Carreras Profesionales,NO ACREDITADA
2023|I176S7C42J4V3,I176S7C42J4V3,PSICOPEDAGOGIA,Educación,Educación,Educación,Profesional Sin Licenciatura,Carreras Profesionales,NO ACREDITADA
2023|I22S1C288J2V2,I22S1C288J2V2,PSICOPEDAGOGIA,Educación,Educación,Educación,Profesional Con Licenciatura,Carreras Profesionales,NO ACREDITADA
2024|I106S6C15J4V1,I106S6C15J4V1,PSICOPEDAGOGIA,Educación,Educación,Educación,Profesional Sin Licenciatura,Carreras Profesionales,NO ACREDITADA
2024|I106S6C15J4V2,I106S6C15J4V2,PSICOPEDAGOGIA,Educación,Educación,Educación,Profesional Sin Licenciatura,Carreras Profesionales,NO ACREDITADA
2024|I10S7C375J4V2,I10S7C375J4V2,PSICOPEDAGOGIA,Educación,Educación,Educación,Profesional Con Licenciatura,Carreras Profesionales,NO ACREDITADA
2024|I116S40C196J4V1,I116S40C196J4V1,PSICOPEDAGOGIA,Educación,Educación,Educación,Profesional Sin Licenciatura,Carreras Profesionales,NO ACREDITADA
2024|I117S1C91J4V1,I117S1C91J4V1,PSICOPEDAGOGIA,Educación,Educación,Educación,Profesional Sin Licenciatura,Carreras Profesionales,NO ACREDITADA
2024|I120S1C310J4V1,I120S1C310J4V1,PSICOPEDAGOGIA,Educación,Educación,Educación,Profesional Sin Licenciatura,Carreras Profesionales,NO ACREDITADA
2024|I120S2C310J4V1,I120S2C310J4V1,PSICOPEDAGOGIA,Educación,Educación,Educación,Profesional Sin Licenciatura,Carreras Profesionales,NO ACREDITADA
2024|I120S3C310J4V1,I120S3C310J4V1,PSICOPEDAGOGIA,Educación,Educación,Educación,Profesional Sin Licenciatura,Carreras Profesionales,NO ACREDITADA
2024|I120S4C310J3V1,I120S4C310J3V1,PSICOPEDAGOGIA,Educación,Educación,Educación,Profesional Sin Licenciatura,Carreras Profesionales,NO ACREDITADA
2024|I143S28C100J4V1,I143S28C100J4V1,PSICOPEDAGOGIA,Educación,Educación,Educación,Profesional Sin Licenciatura,Carreras Profesionales,NO ACREDITADA
2024|I152S10C21J4V3,I152S10C21J4V3,PSICOPEDAGOGIA,Educación,Educación,Educación,Profesional Sin Licenciatura,Carreras Profesionales,NO ACREDITADA
2024|I176S7C42J3V1,I176S7C42J3V1,PSICOPEDAGOGIA,Educación,Educación,Educación,Profesional Sin Licenciatura,Carreras Profesionales,NO ACREDITADA
2024|I176S7C42J4V1,I176S7C42J4V1,PSICOPEDAGOGIA,Educación,Educación,Educación,Profesional Sin Licenciatura,Carreras Profesionales,NO ACREDITADA
2024|I176S7C42J4V3,I176S7C42J4V3,PSICOPEDAGOGIA,Educación,Educación,Educación,Profesional Sin Licenciatura,Carreras Profesionales,NO ACREDITADA
2024|I22S1C288J2V2,I22S1C288J2V2,PSICOPEDAGOGIA,Educación,Educación,Educación,Profesional Con Licenciatura,Carreras Profesionales,NO ACREDITADA
2025|I106S6C15J4V2,I106S6C15J4V2,PSICOPEDAGOGIA,Educación,Educación,Educación,Profesional Sin Licenciatura,Carreras Profesionales,NO ACREDITADA
2025|I10S7C375J4V2,I10S7C375J4V2,PSICOPEDAGOGIA,Educación,Educación,Educación,Profesional Con Licenciatura,Carreras Profesionales,NO ACREDITADA
2025|I116S40C196J4V1,I116S40C196J4V1,PSICOPEDAGOGIA,Educación,Educación,Educación,Profesional Sin Licenciatura,Carreras Profesionales,NO ACREDITADA
2025|I117S1C91J4V1,I117S1C91J4V1,PSICOPEDAGOGIA,Educación,Educación,Educación,Profesional Sin Licenciatura,Carreras Profesionales,NO ACREDITADA
2025|I143S28C100J4V1,I143S28C100J4V1,PSICOPEDAGOGIA,Educación,Educación,Educación,Profesional Sin Licenciatura,Carreras Profesionales,NO ACREDITADA
2025|I152S10C21J4V5,I152S10C21J4V5,PSICOPEDAGOGIA,Educación,Educación,Educación,Profesional Sin Licenciatura,Carreras Profesionales,NO ACREDITADA
2025|I22S1C288J2V2,I22S1C288J2V2,PSICOPEDAGOGIA,Educación,Educación,Educación,Profesional Con Licenciatura,Carreras Profesionales,NO ACREDITADA
2026|I106S6C15J4V2,I106S6C15J4V2,PSICOPEDAGOGIA,Educación,Educación,Educación,Profesional Sin Licenciatura,Carreras Profesionales,NO ACREDITADA
2026|I10S7C375J4V2,I10S7C375J4V2,PSICOPEDAGOGIA,Educación,Educación,Educación,Profesional Con Licenciatura,Carreras Profesionales,NO ACREDITADA
2026|I116S40C196J4V1,I116S40C196J4V1,PSICOPEDAGOGIA,Educación,Educación,Educación,Profesional Sin Licenciatura,Carreras Profesionales,NO ACREDITADA
2026|I117S1C91J4V1,I117S1C91J4V1,PSICOPEDAGOGIA,Educación,Educación,Educación,Profesional Sin Licenciatura,Carreras Profesionales,NO ACREDITADA
2026|I120S1C310J4V1,I120S1C310J4V1,PSICOPEDAGOGIA,Educación,Educación,Educación,Profesional Sin Licenciatura,Carreras Profesionales,NO ACREDITADA
2026|I120S2C310J4V1,I120S2C310J4V1,PSICOPEDAGOGIA,Educación,Educación,Educación,Profesional Sin Licenciatura,Carreras Profesionales,NO ACREDITADA
2026|I120S3C310J4V1,I120S3C310J4V1,PSICOPEDAGOGIA,Educación,Educación,Educación,Profesional Sin Licenciatura,Carreras Profesionales,NO ACREDITADA
2026|I120S4C310J4V1,I120S4C310J4V1,PSICOPEDAGOGIA,Educación,Educación,Educación,Profesional Sin Licenciatura,Carreras Profesionales,NO ACREDITADA
2026|I143S28C100J4V1,I143S28C100J4V1,PSICOPEDAGOGIA,Educación,Educación,Educación,Profesional Sin Licenciatura,Carreras Profesionales,NO ACREDITADA
2026|I152S10C21J4V4,I152S10C21J4V4,PSICOPEDAGOGIA,Educación,Educación,Educación,Profesional Sin Licenciatura,Carreras Profesionales,NO ACREDITADA
2026|I22S1C288J2V2,I22S1C288J2V2,PSICOPEDAGOGIA,Educación,Educación,Educación,Profesional Con Licenciatura,Carreras Profesionales,NO ACREDITADA
2023|I176S7C830J3V1,I176S7C830J3V1,PSICOPEDAGOGIA (CONTINUIDAD),Educación,Educación,Educación,Profesional Sin Licenciatura,Carreras Profesionales,NO ACREDITADA
2024|I176S7C830J3V1,I176S7C830J3V1,PSICOPEDAGOGIA (CONTINUIDAD),Educación,Educación,Educación,Profesional Sin Licenciatura,Carreras Profesionales,NO ACREDITADA
2023|I113S7C433J4V1,I113S7C433J4V1,PSICOPEDAGOGIA PLAN CONTINUIDAD,Educación,Educación,Educación,Profesional Sin Licenciatura,Carreras Profesionales,NO ACREDITADA
2024|I113S7C433J4V1,I113S7C433J4V1,PSICOPEDAGOGIA PLAN CONTINUIDAD,Educación,Educación,Educación,Profesional Sin Licenciatura,Carreras Profesionales,NO ACREDITADA
2025|I113S13C433J4V1,I113S13C433J4V1,PSICOPEDAGOGIA PLAN CONTINUIDAD,Educación,Educación,Educación,Profesional Sin Licenciatura,Carreras Profesionales,NO ACREDITADA
2025|I113S7C433J4V1,I113S7C433J4V1,PSICOPEDAGOGIA PLAN CONTINUIDAD,Educación,Educación,Educación,Profesional Sin Licenciatura,Carreras Profesionales,NO ACREDITADA
2026|I113S13C433J4V1,I113S13C433J4V1,PSICOPEDAGOGIA PLAN CONTINUIDAD,Educación,Educación,Educación,Profesional Sin Licenciatura,Carreras Profesionales,NO ACREDITADA
2026|I113S7C433J4V1,I113S7C433J4V1,PSICOPEDAGOGIA PLAN CONTINUIDAD,Educación,Educación,Educación,Profesional Sin Licenciatura,Carreras Profesionales,NO ACREDITADA
2023|I113S7C433J4V3,I113S7C433J4V3,PSICOPEDAGOGIA PROFESIONAL,Educación,Educación,Educación,Profesional Sin Licenciatura,Carreras Profesionales,NO ACREDITADA
2024|I113S7C433J4V3,I113S7C433J4V3,PSICOPEDAGOGIA PROFESIONAL,Educación,Educación,Educación,Profesional Sin Licenciatura,Carreras Profesionales,NO ACREDITADA
2025|I113S13C433J4V3,I113S13C433J4V3,PSICOPEDAGOGIA PROFESIONAL,Educación,Educación,Educación,Profesional Sin Licenciatura,Carreras Profesionales,NO ACREDITADA
2025|I113S7C433J4V3,I113S7C433J4V3,PSICOPEDAGOGIA PROFESIONAL,Educación,Educación,Educación,Profesional Sin Licenciatura,Carreras Profesionales,NO ACREDITADA
2026|I113S13C433J4V3,I113S13C433J4V3,PSICOPEDAGOGIA PROFESIONAL,Educación,Educación,Educación,Profesional Sin Licenciatura,Carreras Profesionales,NO ACREDITADA
2026|I113S7C433J4V3,I113S7C433J4V3,PSICOPEDAGOGIA PROFESIONAL,Educación,Educación,Educación,Profesional Sin Licenciatura,Carreras Profesionales,NO ACREDITADA
2023|I176S7C830J4V1,I176S7C830J4V1,PSICOPEDAGOGIA(CONTINUIDAD),Educación,Educación,Educación,Profesional Sin Licenciatura,Carreras Profesionales,NO ACREDITADA
2023|I176S7C830J4V2,I176S7C830J4V2,PSICOPEDAGOGIA(CONTINUIDAD),Educación,Educación,Educación,Profesional Sin Licenciatura,Carreras Profesionales,NO ACREDITADA
2024|I176S7C830J4V1,I176S7C830J4V1,PSICOPEDAGOGIA(CONTINUIDAD),Educación,Educación,Educación,Profesional Sin Licenciatura,Carreras Profesionales,NO ACREDITADA
2024|I176S7C830J4V2,I176S7C830J4V2,PSICOPEDAGOGIA(CONTINUIDAD),Educación,Educación,Educación,Profesional Sin Licenciatura,Carreras Profesionales,NO ACREDITADA
2023|I176S10C830J3V1,I176S10C830J3V1,"PSICOPEDAGOGIA, CONTINUIDAD",Educación,Educación,Educación,Profesional Sin Licenciatura,Carreras Profesionales,NO ACREDITADA
2024|I176S10C830J3V1,I176S10C830J3V1,"PSICOPEDAGOGIA, CONTINUIDAD",Educación,Educación,Educación,Profesional Sin Licenciatura,Carreras Profesionales,NO ACREDITADA
2023|I143S28C469J4V1,I143S28C469J4V1,TECNICO ASISTENTE EN EDUCACION ESPECIAL,Educación,Educación,Educación,Técnico de Nivel Superior,Carreras Técnicas,NO ACREDITADA
2024|I143S28C469J4V1,I143S28C469J4V1,TECNICO ASISTENTE EN EDUCACION ESPECIAL,Educación,Educación,Educación,Técnico de Nivel Superior,Carreras Técnicas,NO ACREDITADA
2025|I143S28C469J4V1,I143S28C469J4V1,TECNICO ASISTENTE EN EDUCACION ESPECIAL,Educación,Educación,Educación,Técnico de Nivel Superior,Carreras Técnicas,NO ACREDITADA
2023|I312S1C102J4V1,I312S1C102J4V1,TECNICO DE NIVEL SUPERIOR EN ASISTENTE DE AULA,Educación,Educación,Educación,Técnico de Nivel Superior,Carreras Técnicas,NO ACREDITADA
2023|I312S1C102J4V3,I312S1C102J4V3,TECNICO DE NIVEL SUPERIOR EN ASISTENTE DE AULA,Educación,Educación,Educación,Técnico de Nivel Superior,Carreras Técnicas,NO ACREDITADA
2024|I312S1C102J4V1,I312S1C102J4V1,TECNICO DE NIVEL SUPERIOR EN ASISTENTE DE AULA,Educación,Educación,Educación,Técnico de Nivel Superior,Carreras Técnicas,NO ACREDITADA
2024|I312S1C102J4V2,I312S1C102J4V2,TECNICO DE NIVEL SUPERIOR EN ASISTENTE DE AULA,Educación,Educación,Educación,Técnico de Nivel Superior,Carreras Técnicas,NO ACREDITADA
2025|I312S1C102J4V1,I312S1C102J4V1,TECNICO DE NIVEL SUPERIOR EN ASISTENTE DE AULA,Educación,Educación,Educación,Técnico de Nivel Superior,Carreras Técnicas,NO ACREDITADA
2025|I312S1C102J4V3,I312S1C102J4V3,TECNICO DE NIVEL SUPERIOR EN ASISTENTE DE AULA,Educación,Educación,Educación,Técnico de Nivel Superior,Carreras Técnicas,NO ACREDITADA
2026|I312S1C102J4V1,I312S1C102J4V1,TECNICO DE NIVEL SUPERIOR EN ASISTENTE DE AULA,Educación,Educación,Educación,Técnico de Nivel Superior,Carreras Técnicas,NO ACREDITADA
2026|I312S1C102J4V3,I312S1C102J4V3,TECNICO DE NIVEL SUPERIOR EN ASISTENTE DE AULA,Educación,Educación,Educación,Técnico de Nivel Superior,Carreras Técnicas,NO ACREDITADA
2023|I176S10C831J3V2,I176S10C831J3V2,TECNICO DE NIVEL SUPERIOR EN ASISTENTE DE LA EDUCACION,Educación,Educación,Educación,Técnico de Nivel Superior,Carreras Técnicas,NO ACREDITADA
2023|I176S7C831J3V2,I176S7C831J3V2,TECNICO DE NIVEL SUPERIOR EN ASISTENTE DE LA EDUCACION,Educación,Educación,Educación,Técnico de Nivel Superior,Carreras Técnicas,NO ACREDITADA
2023|I176S7C831J4V1,I176S7C831J4V1,TECNICO DE NIVEL SUPERIOR EN ASISTENTE DE LA EDUCACION,Educación,Educación,Educación,Técnico de Nivel Superior,Carreras Técnicas,NO ACREDITADA
2024|I176S10C831J3V2,I176S10C831J3V2,TECNICO DE NIVEL SUPERIOR EN ASISTENTE DE LA EDUCACION,Educación,Educación,Educación,Técnico de Nivel Superior,Carreras Técnicas,NO ACREDITADA
2024|I176S7C831J3V2,I176S7C831J3V2,TECNICO DE NIVEL SUPERIOR EN ASISTENTE DE LA EDUCACION,Educación,Educación,Educación,Técnico de Nivel Superior,Carreras Técnicas,NO ACREDITADA
2023|I113S7C506J4V1,I113S7C506J4V1,TECNICO DE NIVEL SUPERIOR EN EDUCACION BASICA,Educación,Educación,Educación,Técnico de Nivel Superior,Carreras Técnicas,NO ACREDITADA
2024|I113S7C506J4V1,I113S7C506J4V1,TECNICO DE NIVEL SUPERIOR EN EDUCACION BASICA,Educación,Educación,Educación,Técnico de Nivel Superior,Carreras Técnicas,NO ACREDITADA
2025|I113S13C506J4V1,I113S13C506J4V1,TECNICO DE NIVEL SUPERIOR EN EDUCACION BASICA,Educación,Educación,Educación,Técnico de Nivel Superior,Carreras Técnicas,NO ACREDITADA
2025|I113S7C506J4V1,I113S7C506J4V1,TECNICO DE NIVEL SUPERIOR EN EDUCACION BASICA,Educación,Educación,Educación,Técnico de Nivel Superior,Carreras Técnicas,NO ACREDITADA
2026|I113S13C506J4V1,I113S13C506J4V1,TECNICO DE NIVEL SUPERIOR EN EDUCACION BASICA,Educación,Educación,Educación,Técnico de Nivel Superior,Carreras Técnicas,NO ACREDITADA
2026|I113S7C506J4V1,I113S7C506J4V1,TECNICO DE NIVEL SUPERIOR EN EDUCACION BASICA,Educación,Educación,Educación,Técnico de Nivel Superior,Carreras Técnicas,NO ACREDITADA
2023|I113S7C67J4V1,I113S7C67J4V1,TECNICO DE NIVEL SUPERIOR EN EDUCACION DIFERENCIAL,Educación,Educación,Educación,Técnico de Nivel Superior,Carreras Técnicas,NO ACREDITADA
2023|I117S1C70J4V1,I117S1C70J4V1,TECNICO DE NIVEL SUPERIOR EN EDUCACION DIFERENCIAL,Educación,Educación,Educación,Técnico de Nivel Superior,Carreras Técnicas,NO ACREDITADA
2023|I176S10C68J3V1,I176S10C68J3V1,TECNICO DE NIVEL SUPERIOR EN EDUCACION DIFERENCIAL,Educación,Educación,Educación,Técnico de Nivel Superior,Carreras Técnicas,NO ACREDITADA
2023|I176S10C68J3V2,I176S10C68J3V2,TECNICO DE NIVEL SUPERIOR EN EDUCACION DIFERENCIAL,Educación,Educación,Educación,Técnico de Nivel Superior,Carreras Técnicas,NO ACREDITADA
2023|I176S7C68J4V1,I176S7C68J4V1,TECNICO DE NIVEL SUPERIOR EN EDUCACION DIFERENCIAL,Educación,Educación,Educación,Técnico de Nivel Superior,Carreras Técnicas,NO ACREDITADA
2023|I176S7C68J4V3,I176S7C68J4V3,TECNICO DE NIVEL SUPERIOR EN EDUCACION DIFERENCIAL,Educación,Educación,Educación,Técnico de Nivel Superior,Carreras Técnicas,NO ACREDITADA
2023|I46S17C629J3V2,I46S17C629J3V2,TECNICO DE NIVEL SUPERIOR EN EDUCACION DIFERENCIAL,Educación,Educación,Educación,Técnico de Nivel Superior,Carreras Técnicas,NO ACREDITADA
2024|I113S7C67J4V1,I113S7C67J4V1,TECNICO DE NIVEL SUPERIOR EN EDUCACION DIFERENCIAL,Educación,Educación,Educación,Técnico de Nivel Superior,Carreras Técnicas,NO ACREDITADA
2024|I117S1C70J4V1,I117S1C70J4V1,TECNICO DE NIVEL SUPERIOR EN EDUCACION DIFERENCIAL,Educación,Educación,Educación,Técnico de Nivel Superior,Carreras Técnicas,NO ACREDITADA
2024|I176S10C68J3V2,I176S10C68J3V2,TECNICO DE NIVEL SUPERIOR EN EDUCACION DIFERENCIAL,Educación,Educación,Educación,Técnico de Nivel Superior,Carreras Técnicas,NO ACREDITADA
2024|I176S7C68J4V1,I176S7C68J4V1,TECNICO DE NIVEL SUPERIOR EN EDUCACION DIFERENCIAL,Educación,Educación,Educación,Técnico de Nivel Superior,Carreras Técnicas,NO ACREDITADA
2024|I176S7C68J4V3,I176S7C68J4V3,TECNICO DE NIVEL SUPERIOR EN EDUCACION DIFERENCIAL,Educación,Educación,Educación,Técnico de Nivel Superior,Carreras Técnicas,NO ACREDITADA
2025|I113S13C67J4V1,I113S13C67J4V1,TECNICO DE NIVEL SUPERIOR EN EDUCACION DIFERENCIAL,Educación,Educación,Educación,Técnico de Nivel Superior,Carreras Técnicas,NO ACREDITADA
2025|I113S7C67J4V1,I113S7C67J4V1,TECNICO DE NIVEL SUPERIOR EN EDUCACION DIFERENCIAL,Educación,Educación,Educación,Técnico de Nivel Superior,Carreras Técnicas,NO ACREDITADA
2025|I117S1C70J4V1,I117S1C70J4V1,TECNICO DE NIVEL SUPERIOR EN EDUCACION DIFERENCIAL,Educación,Educación,Educación,Técnico de Nivel Superior,Carreras Técnicas,NO ACREDITADA
2026|I113S13C67J4V1,I113S13C67J4V1,TECNICO DE NIVEL SUPERIOR EN EDUCACION DIFERENCIAL,Educación,Educación,Educación,Técnico de Nivel Superior,Carreras Técnicas,NO ACREDITADA
2026|I113S7C67J4V1,I113S7C67J4V1,TECNICO DE NIVEL SUPERIOR EN EDUCACION DIFERENCIAL,Educación,Educación,Educación,Técnico de Nivel Superior,Carreras Técnicas,NO ACREDITADA
2023|I312S1C122J4V1,I312S1C122J4V1,TECNICO DE NIVEL SUPERIOR EN EDUCACION ESPECIAL,Educación,Educación,Educación,Técnico de Nivel Superior,Carreras Técnicas,NO ACREDITADA
2023|I312S1C122J4V2,I312S1C122J4V2,TECNICO DE NIVEL SUPERIOR EN EDUCACION ESPECIAL,Educación,Educación,Educación,Técnico de Nivel Superior,Carreras Técnicas,NO ACREDITADA
2024|I312S1C122J4V1,I312S1C122J4V1,TECNICO DE NIVEL SUPERIOR EN EDUCACION ESPECIAL,Educación,Educación,Educación,Técnico de Nivel Superior,Carreras Técnicas,NO ACREDITADA
2024|I312S1C122J4V2,I312S1C122J4V2,TECNICO DE NIVEL SUPERIOR EN EDUCACION ESPECIAL,Educación,Educación,Educación,Técnico de Nivel Superior,Carreras Técnicas,NO ACREDITADA
2025|I312S1C122J4V1,I312S1C122J4V1,TECNICO DE NIVEL SUPERIOR EN EDUCACION ESPECIAL,Educación,Educación,Educación,Técnico de Nivel Superior,Carreras Técnicas,NO ACREDITADA
2025|I312S1C122J4V2,I312S1C122J4V2,TECNICO DE NIVEL SUPERIOR EN EDUCACION ESPECIAL,Educación,Educación,Educación,Técnico de Nivel Superior,Carreras Técnicas,NO ACREDITADA
2026|I312S1C122J4V1,I312S1C122J4V1,TECNICO DE NIVEL SUPERIOR EN EDUCACION ESPECIAL,Educación,Educación,Educación,Técnico de Nivel Superior,Carreras Técnicas,NO ACREDITADA
2026|I312S1C122J4V2,I312S1C122J4V2,TECNICO DE NIVEL SUPERIOR EN EDUCACION ESPECIAL,Educación,Educación,Educación,Técnico de Nivel Superior,Carreras Técnicas,NO ACREDITADA
2023|I113S7C61J4V1,I113S7C61J4V1,TECNICO DE NIVEL SUPERIOR EN EDUCACION PARVULARIA,Educación,Educación,Educación,Técnico de Nivel Superior,Carreras Técnicas,NO ACREDITADA
2023|I117S1C71J4V1,I117S1C71J4V1,TECNICO DE NIVEL SUPERIOR EN EDUCACION PARVULARIA,Educación,Educación,Educación,Técnico de Nivel Superior,Carreras Técnicas,NO ACREDITADA
2023|I120S4C244J3V1,I120S4C244J3V1,TECNICO DE NIVEL SUPERIOR EN EDUCACION PARVULARIA,Educación,Educación,Educación,Técnico de Nivel Superior,Carreras Técnicas,NO ACREDITADA
2023|I176S10C41J3V1,I176S10C41J3V1,TECNICO DE NIVEL SUPERIOR EN EDUCACION PARVULARIA,Educación,Educación,Educación,Técnico de Nivel Superior,Carreras Técnicas,NO ACREDITADA
2023|I176S10C41J3V2,I176S10C41J3V2,TECNICO DE NIVEL SUPERIOR EN EDUCACION PARVULARIA,Educación,Educación,Educación,Técnico de Nivel Superior,Carreras Técnicas,NO ACREDITADA
2023|I176S3C41J3V2,I176S3C41J3V2,TECNICO DE NIVEL SUPERIOR EN EDUCACION PARVULARIA,Educación,Educación,Educación,Técnico de Nivel Superior,Carreras Técnicas,NO ACREDITADA
2023|I176S7C41J3V2,I176S7C41J3V2,TECNICO DE NIVEL SUPERIOR EN EDUCACION PARVULARIA,Educación,Educación,Educación,Técnico de Nivel Superior,Carreras Técnicas,NO ACREDITADA
2023|I176S7C41J4V1,I176S7C41J4V1,TECNICO DE NIVEL SUPERIOR EN EDUCACION PARVULARIA,Educación,Educación,Educación,Técnico de Nivel Superior,Carreras Técnicas,NO ACREDITADA
2023|I176S7C41J4V4,I176S7C41J4V4,TECNICO DE NIVEL SUPERIOR EN EDUCACION PARVULARIA,Educación,Educación,Educación,Técnico de Nivel Superior,Carreras Técnicas,NO ACREDITADA
2023|I312S1C101J4V2,I312S1C101J4V2,TECNICO DE NIVEL SUPERIOR EN EDUCACION PARVULARIA,Educación,Educación,Educación,Técnico de Nivel Superior,Carreras Técnicas,NO ACREDITADA
2023|I312S1C101J4V3,I312S1C101J4V3,TECNICO DE NIVEL SUPERIOR EN EDUCACION PARVULARIA,Educación,Educación,Educación,Técnico de Nivel Superior,Carreras Técnicas,NO ACREDITADA
2023|I312S1C101J4V4,I312S1C101J4V4,TECNICO DE NIVEL SUPERIOR EN EDUCACION PARVULARIA,Educación,Educación,Educación,Técnico de Nivel Superior,Carreras Técnicas,NO ACREDITADA
2023|I312S1C101J4V6,I312S1C101J4V6,TECNICO DE NIVEL SUPERIOR EN EDUCACION PARVULARIA,Educación,Educación,Educación,Técnico de Nivel Superior,Carreras Técnicas,NO ACREDITADA
2023|I46S17C630J3V2,I46S17C630J3V2,TECNICO DE NIVEL SUPERIOR EN EDUCACION PARVULARIA,Educación,Educación,Educación,Técnico de Nivel Superior,Carreras Técnicas,NO ACREDITADA
2024|I101S1C202J4V1,I101S1C202J4V1,TECNICO DE NIVEL SUPERIOR EN EDUCACION PARVULARIA,Educación,Educación,Educación,Técnico de Nivel Superior,Carreras Técnicas,NO ACREDITADA
2024|I113S7C61J4V1,I113S7C61J4V1,TECNICO DE NIVEL SUPERIOR EN EDUCACION PARVULARIA,Educación,Educación,Educación,Técnico de Nivel Superior,Carreras Técnicas,NO ACREDITADA
2024|I117S1C71J4V1,I117S1C71J4V1,TECNICO DE NIVEL SUPERIOR EN EDUCACION PARVULARIA,Educación,Educación,Educación,Técnico de Nivel Superior,Carreras Técnicas,NO ACREDITADA
2024|I120S1C244J3V2,I120S1C244J3V2,TECNICO DE NIVEL SUPERIOR EN EDUCACION PARVULARIA,Educación,Educación,Educación,Técnico de Nivel Superior,Carreras Técnicas,NO ACREDITADA
2024|I120S3C244J3V2,I120S3C244J3V2,TECNICO DE NIVEL SUPERIOR EN EDUCACION PARVULARIA,Educación,Educación,Educación,Técnico de Nivel Superior,Carreras Técnicas,NO ACREDITADA
2024|I120S4C244J3V1,I120S4C244J3V1,TECNICO DE NIVEL SUPERIOR EN EDUCACION PARVULARIA,Educación,Educación,Educación,Técnico de Nivel Superior,Carreras Técnicas,NO ACREDITADA
2024|I176S10C41J3V1,I176S10C41J3V1,TECNICO DE NIVEL SUPERIOR EN EDUCACION PARVULARIA,Educación,Educación,Educación,Técnico de Nivel Superior,Carreras Técnicas,NO ACREDITADA
2024|I176S10C41J3V2,I176S10C41J3V2,TECNICO DE NIVEL SUPERIOR EN EDUCACION PARVULARIA,Educación,Educación,Educación,Técnico de Nivel Superior,Carreras Técnicas,NO ACREDITADA
2024|I176S3C41J3V2,I176S3C41J3V2,TECNICO DE NIVEL SUPERIOR EN EDUCACION PARVULARIA,Educación,Educación,Educación,Técnico de Nivel Superior,Carreras Técnicas,NO ACREDITADA
2024|I176S7C41J3V2,I176S7C41J3V2,TECNICO DE NIVEL SUPERIOR EN EDUCACION PARVULARIA,Educación,Educación,Educación,Técnico de Nivel Superior,Carreras Técnicas,NO ACREDITADA
2024|I176S7C41J4V1,I176S7C41J4V1,TECNICO DE NIVEL SUPERIOR EN EDUCACION PARVULARIA,Educación,Educación,Educación,Técnico de Nivel Superior,Carreras Técnicas,NO ACREDITADA
2024|I176S7C41J4V4,I176S7C41J4V4,TECNICO DE NIVEL SUPERIOR EN EDUCACION PARVULARIA,Educación,Educación,Educación,Técnico de Nivel Superior,Carreras Técnicas,NO ACREDITADA
2024|I312S1C101J4V2,I312S1C101J4V2,TECNICO DE NIVEL SUPERIOR EN EDUCACION PARVULARIA,Educación,Educación,Educación,Técnico de Nivel Superior,Carreras Técnicas,NO ACREDITADA
2024|I312S1C101J4V4,I312S1C101J4V4,TECNICO DE NIVEL SUPERIOR EN EDUCACION PARVULARIA,Educación,Educación,Educación,Técnico de Nivel Superior,Carreras Técnicas,NO ACREDITADA
2024|I312S1C101J4V6,I312S1C101J4V6,TECNICO DE NIVEL SUPERIOR EN EDUCACION PARVULARIA,Educación,Educación,Educación,Técnico de Nivel Superior,Carreras Técnicas,NO ACREDITADA
2025|I113S13C61J4V1,I113S13C61J4V1,TECNICO DE NIVEL SUPERIOR EN EDUCACION PARVULARIA,Educación,Educación,Educación,Técnico de Nivel Superior,Carreras Técnicas,NO ACREDITADA
2025|I113S7C61J4V1,I113S7C61J4V1,TECNICO DE NIVEL SUPERIOR EN EDUCACION PARVULARIA,Educación,Educación,Educación,Técnico de Nivel Superior,Carreras Técnicas,NO ACREDITADA
2025|I117S1C71J4V1,I117S1C71J4V1,TECNICO DE NIVEL SUPERIOR EN EDUCACION PARVULARIA,Educación,Educación,Educación,Técnico de Nivel Superior,Carreras Técnicas,NO ACREDITADA
2025|I312S1C101J4V2,I312S1C101J4V2,TECNICO DE NIVEL SUPERIOR EN EDUCACION PARVULARIA,Educación,Educación,Educación,Técnico de Nivel Superior,Carreras Técnicas,NO ACREDITADA
2025|I312S1C101J4V6,I312S1C101J4V6,TECNICO DE NIVEL SUPERIOR EN EDUCACION PARVULARIA,Educación,Educación,Educación,Técnico de Nivel Superior,Carreras Técnicas,NO ACREDITADA
2026|I113S13C61J4V1,I113S13C61J4V1,TECNICO DE NIVEL SUPERIOR EN EDUCACION PARVULARIA,Educación,Educación,Educación,Técnico de Nivel Superior,Carreras Técnicas,NO ACREDITADA
2026|I113S7C61J4V1,I113S7C61J4V1,TECNICO DE NIVEL SUPERIOR EN EDUCACION PARVULARIA,Educación,Educación,Educación,Técnico de Nivel Superior,Carreras Técnicas,NO ACREDITADA
2026|I120S1C244J3V2,I120S1C244J3V2,TECNICO DE NIVEL SUPERIOR EN EDUCACION PARVULARIA,Educación,Educación,Educación,Técnico de Nivel Superior,Carreras Técnicas,NO ACREDITADA
2026|I312S1C101J4V2,I312S1C101J4V2,TECNICO DE NIVEL SUPERIOR EN EDUCACION PARVULARIA,Educación,Educación,Educación,Técnico de Nivel Superior,Carreras Técnicas,NO ACREDITADA
2026|I312S1C101J4V6,I312S1C101J4V6,TECNICO DE NIVEL SUPERIOR EN EDUCACION PARVULARIA,Educación,Educación,Educación,Técnico de Nivel Superior,Carreras Técnicas,NO ACREDITADA
2023|I17S2C329J4V1,I17S2C329J4V1,TECNICO DE NIVEL SUPERIOR EN EDUCACION PARVULARIA Y PRIMER SUBCICLO DE EDUCACION BASICA,Educación,Educación,Educación,Técnico de Nivel Superior,Carreras Técnicas,NO ACREDITADA
2024|I17S2C329J4V1,I17S2C329J4V1,TECNICO DE NIVEL SUPERIOR EN EDUCACION PARVULARIA Y PRIMER SUBCICLO DE EDUCACION BASICA,Educación,Educación,Educación,Técnico de Nivel Superior,Carreras Técnicas,NO ACREDITADA
2025|I17S2C329J4V1,I17S2C329J4V1,TECNICO DE NIVEL SUPERIOR EN EDUCACION PARVULARIA Y PRIMER SUBCICLO DE EDUCACION BASICA,Educación,Educación,Educación,Técnico de Nivel Superior,Carreras Técnicas,NO ACREDITADA
2023|I312S1C103J4V3,I312S1C103J4V3,TECNICO DE NIVEL SUPERIOR EN INSPECTOR EDUCACIONAL,Educación,Educación,Educación,Técnico de Nivel Superior,Carreras Técnicas,NO ACREDITADA
2024|I312S1C103J4V1,I312S1C103J4V1,TECNICO DE NIVEL SUPERIOR EN INSPECTOR EDUCACIONAL,Educación,Educación,Educación,Técnico de Nivel Superior,Carreras Técnicas,NO ACREDITADA
2024|I312S1C103J4V2,I312S1C103J4V2,TECNICO DE NIVEL SUPERIOR EN INSPECTOR EDUCACIONAL,Educación,Educación,Educación,Técnico de Nivel Superior,Carreras Técnicas,NO ACREDITADA
2025|I312S1C103J4V1,I312S1C103J4V1,TECNICO DE NIVEL SUPERIOR EN INSPECTOR EDUCACIONAL,Educación,Educación,Educación,Técnico de Nivel Superior,Carreras Técnicas,NO ACREDITADA
2025|I312S1C103J4V2,I312S1C103J4V2,TECNICO DE NIVEL SUPERIOR EN INSPECTOR EDUCACIONAL,Educación,Educación,Educación,Técnico de Nivel Superior,Carreras Técnicas,NO ACREDITADA
2026|I312S1C103J4V1,I312S1C103J4V1,TECNICO DE NIVEL SUPERIOR EN INSPECTOR EDUCACIONAL,Educación,Educación,Educación,Técnico de Nivel Superior,Carreras Técnicas,NO ACREDITADA
2026|I312S1C103J4V2,I312S1C103J4V2,TECNICO DE NIVEL SUPERIOR EN INSPECTOR EDUCACIONAL,Educación,Educación,Educación,Técnico de Nivel Superior,Carreras Técnicas,NO ACREDITADA
2023|I17S2C334J4V1,I17S2C334J4V1,TECNICO DE NIVEL SUPERIOR EN PREPARACION FISICA,Educación,Servicios,Servicios personales,Técnico de Nivel Superior,Carreras Técnicas,NO ACREDITADA
2024|I17S2C334J4V1,I17S2C334J4V1,TECNICO DE NIVEL SUPERIOR EN PREPARACION FISICA,Educación,Servicios,Servicios personales,Técnico de Nivel Superior,Carreras Técnicas,NO ACREDITADA
2025|I17S2C334J4V1,I17S2C334J4V1,TECNICO DE NIVEL SUPERIOR EN PREPARACION FISICA,Educación,Servicios,Servicios personales,Técnico de Nivel Superior,Carreras Técnicas,NO ACREDITADA
2026|I17S2C334J4V1,I17S2C334J4V1,TECNICO DE NIVEL SUPERIOR EN PREPARACION FISICA,Educación,Servicios,Servicios personales,Técnico de Nivel Superior,Carreras Técnicas,NO ACREDITADA
2023|I152S10C446J4V1,I152S10C446J4V1,TECNICO EN CONVIVENCIA ESCOLAR,Educación,Educación,Educación,Técnico de Nivel Superior,Carreras Técnicas,NO ACREDITADA
2024|I152S10C446J4V1,I152S10C446J4V1,TECNICO EN CONVIVENCIA ESCOLAR,Educación,Educación,Educación,Técnico de Nivel Superior,Carreras Técnicas,NO ACREDITADA
2025|I152S10C446J4V1,I152S10C446J4V1,TECNICO EN CONVIVENCIA ESCOLAR,Educación,Educación,Educación,Técnico de Nivel Superior,Carreras Técnicas,NO ACREDITADA
2026|I152S10C446J4V1,I152S10C446J4V1,TECNICO EN CONVIVENCIA ESCOLAR,Educación,Educación,Educación,Técnico de Nivel Superior,Carreras Técnicas,NO ACREDITADA
2024|I214S1C19J4V1,I214S1C19J4V1,TECNICO EN EDUCACION DE PARVULOS,Educación,Educación,Educación,Técnico de Nivel Superior,Carreras Técnicas,NO ACREDITADA
2024|I214S1C19J4V2,I214S1C19J4V2,TECNICO EN EDUCACION DE PARVULOS,Educación,Educación,Educación,Técnico de Nivel Superior,Carreras Técnicas,NO ACREDITADA
2023|I106S6C266J4V1,I106S6C266J4V1,TECNICO EN EDUCACION DIFERENCIAL,Educación,Educación,Educación,Técnico de Nivel Superior,Carreras Técnicas,NO ACREDITADA
2024|I106S6C266J4V1,I106S6C266J4V1,TECNICO EN EDUCACION DIFERENCIAL,Educación,Educación,Educación,Técnico de Nivel Superior,Carreras Técnicas,NO ACREDITADA
2024|I106S6C266J4V2,I106S6C266J4V2,TECNICO EN EDUCACION DIFERENCIAL,Educación,Educación,Educación,Técnico de Nivel Superior,Carreras Técnicas,NO ACREDITADA
2024|I214S1C315J4V1,I214S1C315J4V1,TECNICO EN EDUCACION DIFERENCIAL,Educación,Educación,Educación,Técnico de Nivel Superior,Carreras Técnicas,NO ACREDITADA
2024|I214S1C315J4V2,I214S1C315J4V2,TECNICO EN EDUCACION DIFERENCIAL,Educación,Educación,Educación,Técnico de Nivel Superior,Carreras Técnicas,NO ACREDITADA
2025|I106S6C266J4V1,I106S6C266J4V1,TECNICO EN EDUCACION DIFERENCIAL,Educación,Educación,Educación,Técnico de Nivel Superior,Carreras Técnicas,NO ACREDITADA
2025|I106S6C266J4V2,I106S6C266J4V2,TECNICO EN EDUCACION DIFERENCIAL,Educación,Educación,Educación,Técnico de Nivel Superior,Carreras Técnicas,NO ACREDITADA
2026|I106S6C266J4V2,I106S6C266J4V2,TECNICO EN EDUCACION DIFERENCIAL,Educación,Educación,Educación,Técnico de Nivel Superior,Carreras Técnicas,NO ACREDITADA
2026|I117S1C70J4V1,I117S1C70J4V1,TECNICO EN EDUCACION DIFERENCIAL,Educación,Educación,Educación,Técnico de Nivel Superior,Carreras Técnicas,NO ACREDITADA
2023|I123S1C192J4V1,I123S1C192J4V1,TECNICO EN EDUCACION DIFERENCIAL E INCLUSION,Educación,Educación,Educación,Técnico de Nivel Superior,Carreras Técnicas,NO ACREDITADA
2023|I123S2C192J4V1,I123S2C192J4V1,TECNICO EN EDUCACION DIFERENCIAL E INCLUSION,Educación,Educación,Educación,Técnico de Nivel Superior,Carreras Técnicas,NO ACREDITADA
2023|I123S3C192J4V1,I123S3C192J4V1,TECNICO EN EDUCACION DIFERENCIAL E INCLUSION,Educación,Educación,Educación,Técnico de Nivel Superior,Carreras Técnicas,NO ACREDITADA
2023|I123S5C192J4V1,I123S5C192J4V1,TECNICO EN EDUCACION DIFERENCIAL E INCLUSION,Educación,Educación,Educación,Técnico de Nivel Superior,Carreras Técnicas,NO ACREDITADA
2024|I123S1C192J4V1,I123S1C192J4V1,TECNICO EN EDUCACION DIFERENCIAL E INCLUSION,Educación,Educación,Educación,Técnico de Nivel Superior,Carreras Técnicas,NO ACREDITADA
2024|I123S2C192J4V1,I123S2C192J4V1,TECNICO EN EDUCACION DIFERENCIAL E INCLUSION,Educación,Educación,Educación,Técnico de Nivel Superior,Carreras Técnicas,NO ACREDITADA
2024|I123S5C192J4V1,I123S5C192J4V1,TECNICO EN EDUCACION DIFERENCIAL E INCLUSION,Educación,Educación,Educación,Técnico de Nivel Superior,Carreras Técnicas,NO ACREDITADA
2025|I123S2C192J4V1,I123S2C192J4V1,TECNICO EN EDUCACION DIFERENCIAL E INCLUSION,Educación,Educación,Educación,Técnico de Nivel Superior,Carreras Técnicas,NO ACREDITADA
2026|I123S1C192J4V1,I123S1C192J4V1,TECNICO EN EDUCACION DIFERENCIAL E INCLUSION,Educación,Educación,Educación,Técnico de Nivel Superior,Carreras Técnicas,NO ACREDITADA
2026|I123S2C192J4V1,I123S2C192J4V1,TECNICO EN EDUCACION DIFERENCIAL E INCLUSION,Educación,Educación,Educación,Técnico de Nivel Superior,Carreras Técnicas,NO ACREDITADA
2026|I143S28C469J4V1,I143S28C469J4V1,TECNICO EN EDUCACION ESPECIAL,Educación,Educación,Educación,Técnico de Nivel Superior,Carreras Técnicas,NO ACREDITADA
2026|I260S51C79J4V1,I260S51C79J4V1,TECNICO EN EDUCACION ESPECIAL,Educación,Educación,Educación,Técnico de Nivel Superior,Carreras Técnicas,NO ACREDITADA
2023|I152S10C282J4V4,I152S10C282J4V4,TECNICO EN EDUCACION ESPECIAL Y DIFERENCIAL,Educación,Educación,Educación,Técnico de Nivel Superior,Carreras Técnicas,NO ACREDITADA
2024|I152S10C282J4V2,I152S10C282J4V2,TECNICO EN EDUCACION ESPECIAL Y DIFERENCIAL,Educación,Educación,Educación,Técnico de Nivel Superior,Carreras Técnicas,NO ACREDITADA
2025|I152S10C282J4V4,I152S10C282J4V4,TECNICO EN EDUCACION ESPECIAL Y DIFERENCIAL,Educación,Educación,Educación,Técnico de Nivel Superior,Carreras Técnicas,NO ACREDITADA
2026|I152S10C282J4V3,I152S10C282J4V3,TECNICO EN EDUCACION ESPECIAL Y DIFERENCIAL,Educación,Educación,Educación,Técnico de Nivel Superior,Carreras Técnicas,NO ACREDITADA
2026|I117S1C71J4V1,I117S1C71J4V1,TECNICO EN EDUCACION INICIAL Y BASICA,Educación,Educación,Educación,Técnico de Nivel Superior,Carreras Técnicas,NO ACREDITADA
2023|I120S1C244J3V1,I120S1C244J3V1,TECNICO EN EDUCACION PARVULARIA,Educación,Educación,Educación,Técnico de Nivel Superior,Carreras Técnicas,NO ACREDITADA
2023|I120S2C244J3V1,I120S2C244J3V1,TECNICO EN EDUCACION PARVULARIA,Educación,Educación,Educación,Técnico de Nivel Superior,Carreras Técnicas,NO ACREDITADA
2023|I120S3C244J3V1,I120S3C244J3V1,TECNICO EN EDUCACION PARVULARIA,Educación,Educación,Educación,Técnico de Nivel Superior,Carreras Técnicas,NO ACREDITADA
2023|I152S10C281J4V4,I152S10C281J4V4,TECNICO EN EDUCACION PARVULARIA,Educación,Educación,Educación,Técnico de Nivel Superior,Carreras Técnicas,NO ACREDITADA
2024|I120S2C244J3V1,I120S2C244J3V1,TECNICO EN EDUCACION PARVULARIA,Educación,Educación,Educación,Técnico de Nivel Superior,Carreras Técnicas,NO ACREDITADA
2024|I152S10C281J4V1,I152S10C281J4V1,TECNICO EN EDUCACION PARVULARIA,Educación,Educación,Educación,Técnico de Nivel Superior,Carreras Técnicas,NO ACREDITADA
2025|I152S10C281J4V4,I152S10C281J4V4,TECNICO EN EDUCACION PARVULARIA,Educación,Educación,Educación,Técnico de Nivel Superior,Carreras Técnicas,NO ACREDITADA
2026|I120S2C244J3V1,I120S2C244J3V1,TECNICO EN EDUCACION PARVULARIA,Educación,Educación,Educación,Técnico de Nivel Superior,Carreras Técnicas,NO ACREDITADA
2026|I120S3C244J3V1,I120S3C244J3V1,TECNICO EN EDUCACION PARVULARIA,Educación,Educación,Educación,Técnico de Nivel Superior,Carreras Técnicas,NO ACREDITADA
2026|I120S4C244J3V2,I120S4C244J3V2,TECNICO EN EDUCACION PARVULARIA,Educación,Educación,Educación,Técnico de Nivel Superior,Carreras Técnicas,NO ACREDITADA
2026|I152S10C281J4V4,I152S10C281J4V4,TECNICO EN EDUCACION PARVULARIA,Educación,Educación,Educación,Técnico de Nivel Superior,Carreras Técnicas,NO ACREDITADA
2025|I143S28C742J4V1,I143S28C742J4V1,TECNICO EN EDUCACION PARVULARIA 1 Y 2 BASICO,Educación,Educación,Educación,Técnico de Nivel Superior,Carreras Técnicas,NO ACREDITADA
2026|I143S28C742J4V1,I143S28C742J4V1,TECNICO EN EDUCACION PARVULARIA 1 Y 2 BASICO,Educación,Educación,Educación,Técnico de Nivel Superior,Carreras Técnicas,NO ACREDITADA
2026|I260S51C320J4V1,I260S51C320J4V1,TECNICO EN EDUCACION PARVULARIA 1° Y 2° BASICO,Educación,Educación,Educación,Técnico de Nivel Superior,Carreras Técnicas,NO ACREDITADA
2023|I152S10C395J4V1,I152S10C395J4V1,TECNICO EN EDUCACION PARVULARIA Y EDUCACION BASICA,Educación,Educación,Educación,Técnico de Nivel Superior,Carreras Técnicas,NO ACREDITADA
2024|I152S10C395J4V1,I152S10C395J4V1,TECNICO EN EDUCACION PARVULARIA Y EDUCACION BASICA,Educación,Educación,Educación,Técnico de Nivel Superior,Carreras Técnicas,NO ACREDITADA
2025|I152S10C395J4V1,I152S10C395J4V1,TECNICO EN EDUCACION PARVULARIA Y EDUCACION BASICA,Educación,Educación,Educación,Técnico de Nivel Superior,Carreras Técnicas,NO ACREDITADA
2026|I152S10C395J4V1,I152S10C395J4V1,TECNICO EN EDUCACION PARVULARIA Y EDUCACION BASICA,Educación,Educación,Educación,Técnico de Nivel Superior,Carreras Técnicas,NO ACREDITADA
2023|I106S6C294J4V1,I106S6C294J4V1,TECNICO EN EDUCACION PARVULARIA Y PRIMER CICLO BASICO,Educación,Educación,Educación,Técnico de Nivel Superior,Carreras Técnicas,NO ACREDITADA
2024|I106S6C294J4V1,I106S6C294J4V1,TECNICO EN EDUCACION PARVULARIA Y PRIMER CICLO BASICO,Educación,Educación,Educación,Técnico de Nivel Superior,Carreras Técnicas,NO ACREDITADA
2024|I106S6C294J4V2,I106S6C294J4V2,TECNICO EN EDUCACION PARVULARIA Y PRIMER CICLO BASICO,Educación,Educación,Educación,Técnico de Nivel Superior,Carreras Técnicas,NO ACREDITADA
2025|I106S6C294J4V1,I106S6C294J4V1,TECNICO EN EDUCACION PARVULARIA Y PRIMER CICLO BASICO,Educación,Educación,Educación,Técnico de Nivel Superior,Carreras Técnicas,NO ACREDITADA
2025|I106S6C294J4V2,I106S6C294J4V2,TECNICO EN EDUCACION PARVULARIA Y PRIMER CICLO BASICO,Educación,Educación,Educación,Técnico de Nivel Superior,Carreras Técnicas,NO ACREDITADA
2026|I106S6C294J4V2,I106S6C294J4V2,TECNICO EN EDUCACION PARVULARIA Y PRIMER CICLO BASICO,Educación,Educación,Educación,Técnico de Nivel Superior,Carreras Técnicas,NO ACREDITADA
2026|I218S1C23J3V2,I218S1C23J3V2,TECNICO EN EDUCACION PARVULOS 1 Y 2 BASICO,Educación,Educación,Educación,Técnico de Nivel Superior,Carreras Técnicas,NO ACREDITADA
2023|I152S10C387J4V1,I152S10C387J4V1,TECNICO EN MEDIACION ESCOLAR,Educación,Educación,Educación,Técnico de Nivel Superior,Carreras Técnicas,NO ACREDITADA
2024|I152S10C387J4V1,I152S10C387J4V1,TECNICO EN MEDIACION ESCOLAR,Educación,Educación,Educación,Técnico de Nivel Superior,Carreras Técnicas,NO ACREDITADA
2025|I152S10C387J4V1,I152S10C387J4V1,TECNICO EN MEDIACION ESCOLAR,Educación,Educación,Educación,Técnico de Nivel Superior,Carreras Técnicas,NO ACREDITADA
2026|I152S10C387J4V1,I152S10C387J4V1,TECNICO EN MEDIACION ESCOLAR,Educación,Educación,Educación,Técnico de Nivel Superior,Carreras Técnicas,NO ACREDITADA
2024|I959S1C1J3V1,I959S1C1J3V1,TECNICO NIVEL SUPERIOR DE INSTRUCCION DE YOGA,Educación,Servicios,Servicios personales,Técnico de Nivel Superior,Carreras Técnicas,NO ACREDITADA
2025|I959S1C1J3V1,I959S1C1J3V1,TECNICO NIVEL SUPERIOR DE INSTRUCCION DE YOGA,Educación,Servicios,Servicios personales,Técnico de Nivel Superior,Carreras Técnicas,NO ACREDITADA
2026|I959S1C1J3V1,I959S1C1J3V1,TECNICO NIVEL SUPERIOR DE INSTRUCCION DE YOGA,Educación,Servicios,Servicios personales,Técnico de Nivel Superior,Carreras Técnicas,NO ACREDITADA
2023|I26S1C182J4V1,I26S1C182J4V1,BIBLIOTECOLOGIA Y GESTION DE LA INFORMACION,Humanidades,"Ciencias Sociales, Periodismo e Información",Periodismo e Información,Profesional Con Licenciatura,Carreras Profesionales,NO ACREDITADA
2023|I26S1C182J4V2,I26S1C182J4V2,BIBLIOTECOLOGIA Y GESTION DE LA INFORMACION,Humanidades,"Ciencias Sociales, Periodismo e Información",Periodismo e Información,Profesional Con Licenciatura,Carreras Profesionales,NO ACREDITADA
2023|I26S1C182J4V3,I26S1C182J4V3,BIBLIOTECOLOGIA Y GESTION DE LA INFORMACION,Humanidades,"Ciencias Sociales, Periodismo e Información",Periodismo e Información,Profesional Con Licenciatura,Carreras Profesionales,NO ACREDITADA
2024|I26S1C182J4V1,I26S1C182J4V1,BIBLIOTECOLOGIA Y GESTION DE LA INFORMACION,Humanidades,"Ciencias Sociales, Periodismo e Información",Periodismo e Información,Profesional Con Licenciatura,Carreras Profesionales,NO ACREDITADA
2024|I26S1C182J4V2,I26S1C182J4V2,BIBLIOTECOLOGIA Y GESTION DE LA INFORMACION,Humanidades,"Ciencias Sociales, Periodismo e Información",Periodismo e Información,Profesional Con Licenciatura,Carreras Profesionales,NO ACREDITADA
2024|I26S1C182J4V3,I26S1C182J4V3,BIBLIOTECOLOGIA Y GESTION DE LA INFORMACION,Humanidades,"Ciencias Sociales, Periodismo e Información",Periodismo e Información,Profesional Con Licenciatura,Carreras Profesionales,NO ACREDITADA
2024|I26S1C182J4V4,I26S1C182J4V4,BIBLIOTECOLOGIA Y GESTION DE LA INFORMACION,Humanidades,"Ciencias Sociales, Periodismo e Información",Periodismo e Información,Profesional Con Licenciatura,Carreras Profesionales,NO ACREDITADA
2025|I26S1C182J4V1,I26S1C182J4V1,BIBLIOTECOLOGIA Y GESTION DE LA INFORMACION,Humanidades,"Ciencias Sociales, Periodismo e Información",Periodismo e Información,Profesional Con Licenciatura,Carreras Profesionales,NO ACREDITADA
2025|I26S1C182J4V3,I26S1C182J4V3,BIBLIOTECOLOGIA Y GESTION DE LA INFORMACION,Humanidades,"Ciencias Sociales, Periodismo e Información",Periodismo e Información,Profesional Con Licenciatura,Carreras Profesionales,NO ACREDITADA
2025|I26S1C182J4V4,I26S1C182J4V4,BIBLIOTECOLOGIA Y GESTION DE LA INFORMACION,Humanidades,"Ciencias Sociales, Periodismo e Información",Periodismo e Información,Profesional Con Licenciatura,Carreras Profesionales,NO ACREDITADA
2026|I26S1C182J4V1,I26S1C182J4V1,BIBLIOTECOLOGIA Y GESTION DE LA INFORMACION,Humanidades,"Ciencias Sociales, Periodismo e Información",Periodismo e Información,Profesional Con Licenciatura,Carreras Profesionales,NO ACREDITADA
2026|I26S1C182J4V3,I26S1C182J4V3,BIBLIOTECOLOGIA Y GESTION DE LA INFORMACION,Humanidades,"Ciencias Sociales, Periodismo e Información",Periodismo e Información,Profesional Con Licenciatura,Carreras Profesionales,NO ACREDITADA
2026|I26S1C182J4V4,I26S1C182J4V4,BIBLIOTECOLOGIA Y GESTION DE LA INFORMACION,Humanidades,"Ciencias Sociales, Periodismo e Información",Periodismo e Información,Profesional Con Licenciatura,Carreras Profesionales,NO ACREDITADA
2024|I137S1C11J4V1,I137S1C11J4V1,INTERPRETACION DE ENLACE INGLES-CASTELLANO,Humanidades,Artes y Humanidades,Idiomas,Técnico de Nivel Superior,Carreras Técnicas,NO ACREDITADA
2025|I137S1C11J4V1,I137S1C11J4V1,INTERPRETACION DE ENLACE INGLES-CASTELLANO,Humanidades,Artes y Humanidades,Idiomas,Técnico de Nivel Superior,Carreras Técnicas,NO ACREDITADA
2026|I137S1C11J4V1,I137S1C11J4V1,INTERPRETACION DE ENLACE INGLES-CASTELLANO,Humanidades,Artes y Humanidades,Idiomas,Técnico de Nivel Superior,Carreras Técnicas,NO ACREDITADA
2024|I108S1C28J4V1,I108S1C28J4V1,INTERPRETACION PROFESIONAL DEL INGLES AL ESPAÑOL A DISTANCIA,Humanidades,Artes y Humanidades,Idiomas,Profesional Sin Licenciatura,Carreras Profesionales,NO ACREDITADA
2025|I108S1C28J4V1,I108S1C28J4V1,INTERPRETACION PROFESIONAL DEL INGLES AL ESPAÑOL A DISTANCIA,Humanidades,Artes y Humanidades,Idiomas,Profesional Sin Licenciatura,Carreras Profesionales,NO ACREDITADA
2026|I108S1C28J4V1,I108S1C28J4V1,INTERPRETACION PROFESIONAL DEL INGLES AL ESPAÑOL A DISTANCIA,Humanidades,Artes y Humanidades,Idiomas,Profesional Sin Licenciatura,Carreras Profesionales,NO ACREDITADA
2023|I16S1C300J4V1,I16S1C300J4V1,LICENCIATURA EN ESTUDIOS RELIGIOSOS,Humanidades,Artes y Humanidades,Humanidades,Licenciatura No Conducente a Título,Carreras Profesionales,NO ACREDITADA
2023|I16S1C300J4V2,I16S1C300J4V2,LICENCIATURA EN ESTUDIOS RELIGIOSOS,Humanidades,Artes y Humanidades,Humanidades,Licenciatura No Conducente a Título,Carreras Profesionales,NO ACREDITADA
2026|I91S1C646J4V1,I91S1C646J4V1,LICENCIATURA EN ESTUDIOS TEOLOGICOS EN DIALOGO CON LA CULTURA,Humanidades,Artes y Humanidades,Humanidades,Licenciatura No Conducente a Título,Carreras Profesionales,NO ACREDITADA
2025|I89S1C356J4V2,I89S1C356J4V2,"LICENCIATURA EN ESTUDIOS TEOLOGICOS, BIBLICOS Y DIALOGO ECUMENICO",Humanidades,Artes y Humanidades,Humanidades,Licenciatura No Conducente a Título,Carreras Profesionales,NO ACREDITADA
2023|I1S1C9J4V1,I1S1C9J4V1,LICENCIATURA EN FILOSOFIA,Humanidades,Artes y Humanidades,Humanidades,Licenciatura No Conducente a Título,Carreras Profesionales,NO ACREDITADA
2024|I1S1C9J4V1,I1S1C9J4V1,LICENCIATURA EN FILOSOFIA,Humanidades,Artes y Humanidades,Humanidades,Licenciatura No Conducente a Título,Carreras Profesionales,NO ACREDITADA
2025|I1S1C9J4V1,I1S1C9J4V1,LICENCIATURA EN FILOSOFIA,Humanidades,Artes y Humanidades,Humanidades,Licenciatura No Conducente a Título,Carreras Profesionales,NO ACREDITADA
2026|I1S1C9J4V1,I1S1C9J4V1,LICENCIATURA EN FILOSOFIA,Humanidades,Artes y Humanidades,Humanidades,Licenciatura No Conducente a Título,Carreras Profesionales,NO ACREDITADA
2023|I1S1C289J4V1,I1S1C289J4V1,LICENCIATURA EN LITERATURA,Humanidades,Artes y Humanidades,Idiomas,Licenciatura No Conducente a Título,Carreras Profesionales,NO ACREDITADA
2024|I1S1C289J4V1,I1S1C289J4V1,LICENCIATURA EN LITERATURA,Humanidades,Artes y Humanidades,Idiomas,Licenciatura No Conducente a Título,Carreras Profesionales,NO ACREDITADA
2025|I1S1C289J4V1,I1S1C289J4V1,LICENCIATURA EN LITERATURA,Humanidades,Artes y Humanidades,Idiomas,Licenciatura No Conducente a Título,Carreras Profesionales,NO ACREDITADA
2026|I1S1C289J4V1,I1S1C289J4V1,LICENCIATURA EN LITERATURA,Humanidades,Artes y Humanidades,Idiomas,Licenciatura No Conducente a Título,Carreras Profesionales,NO ACREDITADA
2023|I113S7C520J4V1,I113S7C520J4V1,TECNICO DE NIVEL SUPERIOR EN GESTION DOCUMENTAL Y ARCHIVISTICA,Humanidades,"Ciencias Sociales, Periodismo e Información",Periodismo e Información,Técnico de Nivel Superior,Carreras Técnicas,NO ACREDITADA
2023|I120S1C241J4V1,I120S1C241J4V1,TECNICO EN BIBLIOTECOLOGIA,Humanidades,"Ciencias Sociales, Periodismo e Información",Periodismo e Información,Técnico de Nivel Superior,Carreras Técnicas,NO ACREDITADA
2023|I120S2C241J4V1,I120S2C241J4V1,TECNICO EN BIBLIOTECOLOGIA,Humanidades,"Ciencias Sociales, Periodismo e Información",Periodismo e Información,Técnico de Nivel Superior,Carreras Técnicas,NO ACREDITADA
2023|I120S3C241J4V1,I120S3C241J4V1,TECNICO EN BIBLIOTECOLOGIA,Humanidades,"Ciencias Sociales, Periodismo e Información",Periodismo e Información,Técnico de Nivel Superior,Carreras Técnicas,NO ACREDITADA
2023|I120S4C241J4V1,I120S4C241J4V1,TECNICO EN BIBLIOTECOLOGIA,Humanidades,"Ciencias Sociales, Periodismo e Información",Periodismo e Información,Técnico de Nivel Superior,Carreras Técnicas,NO ACREDITADA
2024|I120S1C241J4V1,I120S1C241J4V1,TECNICO EN BIBLIOTECOLOGIA,Humanidades,"Ciencias Sociales, Periodismo e Información",Periodismo e Información,Técnico de Nivel Superior,Carreras Técnicas,NO ACREDITADA
2024|I120S2C241J4V1,I120S2C241J4V1,TECNICO EN BIBLIOTECOLOGIA,Humanidades,"Ciencias Sociales, Periodismo e Información",Periodismo e Información,Técnico de Nivel Superior,Carreras Técnicas,NO ACREDITADA
2024|I120S3C241J4V1,I120S3C241J4V1,TECNICO EN BIBLIOTECOLOGIA,Humanidades,"Ciencias Sociales, Periodismo e Información",Periodismo e Información,Técnico de Nivel Superior,Carreras Técnicas,NO ACREDITADA
2024|I120S4C241J4V1,I120S4C241J4V1,TECNICO EN BIBLIOTECOLOGIA,Humanidades,"Ciencias Sociales, Periodismo e Información",Periodismo e Información,Técnico de Nivel Superior,Carreras Técnicas,NO ACREDITADA
2026|I120S1C241J4V1,I120S1C241J4V1,TECNICO EN BIBLIOTECOLOGIA,Humanidades,"Ciencias Sociales, Periodismo e Información",Periodismo e Información,Técnico de Nivel Superior,Carreras Técnicas,NO ACREDITADA
2026|I120S2C241J4V1,I120S2C241J4V1,TECNICO EN BIBLIOTECOLOGIA,Humanidades,"Ciencias Sociales, Periodismo e Información",Periodismo e Información,Técnico de Nivel Superior,Carreras Técnicas,NO ACREDITADA
2026|I120S3C241J4V1,I120S3C241J4V1,TECNICO EN BIBLIOTECOLOGIA,Humanidades,"Ciencias Sociales, Periodismo e Información",Periodismo e Información,Técnico de Nivel Superior,Carreras Técnicas,NO ACREDITADA
2026|I120S4C241J4V1,I120S4C241J4V1,TECNICO EN BIBLIOTECOLOGIA,Humanidades,"Ciencias Sociales, Periodismo e Información",Periodismo e Información,Técnico de Nivel Superior,Carreras Técnicas,NO ACREDITADA
2025|I137S1C45J4V1,I137S1C45J4V1,TECNICO EN INTERPRETACION DE ENLACE INGLES ESPAÑOL,Humanidades,Artes y Humanidades,Idiomas,Técnico de Nivel Superior,Carreras Técnicas,NO ACREDITADA
2026|I137S1C45J4V1,I137S1C45J4V1,TECNICO EN INTERPRETACION DE ENLACE INGLES ESPAÑOL,Humanidades,Artes y Humanidades,Idiomas,Técnico de Nivel Superior,Carreras Técnicas,NO ACREDITADA
2024|I83S1C374J4V1,I83S1C374J4V1,TECNICO EN INTERPRETACION DE LENGUA DE SEÑAS,Humanidades,Artes y Humanidades,Idiomas,Técnico de Nivel Superior,Carreras Técnicas,NO ACREDITADA
2025|I83S1C374J4V1,I83S1C374J4V1,TECNICO EN INTERPRETACION DE LENGUA DE SEÑAS,Humanidades,Artes y Humanidades,Idiomas,Técnico de Nivel Superior,Carreras Técnicas,NO ACREDITADA
2026|I83S1C374J4V1,I83S1C374J4V1,TECNICO EN INTERPRETACION DE LENGUA DE SEÑAS,Humanidades,Artes y Humanidades,Idiomas,Técnico de Nivel Superior,Carreras Técnicas,NO ACREDITADA
2026|I83S1C374J4V2,I83S1C374J4V2,TECNICO EN INTERPRETACION DE LENGUA DE SEÑAS,Humanidades,Artes y Humanidades,Idiomas,Técnico de Nivel Superior,Carreras Técnicas,NO ACREDITADA
2025|I137S1C40J4V1,I137S1C40J4V1,TRADUCCION INGLES ESPAÑOL INGLES,Humanidades,Artes y Humanidades,Idiomas,Profesional Sin Licenciatura,Carreras Profesionales,NO ACREDITADA
2026|I137S1C40J4V1,I137S1C40J4V1,TRADUCCION INGLES ESPAÑOL INGLES,Humanidades,Artes y Humanidades,Idiomas,Profesional Sin Licenciatura,Carreras Profesionales,NO ACREDITADA
2024|I108S1C23J4V1,I108S1C23J4V1,TRADUCCION PROFESIONAL DEL INGLES AL ESPAÑOL A DISTANCIA,Humanidades,Artes y Humanidades,Idiomas,Profesional Sin Licenciatura,Carreras Profesionales,NO ACREDITADA
2025|I108S1C23J4V1,I108S1C23J4V1,TRADUCCION PROFESIONAL DEL INGLES AL ESPAÑOL A DISTANCIA,Humanidades,Artes y Humanidades,Idiomas,Profesional Sin Licenciatura,Carreras Profesionales,NO ACREDITADA
2026|I108S1C23J4V1,I108S1C23J4V1,TRADUCCION PROFESIONAL DEL INGLES AL ESPAÑOL A DISTANCIA,Humanidades,Artes y Humanidades,Idiomas,Profesional Sin Licenciatura,Carreras Profesionales,NO ACREDITADA
2023|I137S1C2J4V2,I137S1C2J4V2,TRADUCTOR E INTERPRETE DE ENLACE MENCION INGLES,Humanidades,Artes y Humanidades,Idiomas,Profesional Sin Licenciatura,Carreras Profesionales,NO ACREDITADA
2024|I137S1C2J4V2,I137S1C2J4V2,TRADUCTOR E INTERPRETE DE ENLACE MENCION INGLES,Humanidades,Artes y Humanidades,Idiomas,Profesional Sin Licenciatura,Carreras Profesionales,NO ACREDITADA
2025|I137S1C2J4V2,I137S1C2J4V2,TRADUCTOR E INTERPRETE DE ENLACE MENCION INGLES,Humanidades,Artes y Humanidades,Idiomas,Profesional Sin Licenciatura,Carreras Profesionales,NO ACREDITADA
2026|I137S1C2J4V2,I137S1C2J4V2,TRADUCTOR E INTERPRETE DE ENLACE MENCION INGLES,Humanidades,Artes y Humanidades,Idiomas,Profesional Sin Licenciatura,Carreras Profesionales,NO ACREDITADA
2023|I17S2C57J3V1,I17S2C57J3V1,ENFERMERIA,Salud,Salud y Bienestar,Salud,Profesional Con Licenciatura,Carreras Profesionales,NO ACREDITADA
2024|I17S2C57J3V1,I17S2C57J3V1,ENFERMERIA,Salud,Salud y Bienestar,Salud,Profesional Con Licenciatura,Carreras Profesionales,NO ACREDITADA
2025|I17S2C57J3V1,I17S2C57J3V1,ENFERMERIA,Salud,Salud y Bienestar,Salud,Profesional Con Licenciatura,Carreras Profesionales,NO ACREDITADA
2026|I17S2C57J3V1,I17S2C57J3V1,ENFERMERIA,Salud,Salud y Bienestar,Salud,Profesional Con Licenciatura,Carreras Profesionales,NO ACREDITADA
2023|I17S2C115J3V1,I17S2C115J3V1,FONOAUDIOLOGIA,Salud,Salud y Bienestar,Salud,Profesional Con Licenciatura,Carreras Profesionales,NO ACREDITADA
2023|I19S1C229J3V1,I19S1C229J3V1,FONOAUDIOLOGIA,Salud,Salud y Bienestar,Salud,Profesional Con Licenciatura,Carreras Profesionales,NO ACREDITADA
2023|I20S2C33J3V2,I20S2C33J3V2,FONOAUDIOLOGIA,Salud,Salud y Bienestar,Salud,Profesional Con Licenciatura,Carreras Profesionales,NO ACREDITADA
2024|I17S2C115J3V1,I17S2C115J3V1,FONOAUDIOLOGIA,Salud,Salud y Bienestar,Salud,Profesional Con Licenciatura,Carreras Profesionales,NO ACREDITADA
2024|I19S1C229J3V1,I19S1C229J3V1,FONOAUDIOLOGIA,Salud,Salud y Bienestar,Salud,Profesional Con Licenciatura,Carreras Profesionales,NO ACREDITADA
2024|I20S2C33J4V2,I20S2C33J4V2,FONOAUDIOLOGIA,Salud,Salud y Bienestar,Salud,Profesional Con Licenciatura,Carreras Profesionales,NO ACREDITADA
2024|I20S3C33J4V2,I20S3C33J4V2,FONOAUDIOLOGIA,Salud,Salud y Bienestar,Salud,Profesional Con Licenciatura,Carreras Profesionales,NO ACREDITADA
2025|I17S2C115J3V1,I17S2C115J3V1,FONOAUDIOLOGIA,Salud,Salud y Bienestar,Salud,Profesional Con Licenciatura,Carreras Profesionales,NO ACREDITADA
2025|I19S1C229J3V1,I19S1C229J3V1,FONOAUDIOLOGIA,Salud,Salud y Bienestar,Salud,Profesional Con Licenciatura,Carreras Profesionales,NO ACREDITADA
2025|I20S2C33J4V2,I20S2C33J4V2,FONOAUDIOLOGIA,Salud,Salud y Bienestar,Salud,Profesional Con Licenciatura,Carreras Profesionales,NO ACREDITADA
2025|I20S3C33J4V2,I20S3C33J4V2,FONOAUDIOLOGIA,Salud,Salud y Bienestar,Salud,Profesional Con Licenciatura,Carreras Profesionales,NO ACREDITADA
2026|I17S2C115J3V1,I17S2C115J3V1,FONOAUDIOLOGIA,Salud,Salud y Bienestar,Salud,Profesional Con Licenciatura,Carreras Profesionales,NO ACREDITADA
2026|I19S1C229J3V1,I19S1C229J3V1,FONOAUDIOLOGIA,Salud,Salud y Bienestar,Salud,Profesional Con Licenciatura,Carreras Profesionales,NO ACREDITADA
2026|I20S2C33J4V2,I20S2C33J4V2,FONOAUDIOLOGIA,Salud,Salud y Bienestar,Salud,Profesional Con Licenciatura,Carreras Profesionales,NO ACREDITADA
2026|I20S3C33J4V2,I20S3C33J4V2,FONOAUDIOLOGIA,Salud,Salud y Bienestar,Salud,Profesional Con Licenciatura,Carreras Profesionales,NO ACREDITADA
2026|I20S4C33J4V2,I20S4C33J4V2,FONOAUDIOLOGIA,Salud,Salud y Bienestar,Salud,Profesional Con Licenciatura,Carreras Profesionales,NO ACREDITADA
2026|I22S1C111J3V1,I22S1C111J3V1,FONOAUDIOLOGIA,Salud,Salud y Bienestar,Salud,Profesional Con Licenciatura,Carreras Profesionales,NO ACREDITADA
2023|I50S2C324J4V1,I50S2C324J4V1,LICENCIATURA EN CIENCIAS DE LA SALUD,Salud,Salud y Bienestar,Salud,Licenciatura No Conducente a Título,Carreras Profesionales,NO ACREDITADA
2024|I50S2C324J4V1,I50S2C324J4V1,LICENCIATURA EN CIENCIAS DE LA SALUD,Salud,Salud y Bienestar,Salud,Licenciatura No Conducente a Título,Carreras Profesionales,NO ACREDITADA
2025|I50S1C324J4V2,I50S1C324J4V2,LICENCIATURA EN CIENCIAS DE LA SALUD,Salud,Salud y Bienestar,Salud,Licenciatura No Conducente a Título,Carreras Profesionales,NO ACREDITADA
2026|I50S1C324J4V2,I50S1C324J4V2,LICENCIATURA EN CIENCIAS DE LA SALUD,Salud,Salud y Bienestar,Salud,Licenciatura No Conducente a Título,Carreras Profesionales,NO ACREDITADA
2024|I152S10C259J3V5,I152S10C259J3V5,MASOTERAPIA,Salud,Salud y Bienestar,Salud,Técnico de Nivel Superior,Carreras Técnicas,NO ACREDITADA
2025|I152S10C259J3V5,I152S10C259J3V5,MASOTERAPIA,Salud,Salud y Bienestar,Salud,Técnico de Nivel Superior,Carreras Técnicas,NO ACREDITADA
2026|I152S10C259J3V5,I152S10C259J3V5,MASOTERAPIA,Salud,Salud y Bienestar,Salud,Técnico de Nivel Superior,Carreras Técnicas,NO ACREDITADA
2023|I152S10C429J3V1,I152S10C429J3V1,NATUROPATIA,Salud,Salud y Bienestar,Salud,Profesional Sin Licenciatura,Carreras Profesionales,NO ACREDITADA
2024|I152S10C429J3V1,I152S10C429J3V1,NATUROPATIA,Salud,Salud y Bienestar,Salud,Profesional Sin Licenciatura,Carreras Profesionales,NO ACREDITADA
2025|I152S10C429J3V1,I152S10C429J3V1,NATUROPATIA,Salud,Salud y Bienestar,Salud,Profesional Sin Licenciatura,Carreras Profesionales,NO ACREDITADA
2026|I152S10C429J3V1,I152S10C429J3V1,NATUROPATIA,Salud,Salud y Bienestar,Salud,Profesional Sin Licenciatura,Carreras Profesionales,NO ACREDITADA
2023|I120S1C214J3V1,I120S1C214J3V1,NUTRICION Y DIETETICA,Salud,Salud y Bienestar,Salud,Profesional Sin Licenciatura,Carreras Profesionales,NO ACREDITADA
2023|I120S2C214J3V1,I120S2C214J3V1,NUTRICION Y DIETETICA,Salud,Salud y Bienestar,Salud,Profesional Sin Licenciatura,Carreras Profesionales,NO ACREDITADA
2023|I120S3C214J3V1,I120S3C214J3V1,NUTRICION Y DIETETICA,Salud,Salud y Bienestar,Salud,Profesional Sin Licenciatura,Carreras Profesionales,NO ACREDITADA
2023|I120S4C214J3V2,I120S4C214J3V2,NUTRICION Y DIETETICA,Salud,Salud y Bienestar,Salud,Profesional Sin Licenciatura,Carreras Profesionales,NO ACREDITADA
2023|I17S2C58J3V1,I17S2C58J3V1,NUTRICION Y DIETETICA,Salud,Salud y Bienestar,Salud,Profesional Con Licenciatura,Carreras Profesionales,NO ACREDITADA
2023|I19S4C148J3V1,I19S4C148J3V1,NUTRICION Y DIETETICA,Salud,Salud y Bienestar,Salud,Profesional Con Licenciatura,Carreras Profesionales,NO ACREDITADA
2023|I19S6C148J3V1,I19S6C148J3V1,NUTRICION Y DIETETICA,Salud,Salud y Bienestar,Salud,Profesional Con Licenciatura,Carreras Profesionales,NO ACREDITADA
2024|I120S1C214J3V1,I120S1C214J3V1,NUTRICION Y DIETETICA,Salud,Salud y Bienestar,Salud,Profesional Sin Licenciatura,Carreras Profesionales,NO ACREDITADA
2024|I120S2C214J3V1,I120S2C214J3V1,NUTRICION Y DIETETICA,Salud,Salud y Bienestar,Salud,Profesional Sin Licenciatura,Carreras Profesionales,NO ACREDITADA
2024|I120S3C214J3V1,I120S3C214J3V1,NUTRICION Y DIETETICA,Salud,Salud y Bienestar,Salud,Profesional Sin Licenciatura,Carreras Profesionales,NO ACREDITADA
2024|I120S4C214J3V2,I120S4C214J3V2,NUTRICION Y DIETETICA,Salud,Salud y Bienestar,Salud,Profesional Sin Licenciatura,Carreras Profesionales,NO ACREDITADA
2024|I17S2C58J3V1,I17S2C58J3V1,NUTRICION Y DIETETICA,Salud,Salud y Bienestar,Salud,Profesional Con Licenciatura,Carreras Profesionales,NO ACREDITADA
2024|I19S4C148J3V1,I19S4C148J3V1,NUTRICION Y DIETETICA,Salud,Salud y Bienestar,Salud,Profesional Con Licenciatura,Carreras Profesionales,NO ACREDITADA
2024|I19S6C148J3V1,I19S6C148J3V1,NUTRICION Y DIETETICA,Salud,Salud y Bienestar,Salud,Profesional Con Licenciatura,Carreras Profesionales,NO ACREDITADA
2025|I17S2C58J3V1,I17S2C58J3V1,NUTRICION Y DIETETICA,Salud,Salud y Bienestar,Salud,Profesional Con Licenciatura,Carreras Profesionales,NO ACREDITADA
2025|I19S4C148J3V1,I19S4C148J3V1,NUTRICION Y DIETETICA,Salud,Salud y Bienestar,Salud,Profesional Con Licenciatura,Carreras Profesionales,NO ACREDITADA
2025|I19S6C148J3V1,I19S6C148J3V1,NUTRICION Y DIETETICA,Salud,Salud y Bienestar,Salud,Profesional Con Licenciatura,Carreras Profesionales,NO ACREDITADA
2026|I120S1C214J3V1,I120S1C214J3V1,NUTRICION Y DIETETICA,Salud,Salud y Bienestar,Salud,Profesional Sin Licenciatura,Carreras Profesionales,NO ACREDITADA
2026|I120S2C214J3V1,I120S2C214J3V1,NUTRICION Y DIETETICA,Salud,Salud y Bienestar,Salud,Profesional Sin Licenciatura,Carreras Profesionales,NO ACREDITADA
2026|I120S3C214J3V1,I120S3C214J3V1,NUTRICION Y DIETETICA,Salud,Salud y Bienestar,Salud,Profesional Sin Licenciatura,Carreras Profesionales,NO ACREDITADA
2026|I120S4C214J3V2,I120S4C214J3V2,NUTRICION Y DIETETICA,Salud,Salud y Bienestar,Salud,Profesional Sin Licenciatura,Carreras Profesionales,NO ACREDITADA
2026|I17S2C58J3V1,I17S2C58J3V1,NUTRICION Y DIETETICA,Salud,Salud y Bienestar,Salud,Profesional Con Licenciatura,Carreras Profesionales,NO ACREDITADA
2026|I19S4C148J3V1,I19S4C148J3V1,NUTRICION Y DIETETICA,Salud,Salud y Bienestar,Salud,Profesional Con Licenciatura,Carreras Profesionales,NO ACREDITADA
2026|I19S6C148J3V1,I19S6C148J3V1,NUTRICION Y DIETETICA,Salud,Salud y Bienestar,Salud,Profesional Con Licenciatura,Carreras Profesionales,NO ACREDITADA
2024|I120S1C268J3V2,I120S1C268J3V2,PLAN ESPECIAL DE TECNICO NIVEL SUPERIOR EN ENFERMERIA,Salud,Salud y Bienestar,Salud,Técnico de Nivel Superior,Carreras Técnicas,NO ACREDITADA
2024|I120S2C268J3V2,I120S2C268J3V2,PLAN ESPECIAL DE TECNICO NIVEL SUPERIOR EN ENFERMERIA,Salud,Salud y Bienestar,Salud,Técnico de Nivel Superior,Carreras Técnicas,NO ACREDITADA
2024|I120S3C268J3V2,I120S3C268J3V2,PLAN ESPECIAL DE TECNICO NIVEL SUPERIOR EN ENFERMERIA,Salud,Salud y Bienestar,Salud,Técnico de Nivel Superior,Carreras Técnicas,NO ACREDITADA
2024|I120S4C268J1V1,I120S4C268J1V1,PLAN ESPECIAL DE TECNICO NIVEL SUPERIOR EN ENFERMERIA,Salud,Salud y Bienestar,Salud,Técnico de Nivel Superior,Carreras Técnicas,NO ACREDITADA
2026|I120S1C268J3V2,I120S1C268J3V2,PLAN ESPECIAL DE TECNICO NIVEL SUPERIOR EN ENFERMERIA,Salud,Salud y Bienestar,Salud,Técnico de Nivel Superior,Carreras Técnicas,NO ACREDITADA
2026|I120S4C268J1V1,I120S4C268J1V1,PLAN ESPECIAL DE TECNICO NIVEL SUPERIOR EN ENFERMERIA,Salud,Salud y Bienestar,Salud,Técnico de Nivel Superior,Carreras Técnicas,NO ACREDITADA
2024|I120S1C260J3V4,I120S1C260J3V4,PLAN ESPECIAL PODOLOGIA CLINICA,Salud,Salud y Bienestar,Salud,Técnico de Nivel Superior,Carreras Técnicas,NO ACREDITADA
2024|I120S3C260J3V3,I120S3C260J3V3,PLAN ESPECIAL PODOLOGIA CLINICA,Salud,Salud y Bienestar,Salud,Técnico de Nivel Superior,Carreras Técnicas,NO ACREDITADA
2024|I120S4C260J3V3,I120S4C260J3V3,PLAN ESPECIAL PODOLOGIA CLINICA,Salud,Salud y Bienestar,Salud,Técnico de Nivel Superior,Carreras Técnicas,NO ACREDITADA
2023|I120S1C290J3V2,I120S1C290J3V2,PLAN ESPECIAL TECNICO EN FARMACIA,Salud,Salud y Bienestar,Salud,Técnico de Nivel Superior,Carreras Técnicas,NO ACREDITADA
2024|I120S1C290J3V2,I120S1C290J3V2,PLAN ESPECIAL TECNICO EN FARMACIA,Salud,Salud y Bienestar,Salud,Técnico de Nivel Superior,Carreras Técnicas,NO ACREDITADA
2023|I143S28C62J3V1,I143S28C62J3V1,PODOLOGIA CLINICA,Salud,Salud y Bienestar,Salud,Técnico de Nivel Superior,Carreras Técnicas,NO ACREDITADA
2023|I143S32C62J3V1,I143S32C62J3V1,PODOLOGIA CLINICA,Salud,Salud y Bienestar,Salud,Técnico de Nivel Superior,Carreras Técnicas,NO ACREDITADA
2024|I143S13C62J3V1,I143S13C62J3V1,PODOLOGIA CLINICA,Salud,Salud y Bienestar,Salud,Técnico de Nivel Superior,Carreras Técnicas,NO ACREDITADA
2024|I143S22C62J3V1,I143S22C62J3V1,PODOLOGIA CLINICA,Salud,Salud y Bienestar,Salud,Técnico de Nivel Superior,Carreras Técnicas,NO ACREDITADA
2024|I143S28C62J3V1,I143S28C62J3V1,PODOLOGIA CLINICA,Salud,Salud y Bienestar,Salud,Técnico de Nivel Superior,Carreras Técnicas,NO ACREDITADA
2024|I143S32C62J3V1,I143S32C62J3V1,PODOLOGIA CLINICA,Salud,Salud y Bienestar,Salud,Técnico de Nivel Superior,Carreras Técnicas,NO ACREDITADA
2024|I143S32C62J3V2,I143S32C62J3V2,PODOLOGIA CLINICA,Salud,Salud y Bienestar,Salud,Técnico de Nivel Superior,Carreras Técnicas,NO ACREDITADA
2025|I143S13C62J3V1,I143S13C62J3V1,PODOLOGIA CLINICA,Salud,Salud y Bienestar,Salud,Técnico de Nivel Superior,Carreras Técnicas,NO ACREDITADA
2025|I143S22C62J3V1,I143S22C62J3V1,PODOLOGIA CLINICA,Salud,Salud y Bienestar,Salud,Técnico de Nivel Superior,Carreras Técnicas,NO ACREDITADA
2025|I143S28C62J3V1,I143S28C62J3V1,PODOLOGIA CLINICA,Salud,Salud y Bienestar,Salud,Técnico de Nivel Superior,Carreras Técnicas,NO ACREDITADA
2025|I143S32C62J3V2,I143S32C62J3V2,PODOLOGIA CLINICA,Salud,Salud y Bienestar,Salud,Técnico de Nivel Superior,Carreras Técnicas,NO ACREDITADA
2025|I143S33C62J3V1,I143S33C62J3V1,PODOLOGIA CLINICA,Salud,Salud y Bienestar,Salud,Técnico de Nivel Superior,Carreras Técnicas,NO ACREDITADA
2026|I143S12C62J3V1,I143S12C62J3V1,PODOLOGIA CLINICA,Salud,Salud y Bienestar,Salud,Técnico de Nivel Superior,Carreras Técnicas,NO ACREDITADA
2026|I143S13C62J3V1,I143S13C62J3V1,PODOLOGIA CLINICA,Salud,Salud y Bienestar,Salud,Técnico de Nivel Superior,Carreras Técnicas,NO ACREDITADA
2026|I143S17C62J3V1,I143S17C62J3V1,PODOLOGIA CLINICA,Salud,Salud y Bienestar,Salud,Técnico de Nivel Superior,Carreras Técnicas,NO ACREDITADA
2026|I143S22C62J3V1,I143S22C62J3V1,PODOLOGIA CLINICA,Salud,Salud y Bienestar,Salud,Técnico de Nivel Superior,Carreras Técnicas,NO ACREDITADA
2026|I143S28C62J3V1,I143S28C62J3V1,PODOLOGIA CLINICA,Salud,Salud y Bienestar,Salud,Técnico de Nivel Superior,Carreras Técnicas,NO ACREDITADA
2026|I143S32C62J3V2,I143S32C62J3V2,PODOLOGIA CLINICA,Salud,Salud y Bienestar,Salud,Técnico de Nivel Superior,Carreras Técnicas,NO ACREDITADA
2026|I143S33C62J3V1,I143S33C62J3V1,PODOLOGIA CLINICA,Salud,Salud y Bienestar,Salud,Técnico de Nivel Superior,Carreras Técnicas,NO ACREDITADA
2026|I4S1C648J3V3,I4S1C648J3V3,QUIROPRAXIA,Salud,Salud y Bienestar,Salud,Profesional Con Licenciatura,Carreras Profesionales,NO ACREDITADA
2023|I4S1C648J3V2,I4S1C648J3V2,QUIROPRAXIA COMO SEGUNDO TITULO,Salud,Salud y Bienestar,Salud,Profesional Con Licenciatura,Carreras Profesionales,NO ACREDITADA
2024|I4S1C648J3V2,I4S1C648J3V2,QUIROPRAXIA COMO SEGUNDO TITULO,Salud,Salud y Bienestar,Salud,Profesional Con Licenciatura,Carreras Profesionales,NO ACREDITADA
2025|I4S1C648J3V2,I4S1C648J3V2,QUIROPRAXIA COMO SEGUNDO TITULO,Salud,Salud y Bienestar,Salud,Profesional Con Licenciatura,Carreras Profesionales,NO ACREDITADA
2026|I4S1C648J3V2,I4S1C648J3V2,QUIROPRAXIA COMO SEGUNDO TITULO,Salud,Salud y Bienestar,Salud,Profesional Con Licenciatura,Carreras Profesionales,NO ACREDITADA
2023|I176S10C59J3V2,I176S10C59J3V2,TECNICO DE NIVEL SUPERIOR EN ENFERMERIA,Salud,Salud y Bienestar,Salud,Técnico de Nivel Superior,Carreras Técnicas,NO ACREDITADA
2023|I176S3C59J3V2,I176S3C59J3V2,TECNICO DE NIVEL SUPERIOR EN ENFERMERIA,Salud,Salud y Bienestar,Salud,Técnico de Nivel Superior,Carreras Técnicas,NO ACREDITADA
2023|I176S7C59J3V2,I176S7C59J3V2,TECNICO DE NIVEL SUPERIOR EN ENFERMERIA,Salud,Salud y Bienestar,Salud,Técnico de Nivel Superior,Carreras Técnicas,NO ACREDITADA
2024|I176S10C59J3V2,I176S10C59J3V2,TECNICO DE NIVEL SUPERIOR EN ENFERMERIA,Salud,Salud y Bienestar,Salud,Técnico de Nivel Superior,Carreras Técnicas,NO ACREDITADA
2024|I176S10C59J3V4,I176S10C59J3V4,TECNICO DE NIVEL SUPERIOR EN ENFERMERIA,Salud,Salud y Bienestar,Salud,Técnico de Nivel Superior,Carreras Técnicas,NO ACREDITADA
2024|I176S3C59J3V2,I176S3C59J3V2,TECNICO DE NIVEL SUPERIOR EN ENFERMERIA,Salud,Salud y Bienestar,Salud,Técnico de Nivel Superior,Carreras Técnicas,NO ACREDITADA
2024|I176S7C59J3V2,I176S7C59J3V2,TECNICO DE NIVEL SUPERIOR EN ENFERMERIA,Salud,Salud y Bienestar,Salud,Técnico de Nivel Superior,Carreras Técnicas,NO ACREDITADA
2025|I19S2C154J3V1,I19S2C154J3V1,TECNICO DE NIVEL SUPERIOR EN ENFERMERIA,Salud,Salud y Bienestar,Salud,Técnico de Nivel Superior,Carreras Técnicas,NO ACREDITADA
2025|I19S3C154J3V1,I19S3C154J3V1,TECNICO DE NIVEL SUPERIOR EN ENFERMERIA,Salud,Salud y Bienestar,Salud,Técnico de Nivel Superior,Carreras Técnicas,NO ACREDITADA
2025|I19S4C154J3V1,I19S4C154J3V1,TECNICO DE NIVEL SUPERIOR EN ENFERMERIA,Salud,Salud y Bienestar,Salud,Técnico de Nivel Superior,Carreras Técnicas,NO ACREDITADA
2026|I19S2C154J3V1,I19S2C154J3V1,TECNICO DE NIVEL SUPERIOR EN ENFERMERIA,Salud,Salud y Bienestar,Salud,Técnico de Nivel Superior,Carreras Técnicas,NO ACREDITADA
2026|I19S3C154J3V1,I19S3C154J3V1,TECNICO DE NIVEL SUPERIOR EN ENFERMERIA,Salud,Salud y Bienestar,Salud,Técnico de Nivel Superior,Carreras Técnicas,NO ACREDITADA
2026|I19S4C154J3V1,I19S4C154J3V1,TECNICO DE NIVEL SUPERIOR EN ENFERMERIA,Salud,Salud y Bienestar,Salud,Técnico de Nivel Superior,Carreras Técnicas,NO ACREDITADA
2023|I312S1C84J4V2,I312S1C84J4V2,TECNICO DE NIVEL SUPERIOR EN FARMACIA,Salud,Salud y Bienestar,Salud,Técnico de Nivel Superior,Carreras Técnicas,NO ACREDITADA
2023|I312S1C84J4V3,I312S1C84J4V3,TECNICO DE NIVEL SUPERIOR EN FARMACIA,Salud,Salud y Bienestar,Salud,Técnico de Nivel Superior,Carreras Técnicas,NO ACREDITADA
2023|I312S1C84J4V4,I312S1C84J4V4,TECNICO DE NIVEL SUPERIOR EN FARMACIA,Salud,Salud y Bienestar,Salud,Técnico de Nivel Superior,Carreras Técnicas,NO ACREDITADA
2024|I312S1C84J4V3,I312S1C84J4V3,TECNICO DE NIVEL SUPERIOR EN FARMACIA,Salud,Salud y Bienestar,Salud,Técnico de Nivel Superior,Carreras Técnicas,NO ACREDITADA
2024|I312S1C84J4V4,I312S1C84J4V4,TECNICO DE NIVEL SUPERIOR EN FARMACIA,Salud,Salud y Bienestar,Salud,Técnico de Nivel Superior,Carreras Técnicas,NO ACREDITADA
2025|I312S1C84J4V3,I312S1C84J4V3,TECNICO DE NIVEL SUPERIOR EN FARMACIA,Salud,Salud y Bienestar,Salud,Técnico de Nivel Superior,Carreras Técnicas,NO ACREDITADA
2025|I312S1C84J4V4,I312S1C84J4V4,TECNICO DE NIVEL SUPERIOR EN FARMACIA,Salud,Salud y Bienestar,Salud,Técnico de Nivel Superior,Carreras Técnicas,NO ACREDITADA
2026|I312S1C84J4V3,I312S1C84J4V3,TECNICO DE NIVEL SUPERIOR EN FARMACIA,Salud,Salud y Bienestar,Salud,Técnico de Nivel Superior,Carreras Técnicas,NO ACREDITADA
2026|I312S1C84J4V4,I312S1C84J4V4,TECNICO DE NIVEL SUPERIOR EN FARMACIA,Salud,Salud y Bienestar,Salud,Técnico de Nivel Superior,Carreras Técnicas,NO ACREDITADA
2023|I629S0C167J4V1,I629S0C167J4V1,TECNICO DE NIVEL SUPERIOR EN OPTICA Y CONTACTOLOGIA,Salud,Salud y Bienestar,Salud,Técnico de Nivel Superior,Carreras Técnicas,NO ACREDITADA
2024|I629S0C167J4V1,I629S0C167J4V1,TECNICO DE NIVEL SUPERIOR EN OPTICA Y CONTACTOLOGIA,Salud,Salud y Bienestar,Salud,Técnico de Nivel Superior,Carreras Técnicas,NO ACREDITADA
2025|I629S0C167J4V1,I629S0C167J4V1,TECNICO DE NIVEL SUPERIOR EN OPTICA Y CONTACTOLOGIA,Salud,Salud y Bienestar,Salud,Técnico de Nivel Superior,Carreras Técnicas,NO ACREDITADA
2026|I629S0C167J4V1,I629S0C167J4V1,TECNICO DE NIVEL SUPERIOR EN OPTICA Y CONTACTOLOGIA,Salud,Salud y Bienestar,Salud,Técnico de Nivel Superior,Carreras Técnicas,NO ACREDITADA
2023|I120S1C260J3V1,I120S1C260J3V1,TECNICO DE NIVEL SUPERIOR EN PODOLOGIA,Salud,Salud y Bienestar,Salud,Técnico de Nivel Superior,Carreras Técnicas,NO ACREDITADA
2023|I120S2C260J3V1,I120S2C260J3V1,TECNICO DE NIVEL SUPERIOR EN PODOLOGIA,Salud,Salud y Bienestar,Salud,Técnico de Nivel Superior,Carreras Técnicas,NO ACREDITADA
2023|I120S3C260J3V1,I120S3C260J3V1,TECNICO DE NIVEL SUPERIOR EN PODOLOGIA,Salud,Salud y Bienestar,Salud,Técnico de Nivel Superior,Carreras Técnicas,NO ACREDITADA
2023|I120S4C260J3V1,I120S4C260J3V1,TECNICO DE NIVEL SUPERIOR EN PODOLOGIA,Salud,Salud y Bienestar,Salud,Técnico de Nivel Superior,Carreras Técnicas,NO ACREDITADA
2023|I176S10C74J3V2,I176S10C74J3V2,TECNICO DE NIVEL SUPERIOR EN PODOLOGIA,Salud,Salud y Bienestar,Salud,Técnico de Nivel Superior,Carreras Técnicas,NO ACREDITADA
2023|I176S3C74J3V2,I176S3C74J3V2,TECNICO DE NIVEL SUPERIOR EN PODOLOGIA,Salud,Salud y Bienestar,Salud,Técnico de Nivel Superior,Carreras Técnicas,NO ACREDITADA
2023|I176S7C74J3V2,I176S7C74J3V2,TECNICO DE NIVEL SUPERIOR EN PODOLOGIA,Salud,Salud y Bienestar,Salud,Técnico de Nivel Superior,Carreras Técnicas,NO ACREDITADA
2024|I120S1C260J3V1,I120S1C260J3V1,TECNICO DE NIVEL SUPERIOR EN PODOLOGIA,Salud,Salud y Bienestar,Salud,Técnico de Nivel Superior,Carreras Técnicas,NO ACREDITADA
2024|I120S2C260J3V1,I120S2C260J3V1,TECNICO DE NIVEL SUPERIOR EN PODOLOGIA,Salud,Salud y Bienestar,Salud,Técnico de Nivel Superior,Carreras Técnicas,NO ACREDITADA
2024|I120S3C260J3V1,I120S3C260J3V1,TECNICO DE NIVEL SUPERIOR EN PODOLOGIA,Salud,Salud y Bienestar,Salud,Técnico de Nivel Superior,Carreras Técnicas,NO ACREDITADA
2024|I120S4C260J3V1,I120S4C260J3V1,TECNICO DE NIVEL SUPERIOR EN PODOLOGIA,Salud,Salud y Bienestar,Salud,Técnico de Nivel Superior,Carreras Técnicas,NO ACREDITADA
2024|I176S10C74J3V2,I176S10C74J3V2,TECNICO DE NIVEL SUPERIOR EN PODOLOGIA,Salud,Salud y Bienestar,Salud,Técnico de Nivel Superior,Carreras Técnicas,NO ACREDITADA
2024|I176S3C74J3V2,I176S3C74J3V2,TECNICO DE NIVEL SUPERIOR EN PODOLOGIA,Salud,Salud y Bienestar,Salud,Técnico de Nivel Superior,Carreras Técnicas,NO ACREDITADA
2024|I176S7C74J3V2,I176S7C74J3V2,TECNICO DE NIVEL SUPERIOR EN PODOLOGIA,Salud,Salud y Bienestar,Salud,Técnico de Nivel Superior,Carreras Técnicas,NO ACREDITADA
2026|I120S1C260J3V2,I120S1C260J3V2,TECNICO DE NIVEL SUPERIOR EN PODOLOGIA,Salud,Salud y Bienestar,Salud,Técnico de Nivel Superior,Carreras Técnicas,NO ACREDITADA
2026|I120S2C260J3V2,I120S2C260J3V2,TECNICO DE NIVEL SUPERIOR EN PODOLOGIA,Salud,Salud y Bienestar,Salud,Técnico de Nivel Superior,Carreras Técnicas,NO ACREDITADA
2026|I120S3C260J3V2,I120S3C260J3V2,TECNICO DE NIVEL SUPERIOR EN PODOLOGIA,Salud,Salud y Bienestar,Salud,Técnico de Nivel Superior,Carreras Técnicas,NO ACREDITADA
2026|I120S4C260J3V2,I120S4C260J3V2,TECNICO DE NIVEL SUPERIOR EN PODOLOGIA,Salud,Salud y Bienestar,Salud,Técnico de Nivel Superior,Carreras Técnicas,NO ACREDITADA
2023|I152S10C370J2V1,I152S10C370J2V1,TECNICO EN ALIMENTACION Y NUTRICION,Salud,Salud y Bienestar,Salud,Técnico de Nivel Superior,Carreras Técnicas,NO ACREDITADA
2024|I152S10C370J2V1,I152S10C370J2V1,TECNICO EN ALIMENTACION Y NUTRICION,Salud,Salud y Bienestar,Salud,Técnico de Nivel Superior,Carreras Técnicas,NO ACREDITADA
2025|I152S10C370J2V1,I152S10C370J2V1,TECNICO EN ALIMENTACION Y NUTRICION,Salud,Salud y Bienestar,Salud,Técnico de Nivel Superior,Carreras Técnicas,NO ACREDITADA
2026|I152S10C370J2V1,I152S10C370J2V1,TECNICO EN ALIMENTACION Y NUTRICION,Salud,Salud y Bienestar,Salud,Técnico de Nivel Superior,Carreras Técnicas,NO ACREDITADA
2023|I120S1C30J3V1,I120S1C30J3V1,TECNICO EN ENFERMERIA,Salud,Salud y Bienestar,Salud,Técnico de Nivel Superior,Carreras Técnicas,NO ACREDITADA
2023|I120S2C30J3V1,I120S2C30J3V1,TECNICO EN ENFERMERIA,Salud,Salud y Bienestar,Salud,Técnico de Nivel Superior,Carreras Técnicas,NO ACREDITADA
2023|I120S3C30J3V1,I120S3C30J3V1,TECNICO EN ENFERMERIA,Salud,Salud y Bienestar,Salud,Técnico de Nivel Superior,Carreras Técnicas,NO ACREDITADA
2023|I120S4C30J3V1,I120S4C30J3V1,TECNICO EN ENFERMERIA,Salud,Salud y Bienestar,Salud,Técnico de Nivel Superior,Carreras Técnicas,NO ACREDITADA
2023|I143S28C34J3V1,I143S28C34J3V1,TECNICO EN ENFERMERIA,Salud,Salud y Bienestar,Salud,Técnico de Nivel Superior,Carreras Técnicas,NO ACREDITADA
2023|I143S32C34J3V1,I143S32C34J3V1,TECNICO EN ENFERMERIA,Salud,Salud y Bienestar,Salud,Técnico de Nivel Superior,Carreras Técnicas,NO ACREDITADA
2023|I152S10C22J2V1,I152S10C22J2V1,TECNICO EN ENFERMERIA,Salud,Salud y Bienestar,Salud,Técnico de Nivel Superior,Carreras Técnicas,NO ACREDITADA
2024|I120S1C30J3V1,I120S1C30J3V1,TECNICO EN ENFERMERIA,Salud,Salud y Bienestar,Salud,Técnico de Nivel Superior,Carreras Técnicas,NO ACREDITADA
2024|I120S2C30J3V1,I120S2C30J3V1,TECNICO EN ENFERMERIA,Salud,Salud y Bienestar,Salud,Técnico de Nivel Superior,Carreras Técnicas,NO ACREDITADA
2024|I120S3C30J3V1,I120S3C30J3V1,TECNICO EN ENFERMERIA,Salud,Salud y Bienestar,Salud,Técnico de Nivel Superior,Carreras Técnicas,NO ACREDITADA
2024|I120S4C30J3V1,I120S4C30J3V1,TECNICO EN ENFERMERIA,Salud,Salud y Bienestar,Salud,Técnico de Nivel Superior,Carreras Técnicas,NO ACREDITADA
2024|I143S12C34J3V1,I143S12C34J3V1,TECNICO EN ENFERMERIA,Salud,Salud y Bienestar,Salud,Técnico de Nivel Superior,Carreras Técnicas,NO ACREDITADA
2024|I143S22C34J3V1,I143S22C34J3V1,TECNICO EN ENFERMERIA,Salud,Salud y Bienestar,Salud,Técnico de Nivel Superior,Carreras Técnicas,NO ACREDITADA
2024|I143S28C34J3V1,I143S28C34J3V1,TECNICO EN ENFERMERIA,Salud,Salud y Bienestar,Salud,Técnico de Nivel Superior,Carreras Técnicas,NO ACREDITADA
2024|I143S32C34J3V1,I143S32C34J3V1,TECNICO EN ENFERMERIA,Salud,Salud y Bienestar,Salud,Técnico de Nivel Superior,Carreras Técnicas,NO ACREDITADA
2024|I143S32C34J3V2,I143S32C34J3V2,TECNICO EN ENFERMERIA,Salud,Salud y Bienestar,Salud,Técnico de Nivel Superior,Carreras Técnicas,NO ACREDITADA
2024|I143S33C34J3V1,I143S33C34J3V1,TECNICO EN ENFERMERIA,Salud,Salud y Bienestar,Salud,Técnico de Nivel Superior,Carreras Técnicas,NO ACREDITADA
2024|I152S10C22J2V1,I152S10C22J2V1,TECNICO EN ENFERMERIA,Salud,Salud y Bienestar,Salud,Técnico de Nivel Superior,Carreras Técnicas,NO ACREDITADA
2024|I218S1C10J3V2,I218S1C10J3V2,TECNICO EN ENFERMERIA,Salud,Salud y Bienestar,Salud,Técnico de Nivel Superior,Carreras Técnicas,NO ACREDITADA
2024|I319S8C37J4V1,I319S8C37J4V1,TECNICO EN ENFERMERIA,Salud,Salud y Bienestar,Salud,Técnico de Nivel Superior,Carreras Técnicas,NO ACREDITADA
2025|I143S12C34J3V1,I143S12C34J3V1,TECNICO EN ENFERMERIA,Salud,Salud y Bienestar,Salud,Técnico de Nivel Superior,Carreras Técnicas,NO ACREDITADA
2025|I143S22C34J3V1,I143S22C34J3V1,TECNICO EN ENFERMERIA,Salud,Salud y Bienestar,Salud,Técnico de Nivel Superior,Carreras Técnicas,NO ACREDITADA
2025|I143S28C34J3V1,I143S28C34J3V1,TECNICO EN ENFERMERIA,Salud,Salud y Bienestar,Salud,Técnico de Nivel Superior,Carreras Técnicas,NO ACREDITADA
2025|I143S32C34J3V2,I143S32C34J3V2,TECNICO EN ENFERMERIA,Salud,Salud y Bienestar,Salud,Técnico de Nivel Superior,Carreras Técnicas,NO ACREDITADA
2025|I152S10C22J2V1,I152S10C22J2V1,TECNICO EN ENFERMERIA,Salud,Salud y Bienestar,Salud,Técnico de Nivel Superior,Carreras Técnicas,NO ACREDITADA
2025|I218S1C10J3V2,I218S1C10J3V2,TECNICO EN ENFERMERIA,Salud,Salud y Bienestar,Salud,Técnico de Nivel Superior,Carreras Técnicas,NO ACREDITADA
2025|I319S8C37J4V1,I319S8C37J4V1,TECNICO EN ENFERMERIA,Salud,Salud y Bienestar,Salud,Técnico de Nivel Superior,Carreras Técnicas,NO ACREDITADA
2026|I120S1C30J3V1,I120S1C30J3V1,TECNICO EN ENFERMERIA,Salud,Salud y Bienestar,Salud,Técnico de Nivel Superior,Carreras Técnicas,NO ACREDITADA
2026|I120S2C30J3V1,I120S2C30J3V1,TECNICO EN ENFERMERIA,Salud,Salud y Bienestar,Salud,Técnico de Nivel Superior,Carreras Técnicas,NO ACREDITADA
2026|I120S3C30J3V1,I120S3C30J3V1,TECNICO EN ENFERMERIA,Salud,Salud y Bienestar,Salud,Técnico de Nivel Superior,Carreras Técnicas,NO ACREDITADA
2026|I120S4C30J3V1,I120S4C30J3V1,TECNICO EN ENFERMERIA,Salud,Salud y Bienestar,Salud,Técnico de Nivel Superior,Carreras Técnicas,NO ACREDITADA
2026|I143S12C34J3V1,I143S12C34J3V1,TECNICO EN ENFERMERIA,Salud,Salud y Bienestar,Salud,Técnico de Nivel Superior,Carreras Técnicas,NO ACREDITADA
2026|I143S22C34J3V1,I143S22C34J3V1,TECNICO EN ENFERMERIA,Salud,Salud y Bienestar,Salud,Técnico de Nivel Superior,Carreras Técnicas,NO ACREDITADA
2026|I143S23C34J3V1,I143S23C34J3V1,TECNICO EN ENFERMERIA,Salud,Salud y Bienestar,Salud,Técnico de Nivel Superior,Carreras Técnicas,NO ACREDITADA
2026|I143S28C34J3V1,I143S28C34J3V1,TECNICO EN ENFERMERIA,Salud,Salud y Bienestar,Salud,Técnico de Nivel Superior,Carreras Técnicas,NO ACREDITADA
2026|I143S32C34J3V1,I143S32C34J3V1,TECNICO EN ENFERMERIA,Salud,Salud y Bienestar,Salud,Técnico de Nivel Superior,Carreras Técnicas,NO ACREDITADA
2026|I143S32C34J3V2,I143S32C34J3V2,TECNICO EN ENFERMERIA,Salud,Salud y Bienestar,Salud,Técnico de Nivel Superior,Carreras Técnicas,NO ACREDITADA
2026|I152S10C22J2V1,I152S10C22J2V1,TECNICO EN ENFERMERIA,Salud,Salud y Bienestar,Salud,Técnico de Nivel Superior,Carreras Técnicas,NO ACREDITADA
2026|I218S1C10J3V2,I218S1C10J3V2,TECNICO EN ENFERMERIA,Salud,Salud y Bienestar,Salud,Técnico de Nivel Superior,Carreras Técnicas,NO ACREDITADA
2026|I319S8C37J4V1,I319S8C37J4V1,TECNICO EN ENFERMERIA,Salud,Salud y Bienestar,Salud,Técnico de Nivel Superior,Carreras Técnicas,NO ACREDITADA
2023|I143S28C53J3V1,I143S28C53J3V1,TECNICO EN ENFERMERIA E INSTRUMENTACION QUIRURGICA,Salud,Salud y Bienestar,Salud,Técnico de Nivel Superior,Carreras Técnicas,NO ACREDITADA
2024|I143S12C53J3V1,I143S12C53J3V1,TECNICO EN ENFERMERIA E INSTRUMENTACION QUIRURGICA,Salud,Salud y Bienestar,Salud,Técnico de Nivel Superior,Carreras Técnicas,NO ACREDITADA
2024|I143S28C53J3V1,I143S28C53J3V1,TECNICO EN ENFERMERIA E INSTRUMENTACION QUIRURGICA,Salud,Salud y Bienestar,Salud,Técnico de Nivel Superior,Carreras Técnicas,NO ACREDITADA
2025|I143S12C53J3V1,I143S12C53J3V1,TECNICO EN ENFERMERIA E INSTRUMENTACION QUIRURGICA,Salud,Salud y Bienestar,Salud,Técnico de Nivel Superior,Carreras Técnicas,NO ACREDITADA
2025|I143S28C53J3V1,I143S28C53J3V1,TECNICO EN ENFERMERIA E INSTRUMENTACION QUIRURGICA,Salud,Salud y Bienestar,Salud,Técnico de Nivel Superior,Carreras Técnicas,NO ACREDITADA
2026|I143S12C53J3V1,I143S12C53J3V1,TECNICO EN ENFERMERIA E INSTRUMENTACION QUIRURGICA,Salud,Salud y Bienestar,Salud,Técnico de Nivel Superior,Carreras Técnicas,NO ACREDITADA
2026|I143S28C53J3V1,I143S28C53J3V1,TECNICO EN ENFERMERIA E INSTRUMENTACION QUIRURGICA,Salud,Salud y Bienestar,Salud,Técnico de Nivel Superior,Carreras Técnicas,NO ACREDITADA
2023|I152S10C297J3V1,I152S10C297J3V1,TECNICO EN FARMACIA,Salud,Salud y Bienestar,Salud,Técnico de Nivel Superior,Carreras Técnicas,NO ACREDITADA
2023|I218S1C37J4V2,I218S1C37J4V2,TECNICO EN FARMACIA,Salud,Salud y Bienestar,Salud,Técnico de Nivel Superior,Carreras Técnicas,NO ACREDITADA
2024|I152S10C297J3V1,I152S10C297J3V1,TECNICO EN FARMACIA,Salud,Salud y Bienestar,Salud,Técnico de Nivel Superior,Carreras Técnicas,NO ACREDITADA
2024|I214S1C343J3V1,I214S1C343J3V1,TECNICO EN FARMACIA,Salud,Salud y Bienestar,Salud,Técnico de Nivel Superior,Carreras Técnicas,NO ACREDITADA
2024|I214S1C343J4V1,I214S1C343J4V1,TECNICO EN FARMACIA,Salud,Salud y Bienestar,Salud,Técnico de Nivel Superior,Carreras Técnicas,NO ACREDITADA
2024|I218S1C37J4V2,I218S1C37J4V2,TECNICO EN FARMACIA,Salud,Salud y Bienestar,Salud,Técnico de Nivel Superior,Carreras Técnicas,NO ACREDITADA
2025|I143S15C730J3V1,I143S15C730J3V1,TECNICO EN FARMACIA,Salud,Salud y Bienestar,Salud,Técnico de Nivel Superior,Carreras Técnicas,NO ACREDITADA
2025|I143S28C730J3V1,I143S28C730J3V1,TECNICO EN FARMACIA,Salud,Salud y Bienestar,Salud,Técnico de Nivel Superior,Carreras Técnicas,NO ACREDITADA
2025|I152S10C297J3V1,I152S10C297J3V1,TECNICO EN FARMACIA,Salud,Salud y Bienestar,Salud,Técnico de Nivel Superior,Carreras Técnicas,NO ACREDITADA
2025|I218S1C37J4V2,I218S1C37J4V2,TECNICO EN FARMACIA,Salud,Salud y Bienestar,Salud,Técnico de Nivel Superior,Carreras Técnicas,NO ACREDITADA
2026|I117S1C143J4V1,I117S1C143J4V1,TECNICO EN FARMACIA,Salud,Salud y Bienestar,Salud,Técnico de Nivel Superior,Carreras Técnicas,NO ACREDITADA
2026|I143S13C730J3V1,I143S13C730J3V1,TECNICO EN FARMACIA,Salud,Salud y Bienestar,Salud,Técnico de Nivel Superior,Carreras Técnicas,NO ACREDITADA
2026|I143S15C730J3V1,I143S15C730J3V1,TECNICO EN FARMACIA,Salud,Salud y Bienestar,Salud,Técnico de Nivel Superior,Carreras Técnicas,NO ACREDITADA
2026|I143S28C730J3V1,I143S28C730J3V1,TECNICO EN FARMACIA,Salud,Salud y Bienestar,Salud,Técnico de Nivel Superior,Carreras Técnicas,NO ACREDITADA
2026|I143S28C730J4V1,I143S28C730J4V1,TECNICO EN FARMACIA,Salud,Salud y Bienestar,Salud,Técnico de Nivel Superior,Carreras Técnicas,NO ACREDITADA
2026|I152S10C297J3V1,I152S10C297J3V1,TECNICO EN FARMACIA,Salud,Salud y Bienestar,Salud,Técnico de Nivel Superior,Carreras Técnicas,NO ACREDITADA
2026|I218S1C37J4V2,I218S1C37J4V2,TECNICO EN FARMACIA,Salud,Salud y Bienestar,Salud,Técnico de Nivel Superior,Carreras Técnicas,NO ACREDITADA
2026|I143S17C124J3V2,I143S17C124J3V2,TECNICO EN MASOTERAPIA,Salud,Salud y Bienestar,Salud,Técnico de Nivel Superior,Carreras Técnicas,NO ACREDITADA
2026|I143S26C124J3V2,I143S26C124J3V2,TECNICO EN MASOTERAPIA,Salud,Salud y Bienestar,Salud,Técnico de Nivel Superior,Carreras Técnicas,NO ACREDITADA
2026|I152S10C507J3V1,I152S10C507J3V1,TECNICO EN NATUROPATIA,Salud,Salud y Bienestar,Salud,Técnico de Nivel Superior,Carreras Técnicas,NO ACREDITADA
2024|I152S10C477J3V1,I152S10C477J3V1,TECNICO EN ODONTOLOGIA,Salud,Salud y Bienestar,Salud,Técnico de Nivel Superior,Carreras Técnicas,NO ACREDITADA
2025|I152S10C477J3V1,I152S10C477J3V1,TECNICO EN ODONTOLOGIA,Salud,Salud y Bienestar,Salud,Técnico de Nivel Superior,Carreras Técnicas,NO ACREDITADA
2026|I152S10C477J3V1,I152S10C477J3V1,TECNICO EN ODONTOLOGIA,Salud,Salud y Bienestar,Salud,Técnico de Nivel Superior,Carreras Técnicas,NO ACREDITADA
2023|I152S10C390J3V1,I152S10C390J3V1,TECNICO EN SALUD NATURAL Y TERAPIAS COMPLEMENTARIAS,Salud,Salud y Bienestar,Salud,Técnico de Nivel Superior,Carreras Técnicas,NO ACREDITADA
2024|I152S10C390J3V1,I152S10C390J3V1,TECNICO EN SALUD NATURAL Y TERAPIAS COMPLEMENTARIAS,Salud,Salud y Bienestar,Salud,Técnico de Nivel Superior,Carreras Técnicas,NO ACREDITADA
2025|I152S10C390J3V1,I152S10C390J3V1,TECNICO EN SALUD NATURAL Y TERAPIAS COMPLEMENTARIAS,Salud,Salud y Bienestar,Salud,Técnico de Nivel Superior,Carreras Técnicas,NO ACREDITADA
2026|I152S10C390J3V1,I152S10C390J3V1,TECNICO EN SALUD NATURAL Y TERAPIAS COMPLEMENTARIAS,Salud,Salud y Bienestar,Salud,Técnico de Nivel Superior,Carreras Técnicas,NO ACREDITADA
2025|I10S7C930J3V1,I10S7C930J3V1,TECNICO UNIVERSITARIO EN ENFERMERIA,Salud,Salud y Bienestar,Salud,Técnico de Nivel Superior,Carreras Técnicas,NO ACREDITADA
2026|I10S7C930J3V1,I10S7C930J3V1,TECNICO UNIVERSITARIO EN ENFERMERIA,Salud,Salud y Bienestar,Salud,Técnico de Nivel Superior,Carreras Técnicas,NO ACREDITADA
2025|I10S7C931J3V1,I10S7C931J3V1,TECNICO UNIVERSITARIO EN ODONTOLOGIA,Salud,Salud y Bienestar,Salud,Técnico de Nivel Superior,Carreras Técnicas,NO ACREDITADA
2026|I10S7C931J3V1,I10S7C931J3V1,TECNICO UNIVERSITARIO EN ODONTOLOGIA,Salud,Salud y Bienestar,Salud,Técnico de Nivel Superior,Carreras Técnicas,NO ACREDITADA
2025|I10S7C932J3V1,I10S7C932J3V1,TECNICO UNIVERSITARIO EN QUIMICA Y FARMACIA,Salud,Salud y Bienestar,Salud,Técnico de Nivel Superior,Carreras Técnicas,NO ACREDITADA
2026|I10S7C932J3V1,I10S7C932J3V1,TECNICO UNIVERSITARIO EN QUIMICA Y FARMACIA,Salud,Salud y Bienestar,Salud,Técnico de Nivel Superior,Carreras Técnicas,NO ACREDITADA
2025|I10S7C933J3V1,I10S7C933J3V1,TECNICO UNIVERSITARIO EN RADIOLOGIA Y RADIODIAGNOSTICO,Salud,Salud y Bienestar,Salud,Técnico de Nivel Superior,Carreras Técnicas,NO ACREDITADA
2026|I10S7C933J3V1,I10S7C933J3V1,TECNICO UNIVERSITARIO EN RADIOLOGIA Y RADIODIAGNOSTICO,Salud,Salud y Bienestar,Salud,Técnico de Nivel Superior,Carreras Técnicas,NO ACREDITADA
2023|I17S2C151J3V1,I17S2C151J3V1,TERAPIA OCUPACIONAL,Salud,Salud y Bienestar,Salud,Profesional Con Licenciatura,Carreras Profesionales,NO ACREDITADA
2023|I19S1C228J3V1,I19S1C228J3V1,TERAPIA OCUPACIONAL,Salud,Salud y Bienestar,Salud,Profesional Con Licenciatura,Carreras Profesionales,NO ACREDITADA
2023|I19S6C228J3V1,I19S6C228J3V1,TERAPIA OCUPACIONAL,Salud,Salud y Bienestar,Salud,Profesional Con Licenciatura,Carreras Profesionales,NO ACREDITADA
2024|I17S2C151J3V1,I17S2C151J3V1,TERAPIA OCUPACIONAL,Salud,Salud y Bienestar,Salud,Profesional Con Licenciatura,Carreras Profesionales,NO ACREDITADA
2024|I19S1C228J3V1,I19S1C228J3V1,TERAPIA OCUPACIONAL,Salud,Salud y Bienestar,Salud,Profesional Con Licenciatura,Carreras Profesionales,NO ACREDITADA
2024|I19S6C228J3V1,I19S6C228J3V1,TERAPIA OCUPACIONAL,Salud,Salud y Bienestar,Salud,Profesional Con Licenciatura,Carreras Profesionales,NO ACREDITADA
2025|I17S2C151J3V1,I17S2C151J3V1,TERAPIA OCUPACIONAL,Salud,Salud y Bienestar,Salud,Profesional Con Licenciatura,Carreras Profesionales,NO ACREDITADA
2025|I19S1C228J3V1,I19S1C228J3V1,TERAPIA OCUPACIONAL,Salud,Salud y Bienestar,Salud,Profesional Con Licenciatura,Carreras Profesionales,NO ACREDITADA
2025|I19S6C228J3V1,I19S6C228J3V1,TERAPIA OCUPACIONAL,Salud,Salud y Bienestar,Salud,Profesional Con Licenciatura,Carreras Profesionales,NO ACREDITADA
2026|I17S2C151J3V1,I17S2C151J3V1,TERAPIA OCUPACIONAL,Salud,Salud y Bienestar,Salud,Profesional Con Licenciatura,Carreras Profesionales,NO ACREDITADA
2026|I19S1C228J3V1,I19S1C228J3V1,TERAPIA OCUPACIONAL,Salud,Salud y Bienestar,Salud,Profesional Con Licenciatura,Carreras Profesionales,NO ACREDITADA
2026|I19S6C228J3V1,I19S6C228J3V1,TERAPIA OCUPACIONAL,Salud,Salud y Bienestar,Salud,Profesional Con Licenciatura,Carreras Profesionales,NO ACREDITADA
2023|I152S10C452J4V1,I152S10C452J4V1,ANALISTA PROGRAMADOR,Tecnología,Tecnología de la Información y la Comunicación (TIC),Tecnología de la Información y la Comunicación (TIC),Técnico de Nivel Superior,Carreras Técnicas,NO ACREDITADA
2024|I152S10C452J4V1,I152S10C452J4V1,ANALISTA PROGRAMADOR,Tecnología,Tecnología de la Información y la Comunicación (TIC),Tecnología de la Información y la Comunicación (TIC),Técnico de Nivel Superior,Carreras Técnicas,NO ACREDITADA
2025|I116S40C57J4V1,I116S40C57J4V1,ANALISTA PROGRAMADOR,Tecnología,Tecnología de la Información y la Comunicación (TIC),Tecnología de la Información y la Comunicación (TIC),Técnico de Nivel Superior,Carreras Técnicas,NO ACREDITADA
2025|I152S10C452J4V1,I152S10C452J4V1,ANALISTA PROGRAMADOR,Tecnología,Tecnología de la Información y la Comunicación (TIC),Tecnología de la Información y la Comunicación (TIC),Técnico de Nivel Superior,Carreras Técnicas,NO ACREDITADA
2026|I116S40C57J4V1,I116S40C57J4V1,ANALISTA PROGRAMADOR,Tecnología,Tecnología de la Información y la Comunicación (TIC),Tecnología de la Información y la Comunicación (TIC),Técnico de Nivel Superior,Carreras Técnicas,NO ACREDITADA
2026|I152S10C452J4V1,I152S10C452J4V1,ANALISTA PROGRAMADOR,Tecnología,Tecnología de la Información y la Comunicación (TIC),Tecnología de la Información y la Comunicación (TIC),Técnico de Nivel Superior,Carreras Técnicas,NO ACREDITADA
2023|I111S27C23J4V1,I111S27C23J4V1,ANALISTA PROGRAMADOR COMPUTACIONAL,Tecnología,Tecnología de la Información y la Comunicación (TIC),Tecnología de la Información y la Comunicación (TIC),Técnico de Nivel Superior,Carreras Técnicas,NO ACREDITADA
2023|I123S1C51J4V1,I123S1C51J4V1,ANALISTA PROGRAMADOR COMPUTACIONAL,Tecnología,Tecnología de la Información y la Comunicación (TIC),Tecnología de la Información y la Comunicación (TIC),Técnico de Nivel Superior,Carreras Técnicas,NO ACREDITADA
2023|I123S2C51J4V1,I123S2C51J4V1,ANALISTA PROGRAMADOR COMPUTACIONAL,Tecnología,Tecnología de la Información y la Comunicación (TIC),Tecnología de la Información y la Comunicación (TIC),Técnico de Nivel Superior,Carreras Técnicas,NO ACREDITADA
2023|I123S3C51J4V1,I123S3C51J4V1,ANALISTA PROGRAMADOR COMPUTACIONAL,Tecnología,Tecnología de la Información y la Comunicación (TIC),Tecnología de la Información y la Comunicación (TIC),Técnico de Nivel Superior,Carreras Técnicas,NO ACREDITADA
2023|I123S5C51J4V1,I123S5C51J4V1,ANALISTA PROGRAMADOR COMPUTACIONAL,Tecnología,Tecnología de la Información y la Comunicación (TIC),Tecnología de la Información y la Comunicación (TIC),Técnico de Nivel Superior,Carreras Técnicas,NO ACREDITADA
2024|I111S27C23J4V1,I111S27C23J4V1,ANALISTA PROGRAMADOR COMPUTACIONAL,Tecnología,Tecnología de la Información y la Comunicación (TIC),Tecnología de la Información y la Comunicación (TIC),Técnico de Nivel Superior,Carreras Técnicas,NO ACREDITADA
2024|I123S1C51J4V1,I123S1C51J4V1,ANALISTA PROGRAMADOR COMPUTACIONAL,Tecnología,Tecnología de la Información y la Comunicación (TIC),Tecnología de la Información y la Comunicación (TIC),Técnico de Nivel Superior,Carreras Técnicas,NO ACREDITADA
2024|I123S2C51J4V1,I123S2C51J4V1,ANALISTA PROGRAMADOR COMPUTACIONAL,Tecnología,Tecnología de la Información y la Comunicación (TIC),Tecnología de la Información y la Comunicación (TIC),Técnico de Nivel Superior,Carreras Técnicas,NO ACREDITADA
2024|I123S3C51J4V1,I123S3C51J4V1,ANALISTA PROGRAMADOR COMPUTACIONAL,Tecnología,Tecnología de la Información y la Comunicación (TIC),Tecnología de la Información y la Comunicación (TIC),Técnico de Nivel Superior,Carreras Técnicas,NO ACREDITADA
2024|I123S5C51J4V1,I123S5C51J4V1,ANALISTA PROGRAMADOR COMPUTACIONAL,Tecnología,Tecnología de la Información y la Comunicación (TIC),Tecnología de la Información y la Comunicación (TIC),Técnico de Nivel Superior,Carreras Técnicas,NO ACREDITADA
2025|I111S27C23J4V1,I111S27C23J4V1,ANALISTA PROGRAMADOR COMPUTACIONAL,Tecnología,Tecnología de la Información y la Comunicación (TIC),Tecnología de la Información y la Comunicación (TIC),Técnico de Nivel Superior,Carreras Técnicas,NO ACREDITADA
2025|I123S2C51J4V1,I123S2C51J4V1,ANALISTA PROGRAMADOR COMPUTACIONAL,Tecnología,Tecnología de la Información y la Comunicación (TIC),Tecnología de la Información y la Comunicación (TIC),Técnico de Nivel Superior,Carreras Técnicas,NO ACREDITADA
2026|I111S27C23J4V1,I111S27C23J4V1,ANALISTA PROGRAMADOR COMPUTACIONAL,Tecnología,Tecnología de la Información y la Comunicación (TIC),Tecnología de la Información y la Comunicación (TIC),Técnico de Nivel Superior,Carreras Técnicas,NO ACREDITADA
2026|I123S2C51J4V1,I123S2C51J4V1,ANALISTA PROGRAMADOR COMPUTACIONAL,Tecnología,Tecnología de la Información y la Comunicación (TIC),Tecnología de la Información y la Comunicación (TIC),Técnico de Nivel Superior,Carreras Técnicas,NO ACREDITADA
2023|I120S1C1J3V1,I120S1C1J3V1,CONSTRUCCION CIVIL,Tecnología,"Ingeniería, Industria y Construcción",Arquitectura y Construcción,Profesional Sin Licenciatura,Carreras Profesionales,NO ACREDITADA
2023|I120S3C1J3V1,I120S3C1J3V1,CONSTRUCCION CIVIL,Tecnología,"Ingeniería, Industria y Construcción",Arquitectura y Construcción,Profesional Sin Licenciatura,Carreras Profesionales,NO ACREDITADA
2023|I120S4C1J3V1,I120S4C1J3V1,CONSTRUCCION CIVIL,Tecnología,"Ingeniería, Industria y Construcción",Arquitectura y Construcción,Profesional Sin Licenciatura,Carreras Profesionales,NO ACREDITADA
2024|I120S1C1J3V1,I120S1C1J3V1,CONSTRUCCION CIVIL,Tecnología,"Ingeniería, Industria y Construcción",Arquitectura y Construcción,Profesional Sin Licenciatura,Carreras Profesionales,NO ACREDITADA
2024|I120S3C1J3V1,I120S3C1J3V1,CONSTRUCCION CIVIL,Tecnología,"Ingeniería, Industria y Construcción",Arquitectura y Construcción,Profesional Sin Licenciatura,Carreras Profesionales,NO ACREDITADA
2024|I120S4C1J3V1,I120S4C1J3V1,CONSTRUCCION CIVIL,Tecnología,"Ingeniería, Industria y Construcción",Arquitectura y Construcción,Profesional Sin Licenciatura,Carreras Profesionales,NO ACREDITADA
2025|I123S2C17J4V3,I123S2C17J4V3,CONSTRUCCION CIVIL,Tecnología,"Ingeniería, Industria y Construcción",Arquitectura y Construcción,Profesional Sin Licenciatura,Carreras Profesionales,NO ACREDITADA
2026|I117S1C140J4V1,I117S1C140J4V1,CONSTRUCCION CIVIL,Tecnología,"Ingeniería, Industria y Construcción",Arquitectura y Construcción,Profesional Sin Licenciatura,Carreras Profesionales,NO ACREDITADA
2026|I120S1C1J3V1,I120S1C1J3V1,CONSTRUCCION CIVIL,Tecnología,"Ingeniería, Industria y Construcción",Arquitectura y Construcción,Profesional Sin Licenciatura,Carreras Profesionales,NO ACREDITADA
2026|I120S3C1J3V1,I120S3C1J3V1,CONSTRUCCION CIVIL,Tecnología,"Ingeniería, Industria y Construcción",Arquitectura y Construcción,Profesional Sin Licenciatura,Carreras Profesionales,NO ACREDITADA
2026|I123S2C17J4V3,I123S2C17J4V3,CONSTRUCCION CIVIL,Tecnología,"Ingeniería, Industria y Construcción",Arquitectura y Construcción,Profesional Sin Licenciatura,Carreras Profesionales,NO ACREDITADA
2026|I143S28C23J3V1,I143S28C23J3V1,CONSTRUCCION CIVIL,Tecnología,"Ingeniería, Industria y Construcción",Arquitectura y Construcción,Profesional Sin Licenciatura,Carreras Profesionales,NO ACREDITADA
2024|I113S7C193J4V1,I113S7C193J4V1,CONSTRUCCION CIVIL NIVEL PROFESIONAL PLAN CONTINUIDAD,Tecnología,"Ingeniería, Industria y Construcción",Arquitectura y Construcción,Profesional Sin Licenciatura,Carreras Profesionales,NO ACREDITADA
2026|I113S7C193J4V1,I113S7C193J4V1,CONSTRUCCION CIVIL NIVEL PROFESIONAL PLAN CONTINUIDAD,Tecnología,"Ingeniería, Industria y Construcción",Arquitectura y Construcción,Profesional Sin Licenciatura,Carreras Profesionales,NO ACREDITADA
2023|I113S7C193J3V2,I113S7C193J3V2,CONSTRUCCION CIVIL NIVEL PROFESIONAL PLAN CONTINUIDAD (SEMIPRESENCIAL),Tecnología,"Ingeniería, Industria y Construcción",Arquitectura y Construcción,Profesional Sin Licenciatura,Carreras Profesionales,NO ACREDITADA
2024|I111S27C520J4V1,I111S27C520J4V1,DESARROLLO DE APLICACIONES,Tecnología,Tecnología de la Información y la Comunicación (TIC),Tecnología de la Información y la Comunicación (TIC),Técnico de Nivel Superior,Carreras Técnicas,NO ACREDITADA
2025|I111S27C520J4V1,I111S27C520J4V1,DESARROLLO DE APLICACIONES,Tecnología,Tecnología de la Información y la Comunicación (TIC),Tecnología de la Información y la Comunicación (TIC),Técnico de Nivel Superior,Carreras Técnicas,NO ACREDITADA
2026|I111S27C520J4V1,I111S27C520J4V1,DESARROLLO DE APLICACIONES,Tecnología,Tecnología de la Información y la Comunicación (TIC),Tecnología de la Información y la Comunicación (TIC),Técnico de Nivel Superior,Carreras Técnicas,NO ACREDITADA
2023|I111S27C477J4V2,I111S27C477J4V2,DESARROLLO Y DISEÑO WEB,Tecnología,Tecnología de la Información y la Comunicación (TIC),Tecnología de la Información y la Comunicación (TIC),Técnico de Nivel Superior,Carreras Técnicas,NO ACREDITADA
2024|I111S27C477J4V2,I111S27C477J4V2,DESARROLLO Y DISEÑO WEB,Tecnología,Tecnología de la Información y la Comunicación (TIC),Tecnología de la Información y la Comunicación (TIC),Técnico de Nivel Superior,Carreras Técnicas,NO ACREDITADA
2025|I111S27C477J4V2,I111S27C477J4V2,DESARROLLO Y DISEÑO WEB,Tecnología,Tecnología de la Información y la Comunicación (TIC),Tecnología de la Información y la Comunicación (TIC),Técnico de Nivel Superior,Carreras Técnicas,NO ACREDITADA
2026|I111S27C477J4V2,I111S27C477J4V2,DESARROLLO Y DISEÑO WEB,Tecnología,Tecnología de la Información y la Comunicación (TIC),Tecnología de la Información y la Comunicación (TIC),Técnico de Nivel Superior,Carreras Técnicas,NO ACREDITADA
2025|I10S7C178J4V3,I10S7C178J4V3,INGENIERIA CIVIL EN COMPUTACION E INFORMATICA,Tecnología,Tecnología de la Información y la Comunicación (TIC),Tecnología de la Información y la Comunicación (TIC),Profesional Con Licenciatura,Carreras Profesionales,NO ACREDITADA
2026|I10S7C178J4V3,I10S7C178J4V3,INGENIERIA CIVIL EN COMPUTACION E INFORMATICA,Tecnología,Tecnología de la Información y la Comunicación (TIC),Tecnología de la Información y la Comunicación (TIC),Profesional Con Licenciatura,Carreras Profesionales,NO ACREDITADA
2026|I4S1C1118J4V1,I4S1C1118J4V1,INGENIERIA CIVIL EN GESTION DE OPERACIONES MINERAS,Tecnología,"Ingeniería, Industria y Construcción",Industria y Producción,Profesional Con Licenciatura,Carreras Profesionales,NO ACREDITADA
2023|I46S5C617J4V1,I46S5C617J4V1,INGENIERIA CIVIL EN MINAS MENCION SEGURIDAD MINERA PLAN DE CONTINUIDAD PARA INGENIEROS DE OTRAS ESPECIALIDADES,Tecnología,"Ingeniería, Industria y Construcción",Industria y Producción,Profesional Con Licenciatura,Carreras Profesionales,NO ACREDITADA
2023|I46S5C616J4V1,I46S5C616J4V1,INGENIERIA CIVIL EN MINAS MENCION SEGURIDAD MINERA PLAN DE CONTINUIDAD PARA INGENIEROS EN MINAS,Tecnología,"Ingeniería, Industria y Construcción",Industria y Producción,Profesional Con Licenciatura,Carreras Profesionales,NO ACREDITADA
2023|I10S7C156J3V3,I10S7C156J3V3,INGENIERIA CIVIL INDUSTRIAL,Tecnología,"Ingeniería, Industria y Construcción",Ingeniería y Profesiones Afines,Profesional Con Licenciatura,Carreras Profesionales,NO ACREDITADA
2023|I10S7C156J4V1,I10S7C156J4V1,INGENIERIA CIVIL INDUSTRIAL,Tecnología,"Ingeniería, Industria y Construcción",Ingeniería y Profesiones Afines,Profesional Con Licenciatura,Carreras Profesionales,NO ACREDITADA
2023|I19S1C334J4V2,I19S1C334J4V2,INGENIERIA CIVIL INDUSTRIAL,Tecnología,"Ingeniería, Industria y Construcción",Ingeniería y Profesiones Afines,Profesional Con Licenciatura,Carreras Profesionales,NO ACREDITADA
2023|I1S1C26J4V2,I1S1C26J4V2,INGENIERIA CIVIL INDUSTRIAL,Tecnología,"Ingeniería, Industria y Construcción",Ingeniería y Profesiones Afines,Profesional Con Licenciatura,Carreras Profesionales,NO ACREDITADA
2023|I1S1C26J4V5,I1S1C26J4V5,INGENIERIA CIVIL INDUSTRIAL,Tecnología,"Ingeniería, Industria y Construcción",Ingeniería y Profesiones Afines,Profesional Con Licenciatura,Carreras Profesionales,NO ACREDITADA
2023|I20S1C115J4V3,I20S1C115J4V3,INGENIERIA CIVIL INDUSTRIAL,Tecnología,"Ingeniería, Industria y Construcción",Ingeniería y Profesiones Afines,Profesional Con Licenciatura,Carreras Profesionales,NO ACREDITADA
2023|I22S1C8J2V3,I22S1C8J2V3,INGENIERIA CIVIL INDUSTRIAL,Tecnología,"Ingeniería, Industria y Construcción",Ingeniería y Profesiones Afines,Profesional Con Licenciatura,Carreras Profesionales,NO ACREDITADA
2023|I22S1C8J4V1,I22S1C8J4V1,INGENIERIA CIVIL INDUSTRIAL,Tecnología,"Ingeniería, Industria y Construcción",Ingeniería y Profesiones Afines,Profesional Con Licenciatura,Carreras Profesionales,NO ACREDITADA
2023|I22S1C8J4V2,I22S1C8J4V2,INGENIERIA CIVIL INDUSTRIAL,Tecnología,"Ingeniería, Industria y Construcción",Ingeniería y Profesiones Afines,Profesional Con Licenciatura,Carreras Profesionales,NO ACREDITADA
2023|I22S1C8J4V3,I22S1C8J4V3,INGENIERIA CIVIL INDUSTRIAL,Tecnología,"Ingeniería, Industria y Construcción",Ingeniería y Profesiones Afines,Profesional Con Licenciatura,Carreras Profesionales,NO ACREDITADA
2023|I39S6C45J4V1,I39S6C45J4V1,INGENIERIA CIVIL INDUSTRIAL,Tecnología,"Ingeniería, Industria y Construcción",Ingeniería y Profesiones Afines,Profesional Con Licenciatura,Carreras Profesionales,NO ACREDITADA
2023|I39S6C45J4V2,I39S6C45J4V2,INGENIERIA CIVIL INDUSTRIAL,Tecnología,"Ingeniería, Industria y Construcción",Ingeniería y Profesiones Afines,Profesional Con Licenciatura,Carreras Profesionales,NO ACREDITADA
2023|I4S1C54J4V3,I4S1C54J4V3,INGENIERIA CIVIL INDUSTRIAL,Tecnología,"Ingeniería, Industria y Construcción",Ingeniería y Profesiones Afines,Profesional Con Licenciatura,Carreras Profesionales,NO ACREDITADA
2023|I4S1C54J4V4,I4S1C54J4V4,INGENIERIA CIVIL INDUSTRIAL,Tecnología,"Ingeniería, Industria y Construcción",Ingeniería y Profesiones Afines,Profesional Con Licenciatura,Carreras Profesionales,NO ACREDITADA
2023|I93S1C9J3V2,I93S1C9J3V2,INGENIERIA CIVIL INDUSTRIAL,Tecnología,"Ingeniería, Industria y Construcción",Ingeniería y Profesiones Afines,Profesional Con Licenciatura,Carreras Profesionales,NO ACREDITADA
2024|I10S7C156J4V1,I10S7C156J4V1,INGENIERIA CIVIL INDUSTRIAL,Tecnología,"Ingeniería, Industria y Construcción",Ingeniería y Profesiones Afines,Profesional Con Licenciatura,Carreras Profesionales,NO ACREDITADA
2024|I10S7C156J4V3,I10S7C156J4V3,INGENIERIA CIVIL INDUSTRIAL,Tecnología,"Ingeniería, Industria y Construcción",Ingeniería y Profesiones Afines,Profesional Con Licenciatura,Carreras Profesionales,NO ACREDITADA
2024|I19S1C334J4V2,I19S1C334J4V2,INGENIERIA CIVIL INDUSTRIAL,Tecnología,"Ingeniería, Industria y Construcción",Ingeniería y Profesiones Afines,Profesional Con Licenciatura,Carreras Profesionales,NO ACREDITADA
2024|I1S1C26J4V2,I1S1C26J4V2,INGENIERIA CIVIL INDUSTRIAL,Tecnología,"Ingeniería, Industria y Construcción",Ingeniería y Profesiones Afines,Profesional Con Licenciatura,Carreras Profesionales,NO ACREDITADA
2024|I1S1C26J4V5,I1S1C26J4V5,INGENIERIA CIVIL INDUSTRIAL,Tecnología,"Ingeniería, Industria y Construcción",Ingeniería y Profesiones Afines,Profesional Con Licenciatura,Carreras Profesionales,NO ACREDITADA
2024|I20S1C115J4V1,I20S1C115J4V1,INGENIERIA CIVIL INDUSTRIAL,Tecnología,"Ingeniería, Industria y Construcción",Ingeniería y Profesiones Afines,Profesional Con Licenciatura,Carreras Profesionales,NO ACREDITADA
2024|I20S1C115J4V3,I20S1C115J4V3,INGENIERIA CIVIL INDUSTRIAL,Tecnología,"Ingeniería, Industria y Construcción",Ingeniería y Profesiones Afines,Profesional Con Licenciatura,Carreras Profesionales,NO ACREDITADA
2024|I22S1C8J2V3,I22S1C8J2V3,INGENIERIA CIVIL INDUSTRIAL,Tecnología,"Ingeniería, Industria y Construcción",Ingeniería y Profesiones Afines,Profesional Con Licenciatura,Carreras Profesionales,NO ACREDITADA
2024|I22S1C8J4V1,I22S1C8J4V1,INGENIERIA CIVIL INDUSTRIAL,Tecnología,"Ingeniería, Industria y Construcción",Ingeniería y Profesiones Afines,Profesional Con Licenciatura,Carreras Profesionales,NO ACREDITADA
2024|I22S1C8J4V2,I22S1C8J4V2,INGENIERIA CIVIL INDUSTRIAL,Tecnología,"Ingeniería, Industria y Construcción",Ingeniería y Profesiones Afines,Profesional Con Licenciatura,Carreras Profesionales,NO ACREDITADA
2024|I22S1C8J4V3,I22S1C8J4V3,INGENIERIA CIVIL INDUSTRIAL,Tecnología,"Ingeniería, Industria y Construcción",Ingeniería y Profesiones Afines,Profesional Con Licenciatura,Carreras Profesionales,NO ACREDITADA
2024|I39S6C45J3V2,I39S6C45J3V2,INGENIERIA CIVIL INDUSTRIAL,Tecnología,"Ingeniería, Industria y Construcción",Ingeniería y Profesiones Afines,Profesional Con Licenciatura,Carreras Profesionales,NO ACREDITADA
2024|I39S6C45J4V2,I39S6C45J4V2,INGENIERIA CIVIL INDUSTRIAL,Tecnología,"Ingeniería, Industria y Construcción",Ingeniería y Profesiones Afines,Profesional Con Licenciatura,Carreras Profesionales,NO ACREDITADA
2024|I39S8C45J3V2,I39S8C45J3V2,INGENIERIA CIVIL INDUSTRIAL,Tecnología,"Ingeniería, Industria y Construcción",Ingeniería y Profesiones Afines,Profesional Con Licenciatura,Carreras Profesionales,NO ACREDITADA
2024|I4S1C54J4V3,I4S1C54J4V3,INGENIERIA CIVIL INDUSTRIAL,Tecnología,"Ingeniería, Industria y Construcción",Ingeniería y Profesiones Afines,Profesional Con Licenciatura,Carreras Profesionales,NO ACREDITADA
2024|I4S1C54J4V4,I4S1C54J4V4,INGENIERIA CIVIL INDUSTRIAL,Tecnología,"Ingeniería, Industria y Construcción",Ingeniería y Profesiones Afines,Profesional Con Licenciatura,Carreras Profesionales,NO ACREDITADA
2025|I10S7C156J4V1,I10S7C156J4V1,INGENIERIA CIVIL INDUSTRIAL,Tecnología,"Ingeniería, Industria y Construcción",Ingeniería y Profesiones Afines,Profesional Con Licenciatura,Carreras Profesionales,NO ACREDITADA
2025|I10S7C156J4V3,I10S7C156J4V3,INGENIERIA CIVIL INDUSTRIAL,Tecnología,"Ingeniería, Industria y Construcción",Ingeniería y Profesiones Afines,Profesional Con Licenciatura,Carreras Profesionales,NO ACREDITADA
2025|I10S7C156J4V4,I10S7C156J4V4,INGENIERIA CIVIL INDUSTRIAL,Tecnología,"Ingeniería, Industria y Construcción",Ingeniería y Profesiones Afines,Profesional Con Licenciatura,Carreras Profesionales,NO ACREDITADA
2025|I19S1C334J4V2,I19S1C334J4V2,INGENIERIA CIVIL INDUSTRIAL,Tecnología,"Ingeniería, Industria y Construcción",Ingeniería y Profesiones Afines,Profesional Con Licenciatura,Carreras Profesionales,NO ACREDITADA
2025|I19S1C334J4V3,I19S1C334J4V3,INGENIERIA CIVIL INDUSTRIAL,Tecnología,"Ingeniería, Industria y Construcción",Ingeniería y Profesiones Afines,Profesional Con Licenciatura,Carreras Profesionales,NO ACREDITADA
2025|I1S1C26J4V2,I1S1C26J4V2,INGENIERIA CIVIL INDUSTRIAL,Tecnología,"Ingeniería, Industria y Construcción",Ingeniería y Profesiones Afines,Profesional Con Licenciatura,Carreras Profesionales,NO ACREDITADA
2025|I1S1C26J4V5,I1S1C26J4V5,INGENIERIA CIVIL INDUSTRIAL,Tecnología,"Ingeniería, Industria y Construcción",Ingeniería y Profesiones Afines,Profesional Con Licenciatura,Carreras Profesionales,NO ACREDITADA
2025|I20S1C115J4V1,I20S1C115J4V1,INGENIERIA CIVIL INDUSTRIAL,Tecnología,"Ingeniería, Industria y Construcción",Ingeniería y Profesiones Afines,Profesional Con Licenciatura,Carreras Profesionales,NO ACREDITADA
2025|I20S1C115J4V3,I20S1C115J4V3,INGENIERIA CIVIL INDUSTRIAL,Tecnología,"Ingeniería, Industria y Construcción",Ingeniería y Profesiones Afines,Profesional Con Licenciatura,Carreras Profesionales,NO ACREDITADA
2025|I20S3C115J3V2,I20S3C115J3V2,INGENIERIA CIVIL INDUSTRIAL,Tecnología,"Ingeniería, Industria y Construcción",Ingeniería y Profesiones Afines,Profesional Con Licenciatura,Carreras Profesionales,NO ACREDITADA
2025|I20S4C115J3V2,I20S4C115J3V2,INGENIERIA CIVIL INDUSTRIAL,Tecnología,"Ingeniería, Industria y Construcción",Ingeniería y Profesiones Afines,Profesional Con Licenciatura,Carreras Profesionales,NO ACREDITADA
2025|I22S1C8J2V3,I22S1C8J2V3,INGENIERIA CIVIL INDUSTRIAL,Tecnología,"Ingeniería, Industria y Construcción",Ingeniería y Profesiones Afines,Profesional Con Licenciatura,Carreras Profesionales,NO ACREDITADA
2025|I22S1C8J4V1,I22S1C8J4V1,INGENIERIA CIVIL INDUSTRIAL,Tecnología,"Ingeniería, Industria y Construcción",Ingeniería y Profesiones Afines,Profesional Con Licenciatura,Carreras Profesionales,NO ACREDITADA
2025|I22S1C8J4V2,I22S1C8J4V2,INGENIERIA CIVIL INDUSTRIAL,Tecnología,"Ingeniería, Industria y Construcción",Ingeniería y Profesiones Afines,Profesional Con Licenciatura,Carreras Profesionales,NO ACREDITADA
2025|I22S1C8J4V3,I22S1C8J4V3,INGENIERIA CIVIL INDUSTRIAL,Tecnología,"Ingeniería, Industria y Construcción",Ingeniería y Profesiones Afines,Profesional Con Licenciatura,Carreras Profesionales,NO ACREDITADA
2025|I39S6C45J3V2,I39S6C45J3V2,INGENIERIA CIVIL INDUSTRIAL,Tecnología,"Ingeniería, Industria y Construcción",Ingeniería y Profesiones Afines,Profesional Con Licenciatura,Carreras Profesionales,NO ACREDITADA
2025|I39S6C45J4V1,I39S6C45J4V1,INGENIERIA CIVIL INDUSTRIAL,Tecnología,"Ingeniería, Industria y Construcción",Ingeniería y Profesiones Afines,Profesional Con Licenciatura,Carreras Profesionales,NO ACREDITADA
2025|I39S6C45J4V2,I39S6C45J4V2,INGENIERIA CIVIL INDUSTRIAL,Tecnología,"Ingeniería, Industria y Construcción",Ingeniería y Profesiones Afines,Profesional Con Licenciatura,Carreras Profesionales,NO ACREDITADA
2025|I4S1C54J4V3,I4S1C54J4V3,INGENIERIA CIVIL INDUSTRIAL,Tecnología,"Ingeniería, Industria y Construcción",Ingeniería y Profesiones Afines,Profesional Con Licenciatura,Carreras Profesionales,NO ACREDITADA
2025|I4S1C54J4V4,I4S1C54J4V4,INGENIERIA CIVIL INDUSTRIAL,Tecnología,"Ingeniería, Industria y Construcción",Ingeniería y Profesiones Afines,Profesional Con Licenciatura,Carreras Profesionales,NO ACREDITADA
2025|I69S1C608J4V3,I69S1C608J4V3,INGENIERIA CIVIL INDUSTRIAL,Tecnología,"Ingeniería, Industria y Construcción",Ingeniería y Profesiones Afines,Profesional Con Licenciatura,Carreras Profesionales,NO ACREDITADA
2026|I10S7C156J4V1,I10S7C156J4V1,INGENIERIA CIVIL INDUSTRIAL,Tecnología,"Ingeniería, Industria y Construcción",Ingeniería y Profesiones Afines,Profesional Con Licenciatura,Carreras Profesionales,NO ACREDITADA
2026|I10S7C156J4V3,I10S7C156J4V3,INGENIERIA CIVIL INDUSTRIAL,Tecnología,"Ingeniería, Industria y Construcción",Ingeniería y Profesiones Afines,Profesional Con Licenciatura,Carreras Profesionales,NO ACREDITADA
2026|I10S7C156J4V4,I10S7C156J4V4,INGENIERIA CIVIL INDUSTRIAL,Tecnología,"Ingeniería, Industria y Construcción",Ingeniería y Profesiones Afines,Profesional Con Licenciatura,Carreras Profesionales,NO ACREDITADA
2026|I19S1C334J4V2,I19S1C334J4V2,INGENIERIA CIVIL INDUSTRIAL,Tecnología,"Ingeniería, Industria y Construcción",Ingeniería y Profesiones Afines,Profesional Con Licenciatura,Carreras Profesionales,NO ACREDITADA
2026|I19S1C334J4V3,I19S1C334J4V3,INGENIERIA CIVIL INDUSTRIAL,Tecnología,"Ingeniería, Industria y Construcción",Ingeniería y Profesiones Afines,Profesional Con Licenciatura,Carreras Profesionales,NO ACREDITADA
2026|I1S1C26J4V2,I1S1C26J4V2,INGENIERIA CIVIL INDUSTRIAL,Tecnología,"Ingeniería, Industria y Construcción",Ingeniería y Profesiones Afines,Profesional Con Licenciatura,Carreras Profesionales,NO ACREDITADA
2026|I1S1C26J4V5,I1S1C26J4V5,INGENIERIA CIVIL INDUSTRIAL,Tecnología,"Ingeniería, Industria y Construcción",Ingeniería y Profesiones Afines,Profesional Con Licenciatura,Carreras Profesionales,NO ACREDITADA
2026|I20S1C115J3V3,I20S1C115J3V3,INGENIERIA CIVIL INDUSTRIAL,Tecnología,"Ingeniería, Industria y Construcción",Ingeniería y Profesiones Afines,Profesional Con Licenciatura,Carreras Profesionales,NO ACREDITADA
2026|I20S1C115J4V1,I20S1C115J4V1,INGENIERIA CIVIL INDUSTRIAL,Tecnología,"Ingeniería, Industria y Construcción",Ingeniería y Profesiones Afines,Profesional Con Licenciatura,Carreras Profesionales,NO ACREDITADA
2026|I20S1C115J4V3,I20S1C115J4V3,INGENIERIA CIVIL INDUSTRIAL,Tecnología,"Ingeniería, Industria y Construcción",Ingeniería y Profesiones Afines,Profesional Con Licenciatura,Carreras Profesionales,NO ACREDITADA
2026|I20S3C115J3V2,I20S3C115J3V2,INGENIERIA CIVIL INDUSTRIAL,Tecnología,"Ingeniería, Industria y Construcción",Ingeniería y Profesiones Afines,Profesional Con Licenciatura,Carreras Profesionales,NO ACREDITADA
2026|I20S4C115J3V2,I20S4C115J3V2,INGENIERIA CIVIL INDUSTRIAL,Tecnología,"Ingeniería, Industria y Construcción",Ingeniería y Profesiones Afines,Profesional Con Licenciatura,Carreras Profesionales,NO ACREDITADA
2026|I22S1C8J2V3,I22S1C8J2V3,INGENIERIA CIVIL INDUSTRIAL,Tecnología,"Ingeniería, Industria y Construcción",Ingeniería y Profesiones Afines,Profesional Con Licenciatura,Carreras Profesionales,NO ACREDITADA
2026|I22S1C8J4V1,I22S1C8J4V1,INGENIERIA CIVIL INDUSTRIAL,Tecnología,"Ingeniería, Industria y Construcción",Ingeniería y Profesiones Afines,Profesional Con Licenciatura,Carreras Profesionales,NO ACREDITADA
2026|I22S1C8J4V2,I22S1C8J4V2,INGENIERIA CIVIL INDUSTRIAL,Tecnología,"Ingeniería, Industria y Construcción",Ingeniería y Profesiones Afines,Profesional Con Licenciatura,Carreras Profesionales,NO ACREDITADA
2026|I22S1C8J4V3,I22S1C8J4V3,INGENIERIA CIVIL INDUSTRIAL,Tecnología,"Ingeniería, Industria y Construcción",Ingeniería y Profesiones Afines,Profesional Con Licenciatura,Carreras Profesionales,NO ACREDITADA
2026|I39S6C45J3V2,I39S6C45J3V2,INGENIERIA CIVIL INDUSTRIAL,Tecnología,"Ingeniería, Industria y Construcción",Ingeniería y Profesiones Afines,Profesional Con Licenciatura,Carreras Profesionales,NO ACREDITADA
2026|I39S6C45J4V1,I39S6C45J4V1,INGENIERIA CIVIL INDUSTRIAL,Tecnología,"Ingeniería, Industria y Construcción",Ingeniería y Profesiones Afines,Profesional Con Licenciatura,Carreras Profesionales,NO ACREDITADA
2026|I39S6C45J4V2,I39S6C45J4V2,INGENIERIA CIVIL INDUSTRIAL,Tecnología,"Ingeniería, Industria y Construcción",Ingeniería y Profesiones Afines,Profesional Con Licenciatura,Carreras Profesionales,NO ACREDITADA
2026|I4S1C54J4V3,I4S1C54J4V3,INGENIERIA CIVIL INDUSTRIAL,Tecnología,"Ingeniería, Industria y Construcción",Ingeniería y Profesiones Afines,Profesional Con Licenciatura,Carreras Profesionales,NO ACREDITADA
2026|I4S1C54J4V4,I4S1C54J4V4,INGENIERIA CIVIL INDUSTRIAL,Tecnología,"Ingeniería, Industria y Construcción",Ingeniería y Profesiones Afines,Profesional Con Licenciatura,Carreras Profesionales,NO ACREDITADA
2026|I69S1C608J4V3,I69S1C608J4V3,INGENIERIA CIVIL INDUSTRIAL,Tecnología,"Ingeniería, Industria y Construcción",Ingeniería y Profesiones Afines,Profesional Con Licenciatura,Carreras Profesionales,NO ACREDITADA
2026|I85S4C230J4V3,I85S4C230J4V3,INGENIERIA CIVIL INDUSTRIAL,Tecnología,"Ingeniería, Industria y Construcción",Ingeniería y Profesiones Afines,Profesional Con Licenciatura,Carreras Profesionales,NO ACREDITADA
2026|I93S1C9J3V2,I93S1C9J3V2,INGENIERIA CIVIL INDUSTRIAL,Tecnología,"Ingeniería, Industria y Construcción",Ingeniería y Profesiones Afines,Profesional Con Licenciatura,Carreras Profesionales,NO ACREDITADA
2026|I93S1C9J4V3,I93S1C9J4V3,INGENIERIA CIVIL INDUSTRIAL,Tecnología,"Ingeniería, Industria y Construcción",Ingeniería y Profesiones Afines,Profesional Con Licenciatura,Carreras Profesionales,NO ACREDITADA
2023|I46S11C104J3V1,I46S11C104J3V1,INGENIERIA CIVIL INDUSTRIAL (PLAN DE CONTINUIDAD),Tecnología,"Ingeniería, Industria y Construcción",Ingeniería y Profesiones Afines,Profesional Con Licenciatura,Carreras Profesionales,NO ACREDITADA
2023|I46S9C104J3V1,I46S9C104J3V1,INGENIERIA CIVIL INDUSTRIAL (PLAN DE CONTINUIDAD),Tecnología,"Ingeniería, Industria y Construcción",Ingeniería y Profesiones Afines,Profesional Con Licenciatura,Carreras Profesionales,NO ACREDITADA
2023|I16S1C355J4V3,I16S1C355J4V3,INGENIERIA CIVIL INDUSTRIAL - CONTINUIDAD Y SEGUNDO TITULO,Tecnología,"Ingeniería, Industria y Construcción",Ingeniería y Profesiones Afines,Profesional Con Licenciatura,Carreras Profesionales,NO ACREDITADA
2026|I42S1C367J4V3,I42S1C367J4V3,INGENIERIA CIVIL INDUSTRIAL ADVANCE,Tecnología,"Ingeniería, Industria y Construcción",Ingeniería y Profesiones Afines,Profesional Con Licenciatura,Carreras Profesionales,NO ACREDITADA
2023|I46S5C614J4V1,I46S5C614J4V1,INGENIERIA CIVIL INDUSTRIAL MENCION GESTION DE OPERACIONES (PLAN DE CONTINUIDAD PARA INGENIEROS DE OTRAS AREAS),Tecnología,"Ingeniería, Industria y Construcción",Ingeniería y Profesiones Afines,Profesional Con Licenciatura,Carreras Profesionales,NO ACREDITADA
2023|I46S5C615J4V1,I46S5C615J4V1,INGENIERIA CIVIL INDUSTRIAL MENCION GESTION DE OPERACIONES PLAN DE CONTINUIDAD PARA INGENIEROS INDUSTRIALES,Tecnología,"Ingeniería, Industria y Construcción",Ingeniería y Profesiones Afines,Profesional Con Licenciatura,Carreras Profesionales,NO ACREDITADA
2023|I78S3C378J3V1,I78S3C378J3V1,INGENIERIA CIVIL INDUSTRIAL MENCION GESTION INDUSTRIAL,Tecnología,"Ingeniería, Industria y Construcción",Ingeniería y Profesiones Afines,Profesional Con Licenciatura,Carreras Profesionales,NO ACREDITADA
2024|I78S3C378J3V1,I78S3C378J3V1,INGENIERIA CIVIL INDUSTRIAL MENCION GESTION INDUSTRIAL,Tecnología,"Ingeniería, Industria y Construcción",Ingeniería y Profesiones Afines,Profesional Con Licenciatura,Carreras Profesionales,NO ACREDITADA
2025|I78S3C378J3V1,I78S3C378J3V1,INGENIERIA CIVIL INDUSTRIAL MENCION GESTION INDUSTRIAL,Tecnología,"Ingeniería, Industria y Construcción",Ingeniería y Profesiones Afines,Profesional Con Licenciatura,Carreras Profesionales,NO ACREDITADA
2026|I78S3C378J3V1,I78S3C378J3V1,INGENIERIA CIVIL INDUSTRIAL MENCION GESTION INDUSTRIAL,Tecnología,"Ingeniería, Industria y Construcción",Ingeniería y Profesiones Afines,Profesional Con Licenciatura,Carreras Profesionales,NO ACREDITADA
2025|I13S4C408J3V2,I13S4C408J3V2,"INGENIERIA CIVIL INDUSTRIAL, PROGRAMA CONTINUIDAD DE ESTUDIOS",Tecnología,"Ingeniería, Industria y Construcción",Ingeniería y Profesiones Afines,Profesional Con Licenciatura,Carreras Profesionales,NO ACREDITADA
2026|I13S1C408J4V2,I13S1C408J4V2,"INGENIERIA CIVIL INDUSTRIAL, PROGRAMA CONTINUIDAD DE ESTUDIOS",Tecnología,"Ingeniería, Industria y Construcción",Ingeniería y Profesiones Afines,Profesional Con Licenciatura,Carreras Profesionales,NO ACREDITADA
2026|I13S4C408J3V2,I13S4C408J3V2,"INGENIERIA CIVIL INDUSTRIAL, PROGRAMA CONTINUIDAD DE ESTUDIOS",Tecnología,"Ingeniería, Industria y Construcción",Ingeniería y Profesiones Afines,Profesional Con Licenciatura,Carreras Profesionales,NO ACREDITADA
2024|I20S1C116J4V2,I20S1C116J4V2,INGENIERIA CIVIL INFORMATICA,Tecnología,Tecnología de la Información y la Comunicación (TIC),Tecnología de la Información y la Comunicación (TIC),Profesional Con Licenciatura,Carreras Profesionales,NO ACREDITADA
2024|I39S6C29J4V4,I39S6C29J4V4,INGENIERIA CIVIL INFORMATICA,Tecnología,Tecnología de la Información y la Comunicación (TIC),Tecnología de la Información y la Comunicación (TIC),Profesional Con Licenciatura,Carreras Profesionales,NO ACREDITADA
2025|I20S1C116J4V2,I20S1C116J4V2,INGENIERIA CIVIL INFORMATICA,Tecnología,Tecnología de la Información y la Comunicación (TIC),Tecnología de la Información y la Comunicación (TIC),Profesional Con Licenciatura,Carreras Profesionales,NO ACREDITADA
2025|I39S6C29J4V4,I39S6C29J4V4,INGENIERIA CIVIL INFORMATICA,Tecnología,Tecnología de la Información y la Comunicación (TIC),Tecnología de la Información y la Comunicación (TIC),Profesional Con Licenciatura,Carreras Profesionales,NO ACREDITADA
2026|I20S1C116J4V2,I20S1C116J4V2,INGENIERIA CIVIL INFORMATICA,Tecnología,Tecnología de la Información y la Comunicación (TIC),Tecnología de la Información y la Comunicación (TIC),Profesional Con Licenciatura,Carreras Profesionales,NO ACREDITADA
2026|I39S6C29J4V4,I39S6C29J4V4,INGENIERIA CIVIL INFORMATICA,Tecnología,Tecnología de la Información y la Comunicación (TIC),Tecnología de la Información y la Comunicación (TIC),Profesional Con Licenciatura,Carreras Profesionales,NO ACREDITADA
2023|I19S1C12J4V1,I19S1C12J4V1,INGENIERIA DE EJECUCION EN INFORMATICA,Tecnología,Tecnología de la Información y la Comunicación (TIC),Tecnología de la Información y la Comunicación (TIC),Profesional Con Licenciatura,Carreras Profesionales,NO ACREDITADA
2024|I19S1C12J4V1,I19S1C12J4V1,INGENIERIA DE EJECUCION EN INFORMATICA,Tecnología,Tecnología de la Información y la Comunicación (TIC),Tecnología de la Información y la Comunicación (TIC),Profesional Con Licenciatura,Carreras Profesionales,NO ACREDITADA
2024|I19S1C12J4V3,I19S1C12J4V3,INGENIERIA DE EJECUCION EN INFORMATICA,Tecnología,Tecnología de la Información y la Comunicación (TIC),Tecnología de la Información y la Comunicación (TIC),Profesional Con Licenciatura,Carreras Profesionales,NO ACREDITADA
2025|I19S1C12J4V1,I19S1C12J4V1,INGENIERIA DE EJECUCION EN INFORMATICA,Tecnología,Tecnología de la Información y la Comunicación (TIC),Tecnología de la Información y la Comunicación (TIC),Profesional Con Licenciatura,Carreras Profesionales,NO ACREDITADA
2025|I19S1C12J4V3,I19S1C12J4V3,INGENIERIA DE EJECUCION EN INFORMATICA,Tecnología,Tecnología de la Información y la Comunicación (TIC),Tecnología de la Información y la Comunicación (TIC),Profesional Con Licenciatura,Carreras Profesionales,NO ACREDITADA
2026|I93S1C61J4V2,I93S1C61J4V2,INGENIERIA DE EJECUCION EN INFORMATICA,Tecnología,Tecnología de la Información y la Comunicación (TIC),Tecnología de la Información y la Comunicación (TIC),Profesional Sin Licenciatura,Carreras Profesionales,NO ACREDITADA
2023|I143S20C219J3V1,I143S20C219J3V1,INGENIERIA DE EJECUCION EN INFORMATICA MENCION DESARROLLO DE SISTEMAS,Tecnología,Tecnología de la Información y la Comunicación (TIC),Tecnología de la Información y la Comunicación (TIC),Profesional Sin Licenciatura,Carreras Profesionales,NO ACREDITADA
2023|I143S26C219J3V1,I143S26C219J3V1,INGENIERIA DE EJECUCION EN INFORMATICA MENCION DESARROLLO DE SISTEMAS,Tecnología,Tecnología de la Información y la Comunicación (TIC),Tecnología de la Información y la Comunicación (TIC),Profesional Sin Licenciatura,Carreras Profesionales,NO ACREDITADA
2023|I143S28C219J4V1,I143S28C219J4V1,INGENIERIA DE EJECUCION EN INFORMATICA MENCION DESARROLLO DE SISTEMAS,Tecnología,Tecnología de la Información y la Comunicación (TIC),Tecnología de la Información y la Comunicación (TIC),Profesional Sin Licenciatura,Carreras Profesionales,NO ACREDITADA
2024|I143S26C219J3V1,I143S26C219J3V1,INGENIERIA DE EJECUCION EN INFORMATICA MENCION DESARROLLO DE SISTEMAS,Tecnología,Tecnología de la Información y la Comunicación (TIC),Tecnología de la Información y la Comunicación (TIC),Profesional Sin Licenciatura,Carreras Profesionales,NO ACREDITADA
2024|I143S28C219J4V1,I143S28C219J4V1,INGENIERIA DE EJECUCION EN INFORMATICA MENCION DESARROLLO DE SISTEMAS,Tecnología,Tecnología de la Información y la Comunicación (TIC),Tecnología de la Información y la Comunicación (TIC),Profesional Sin Licenciatura,Carreras Profesionales,NO ACREDITADA
2025|I143S28C219J4V1,I143S28C219J4V1,INGENIERIA DE EJECUCION EN INFORMATICA MENCION DESARROLLO DE SISTEMAS,Tecnología,Tecnología de la Información y la Comunicación (TIC),Tecnología de la Información y la Comunicación (TIC),Profesional Sin Licenciatura,Carreras Profesionales,NO ACREDITADA
2026|I143S26C219J3V1,I143S26C219J3V1,INGENIERIA DE EJECUCION EN INFORMATICA MENCION DESARROLLO DE SISTEMAS,Tecnología,Tecnología de la Información y la Comunicación (TIC),Tecnología de la Información y la Comunicación (TIC),Profesional Sin Licenciatura,Carreras Profesionales,NO ACREDITADA
2026|I143S28C219J4V1,I143S28C219J4V1,INGENIERIA DE EJECUCION EN INFORMATICA MENCION DESARROLLO DE SISTEMAS,Tecnología,Tecnología de la Información y la Comunicación (TIC),Tecnología de la Información y la Comunicación (TIC),Profesional Sin Licenciatura,Carreras Profesionales,NO ACREDITADA
2023|I19S1C138J4V1,I19S1C138J4V1,INGENIERIA DE EJECUCION INDUSTRIAL,Tecnología,"Ingeniería, Industria y Construcción",Ingeniería y Profesiones Afines,Profesional Con Licenciatura,Carreras Profesionales,NO ACREDITADA
2023|I19S1C138J4V2,I19S1C138J4V2,INGENIERIA DE EJECUCION INDUSTRIAL,Tecnología,"Ingeniería, Industria y Construcción",Ingeniería y Profesiones Afines,Profesional Con Licenciatura,Carreras Profesionales,NO ACREDITADA
2024|I19S1C138J4V1,I19S1C138J4V1,INGENIERIA DE EJECUCION INDUSTRIAL,Tecnología,"Ingeniería, Industria y Construcción",Ingeniería y Profesiones Afines,Profesional Con Licenciatura,Carreras Profesionales,NO ACREDITADA
2024|I19S1C138J4V2,I19S1C138J4V2,INGENIERIA DE EJECUCION INDUSTRIAL,Tecnología,"Ingeniería, Industria y Construcción",Ingeniería y Profesiones Afines,Profesional Con Licenciatura,Carreras Profesionales,NO ACREDITADA
2025|I19S1C138J4V1,I19S1C138J4V1,INGENIERIA DE EJECUCION INDUSTRIAL,Tecnología,"Ingeniería, Industria y Construcción",Ingeniería y Profesiones Afines,Profesional Con Licenciatura,Carreras Profesionales,NO ACREDITADA
2025|I19S1C138J4V2,I19S1C138J4V2,INGENIERIA DE EJECUCION INDUSTRIAL,Tecnología,"Ingeniería, Industria y Construcción",Ingeniería y Profesiones Afines,Profesional Con Licenciatura,Carreras Profesionales,NO ACREDITADA
2025|I19S1C138J4V3,I19S1C138J4V3,INGENIERIA DE EJECUCION INDUSTRIAL,Tecnología,"Ingeniería, Industria y Construcción",Ingeniería y Profesiones Afines,Profesional Con Licenciatura,Carreras Profesionales,NO ACREDITADA
2025|I19S1C138J4V4,I19S1C138J4V4,INGENIERIA DE EJECUCION INDUSTRIAL,Tecnología,"Ingeniería, Industria y Construcción",Ingeniería y Profesiones Afines,Profesional Con Licenciatura,Carreras Profesionales,NO ACREDITADA
2026|I19S1C138J4V1,I19S1C138J4V1,INGENIERIA DE EJECUCION INDUSTRIAL,Tecnología,"Ingeniería, Industria y Construcción",Ingeniería y Profesiones Afines,Profesional Con Licenciatura,Carreras Profesionales,NO ACREDITADA
2026|I93S1C114J4V2,I93S1C114J4V2,INGENIERIA DE EJECUCION INDUSTRIAL,Tecnología,"Ingeniería, Industria y Construcción",Ingeniería y Profesiones Afines,Profesional Sin Licenciatura,Carreras Profesionales,NO ACREDITADA
2023|I113S7C495J4V1,I113S7C495J4V1,INGENIERIA DE EJECUCION INDUSTRIAL PLAN CONTINUIDAD,Tecnología,"Ingeniería, Industria y Construcción",Ingeniería y Profesiones Afines,Profesional Sin Licenciatura,Carreras Profesionales,NO ACREDITADA
2024|I113S7C495J4V1,I113S7C495J4V1,INGENIERIA DE EJECUCION INDUSTRIAL PLAN CONTINUIDAD,Tecnología,"Ingeniería, Industria y Construcción",Ingeniería y Profesiones Afines,Profesional Sin Licenciatura,Carreras Profesionales,NO ACREDITADA
2025|I113S7C495J4V1,I113S7C495J4V1,INGENIERIA DE EJECUCION INDUSTRIAL PLAN CONTINUIDAD,Tecnología,"Ingeniería, Industria y Construcción",Ingeniería y Profesiones Afines,Profesional Sin Licenciatura,Carreras Profesionales,NO ACREDITADA
2026|I113S7C495J4V1,I113S7C495J4V1,INGENIERIA DE EJECUCION INDUSTRIAL PLAN CONTINUIDAD,Tecnología,"Ingeniería, Industria y Construcción",Ingeniería y Profesiones Afines,Profesional Sin Licenciatura,Carreras Profesionales,NO ACREDITADA
2023|I113S7C495J4V2,I113S7C495J4V2,INGENIERIA DE EJECUCION INDUSTRIAL PROFESIONAL,Tecnología,"Ingeniería, Industria y Construcción",Ingeniería y Profesiones Afines,Profesional Sin Licenciatura,Carreras Profesionales,NO ACREDITADA
2024|I113S7C495J4V2,I113S7C495J4V2,INGENIERIA DE EJECUCION INDUSTRIAL PROFESIONAL,Tecnología,"Ingeniería, Industria y Construcción",Ingeniería y Profesiones Afines,Profesional Sin Licenciatura,Carreras Profesionales,NO ACREDITADA
2025|I113S7C495J4V2,I113S7C495J4V2,INGENIERIA DE EJECUCION INDUSTRIAL PROFESIONAL,Tecnología,"Ingeniería, Industria y Construcción",Ingeniería y Profesiones Afines,Profesional Sin Licenciatura,Carreras Profesionales,NO ACREDITADA
2026|I113S7C495J4V2,I113S7C495J4V2,INGENIERIA DE EJECUCION INDUSTRIAL PROFESIONAL,Tecnología,"Ingeniería, Industria y Construcción",Ingeniería y Profesiones Afines,Profesional Sin Licenciatura,Carreras Profesionales,NO ACREDITADA
2024|I139S3C49J4V1,I139S3C49J4V1,INGENIERIA DE EJECUCION INDUSTRIAL-PE,Tecnología,"Ingeniería, Industria y Construcción",Ingeniería y Profesiones Afines,Profesional Sin Licenciatura,Carreras Profesionales,NO ACREDITADA
2025|I139S3C49J4V1,I139S3C49J4V1,INGENIERIA DE EJECUCION INDUSTRIAL-PE,Tecnología,"Ingeniería, Industria y Construcción",Ingeniería y Profesiones Afines,Profesional Sin Licenciatura,Carreras Profesionales,NO ACREDITADA
2026|I139S3C49J4V1,I139S3C49J4V1,INGENIERIA DE EJECUCION INDUSTRIAL-PE,Tecnología,"Ingeniería, Industria y Construcción",Ingeniería y Profesiones Afines,Profesional Sin Licenciatura,Carreras Profesionales,NO ACREDITADA
2023|I152S10C428J4V1,I152S10C428J4V1,INGENIERIA ELECTRICA,Tecnología,"Ingeniería, Industria y Construcción",Ingeniería y Profesiones Afines,Profesional Sin Licenciatura,Carreras Profesionales,NO ACREDITADA
2024|I152S10C428J4V1,I152S10C428J4V1,INGENIERIA ELECTRICA,Tecnología,"Ingeniería, Industria y Construcción",Ingeniería y Profesiones Afines,Profesional Sin Licenciatura,Carreras Profesionales,NO ACREDITADA
2025|I152S10C428J4V1,I152S10C428J4V1,INGENIERIA ELECTRICA,Tecnología,"Ingeniería, Industria y Construcción",Ingeniería y Profesiones Afines,Profesional Sin Licenciatura,Carreras Profesionales,NO ACREDITADA
2025|I20S1C920J4V1,I20S1C920J4V1,INGENIERIA ELECTRICA,Tecnología,"Ingeniería, Industria y Construcción",Ingeniería y Profesiones Afines,Profesional Con Licenciatura,Carreras Profesionales,NO ACREDITADA
2026|I152S10C428J4V1,I152S10C428J4V1,INGENIERIA ELECTRICA,Tecnología,"Ingeniería, Industria y Construcción",Ingeniería y Profesiones Afines,Profesional Sin Licenciatura,Carreras Profesionales,NO ACREDITADA
2026|I20S1C920J4V1,I20S1C920J4V1,INGENIERIA ELECTRICA,Tecnología,"Ingeniería, Industria y Construcción",Ingeniería y Profesiones Afines,Profesional Con Licenciatura,Carreras Profesionales,NO ACREDITADA
2024|I143S28C728J4V1,I143S28C728J4V1,INGENIERIA EN ANIMACION 3D,Tecnología,"Ingeniería, Industria y Construcción",Ingeniería y Profesiones Afines,Profesional Sin Licenciatura,Carreras Profesionales,NO ACREDITADA
2025|I143S28C728J4V1,I143S28C728J4V1,INGENIERIA EN ANIMACION 3D,Tecnología,"Ingeniería, Industria y Construcción",Ingeniería y Profesiones Afines,Profesional Sin Licenciatura,Carreras Profesionales,NO ACREDITADA
2026|I143S28C728J4V1,I143S28C728J4V1,INGENIERIA EN ANIMACION 3D,Tecnología,"Ingeniería, Industria y Construcción",Ingeniería y Profesiones Afines,Profesional Sin Licenciatura,Carreras Profesionales,NO ACREDITADA
2025|I116S40C212J4V1,I116S40C212J4V1,INGENIERIA EN AUTOMATIZACION E INSTRUMENTACION INDUSTRIAL,Tecnología,"Ingeniería, Industria y Construcción",Ingeniería y Profesiones Afines,Profesional Sin Licenciatura,Carreras Profesionales,NO ACREDITADA
2026|I116S40C212J4V1,I116S40C212J4V1,INGENIERIA EN AUTOMATIZACION E INSTRUMENTACION INDUSTRIAL,Tecnología,"Ingeniería, Industria y Construcción",Ingeniería y Profesiones Afines,Profesional Sin Licenciatura,Carreras Profesionales,NO ACREDITADA
2023|I117S1C107J4V1,I117S1C107J4V1,INGENIERIA EN AUTOMATIZACION Y CONTROL,Tecnología,"Ingeniería, Industria y Construcción",Ingeniería y Profesiones Afines,Profesional Sin Licenciatura,Carreras Profesionales,NO ACREDITADA
2023|I117S1C107J4V2,I117S1C107J4V2,INGENIERIA EN AUTOMATIZACION Y CONTROL,Tecnología,"Ingeniería, Industria y Construcción",Ingeniería y Profesiones Afines,Profesional Sin Licenciatura,Carreras Profesionales,NO ACREDITADA
2024|I113S7C586J4V1,I113S7C586J4V1,INGENIERIA EN AUTOMATIZACION Y CONTROL,Tecnología,"Ingeniería, Industria y Construcción",Ingeniería y Profesiones Afines,Profesional Sin Licenciatura,Carreras Profesionales,NO ACREDITADA
2024|I117S1C107J4V1,I117S1C107J4V1,INGENIERIA EN AUTOMATIZACION Y CONTROL,Tecnología,"Ingeniería, Industria y Construcción",Ingeniería y Profesiones Afines,Profesional Sin Licenciatura,Carreras Profesionales,NO ACREDITADA
2025|I113S13C586J4V1,I113S13C586J4V1,INGENIERIA EN AUTOMATIZACION Y CONTROL,Tecnología,"Ingeniería, Industria y Construcción",Ingeniería y Profesiones Afines,Profesional Sin Licenciatura,Carreras Profesionales,NO ACREDITADA
2025|I113S7C586J4V1,I113S7C586J4V1,INGENIERIA EN AUTOMATIZACION Y CONTROL,Tecnología,"Ingeniería, Industria y Construcción",Ingeniería y Profesiones Afines,Profesional Sin Licenciatura,Carreras Profesionales,NO ACREDITADA
2025|I117S1C107J4V1,I117S1C107J4V1,INGENIERIA EN AUTOMATIZACION Y CONTROL,Tecnología,"Ingeniería, Industria y Construcción",Ingeniería y Profesiones Afines,Profesional Sin Licenciatura,Carreras Profesionales,NO ACREDITADA
2026|I113S13C586J4V1,I113S13C586J4V1,INGENIERIA EN AUTOMATIZACION Y CONTROL,Tecnología,"Ingeniería, Industria y Construcción",Ingeniería y Profesiones Afines,Profesional Sin Licenciatura,Carreras Profesionales,NO ACREDITADA
2026|I113S7C586J4V1,I113S7C586J4V1,INGENIERIA EN AUTOMATIZACION Y CONTROL,Tecnología,"Ingeniería, Industria y Construcción",Ingeniería y Profesiones Afines,Profesional Sin Licenciatura,Carreras Profesionales,NO ACREDITADA
2023|I143S28C702J4V1,I143S28C702J4V1,INGENIERIA EN AUTOMATIZACION Y CONTROL INDUSTRIAL,Tecnología,"Ingeniería, Industria y Construcción",Ingeniería y Profesiones Afines,Profesional Sin Licenciatura,Carreras Profesionales,NO ACREDITADA
2023|I152S10C454J4V1,I152S10C454J4V1,INGENIERIA EN AUTOMATIZACION Y CONTROL INDUSTRIAL,Tecnología,"Ingeniería, Industria y Construcción",Ingeniería y Profesiones Afines,Profesional Sin Licenciatura,Carreras Profesionales,NO ACREDITADA
2024|I143S28C702J4V1,I143S28C702J4V1,INGENIERIA EN AUTOMATIZACION Y CONTROL INDUSTRIAL,Tecnología,"Ingeniería, Industria y Construcción",Ingeniería y Profesiones Afines,Profesional Sin Licenciatura,Carreras Profesionales,NO ACREDITADA
2024|I152S10C454J4V1,I152S10C454J4V1,INGENIERIA EN AUTOMATIZACION Y CONTROL INDUSTRIAL,Tecnología,"Ingeniería, Industria y Construcción",Ingeniería y Profesiones Afines,Profesional Sin Licenciatura,Carreras Profesionales,NO ACREDITADA
2025|I143S28C702J4V1,I143S28C702J4V1,INGENIERIA EN AUTOMATIZACION Y CONTROL INDUSTRIAL,Tecnología,"Ingeniería, Industria y Construcción",Ingeniería y Profesiones Afines,Profesional Sin Licenciatura,Carreras Profesionales,NO ACREDITADA
2025|I152S10C454J4V1,I152S10C454J4V1,INGENIERIA EN AUTOMATIZACION Y CONTROL INDUSTRIAL,Tecnología,"Ingeniería, Industria y Construcción",Ingeniería y Profesiones Afines,Profesional Sin Licenciatura,Carreras Profesionales,NO ACREDITADA
2026|I111S27C550J4V1,I111S27C550J4V1,INGENIERIA EN AUTOMATIZACION Y CONTROL INDUSTRIAL,Tecnología,"Ingeniería, Industria y Construcción",Ingeniería y Profesiones Afines,Profesional Sin Licenciatura,Carreras Profesionales,NO ACREDITADA
2026|I143S28C702J4V1,I143S28C702J4V1,INGENIERIA EN AUTOMATIZACION Y CONTROL INDUSTRIAL,Tecnología,"Ingeniería, Industria y Construcción",Ingeniería y Profesiones Afines,Profesional Sin Licenciatura,Carreras Profesionales,NO ACREDITADA
2026|I152S10C454J4V1,I152S10C454J4V1,INGENIERIA EN AUTOMATIZACION Y CONTROL INDUSTRIAL,Tecnología,"Ingeniería, Industria y Construcción",Ingeniería y Profesiones Afines,Profesional Sin Licenciatura,Carreras Profesionales,NO ACREDITADA
2026|I162S2C22J4V2,I162S2C22J4V2,INGENIERIA EN AUTOMATIZACION Y CONTROL INDUSTRIAL,Tecnología,"Ingeniería, Industria y Construcción",Ingeniería y Profesiones Afines,Profesional Sin Licenciatura,Carreras Profesionales,NO ACREDITADA
2025|I113S13C586J4V2,I113S13C586J4V2,INGENIERIA EN AUTOMATIZACION Y CONTROL PLAN CONTINUIDAD,Tecnología,"Ingeniería, Industria y Construcción",Ingeniería y Profesiones Afines,Profesional Sin Licenciatura,Carreras Profesionales,NO ACREDITADA
2026|I113S13C586J4V2,I113S13C586J4V2,INGENIERIA EN AUTOMATIZACION Y CONTROL PLAN CONTINUIDAD,Tecnología,"Ingeniería, Industria y Construcción",Ingeniería y Profesiones Afines,Profesional Sin Licenciatura,Carreras Profesionales,NO ACREDITADA
2026|I113S7C586J4V2,I113S7C586J4V2,INGENIERIA EN AUTOMATIZACION Y CONTROL PLAN CONTINUIDAD,Tecnología,"Ingeniería, Industria y Construcción",Ingeniería y Profesiones Afines,Profesional Sin Licenciatura,Carreras Profesionales,NO ACREDITADA
2023|I20S1C82J3V2,I20S1C82J3V2,INGENIERIA EN AUTOMATIZACION Y ROBOTICA,Tecnología,"Ingeniería, Industria y Construcción",Ingeniería y Profesiones Afines,Profesional Con Licenciatura,Carreras Profesionales,NO ACREDITADA
2024|I20S1C82J4V2,I20S1C82J4V2,INGENIERIA EN AUTOMATIZACION Y ROBOTICA,Tecnología,"Ingeniería, Industria y Construcción",Ingeniería y Profesiones Afines,Profesional Con Licenciatura,Carreras Profesionales,NO ACREDITADA
2025|I20S1C82J4V2,I20S1C82J4V2,INGENIERIA EN AUTOMATIZACION Y ROBOTICA,Tecnología,"Ingeniería, Industria y Construcción",Ingeniería y Profesiones Afines,Profesional Con Licenciatura,Carreras Profesionales,NO ACREDITADA
2026|I117S1C107J4V1,I117S1C107J4V1,INGENIERIA EN AUTOMATIZACION Y ROBOTICA,Tecnología,"Ingeniería, Industria y Construcción",Ingeniería y Profesiones Afines,Profesional Sin Licenciatura,Carreras Profesionales,NO ACREDITADA
2026|I20S1C82J4V2,I20S1C82J4V2,INGENIERIA EN AUTOMATIZACION Y ROBOTICA,Tecnología,"Ingeniería, Industria y Construcción",Ingeniería y Profesiones Afines,Profesional Con Licenciatura,Carreras Profesionales,NO ACREDITADA
2023|I10S7C766J4V2,I10S7C766J4V2,INGENIERIA EN CIBERSEGURIDAD,Tecnología,Tecnología de la Información y la Comunicación (TIC),Tecnología de la Información y la Comunicación (TIC),Profesional Con Licenciatura,Carreras Profesionales,NO ACREDITADA
2023|I117S1C112J4V1,I117S1C112J4V1,INGENIERIA EN CIBERSEGURIDAD,Tecnología,Tecnología de la Información y la Comunicación (TIC),Tecnología de la Información y la Comunicación (TIC),Profesional Sin Licenciatura,Carreras Profesionales,NO ACREDITADA
2023|I143S28C650J4V2,I143S28C650J4V2,INGENIERIA EN CIBERSEGURIDAD,Tecnología,Tecnología de la Información y la Comunicación (TIC),Tecnología de la Información y la Comunicación (TIC),Profesional Sin Licenciatura,Carreras Profesionales,NO ACREDITADA
2023|I162S2C46J4V3,I162S2C46J4V3,INGENIERIA EN CIBERSEGURIDAD,Tecnología,Tecnología de la Información y la Comunicación (TIC),Tecnología de la Información y la Comunicación (TIC),Profesional Sin Licenciatura,Carreras Profesionales,NO ACREDITADA
2023|I17S2C298J4V1,I17S2C298J4V1,INGENIERIA EN CIBERSEGURIDAD,Tecnología,Tecnología de la Información y la Comunicación (TIC),Tecnología de la Información y la Comunicación (TIC),Profesional Con Licenciatura,Carreras Profesionales,NO ACREDITADA
2023|I17S2C298J4V2,I17S2C298J4V2,INGENIERIA EN CIBERSEGURIDAD,Tecnología,Tecnología de la Información y la Comunicación (TIC),Tecnología de la Información y la Comunicación (TIC),Profesional Con Licenciatura,Carreras Profesionales,NO ACREDITADA
2023|I17S2C298J5V1,I17S2C298J5V1,INGENIERIA EN CIBERSEGURIDAD,Tecnología,Tecnología de la Información y la Comunicación (TIC),Tecnología de la Información y la Comunicación (TIC),Profesional Con Licenciatura,Carreras Profesionales,NO ACREDITADA
2023|I19S1C492J4V1,I19S1C492J4V1,INGENIERIA EN CIBERSEGURIDAD,Tecnología,Tecnología de la Información y la Comunicación (TIC),Tecnología de la Información y la Comunicación (TIC),Profesional Con Licenciatura,Carreras Profesionales,NO ACREDITADA
2023|I20S1C661J4V1,I20S1C661J4V1,INGENIERIA EN CIBERSEGURIDAD,Tecnología,Tecnología de la Información y la Comunicación (TIC),Tecnología de la Información y la Comunicación (TIC),Profesional Con Licenciatura,Carreras Profesionales,NO ACREDITADA
2024|I10S7C766J4V2,I10S7C766J4V2,INGENIERIA EN CIBERSEGURIDAD,Tecnología,Tecnología de la Información y la Comunicación (TIC),Tecnología de la Información y la Comunicación (TIC),Profesional Con Licenciatura,Carreras Profesionales,NO ACREDITADA
2024|I113S7C587J4V1,I113S7C587J4V1,INGENIERIA EN CIBERSEGURIDAD,Tecnología,Tecnología de la Información y la Comunicación (TIC),Tecnología de la Información y la Comunicación (TIC),Profesional Sin Licenciatura,Carreras Profesionales,NO ACREDITADA
2024|I117S1C112J4V1,I117S1C112J4V1,INGENIERIA EN CIBERSEGURIDAD,Tecnología,Tecnología de la Información y la Comunicación (TIC),Tecnología de la Información y la Comunicación (TIC),Profesional Sin Licenciatura,Carreras Profesionales,NO ACREDITADA
2024|I143S28C650J4V2,I143S28C650J4V2,INGENIERIA EN CIBERSEGURIDAD,Tecnología,Tecnología de la Información y la Comunicación (TIC),Tecnología de la Información y la Comunicación (TIC),Profesional Sin Licenciatura,Carreras Profesionales,NO ACREDITADA
2024|I152S10C473J4V1,I152S10C473J4V1,INGENIERIA EN CIBERSEGURIDAD,Tecnología,Tecnología de la Información y la Comunicación (TIC),Tecnología de la Información y la Comunicación (TIC),Profesional Sin Licenciatura,Carreras Profesionales,NO ACREDITADA
2024|I162S2C46J4V1,I162S2C46J4V1,INGENIERIA EN CIBERSEGURIDAD,Tecnología,Tecnología de la Información y la Comunicación (TIC),Tecnología de la Información y la Comunicación (TIC),Profesional Sin Licenciatura,Carreras Profesionales,NO ACREDITADA
2024|I162S2C46J4V3,I162S2C46J4V3,INGENIERIA EN CIBERSEGURIDAD,Tecnología,Tecnología de la Información y la Comunicación (TIC),Tecnología de la Información y la Comunicación (TIC),Profesional Sin Licenciatura,Carreras Profesionales,NO ACREDITADA
2024|I171S1C84J4V1,I171S1C84J4V1,INGENIERIA EN CIBERSEGURIDAD,Tecnología,Tecnología de la Información y la Comunicación (TIC),Tecnología de la Información y la Comunicación (TIC),Profesional Sin Licenciatura,Carreras Profesionales,NO ACREDITADA
2024|I17S2C298J4V1,I17S2C298J4V1,INGENIERIA EN CIBERSEGURIDAD,Tecnología,Tecnología de la Información y la Comunicación (TIC),Tecnología de la Información y la Comunicación (TIC),Profesional Con Licenciatura,Carreras Profesionales,NO ACREDITADA
2024|I17S2C298J4V2,I17S2C298J4V2,INGENIERIA EN CIBERSEGURIDAD,Tecnología,Tecnología de la Información y la Comunicación (TIC),Tecnología de la Información y la Comunicación (TIC),Profesional Con Licenciatura,Carreras Profesionales,NO ACREDITADA
2024|I17S2C298J4V3,I17S2C298J4V3,INGENIERIA EN CIBERSEGURIDAD,Tecnología,Tecnología de la Información y la Comunicación (TIC),Tecnología de la Información y la Comunicación (TIC),Profesional Con Licenciatura,Carreras Profesionales,NO ACREDITADA
2024|I17S2C298J5V1,I17S2C298J5V1,INGENIERIA EN CIBERSEGURIDAD,Tecnología,Tecnología de la Información y la Comunicación (TIC),Tecnología de la Información y la Comunicación (TIC),Profesional Con Licenciatura,Carreras Profesionales,NO ACREDITADA
2024|I19S1C492J4V1,I19S1C492J4V1,INGENIERIA EN CIBERSEGURIDAD,Tecnología,Tecnología de la Información y la Comunicación (TIC),Tecnología de la Información y la Comunicación (TIC),Profesional Con Licenciatura,Carreras Profesionales,NO ACREDITADA
2024|I20S1C661J4V1,I20S1C661J4V1,INGENIERIA EN CIBERSEGURIDAD,Tecnología,Tecnología de la Información y la Comunicación (TIC),Tecnología de la Información y la Comunicación (TIC),Profesional Con Licenciatura,Carreras Profesionales,NO ACREDITADA
2025|I10S7C766J4V2,I10S7C766J4V2,INGENIERIA EN CIBERSEGURIDAD,Tecnología,Tecnología de la Información y la Comunicación (TIC),Tecnología de la Información y la Comunicación (TIC),Profesional Con Licenciatura,Carreras Profesionales,NO ACREDITADA
2025|I113S13C587J4V1,I113S13C587J4V1,INGENIERIA EN CIBERSEGURIDAD,Tecnología,Tecnología de la Información y la Comunicación (TIC),Tecnología de la Información y la Comunicación (TIC),Profesional Sin Licenciatura,Carreras Profesionales,NO ACREDITADA
2025|I113S7C587J4V1,I113S7C587J4V1,INGENIERIA EN CIBERSEGURIDAD,Tecnología,Tecnología de la Información y la Comunicación (TIC),Tecnología de la Información y la Comunicación (TIC),Profesional Sin Licenciatura,Carreras Profesionales,NO ACREDITADA
2025|I117S1C112J4V1,I117S1C112J4V1,INGENIERIA EN CIBERSEGURIDAD,Tecnología,Tecnología de la Información y la Comunicación (TIC),Tecnología de la Información y la Comunicación (TIC),Profesional Sin Licenciatura,Carreras Profesionales,NO ACREDITADA
2025|I143S28C650J4V2,I143S28C650J4V2,INGENIERIA EN CIBERSEGURIDAD,Tecnología,Tecnología de la Información y la Comunicación (TIC),Tecnología de la Información y la Comunicación (TIC),Profesional Sin Licenciatura,Carreras Profesionales,NO ACREDITADA
2025|I152S10C473J4V1,I152S10C473J4V1,INGENIERIA EN CIBERSEGURIDAD,Tecnología,Tecnología de la Información y la Comunicación (TIC),Tecnología de la Información y la Comunicación (TIC),Profesional Sin Licenciatura,Carreras Profesionales,NO ACREDITADA
2025|I162S2C46J4V1,I162S2C46J4V1,INGENIERIA EN CIBERSEGURIDAD,Tecnología,Tecnología de la Información y la Comunicación (TIC),Tecnología de la Información y la Comunicación (TIC),Profesional Sin Licenciatura,Carreras Profesionales,NO ACREDITADA
2025|I162S2C46J4V3,I162S2C46J4V3,INGENIERIA EN CIBERSEGURIDAD,Tecnología,Tecnología de la Información y la Comunicación (TIC),Tecnología de la Información y la Comunicación (TIC),Profesional Sin Licenciatura,Carreras Profesionales,NO ACREDITADA
2025|I171S1C84J4V1,I171S1C84J4V1,INGENIERIA EN CIBERSEGURIDAD,Tecnología,Tecnología de la Información y la Comunicación (TIC),Tecnología de la Información y la Comunicación (TIC),Profesional Sin Licenciatura,Carreras Profesionales,NO ACREDITADA
2025|I17S2C298J4V1,I17S2C298J4V1,INGENIERIA EN CIBERSEGURIDAD,Tecnología,Tecnología de la Información y la Comunicación (TIC),Tecnología de la Información y la Comunicación (TIC),Profesional Con Licenciatura,Carreras Profesionales,NO ACREDITADA
2025|I17S2C298J4V2,I17S2C298J4V2,INGENIERIA EN CIBERSEGURIDAD,Tecnología,Tecnología de la Información y la Comunicación (TIC),Tecnología de la Información y la Comunicación (TIC),Profesional Con Licenciatura,Carreras Profesionales,NO ACREDITADA
2025|I17S2C298J4V3,I17S2C298J4V3,INGENIERIA EN CIBERSEGURIDAD,Tecnología,Tecnología de la Información y la Comunicación (TIC),Tecnología de la Información y la Comunicación (TIC),Profesional Con Licenciatura,Carreras Profesionales,NO ACREDITADA
2025|I17S2C298J5V1,I17S2C298J5V1,INGENIERIA EN CIBERSEGURIDAD,Tecnología,Tecnología de la Información y la Comunicación (TIC),Tecnología de la Información y la Comunicación (TIC),Profesional Con Licenciatura,Carreras Profesionales,NO ACREDITADA
2025|I19S1C492J4V1,I19S1C492J4V1,INGENIERIA EN CIBERSEGURIDAD,Tecnología,Tecnología de la Información y la Comunicación (TIC),Tecnología de la Información y la Comunicación (TIC),Profesional Con Licenciatura,Carreras Profesionales,NO ACREDITADA
2025|I20S1C661J4V1,I20S1C661J4V1,INGENIERIA EN CIBERSEGURIDAD,Tecnología,Tecnología de la Información y la Comunicación (TIC),Tecnología de la Información y la Comunicación (TIC),Profesional Con Licenciatura,Carreras Profesionales,NO ACREDITADA
2026|I10S7C766J4V2,I10S7C766J4V2,INGENIERIA EN CIBERSEGURIDAD,Tecnología,Tecnología de la Información y la Comunicación (TIC),Tecnología de la Información y la Comunicación (TIC),Profesional Con Licenciatura,Carreras Profesionales,NO ACREDITADA
2026|I111S27C551J4V1,I111S27C551J4V1,INGENIERIA EN CIBERSEGURIDAD,Tecnología,Tecnología de la Información y la Comunicación (TIC),Tecnología de la Información y la Comunicación (TIC),Profesional Sin Licenciatura,Carreras Profesionales,NO ACREDITADA
2026|I113S7C587J4V1,I113S7C587J4V1,INGENIERIA EN CIBERSEGURIDAD,Tecnología,Tecnología de la Información y la Comunicación (TIC),Tecnología de la Información y la Comunicación (TIC),Profesional Sin Licenciatura,Carreras Profesionales,NO ACREDITADA
2026|I117S1C112J4V1,I117S1C112J4V1,INGENIERIA EN CIBERSEGURIDAD,Tecnología,Tecnología de la Información y la Comunicación (TIC),Tecnología de la Información y la Comunicación (TIC),Profesional Sin Licenciatura,Carreras Profesionales,NO ACREDITADA
2026|I143S28C650J4V2,I143S28C650J4V2,INGENIERIA EN CIBERSEGURIDAD,Tecnología,Tecnología de la Información y la Comunicación (TIC),Tecnología de la Información y la Comunicación (TIC),Profesional Sin Licenciatura,Carreras Profesionales,NO ACREDITADA
2026|I152S10C473J4V1,I152S10C473J4V1,INGENIERIA EN CIBERSEGURIDAD,Tecnología,Tecnología de la Información y la Comunicación (TIC),Tecnología de la Información y la Comunicación (TIC),Profesional Sin Licenciatura,Carreras Profesionales,NO ACREDITADA
2026|I162S2C46J4V1,I162S2C46J4V1,INGENIERIA EN CIBERSEGURIDAD,Tecnología,Tecnología de la Información y la Comunicación (TIC),Tecnología de la Información y la Comunicación (TIC),Profesional Sin Licenciatura,Carreras Profesionales,NO ACREDITADA
2026|I162S2C46J4V3,I162S2C46J4V3,INGENIERIA EN CIBERSEGURIDAD,Tecnología,Tecnología de la Información y la Comunicación (TIC),Tecnología de la Información y la Comunicación (TIC),Profesional Sin Licenciatura,Carreras Profesionales,NO ACREDITADA
2026|I171S1C84J4V1,I171S1C84J4V1,INGENIERIA EN CIBERSEGURIDAD,Tecnología,Tecnología de la Información y la Comunicación (TIC),Tecnología de la Información y la Comunicación (TIC),Profesional Sin Licenciatura,Carreras Profesionales,NO ACREDITADA
2026|I17S2C298J4V1,I17S2C298J4V1,INGENIERIA EN CIBERSEGURIDAD,Tecnología,Tecnología de la Información y la Comunicación (TIC),Tecnología de la Información y la Comunicación (TIC),Profesional Con Licenciatura,Carreras Profesionales,NO ACREDITADA
2026|I17S2C298J4V3,I17S2C298J4V3,INGENIERIA EN CIBERSEGURIDAD,Tecnología,Tecnología de la Información y la Comunicación (TIC),Tecnología de la Información y la Comunicación (TIC),Profesional Con Licenciatura,Carreras Profesionales,NO ACREDITADA
2026|I17S2C298J5V1,I17S2C298J5V1,INGENIERIA EN CIBERSEGURIDAD,Tecnología,Tecnología de la Información y la Comunicación (TIC),Tecnología de la Información y la Comunicación (TIC),Profesional Con Licenciatura,Carreras Profesionales,NO ACREDITADA
2026|I19S1C492J4V1,I19S1C492J4V1,INGENIERIA EN CIBERSEGURIDAD,Tecnología,Tecnología de la Información y la Comunicación (TIC),Tecnología de la Información y la Comunicación (TIC),Profesional Con Licenciatura,Carreras Profesionales,NO ACREDITADA
2026|I20S1C661J4V1,I20S1C661J4V1,INGENIERIA EN CIBERSEGURIDAD,Tecnología,Tecnología de la Información y la Comunicación (TIC),Tecnología de la Información y la Comunicación (TIC),Profesional Con Licenciatura,Carreras Profesionales,NO ACREDITADA
2025|I171S1C84J4V2,I171S1C84J4V2,INGENIERIA EN CIBERSEGURIDAD (PLAN ESPECIAL),Tecnología,Tecnología de la Información y la Comunicación (TIC),Tecnología de la Información y la Comunicación (TIC),Profesional Sin Licenciatura,Carreras Profesionales,NO ACREDITADA
2026|I171S1C84J4V2,I171S1C84J4V2,INGENIERIA EN CIBERSEGURIDAD (PLAN ESPECIAL),Tecnología,Tecnología de la Información y la Comunicación (TIC),Tecnología de la Información y la Comunicación (TIC),Profesional Sin Licenciatura,Carreras Profesionales,NO ACREDITADA
2025|I113S13C587J4V2,I113S13C587J4V2,INGENIERIA EN CIBERSEGURIDAD PLAN CONTINUIDAD,Tecnología,Tecnología de la Información y la Comunicación (TIC),Tecnología de la Información y la Comunicación (TIC),Profesional Sin Licenciatura,Carreras Profesionales,NO ACREDITADA
2026|I113S7C587J4V2,I113S7C587J4V2,INGENIERIA EN CIBERSEGURIDAD PLAN CONTINUIDAD,Tecnología,Tecnología de la Información y la Comunicación (TIC),Tecnología de la Información y la Comunicación (TIC),Profesional Sin Licenciatura,Carreras Profesionales,NO ACREDITADA
2024|I39S6C435J4V3,I39S6C435J4V3,INGENIERIA EN CIBERSEGURIDAD Y AUDITORIA INFORMATICA,Tecnología,Tecnología de la Información y la Comunicación (TIC),Tecnología de la Información y la Comunicación (TIC),Profesional Con Licenciatura,Carreras Profesionales,NO ACREDITADA
2025|I39S6C435J4V3,I39S6C435J4V3,INGENIERIA EN CIBERSEGURIDAD Y AUDITORIA INFORMATICA,Tecnología,Tecnología de la Información y la Comunicación (TIC),Tecnología de la Información y la Comunicación (TIC),Profesional Con Licenciatura,Carreras Profesionales,NO ACREDITADA
2026|I39S6C435J4V3,I39S6C435J4V3,INGENIERIA EN CIBERSEGURIDAD Y AUDITORIA INFORMATICA,Tecnología,Tecnología de la Información y la Comunicación (TIC),Tecnología de la Información y la Comunicación (TIC),Profesional Con Licenciatura,Carreras Profesionales,NO ACREDITADA
2023|I1S1C250J4V2,I1S1C250J4V2,INGENIERIA EN COMPUTACION E INFORMATICA,Tecnología,Tecnología de la Información y la Comunicación (TIC),Tecnología de la Información y la Comunicación (TIC),Profesional Con Licenciatura,Carreras Profesionales,NO ACREDITADA
2023|I1S1C250J4V4,I1S1C250J4V4,INGENIERIA EN COMPUTACION E INFORMATICA,Tecnología,Tecnología de la Información y la Comunicación (TIC),Tecnología de la Información y la Comunicación (TIC),Profesional Con Licenciatura,Carreras Profesionales,NO ACREDITADA
2023|I20S1C70J4V2,I20S1C70J4V2,INGENIERIA EN COMPUTACION E INFORMATICA,Tecnología,Tecnología de la Información y la Comunicación (TIC),Tecnología de la Información y la Comunicación (TIC),Profesional Con Licenciatura,Carreras Profesionales,NO ACREDITADA
2024|I1S1C250J4V2,I1S1C250J4V2,INGENIERIA EN COMPUTACION E INFORMATICA,Tecnología,Tecnología de la Información y la Comunicación (TIC),Tecnología de la Información y la Comunicación (TIC),Profesional Con Licenciatura,Carreras Profesionales,NO ACREDITADA
2024|I1S1C250J4V4,I1S1C250J4V4,INGENIERIA EN COMPUTACION E INFORMATICA,Tecnología,Tecnología de la Información y la Comunicación (TIC),Tecnología de la Información y la Comunicación (TIC),Profesional Con Licenciatura,Carreras Profesionales,NO ACREDITADA
2024|I20S1C70J4V2,I20S1C70J4V2,INGENIERIA EN COMPUTACION E INFORMATICA,Tecnología,Tecnología de la Información y la Comunicación (TIC),Tecnología de la Información y la Comunicación (TIC),Profesional Con Licenciatura,Carreras Profesionales,NO ACREDITADA
2025|I1S1C250J4V2,I1S1C250J4V2,INGENIERIA EN COMPUTACION E INFORMATICA,Tecnología,Tecnología de la Información y la Comunicación (TIC),Tecnología de la Información y la Comunicación (TIC),Profesional Con Licenciatura,Carreras Profesionales,NO ACREDITADA
2025|I1S1C250J4V4,I1S1C250J4V4,INGENIERIA EN COMPUTACION E INFORMATICA,Tecnología,Tecnología de la Información y la Comunicación (TIC),Tecnología de la Información y la Comunicación (TIC),Profesional Con Licenciatura,Carreras Profesionales,NO ACREDITADA
2025|I20S1C70J4V1,I20S1C70J4V1,INGENIERIA EN COMPUTACION E INFORMATICA,Tecnología,Tecnología de la Información y la Comunicación (TIC),Tecnología de la Información y la Comunicación (TIC),Profesional Con Licenciatura,Carreras Profesionales,NO ACREDITADA
2025|I20S1C70J4V2,I20S1C70J4V2,INGENIERIA EN COMPUTACION E INFORMATICA,Tecnología,Tecnología de la Información y la Comunicación (TIC),Tecnología de la Información y la Comunicación (TIC),Profesional Con Licenciatura,Carreras Profesionales,NO ACREDITADA
2026|I1S1C250J4V2,I1S1C250J4V2,INGENIERIA EN COMPUTACION E INFORMATICA,Tecnología,Tecnología de la Información y la Comunicación (TIC),Tecnología de la Información y la Comunicación (TIC),Profesional Con Licenciatura,Carreras Profesionales,NO ACREDITADA
2026|I1S1C250J4V4,I1S1C250J4V4,INGENIERIA EN COMPUTACION E INFORMATICA,Tecnología,Tecnología de la Información y la Comunicación (TIC),Tecnología de la Información y la Comunicación (TIC),Profesional Con Licenciatura,Carreras Profesionales,NO ACREDITADA
2026|I20S1C70J4V1,I20S1C70J4V1,INGENIERIA EN COMPUTACION E INFORMATICA,Tecnología,Tecnología de la Información y la Comunicación (TIC),Tecnología de la Información y la Comunicación (TIC),Profesional Con Licenciatura,Carreras Profesionales,NO ACREDITADA
2026|I20S1C70J4V2,I20S1C70J4V2,INGENIERIA EN COMPUTACION E INFORMATICA,Tecnología,Tecnología de la Información y la Comunicación (TIC),Tecnología de la Información y la Comunicación (TIC),Profesional Con Licenciatura,Carreras Profesionales,NO ACREDITADA
2023|I111S5C50J2V2,I111S5C50J2V2,INGENIERIA EN CONECTIVIDAD Y REDES,Tecnología,Tecnología de la Información y la Comunicación (TIC),Tecnología de la Información y la Comunicación (TIC),Profesional Sin Licenciatura,Carreras Profesionales,ACREDITADA
2023|I162S2C3J4V2,I162S2C3J4V2,INGENIERIA EN CONECTIVIDAD Y REDES,Tecnología,Tecnología de la Información y la Comunicación (TIC),Tecnología de la Información y la Comunicación (TIC),Profesional Sin Licenciatura,Carreras Profesionales,NO ACREDITADA
2024|I162S2C3J4V2,I162S2C3J4V2,INGENIERIA EN CONECTIVIDAD Y REDES,Tecnología,Tecnología de la Información y la Comunicación (TIC),Tecnología de la Información y la Comunicación (TIC),Profesional Sin Licenciatura,Carreras Profesionales,NO ACREDITADA
2025|I162S2C3J4V2,I162S2C3J4V2,INGENIERIA EN CONECTIVIDAD Y REDES,Tecnología,Tecnología de la Información y la Comunicación (TIC),Tecnología de la Información y la Comunicación (TIC),Profesional Sin Licenciatura,Carreras Profesionales,NO ACREDITADA
2025|I162S2C3J4V3,I162S2C3J4V3,INGENIERIA EN CONECTIVIDAD Y REDES,Tecnología,Tecnología de la Información y la Comunicación (TIC),Tecnología de la Información y la Comunicación (TIC),Profesional Sin Licenciatura,Carreras Profesionales,NO ACREDITADA
2026|I162S2C3J4V2,I162S2C3J4V2,INGENIERIA EN CONECTIVIDAD Y REDES,Tecnología,Tecnología de la Información y la Comunicación (TIC),Tecnología de la Información y la Comunicación (TIC),Profesional Sin Licenciatura,Carreras Profesionales,NO ACREDITADA
2026|I162S2C3J4V3,I162S2C3J4V3,INGENIERIA EN CONECTIVIDAD Y REDES,Tecnología,Tecnología de la Información y la Comunicación (TIC),Tecnología de la Información y la Comunicación (TIC),Profesional Sin Licenciatura,Carreras Profesionales,NO ACREDITADA
2023|I152S10C455J3V1,I152S10C455J3V1,INGENIERIA EN CONSTRUCCION,Tecnología,"Ingeniería, Industria y Construcción",Arquitectura y Construcción,Profesional Sin Licenciatura,Carreras Profesionales,NO ACREDITADA
2024|I152S10C455J3V1,I152S10C455J3V1,INGENIERIA EN CONSTRUCCION,Tecnología,"Ingeniería, Industria y Construcción",Arquitectura y Construcción,Profesional Sin Licenciatura,Carreras Profesionales,NO ACREDITADA
2025|I100S10C111J4V1,I100S10C111J4V1,INGENIERIA EN CONSTRUCCION,Tecnología,"Ingeniería, Industria y Construcción",Arquitectura y Construcción,Profesional Sin Licenciatura,Carreras Profesionales,NO ACREDITADA
2025|I100S14C111J4V1,I100S14C111J4V1,INGENIERIA EN CONSTRUCCION,Tecnología,"Ingeniería, Industria y Construcción",Arquitectura y Construcción,Profesional Sin Licenciatura,Carreras Profesionales,NO ACREDITADA
2025|I100S15C111J4V1,I100S15C111J4V1,INGENIERIA EN CONSTRUCCION,Tecnología,"Ingeniería, Industria y Construcción",Arquitectura y Construcción,Profesional Sin Licenciatura,Carreras Profesionales,NO ACREDITADA
2025|I100S20C111J4V1,I100S20C111J4V1,INGENIERIA EN CONSTRUCCION,Tecnología,"Ingeniería, Industria y Construcción",Arquitectura y Construcción,Profesional Sin Licenciatura,Carreras Profesionales,NO ACREDITADA
2025|I100S23C111J4V1,I100S23C111J4V1,INGENIERIA EN CONSTRUCCION,Tecnología,"Ingeniería, Industria y Construcción",Arquitectura y Construcción,Profesional Sin Licenciatura,Carreras Profesionales,NO ACREDITADA
2025|I100S24C111J4V1,I100S24C111J4V1,INGENIERIA EN CONSTRUCCION,Tecnología,"Ingeniería, Industria y Construcción",Arquitectura y Construcción,Profesional Sin Licenciatura,Carreras Profesionales,NO ACREDITADA
2025|I100S28C111J4V1,I100S28C111J4V1,INGENIERIA EN CONSTRUCCION,Tecnología,"Ingeniería, Industria y Construcción",Arquitectura y Construcción,Profesional Sin Licenciatura,Carreras Profesionales,NO ACREDITADA
2025|I100S29C111J4V1,I100S29C111J4V1,INGENIERIA EN CONSTRUCCION,Tecnología,"Ingeniería, Industria y Construcción",Arquitectura y Construcción,Profesional Sin Licenciatura,Carreras Profesionales,NO ACREDITADA
2025|I100S30C111J4V1,I100S30C111J4V1,INGENIERIA EN CONSTRUCCION,Tecnología,"Ingeniería, Industria y Construcción",Arquitectura y Construcción,Profesional Sin Licenciatura,Carreras Profesionales,NO ACREDITADA
2025|I100S31C111J4V1,I100S31C111J4V1,INGENIERIA EN CONSTRUCCION,Tecnología,"Ingeniería, Industria y Construcción",Arquitectura y Construcción,Profesional Sin Licenciatura,Carreras Profesionales,NO ACREDITADA
2025|I100S32C111J4V1,I100S32C111J4V1,INGENIERIA EN CONSTRUCCION,Tecnología,"Ingeniería, Industria y Construcción",Arquitectura y Construcción,Profesional Sin Licenciatura,Carreras Profesionales,NO ACREDITADA
2025|I100S33C111J4V1,I100S33C111J4V1,INGENIERIA EN CONSTRUCCION,Tecnología,"Ingeniería, Industria y Construcción",Arquitectura y Construcción,Profesional Sin Licenciatura,Carreras Profesionales,NO ACREDITADA
2025|I100S35C111J4V1,I100S35C111J4V1,INGENIERIA EN CONSTRUCCION,Tecnología,"Ingeniería, Industria y Construcción",Arquitectura y Construcción,Profesional Sin Licenciatura,Carreras Profesionales,NO ACREDITADA
2025|I100S37C111J4V1,I100S37C111J4V1,INGENIERIA EN CONSTRUCCION,Tecnología,"Ingeniería, Industria y Construcción",Arquitectura y Construcción,Profesional Sin Licenciatura,Carreras Profesionales,NO ACREDITADA
2025|I100S41C111J4V1,I100S41C111J4V1,INGENIERIA EN CONSTRUCCION,Tecnología,"Ingeniería, Industria y Construcción",Arquitectura y Construcción,Profesional Sin Licenciatura,Carreras Profesionales,NO ACREDITADA
2025|I100S9C111J4V1,I100S9C111J4V1,INGENIERIA EN CONSTRUCCION,Tecnología,"Ingeniería, Industria y Construcción",Arquitectura y Construcción,Profesional Sin Licenciatura,Carreras Profesionales,NO ACREDITADA
2025|I152S10C455J3V1,I152S10C455J3V1,INGENIERIA EN CONSTRUCCION,Tecnología,"Ingeniería, Industria y Construcción",Arquitectura y Construcción,Profesional Sin Licenciatura,Carreras Profesionales,NO ACREDITADA
2026|I100S10C111J4V1,I100S10C111J4V1,INGENIERIA EN CONSTRUCCION,Tecnología,"Ingeniería, Industria y Construcción",Arquitectura y Construcción,Profesional Sin Licenciatura,Carreras Profesionales,NO ACREDITADA
2026|I100S14C111J4V1,I100S14C111J4V1,INGENIERIA EN CONSTRUCCION,Tecnología,"Ingeniería, Industria y Construcción",Arquitectura y Construcción,Profesional Sin Licenciatura,Carreras Profesionales,NO ACREDITADA
2026|I100S15C111J4V1,I100S15C111J4V1,INGENIERIA EN CONSTRUCCION,Tecnología,"Ingeniería, Industria y Construcción",Arquitectura y Construcción,Profesional Sin Licenciatura,Carreras Profesionales,NO ACREDITADA
2026|I100S20C111J4V1,I100S20C111J4V1,INGENIERIA EN CONSTRUCCION,Tecnología,"Ingeniería, Industria y Construcción",Arquitectura y Construcción,Profesional Sin Licenciatura,Carreras Profesionales,NO ACREDITADA
2026|I100S23C111J4V1,I100S23C111J4V1,INGENIERIA EN CONSTRUCCION,Tecnología,"Ingeniería, Industria y Construcción",Arquitectura y Construcción,Profesional Sin Licenciatura,Carreras Profesionales,NO ACREDITADA
2026|I100S24C111J4V1,I100S24C111J4V1,INGENIERIA EN CONSTRUCCION,Tecnología,"Ingeniería, Industria y Construcción",Arquitectura y Construcción,Profesional Sin Licenciatura,Carreras Profesionales,NO ACREDITADA
2026|I100S29C111J4V1,I100S29C111J4V1,INGENIERIA EN CONSTRUCCION,Tecnología,"Ingeniería, Industria y Construcción",Arquitectura y Construcción,Profesional Sin Licenciatura,Carreras Profesionales,NO ACREDITADA
2026|I100S31C111J4V1,I100S31C111J4V1,INGENIERIA EN CONSTRUCCION,Tecnología,"Ingeniería, Industria y Construcción",Arquitectura y Construcción,Profesional Sin Licenciatura,Carreras Profesionales,NO ACREDITADA
2026|I100S32C111J4V1,I100S32C111J4V1,INGENIERIA EN CONSTRUCCION,Tecnología,"Ingeniería, Industria y Construcción",Arquitectura y Construcción,Profesional Sin Licenciatura,Carreras Profesionales,NO ACREDITADA
2026|I100S33C111J4V1,I100S33C111J4V1,INGENIERIA EN CONSTRUCCION,Tecnología,"Ingeniería, Industria y Construcción",Arquitectura y Construcción,Profesional Sin Licenciatura,Carreras Profesionales,NO ACREDITADA
2026|I100S35C111J4V1,I100S35C111J4V1,INGENIERIA EN CONSTRUCCION,Tecnología,"Ingeniería, Industria y Construcción",Arquitectura y Construcción,Profesional Sin Licenciatura,Carreras Profesionales,NO ACREDITADA
2026|I100S37C111J4V1,I100S37C111J4V1,INGENIERIA EN CONSTRUCCION,Tecnología,"Ingeniería, Industria y Construcción",Arquitectura y Construcción,Profesional Sin Licenciatura,Carreras Profesionales,NO ACREDITADA
2026|I100S9C111J4V1,I100S9C111J4V1,INGENIERIA EN CONSTRUCCION,Tecnología,"Ingeniería, Industria y Construcción",Arquitectura y Construcción,Profesional Sin Licenciatura,Carreras Profesionales,NO ACREDITADA
2026|I152S10C455J3V1,I152S10C455J3V1,INGENIERIA EN CONSTRUCCION,Tecnología,"Ingeniería, Industria y Construcción",Arquitectura y Construcción,Profesional Sin Licenciatura,Carreras Profesionales,NO ACREDITADA
2026|I20S1C39J3V1,I20S1C39J3V1,INGENIERIA EN CONSTRUCCION,Tecnología,"Ingeniería, Industria y Construcción",Arquitectura y Construcción,Profesional Con Licenciatura,Carreras Profesionales,NO ACREDITADA
2026|I22S1C16J4V2,I22S1C16J4V2,INGENIERIA EN CONSTRUCCION,Tecnología,"Ingeniería, Industria y Construcción",Arquitectura y Construcción,Profesional Con Licenciatura,Carreras Profesionales,NO ACREDITADA
2023|I46S11C126J3V2,I46S11C126J3V2,INGENIERIA EN CONSTRUCCION (PLAN DE CONTINUIDAD),Tecnología,"Ingeniería, Industria y Construcción",Arquitectura y Construcción,Profesional Con Licenciatura,Carreras Profesionales,NO ACREDITADA
2023|I46S5C618J4V1,I46S5C618J4V1,INGENIERIA EN CONSTRUCCION MENCION GESTION DE OBRAS (PLAN DE CONTINUIDAD PARA TECNICO DE NIVEL SUPERIOR EN AREAS AFINES),Tecnología,"Ingeniería, Industria y Construcción",Arquitectura y Construcción,Profesional Con Licenciatura,Carreras Profesionales,NO ACREDITADA
2023|I46S5C619J4V1,I46S5C619J4V1,INGENIERIA EN CONSTRUCCION MENCION GESTION DE OBRAS PLAN DE CONTINUIDAD PARA CONSTRUCTORES CIVILES,Tecnología,"Ingeniería, Industria y Construcción",Arquitectura y Construcción,Profesional Con Licenciatura,Carreras Profesionales,NO ACREDITADA
2023|I46S5C620J4V1,I46S5C620J4V1,INGENIERIA EN CONSTRUCCION MENCION GESTION DE OBRAS PLAN DE CONTINUIDAD PARA TECNICO DE NIVEL SUPERIOR EN OTRAS AREAS,Tecnología,"Ingeniería, Industria y Construcción",Arquitectura y Construcción,Profesional Con Licenciatura,Carreras Profesionales,NO ACREDITADA
2023|I176S3C910J3V1,I176S3C910J3V1,INGENIERIA EN CONSTRUCION (CONTINUIDAD),Tecnología,"Ingeniería, Industria y Construcción",Arquitectura y Construcción,Profesional Sin Licenciatura,Carreras Profesionales,NO ACREDITADA
2024|I176S3C910J3V1,I176S3C910J3V1,INGENIERIA EN CONSTRUCION (CONTINUIDAD),Tecnología,"Ingeniería, Industria y Construcción",Arquitectura y Construcción,Profesional Sin Licenciatura,Carreras Profesionales,NO ACREDITADA
2023|I152S10C369J4V1,I152S10C369J4V1,INGENIERIA EN CONTROL AUTOMATICO Y GESTION INDUSTRIAL,Tecnología,"Ingeniería, Industria y Construcción",Ingeniería y Profesiones Afines,Profesional Sin Licenciatura,Carreras Profesionales,NO ACREDITADA
2024|I152S10C369J4V1,I152S10C369J4V1,INGENIERIA EN CONTROL AUTOMATICO Y GESTION INDUSTRIAL,Tecnología,"Ingeniería, Industria y Construcción",Ingeniería y Profesiones Afines,Profesional Sin Licenciatura,Carreras Profesionales,NO ACREDITADA
2025|I152S10C369J4V1,I152S10C369J4V1,INGENIERIA EN CONTROL AUTOMATICO Y GESTION INDUSTRIAL,Tecnología,"Ingeniería, Industria y Construcción",Ingeniería y Profesiones Afines,Profesional Sin Licenciatura,Carreras Profesionales,NO ACREDITADA
2026|I152S10C369J4V1,I152S10C369J4V1,INGENIERIA EN CONTROL AUTOMATICO Y GESTION INDUSTRIAL,Tecnología,"Ingeniería, Industria y Construcción",Ingeniería y Profesiones Afines,Profesional Sin Licenciatura,Carreras Profesionales,NO ACREDITADA
2024|I111S27C528J4V1,I111S27C528J4V1,INGENIERIA EN DESARROLLO DE SOFTWARE,Tecnología,Tecnología de la Información y la Comunicación (TIC),Tecnología de la Información y la Comunicación (TIC),Profesional Sin Licenciatura,Carreras Profesionales,NO ACREDITADA
2025|I111S27C528J4V1,I111S27C528J4V1,INGENIERIA EN DESARROLLO DE SOFTWARE,Tecnología,Tecnología de la Información y la Comunicación (TIC),Tecnología de la Información y la Comunicación (TIC),Profesional Sin Licenciatura,Carreras Profesionales,NO ACREDITADA
2026|I111S27C528J4V1,I111S27C528J4V1,INGENIERIA EN DESARROLLO DE SOFTWARE,Tecnología,Tecnología de la Información y la Comunicación (TIC),Tecnología de la Información y la Comunicación (TIC),Profesional Sin Licenciatura,Carreras Profesionales,NO ACREDITADA
2026|I152S10C503J3V1,I152S10C503J3V1,INGENIERIA EN EJECUCION EN ELECTRICIDAD,Tecnología,"Ingeniería, Industria y Construcción",Ingeniería y Profesiones Afines,Profesional Sin Licenciatura,Carreras Profesionales,NO ACREDITADA
2026|I113S7C99J4V2,I113S7C99J4V2,INGENIERIA EN ELECTRICIDAD,Tecnología,"Ingeniería, Industria y Construcción",Ingeniería y Profesiones Afines,Profesional Sin Licenciatura,Carreras Profesionales,NO ACREDITADA
2023|I46S11C168J3V1,I46S11C168J3V1,INGENIERIA EN ELECTRICIDAD (PLAN DE CONTINUIDAD),Tecnología,"Ingeniería, Industria y Construcción",Ingeniería y Profesiones Afines,Profesional Con Licenciatura,Carreras Profesionales,NO ACREDITADA
2023|I46S9C168J3V1,I46S9C168J3V1,INGENIERIA EN ELECTRICIDAD (PLAN DE CONTINUIDAD),Tecnología,"Ingeniería, Industria y Construcción",Ingeniería y Profesiones Afines,Profesional Con Licenciatura,Carreras Profesionales,NO ACREDITADA
2026|I113S7C99J4V3,I113S7C99J4V3,INGENIERIA EN ELECTRICIDAD PLAN CONTINUIDAD,Tecnología,"Ingeniería, Industria y Construcción",Ingeniería y Profesiones Afines,Profesional Sin Licenciatura,Carreras Profesionales,NO ACREDITADA
2023|I123S2C28J4V3,I123S2C28J4V3,INGENIERIA EN ELECTRICIDAD Y ELECTRONICA,Tecnología,"Ingeniería, Industria y Construcción",Ingeniería y Profesiones Afines,Profesional Sin Licenciatura,Carreras Profesionales,NO ACREDITADA
2024|I123S2C28J4V3,I123S2C28J4V3,INGENIERIA EN ELECTRICIDAD Y ELECTRONICA,Tecnología,"Ingeniería, Industria y Construcción",Ingeniería y Profesiones Afines,Profesional Sin Licenciatura,Carreras Profesionales,NO ACREDITADA
2025|I123S2C28J4V3,I123S2C28J4V3,INGENIERIA EN ELECTRICIDAD Y ELECTRONICA,Tecnología,"Ingeniería, Industria y Construcción",Ingeniería y Profesiones Afines,Profesional Sin Licenciatura,Carreras Profesionales,NO ACREDITADA
2026|I123S2C28J4V3,I123S2C28J4V3,INGENIERIA EN ELECTRICIDAD Y ELECTRONICA,Tecnología,"Ingeniería, Industria y Construcción",Ingeniería y Profesiones Afines,Profesional Sin Licenciatura,Carreras Profesionales,NO ACREDITADA
2025|I143S23C664J3V1,I143S23C664J3V1,INGENIERIA EN ELECTRICIDAD Y ENERGIAS RENOVABLES,Tecnología,"Ingeniería, Industria y Construcción",Ingeniería y Profesiones Afines,Profesional Sin Licenciatura,Carreras Profesionales,NO ACREDITADA
2026|I143S23C664J3V1,I143S23C664J3V1,INGENIERIA EN ELECTRICIDAD Y ENERGIAS RENOVABLES,Tecnología,"Ingeniería, Industria y Construcción",Ingeniería y Profesiones Afines,Profesional Sin Licenciatura,Carreras Profesionales,NO ACREDITADA
2025|I69S1C646J4V1,I69S1C646J4V1,INGENIERIA EN GESTION DE LA INNOVACION Y EMPRENDIMIENTO,Tecnología,"Ingeniería, Industria y Construcción",Ingeniería y Profesiones Afines,Profesional Con Licenciatura,Carreras Profesionales,NO ACREDITADA
2026|I69S1C646J4V1,I69S1C646J4V1,INGENIERIA EN GESTION DE LA INNOVACION Y EMPRENDIMIENTO,Tecnología,"Ingeniería, Industria y Construcción",Ingeniería y Profesiones Afines,Profesional Con Licenciatura,Carreras Profesionales,NO ACREDITADA
2023|I106S6C6J4V1,I106S6C6J4V1,INGENIERIA EN INFORMATICA,Tecnología,Tecnología de la Información y la Comunicación (TIC),Tecnología de la Información y la Comunicación (TIC),Profesional Sin Licenciatura,Carreras Profesionales,NO ACREDITADA
2023|I111S16C48J2V2,I111S16C48J2V2,INGENIERIA EN INFORMATICA,Tecnología,Tecnología de la Información y la Comunicación (TIC),Tecnología de la Información y la Comunicación (TIC),Profesional Sin Licenciatura,Carreras Profesionales,ACREDITADA
2023|I111S5C48J2V2,I111S5C48J2V2,INGENIERIA EN INFORMATICA,Tecnología,Tecnología de la Información y la Comunicación (TIC),Tecnología de la Información y la Comunicación (TIC),Profesional Sin Licenciatura,Carreras Profesionales,ACREDITADA
2023|I117S1C57J4V1,I117S1C57J4V1,INGENIERIA EN INFORMATICA,Tecnología,Tecnología de la Información y la Comunicación (TIC),Tecnología de la Información y la Comunicación (TIC),Profesional Sin Licenciatura,Carreras Profesionales,NO ACREDITADA
2023|I123S1C41J4V1,I123S1C41J4V1,INGENIERIA EN INFORMATICA,Tecnología,Tecnología de la Información y la Comunicación (TIC),Tecnología de la Información y la Comunicación (TIC),Profesional Sin Licenciatura,Carreras Profesionales,NO ACREDITADA
2023|I123S1C41J4V3,I123S1C41J4V3,INGENIERIA EN INFORMATICA,Tecnología,Tecnología de la Información y la Comunicación (TIC),Tecnología de la Información y la Comunicación (TIC),Profesional Sin Licenciatura,Carreras Profesionales,NO ACREDITADA
2023|I123S2C41J4V1,I123S2C41J4V1,INGENIERIA EN INFORMATICA,Tecnología,Tecnología de la Información y la Comunicación (TIC),Tecnología de la Información y la Comunicación (TIC),Profesional Sin Licenciatura,Carreras Profesionales,NO ACREDITADA
2023|I123S2C41J4V3,I123S2C41J4V3,INGENIERIA EN INFORMATICA,Tecnología,Tecnología de la Información y la Comunicación (TIC),Tecnología de la Información y la Comunicación (TIC),Profesional Sin Licenciatura,Carreras Profesionales,NO ACREDITADA
2023|I123S3C41J4V1,I123S3C41J4V1,INGENIERIA EN INFORMATICA,Tecnología,Tecnología de la Información y la Comunicación (TIC),Tecnología de la Información y la Comunicación (TIC),Profesional Sin Licenciatura,Carreras Profesionales,NO ACREDITADA
2023|I123S5C41J4V1,I123S5C41J4V1,INGENIERIA EN INFORMATICA,Tecnología,Tecnología de la Información y la Comunicación (TIC),Tecnología de la Información y la Comunicación (TIC),Profesional Sin Licenciatura,Carreras Profesionales,NO ACREDITADA
2023|I152S10C38J4V1,I152S10C38J4V1,INGENIERIA EN INFORMATICA,Tecnología,Tecnología de la Información y la Comunicación (TIC),Tecnología de la Información y la Comunicación (TIC),Profesional Sin Licenciatura,Carreras Profesionales,NO ACREDITADA
2023|I162S2C1J4V1,I162S2C1J4V1,INGENIERIA EN INFORMATICA,Tecnología,Tecnología de la Información y la Comunicación (TIC),Tecnología de la Información y la Comunicación (TIC),Profesional Sin Licenciatura,Carreras Profesionales,NO ACREDITADA
2023|I162S2C1J4V2,I162S2C1J4V2,INGENIERIA EN INFORMATICA,Tecnología,Tecnología de la Información y la Comunicación (TIC),Tecnología de la Información y la Comunicación (TIC),Profesional Sin Licenciatura,Carreras Profesionales,NO ACREDITADA
2024|I106S6C6J4V1,I106S6C6J4V1,INGENIERIA EN INFORMATICA,Tecnología,Tecnología de la Información y la Comunicación (TIC),Tecnología de la Información y la Comunicación (TIC),Profesional Sin Licenciatura,Carreras Profesionales,NO ACREDITADA
2024|I111S5C48J2V2,I111S5C48J2V2,INGENIERIA EN INFORMATICA,Tecnología,Tecnología de la Información y la Comunicación (TIC),Tecnología de la Información y la Comunicación (TIC),Profesional Sin Licenciatura,Carreras Profesionales,ACREDITADA
2024|I113S7C372J4V3,I113S7C372J4V3,INGENIERIA EN INFORMATICA,Tecnología,Tecnología de la Información y la Comunicación (TIC),Tecnología de la Información y la Comunicación (TIC),Profesional Sin Licenciatura,Carreras Profesionales,NO ACREDITADA
2024|I117S1C57J4V1,I117S1C57J4V1,INGENIERIA EN INFORMATICA,Tecnología,Tecnología de la Información y la Comunicación (TIC),Tecnología de la Información y la Comunicación (TIC),Profesional Sin Licenciatura,Carreras Profesionales,NO ACREDITADA
2024|I123S1C41J4V1,I123S1C41J4V1,INGENIERIA EN INFORMATICA,Tecnología,Tecnología de la Información y la Comunicación (TIC),Tecnología de la Información y la Comunicación (TIC),Profesional Sin Licenciatura,Carreras Profesionales,NO ACREDITADA
2024|I123S1C41J4V3,I123S1C41J4V3,INGENIERIA EN INFORMATICA,Tecnología,Tecnología de la Información y la Comunicación (TIC),Tecnología de la Información y la Comunicación (TIC),Profesional Sin Licenciatura,Carreras Profesionales,NO ACREDITADA
2024|I123S2C41J4V1,I123S2C41J4V1,INGENIERIA EN INFORMATICA,Tecnología,Tecnología de la Información y la Comunicación (TIC),Tecnología de la Información y la Comunicación (TIC),Profesional Sin Licenciatura,Carreras Profesionales,NO ACREDITADA
2024|I123S2C41J4V3,I123S2C41J4V3,INGENIERIA EN INFORMATICA,Tecnología,Tecnología de la Información y la Comunicación (TIC),Tecnología de la Información y la Comunicación (TIC),Profesional Sin Licenciatura,Carreras Profesionales,NO ACREDITADA
2024|I123S3C41J4V1,I123S3C41J4V1,INGENIERIA EN INFORMATICA,Tecnología,Tecnología de la Información y la Comunicación (TIC),Tecnología de la Información y la Comunicación (TIC),Profesional Sin Licenciatura,Carreras Profesionales,NO ACREDITADA
2024|I123S5C41J4V1,I123S5C41J4V1,INGENIERIA EN INFORMATICA,Tecnología,Tecnología de la Información y la Comunicación (TIC),Tecnología de la Información y la Comunicación (TIC),Profesional Sin Licenciatura,Carreras Profesionales,NO ACREDITADA
2024|I152S10C38J4V1,I152S10C38J4V1,INGENIERIA EN INFORMATICA,Tecnología,Tecnología de la Información y la Comunicación (TIC),Tecnología de la Información y la Comunicación (TIC),Profesional Sin Licenciatura,Carreras Profesionales,NO ACREDITADA
2024|I162S2C1J4V2,I162S2C1J4V2,INGENIERIA EN INFORMATICA,Tecnología,Tecnología de la Información y la Comunicación (TIC),Tecnología de la Información y la Comunicación (TIC),Profesional Sin Licenciatura,Carreras Profesionales,NO ACREDITADA
2024|I162S2C1J4V3,I162S2C1J4V3,INGENIERIA EN INFORMATICA,Tecnología,Tecnología de la Información y la Comunicación (TIC),Tecnología de la Información y la Comunicación (TIC),Profesional Sin Licenciatura,Carreras Profesionales,NO ACREDITADA
2024|I31S1C13J4V4,I31S1C13J4V4,INGENIERIA EN INFORMATICA,Tecnología,Tecnología de la Información y la Comunicación (TIC),Tecnología de la Información y la Comunicación (TIC),Profesional Sin Licenciatura,Carreras Profesionales,NO ACREDITADA
2024|I68S1C151J4V1,I68S1C151J4V1,INGENIERIA EN INFORMATICA,Tecnología,Tecnología de la Información y la Comunicación (TIC),Tecnología de la Información y la Comunicación (TIC),Profesional Con Licenciatura,Carreras Profesionales,NO ACREDITADA
2025|I106S6C6J4V1,I106S6C6J4V1,INGENIERIA EN INFORMATICA,Tecnología,Tecnología de la Información y la Comunicación (TIC),Tecnología de la Información y la Comunicación (TIC),Profesional Sin Licenciatura,Carreras Profesionales,NO ACREDITADA
2025|I113S13C372J4V3,I113S13C372J4V3,INGENIERIA EN INFORMATICA,Tecnología,Tecnología de la Información y la Comunicación (TIC),Tecnología de la Información y la Comunicación (TIC),Profesional Sin Licenciatura,Carreras Profesionales,NO ACREDITADA
2025|I113S7C372J4V3,I113S7C372J4V3,INGENIERIA EN INFORMATICA,Tecnología,Tecnología de la Información y la Comunicación (TIC),Tecnología de la Información y la Comunicación (TIC),Profesional Sin Licenciatura,Carreras Profesionales,NO ACREDITADA
2025|I116S40C8J4V1,I116S40C8J4V1,INGENIERIA EN INFORMATICA,Tecnología,Tecnología de la Información y la Comunicación (TIC),Tecnología de la Información y la Comunicación (TIC),Profesional Sin Licenciatura,Carreras Profesionales,NO ACREDITADA
2025|I117S1C57J4V1,I117S1C57J4V1,INGENIERIA EN INFORMATICA,Tecnología,Tecnología de la Información y la Comunicación (TIC),Tecnología de la Información y la Comunicación (TIC),Profesional Sin Licenciatura,Carreras Profesionales,NO ACREDITADA
2025|I123S2C41J4V1,I123S2C41J4V1,INGENIERIA EN INFORMATICA,Tecnología,Tecnología de la Información y la Comunicación (TIC),Tecnología de la Información y la Comunicación (TIC),Profesional Sin Licenciatura,Carreras Profesionales,NO ACREDITADA
2025|I123S2C41J4V3,I123S2C41J4V3,INGENIERIA EN INFORMATICA,Tecnología,Tecnología de la Información y la Comunicación (TIC),Tecnología de la Información y la Comunicación (TIC),Profesional Sin Licenciatura,Carreras Profesionales,NO ACREDITADA
2025|I143S15C15J3V2,I143S15C15J3V2,INGENIERIA EN INFORMATICA,Tecnología,Tecnología de la Información y la Comunicación (TIC),Tecnología de la Información y la Comunicación (TIC),Profesional Sin Licenciatura,Carreras Profesionales,NO ACREDITADA
2025|I143S28C15J4V2,I143S28C15J4V2,INGENIERIA EN INFORMATICA,Tecnología,Tecnología de la Información y la Comunicación (TIC),Tecnología de la Información y la Comunicación (TIC),Profesional Sin Licenciatura,Carreras Profesionales,NO ACREDITADA
2025|I152S10C38J4V1,I152S10C38J4V1,INGENIERIA EN INFORMATICA,Tecnología,Tecnología de la Información y la Comunicación (TIC),Tecnología de la Información y la Comunicación (TIC),Profesional Sin Licenciatura,Carreras Profesionales,NO ACREDITADA
2025|I162S2C1J4V2,I162S2C1J4V2,INGENIERIA EN INFORMATICA,Tecnología,Tecnología de la Información y la Comunicación (TIC),Tecnología de la Información y la Comunicación (TIC),Profesional Sin Licenciatura,Carreras Profesionales,NO ACREDITADA
2025|I162S2C1J4V3,I162S2C1J4V3,INGENIERIA EN INFORMATICA,Tecnología,Tecnología de la Información y la Comunicación (TIC),Tecnología de la Información y la Comunicación (TIC),Profesional Sin Licenciatura,Carreras Profesionales,NO ACREDITADA
2025|I171S1C75J4V1,I171S1C75J4V1,INGENIERIA EN INFORMATICA,Tecnología,Tecnología de la Información y la Comunicación (TIC),Tecnología de la Información y la Comunicación (TIC),Profesional Sin Licenciatura,Carreras Profesionales,NO ACREDITADA
2025|I31S1C13J4V4,I31S1C13J4V4,INGENIERIA EN INFORMATICA,Tecnología,Tecnología de la Información y la Comunicación (TIC),Tecnología de la Información y la Comunicación (TIC),Profesional Sin Licenciatura,Carreras Profesionales,NO ACREDITADA
2025|I68S1C151J4V1,I68S1C151J4V1,INGENIERIA EN INFORMATICA,Tecnología,Tecnología de la Información y la Comunicación (TIC),Tecnología de la Información y la Comunicación (TIC),Profesional Con Licenciatura,Carreras Profesionales,NO ACREDITADA
2026|I113S13C372J4V3,I113S13C372J4V3,INGENIERIA EN INFORMATICA,Tecnología,Tecnología de la Información y la Comunicación (TIC),Tecnología de la Información y la Comunicación (TIC),Profesional Sin Licenciatura,Carreras Profesionales,NO ACREDITADA
2026|I113S7C372J4V3,I113S7C372J4V3,INGENIERIA EN INFORMATICA,Tecnología,Tecnología de la Información y la Comunicación (TIC),Tecnología de la Información y la Comunicación (TIC),Profesional Sin Licenciatura,Carreras Profesionales,NO ACREDITADA
2026|I116S40C8J4V1,I116S40C8J4V1,INGENIERIA EN INFORMATICA,Tecnología,Tecnología de la Información y la Comunicación (TIC),Tecnología de la Información y la Comunicación (TIC),Profesional Sin Licenciatura,Carreras Profesionales,NO ACREDITADA
2026|I117S1C57J4V1,I117S1C57J4V1,INGENIERIA EN INFORMATICA,Tecnología,Tecnología de la Información y la Comunicación (TIC),Tecnología de la Información y la Comunicación (TIC),Profesional Sin Licenciatura,Carreras Profesionales,NO ACREDITADA
2026|I123S1C41J4V1,I123S1C41J4V1,INGENIERIA EN INFORMATICA,Tecnología,Tecnología de la Información y la Comunicación (TIC),Tecnología de la Información y la Comunicación (TIC),Profesional Sin Licenciatura,Carreras Profesionales,NO ACREDITADA
2026|I123S2C41J4V1,I123S2C41J4V1,INGENIERIA EN INFORMATICA,Tecnología,Tecnología de la Información y la Comunicación (TIC),Tecnología de la Información y la Comunicación (TIC),Profesional Sin Licenciatura,Carreras Profesionales,NO ACREDITADA
2026|I123S2C41J4V3,I123S2C41J4V3,INGENIERIA EN INFORMATICA,Tecnología,Tecnología de la Información y la Comunicación (TIC),Tecnología de la Información y la Comunicación (TIC),Profesional Sin Licenciatura,Carreras Profesionales,NO ACREDITADA
2026|I123S5C41J4V1,I123S5C41J4V1,INGENIERIA EN INFORMATICA,Tecnología,Tecnología de la Información y la Comunicación (TIC),Tecnología de la Información y la Comunicación (TIC),Profesional Sin Licenciatura,Carreras Profesionales,NO ACREDITADA
2026|I143S15C15J3V2,I143S15C15J3V2,INGENIERIA EN INFORMATICA,Tecnología,Tecnología de la Información y la Comunicación (TIC),Tecnología de la Información y la Comunicación (TIC),Profesional Sin Licenciatura,Carreras Profesionales,NO ACREDITADA
2026|I143S26C15J3V2,I143S26C15J3V2,INGENIERIA EN INFORMATICA,Tecnología,Tecnología de la Información y la Comunicación (TIC),Tecnología de la Información y la Comunicación (TIC),Profesional Sin Licenciatura,Carreras Profesionales,NO ACREDITADA
2026|I143S28C15J4V2,I143S28C15J4V2,INGENIERIA EN INFORMATICA,Tecnología,Tecnología de la Información y la Comunicación (TIC),Tecnología de la Información y la Comunicación (TIC),Profesional Sin Licenciatura,Carreras Profesionales,NO ACREDITADA
2026|I152S10C38J4V1,I152S10C38J4V1,INGENIERIA EN INFORMATICA,Tecnología,Tecnología de la Información y la Comunicación (TIC),Tecnología de la Información y la Comunicación (TIC),Profesional Sin Licenciatura,Carreras Profesionales,NO ACREDITADA
2026|I162S2C1J4V2,I162S2C1J4V2,INGENIERIA EN INFORMATICA,Tecnología,Tecnología de la Información y la Comunicación (TIC),Tecnología de la Información y la Comunicación (TIC),Profesional Sin Licenciatura,Carreras Profesionales,NO ACREDITADA
2026|I162S2C1J4V3,I162S2C1J4V3,INGENIERIA EN INFORMATICA,Tecnología,Tecnología de la Información y la Comunicación (TIC),Tecnología de la Información y la Comunicación (TIC),Profesional Sin Licenciatura,Carreras Profesionales,NO ACREDITADA
2026|I171S1C75J4V1,I171S1C75J4V1,INGENIERIA EN INFORMATICA,Tecnología,Tecnología de la Información y la Comunicación (TIC),Tecnología de la Información y la Comunicación (TIC),Profesional Sin Licenciatura,Carreras Profesionales,NO ACREDITADA
2026|I19S1C12J4V1,I19S1C12J4V1,INGENIERIA EN INFORMATICA,Tecnología,Tecnología de la Información y la Comunicación (TIC),Tecnología de la Información y la Comunicación (TIC),Profesional Con Licenciatura,Carreras Profesionales,NO ACREDITADA
2026|I19S1C12J4V3,I19S1C12J4V3,INGENIERIA EN INFORMATICA,Tecnología,Tecnología de la Información y la Comunicación (TIC),Tecnología de la Información y la Comunicación (TIC),Profesional Con Licenciatura,Carreras Profesionales,NO ACREDITADA
2026|I31S1C13J4V4,I31S1C13J4V4,INGENIERIA EN INFORMATICA,Tecnología,Tecnología de la Información y la Comunicación (TIC),Tecnología de la Información y la Comunicación (TIC),Profesional Sin Licenciatura,Carreras Profesionales,NO ACREDITADA
2026|I31S1C13J4V5,I31S1C13J4V5,INGENIERIA EN INFORMATICA,Tecnología,Tecnología de la Información y la Comunicación (TIC),Tecnología de la Información y la Comunicación (TIC),Profesional Con Licenciatura,Carreras Profesionales,NO ACREDITADA
2026|I68S1C151J4V1,I68S1C151J4V1,INGENIERIA EN INFORMATICA,Tecnología,Tecnología de la Información y la Comunicación (TIC),Tecnología de la Información y la Comunicación (TIC),Profesional Con Licenciatura,Carreras Profesionales,NO ACREDITADA
2025|I106S6C285J4V2,I106S6C285J4V2,INGENIERIA EN INFORMATICA MENCION ANALITICA AVANZADA O CIBERSEGURIDAD,Tecnología,Tecnología de la Información y la Comunicación (TIC),Tecnología de la Información y la Comunicación (TIC),Profesional Sin Licenciatura,Carreras Profesionales,NO ACREDITADA
2026|I106S6C285J4V2,I106S6C285J4V2,INGENIERIA EN INFORMATICA MENCION ANALITICA AVANZADA O CIBERSEGURIDAD,Tecnología,Tecnología de la Información y la Comunicación (TIC),Tecnología de la Información y la Comunicación (TIC),Profesional Sin Licenciatura,Carreras Profesionales,NO ACREDITADA
2023|I120S4C274J3V1,I120S4C274J3V1,INGENIERIA EN INFORMATICA MENCION CIBER SEGURIDAD,Tecnología,Tecnología de la Información y la Comunicación (TIC),Tecnología de la Información y la Comunicación (TIC),Profesional Sin Licenciatura,Carreras Profesionales,NO ACREDITADA
2024|I120S4C274J3V1,I120S4C274J3V1,INGENIERIA EN INFORMATICA MENCION CIBER SEGURIDAD,Tecnología,Tecnología de la Información y la Comunicación (TIC),Tecnología de la Información y la Comunicación (TIC),Profesional Sin Licenciatura,Carreras Profesionales,NO ACREDITADA
2023|I26S1C178J4V1,I26S1C178J4V1,INGENIERIA EN INFORMATICA MULTIMEDIA - TECNICO,Tecnología,Tecnología de la Información y la Comunicación (TIC),Tecnología de la Información y la Comunicación (TIC),Profesional Con Licenciatura,Carreras Profesionales,NO ACREDITADA
2024|I26S1C178J4V1,I26S1C178J4V1,INGENIERIA EN INFORMATICA MULTIMEDIA - TECNICO,Tecnología,Tecnología de la Información y la Comunicación (TIC),Tecnología de la Información y la Comunicación (TIC),Profesional Con Licenciatura,Carreras Profesionales,NO ACREDITADA
2025|I113S13C372J4V4,I113S13C372J4V4,INGENIERIA EN INFORMATICA PLAN CONTINUIDAD,Tecnología,Tecnología de la Información y la Comunicación (TIC),Tecnología de la Información y la Comunicación (TIC),Profesional Sin Licenciatura,Carreras Profesionales,NO ACREDITADA
2026|I113S7C372J4V4,I113S7C372J4V4,INGENIERIA EN INFORMATICA PLAN CONTINUIDAD,Tecnología,Tecnología de la Información y la Comunicación (TIC),Tecnología de la Información y la Comunicación (TIC),Profesional Sin Licenciatura,Carreras Profesionales,NO ACREDITADA
2026|I4S1C1117J4V1,I4S1C1117J4V1,INGENIERIA EN INFORMATICA Y SISTEMAS INTELIGENTES,Tecnología,Tecnología de la Información y la Comunicación (TIC),Tecnología de la Información y la Comunicación (TIC),Profesional Con Licenciatura,Carreras Profesionales,NO ACREDITADA
2024|I116S31C175J2V1,I116S31C175J2V1,"INGENIERIA EN INFORMATICA, PROGRAMA EJECUTIVO SEMIPRESENCIAL",Tecnología,Tecnología de la Información y la Comunicación (TIC),Tecnología de la Información y la Comunicación (TIC),Profesional Sin Licenciatura,Carreras Profesionales,NO ACREDITADA
2025|I116S31C175J2V1,I116S31C175J2V1,"INGENIERIA EN INFORMATICA, PROGRAMA EJECUTIVO SEMIPRESENCIAL",Tecnología,Tecnología de la Información y la Comunicación (TIC),Tecnología de la Información y la Comunicación (TIC),Profesional Sin Licenciatura,Carreras Profesionales,NO ACREDITADA
2026|I116S31C175J2V1,I116S31C175J2V1,"INGENIERIA EN INFORMATICA, PROGRAMA EJECUTIVO SEMIPRESENCIAL",Tecnología,Tecnología de la Información y la Comunicación (TIC),Tecnología de la Información y la Comunicación (TIC),Profesional Sin Licenciatura,Carreras Profesionales,NO ACREDITADA
2025|I10S7C941J4V1,I10S7C941J4V1,INGENIERIA EN INTELIGENCIA ARTIFICIAL,Tecnología,Tecnología de la Información y la Comunicación (TIC),Tecnología de la Información y la Comunicación (TIC),Profesional Con Licenciatura,Carreras Profesionales,NO ACREDITADA
2026|I10S7C941J4V1,I10S7C941J4V1,INGENIERIA EN INTELIGENCIA ARTIFICIAL,Tecnología,Tecnología de la Información y la Comunicación (TIC),Tecnología de la Información y la Comunicación (TIC),Profesional Con Licenciatura,Carreras Profesionales,NO ACREDITADA
2026|I754S1C3J4V1,I754S1C3J4V1,INGENIERIA EN MARINA MERCANTE MENCION CUBIERTA,Tecnología,Servicios,Servicios de Transportes,Profesional Sin Licenciatura,Carreras Profesionales,NO ACREDITADA
2026|I754S1C4J4V1,I754S1C4J4V1,INGENIERIA EN MARINA MERCANTE MENCION MAQUINAS,Tecnología,Servicios,Servicios de Transportes,Profesional Sin Licenciatura,Carreras Profesionales,NO ACREDITADA
2023|I46S11C371J3V2,I46S11C371J3V2,INGENIERIA EN MECANICA (PLAN DE CONTINUIDAD),Tecnología,"Ingeniería, Industria y Construcción",Ingeniería y Profesiones Afines,Profesional Sin Licenciatura,Carreras Profesionales,NO ACREDITADA
2024|I152S10C474J4V1,I152S10C474J4V1,INGENIERIA EN MECANICA AUTOMOTRIZ,Tecnología,"Ingeniería, Industria y Construcción",Ingeniería y Profesiones Afines,Profesional Sin Licenciatura,Carreras Profesionales,NO ACREDITADA
2025|I152S10C474J3V1,I152S10C474J3V1,INGENIERIA EN MECANICA AUTOMOTRIZ,Tecnología,"Ingeniería, Industria y Construcción",Ingeniería y Profesiones Afines,Profesional Sin Licenciatura,Carreras Profesionales,NO ACREDITADA
2025|I152S10C474J4V1,I152S10C474J4V1,INGENIERIA EN MECANICA AUTOMOTRIZ,Tecnología,"Ingeniería, Industria y Construcción",Ingeniería y Profesiones Afines,Profesional Sin Licenciatura,Carreras Profesionales,NO ACREDITADA
2026|I152S10C474J3V1,I152S10C474J3V1,INGENIERIA EN MECANICA AUTOMOTRIZ,Tecnología,"Ingeniería, Industria y Construcción",Ingeniería y Profesiones Afines,Profesional Sin Licenciatura,Carreras Profesionales,NO ACREDITADA
2026|I152S10C474J4V1,I152S10C474J4V1,INGENIERIA EN MECANICA AUTOMOTRIZ,Tecnología,"Ingeniería, Industria y Construcción",Ingeniería y Profesiones Afines,Profesional Sin Licenciatura,Carreras Profesionales,NO ACREDITADA
2023|I123S1C50J4V3,I123S1C50J4V3,INGENIERIA EN MECANICA AUTOMOTRIZ Y AUTOTRONICA,Tecnología,"Ingeniería, Industria y Construcción",Ingeniería y Profesiones Afines,Profesional Sin Licenciatura,Carreras Profesionales,NO ACREDITADA
2023|I123S2C50J4V3,I123S2C50J4V3,INGENIERIA EN MECANICA AUTOMOTRIZ Y AUTOTRONICA,Tecnología,"Ingeniería, Industria y Construcción",Ingeniería y Profesiones Afines,Profesional Sin Licenciatura,Carreras Profesionales,NO ACREDITADA
2023|I123S3C50J4V3,I123S3C50J4V3,INGENIERIA EN MECANICA AUTOMOTRIZ Y AUTOTRONICA,Tecnología,"Ingeniería, Industria y Construcción",Ingeniería y Profesiones Afines,Profesional Sin Licenciatura,Carreras Profesionales,NO ACREDITADA
2024|I123S1C50J4V3,I123S1C50J4V3,INGENIERIA EN MECANICA AUTOMOTRIZ Y AUTOTRONICA,Tecnología,"Ingeniería, Industria y Construcción",Ingeniería y Profesiones Afines,Profesional Sin Licenciatura,Carreras Profesionales,NO ACREDITADA
2024|I123S2C50J4V3,I123S2C50J4V3,INGENIERIA EN MECANICA AUTOMOTRIZ Y AUTOTRONICA,Tecnología,"Ingeniería, Industria y Construcción",Ingeniería y Profesiones Afines,Profesional Sin Licenciatura,Carreras Profesionales,NO ACREDITADA
2024|I123S3C50J4V3,I123S3C50J4V3,INGENIERIA EN MECANICA AUTOMOTRIZ Y AUTOTRONICA,Tecnología,"Ingeniería, Industria y Construcción",Ingeniería y Profesiones Afines,Profesional Sin Licenciatura,Carreras Profesionales,NO ACREDITADA
2024|I123S5C50J4V3,I123S5C50J4V3,INGENIERIA EN MECANICA AUTOMOTRIZ Y AUTOTRONICA,Tecnología,"Ingeniería, Industria y Construcción",Ingeniería y Profesiones Afines,Profesional Sin Licenciatura,Carreras Profesionales,NO ACREDITADA
2025|I123S2C50J4V3,I123S2C50J4V3,INGENIERIA EN MECANICA AUTOMOTRIZ Y AUTOTRONICA,Tecnología,"Ingeniería, Industria y Construcción",Ingeniería y Profesiones Afines,Profesional Sin Licenciatura,Carreras Profesionales,NO ACREDITADA
2026|I123S2C50J4V3,I123S2C50J4V3,INGENIERIA EN MECANICA AUTOMOTRIZ Y AUTOTRONICA,Tecnología,"Ingeniería, Industria y Construcción",Ingeniería y Profesiones Afines,Profesional Sin Licenciatura,Carreras Profesionales,NO ACREDITADA
2023|I117S1C115J4V1,I117S1C115J4V1,INGENIERIA EN MINAS,Tecnología,"Ingeniería, Industria y Construcción",Industria y Producción,Profesional Sin Licenciatura,Carreras Profesionales,NO ACREDITADA
2024|I117S1C115J4V1,I117S1C115J4V1,INGENIERIA EN MINAS,Tecnología,"Ingeniería, Industria y Construcción",Industria y Producción,Profesional Sin Licenciatura,Carreras Profesionales,NO ACREDITADA
2025|I10S7C940J4V1,I10S7C940J4V1,INGENIERIA EN MINAS,Tecnología,"Ingeniería, Industria y Construcción",Industria y Producción,Profesional Con Licenciatura,Carreras Profesionales,NO ACREDITADA
2025|I117S1C115J4V1,I117S1C115J4V1,INGENIERIA EN MINAS,Tecnología,"Ingeniería, Industria y Construcción",Industria y Producción,Profesional Sin Licenciatura,Carreras Profesionales,NO ACREDITADA
2025|I143S2C690J3V1,I143S2C690J3V1,INGENIERIA EN MINAS,Tecnología,"Ingeniería, Industria y Construcción",Industria y Producción,Profesional Sin Licenciatura,Carreras Profesionales,NO ACREDITADA
2025|I20S1C921J4V1,I20S1C921J4V1,INGENIERIA EN MINAS,Tecnología,"Ingeniería, Industria y Construcción",Industria y Producción,Profesional Con Licenciatura,Carreras Profesionales,NO ACREDITADA
2026|I10S7C940J4V1,I10S7C940J4V1,INGENIERIA EN MINAS,Tecnología,"Ingeniería, Industria y Construcción",Industria y Producción,Profesional Con Licenciatura,Carreras Profesionales,NO ACREDITADA
2026|I113S7C511J4V3,I113S7C511J4V3,INGENIERIA EN MINAS,Tecnología,"Ingeniería, Industria y Construcción",Industria y Producción,Profesional Sin Licenciatura,Carreras Profesionales,NO ACREDITADA
2026|I117S1C115J4V1,I117S1C115J4V1,INGENIERIA EN MINAS,Tecnología,"Ingeniería, Industria y Construcción",Industria y Producción,Profesional Sin Licenciatura,Carreras Profesionales,NO ACREDITADA
2026|I143S2C690J3V1,I143S2C690J3V1,INGENIERIA EN MINAS,Tecnología,"Ingeniería, Industria y Construcción",Industria y Producción,Profesional Sin Licenciatura,Carreras Profesionales,NO ACREDITADA
2026|I143S5C690J3V1,I143S5C690J3V1,INGENIERIA EN MINAS,Tecnología,"Ingeniería, Industria y Construcción",Industria y Producción,Profesional Sin Licenciatura,Carreras Profesionales,NO ACREDITADA
2026|I20S1C921J4V1,I20S1C921J4V1,INGENIERIA EN MINAS,Tecnología,"Ingeniería, Industria y Construcción",Industria y Producción,Profesional Con Licenciatura,Carreras Profesionales,NO ACREDITADA
2023|I46S11C177J3V1,I46S11C177J3V1,INGENIERIA EN MINAS (PLAN DE CONTINUIDAD),Tecnología,"Ingeniería, Industria y Construcción",Industria y Producción,Profesional Con Licenciatura,Carreras Profesionales,NO ACREDITADA
2023|I123S2C210J4V2,I123S2C210J4V2,INGENIERIA EN MINAS MENCION METALURGICA EXTRACTIVA,Tecnología,"Ingeniería, Industria y Construcción",Industria y Producción,Profesional Sin Licenciatura,Carreras Profesionales,NO ACREDITADA
2024|I123S2C210J4V2,I123S2C210J4V2,INGENIERIA EN MINAS MENCION METALURGICA EXTRACTIVA,Tecnología,"Ingeniería, Industria y Construcción",Industria y Producción,Profesional Sin Licenciatura,Carreras Profesionales,NO ACREDITADA
2025|I123S2C210J4V2,I123S2C210J4V2,INGENIERIA EN MINAS MENCION METALURGICA EXTRACTIVA,Tecnología,"Ingeniería, Industria y Construcción",Industria y Producción,Profesional Sin Licenciatura,Carreras Profesionales,NO ACREDITADA
2026|I123S2C210J4V2,I123S2C210J4V2,INGENIERIA EN MINAS MENCION METALURGICA EXTRACTIVA,Tecnología,"Ingeniería, Industria y Construcción",Industria y Producción,Profesional Sin Licenciatura,Carreras Profesionales,NO ACREDITADA
2023|I46S5C623J4V1,I46S5C623J4V1,INGENIERIA EN MINAS MENCION SEGURIDAD MINERA PLAN DE CONTINUIDAD PARA TECNICO DE NIVEL SUPERIOR EN AREAS AFINES,Tecnología,"Ingeniería, Industria y Construcción",Industria y Producción,Profesional Con Licenciatura,Carreras Profesionales,NO ACREDITADA
2023|I113S7C511J4V1,I113S7C511J4V1,INGENIERIA EN MINAS PLAN CONTINUIDAD,Tecnología,"Ingeniería, Industria y Construcción",Industria y Producción,Profesional Sin Licenciatura,Carreras Profesionales,NO ACREDITADA
2024|I113S7C511J4V1,I113S7C511J4V1,INGENIERIA EN MINAS PLAN CONTINUIDAD,Tecnología,"Ingeniería, Industria y Construcción",Industria y Producción,Profesional Sin Licenciatura,Carreras Profesionales,NO ACREDITADA
2025|I113S7C511J4V1,I113S7C511J4V1,INGENIERIA EN MINAS PLAN CONTINUIDAD,Tecnología,"Ingeniería, Industria y Construcción",Industria y Producción,Profesional Sin Licenciatura,Carreras Profesionales,NO ACREDITADA
2026|I113S13C511J4V1,I113S13C511J4V1,INGENIERIA EN MINAS PLAN CONTINUIDAD,Tecnología,"Ingeniería, Industria y Construcción",Industria y Producción,Profesional Sin Licenciatura,Carreras Profesionales,NO ACREDITADA
2026|I113S7C511J4V1,I113S7C511J4V1,INGENIERIA EN MINAS PLAN CONTINUIDAD,Tecnología,"Ingeniería, Industria y Construcción",Industria y Producción,Profesional Sin Licenciatura,Carreras Profesionales,NO ACREDITADA
2023|I46S5C646J4V2,I46S5C646J4V2,"INGENIERIA EN MINAS, MENCION EN SEGURIDAD MINERA PCE (OTRAS AREAS)",Tecnología,"Ingeniería, Industria y Construcción",Industria y Producción,Profesional Con Licenciatura,Carreras Profesionales,NO ACREDITADA
2024|I152S10C475J4V1,I152S10C475J4V1,INGENIERIA EN OPERACION DE PLANTA MINERA,Tecnología,"Ingeniería, Industria y Construcción",Industria y Producción,Profesional Sin Licenciatura,Carreras Profesionales,NO ACREDITADA
2025|I152S10C475J4V1,I152S10C475J4V1,INGENIERIA EN OPERACION DE PLANTA MINERA,Tecnología,"Ingeniería, Industria y Construcción",Industria y Producción,Profesional Sin Licenciatura,Carreras Profesionales,NO ACREDITADA
2026|I152S10C475J4V1,I152S10C475J4V1,INGENIERIA EN OPERACION DE PLANTA MINERA,Tecnología,"Ingeniería, Industria y Construcción",Industria y Producción,Profesional Sin Licenciatura,Carreras Profesionales,NO ACREDITADA
2026|I113S7C610J4V1,I113S7C610J4V1,INGENIERIA EN OPERACIONES DE PLANTA MINERA,Tecnología,"Ingeniería, Industria y Construcción",Industria y Producción,Profesional Sin Licenciatura,Carreras Profesionales,NO ACREDITADA
2026|I113S7C610J4V2,I113S7C610J4V2,INGENIERIA EN OPERACIONES DE PLANTA MINERA PLAN CONTINUIDAD,Tecnología,"Ingeniería, Industria y Construcción",Industria y Producción,Profesional Sin Licenciatura,Carreras Profesionales,NO ACREDITADA
2023|I10S11C603J4V1,I10S11C603J4V1,INGENIERIA EN PREVENCION DE RIESGO,Tecnología,Servicios,Servicios de Higiene y Salud Ocupacional,Profesional Con Licenciatura,Carreras Profesionales,NO ACREDITADA
2023|I10S7C603J4V1,I10S7C603J4V1,INGENIERIA EN PREVENCION DE RIESGO,Tecnología,Servicios,Servicios de Higiene y Salud Ocupacional,Profesional Con Licenciatura,Carreras Profesionales,NO ACREDITADA
2024|I10S11C603J4V1,I10S11C603J4V1,INGENIERIA EN PREVENCION DE RIESGO,Tecnología,Servicios,Servicios de Higiene y Salud Ocupacional,Profesional Con Licenciatura,Carreras Profesionales,NO ACREDITADA
2024|I10S7C603J4V1,I10S7C603J4V1,INGENIERIA EN PREVENCION DE RIESGO,Tecnología,Servicios,Servicios de Higiene y Salud Ocupacional,Profesional Con Licenciatura,Carreras Profesionales,NO ACREDITADA
2025|I10S7C603J4V1,I10S7C603J4V1,INGENIERIA EN PREVENCION DE RIESGO,Tecnología,Servicios,Servicios de Higiene y Salud Ocupacional,Profesional Con Licenciatura,Carreras Profesionales,NO ACREDITADA
2026|I10S7C603J4V1,I10S7C603J4V1,INGENIERIA EN PREVENCION DE RIESGO,Tecnología,Servicios,Servicios de Higiene y Salud Ocupacional,Profesional Con Licenciatura,Carreras Profesionales,NO ACREDITADA
2023|I116S40C148J4V1,I116S40C148J4V1,INGENIERIA EN PREVENCION DE RIESGOS,Tecnología,Servicios,Servicios de Higiene y Salud Ocupacional,Profesional Sin Licenciatura,Carreras Profesionales,NO ACREDITADA
2023|I117S1C27J4V1,I117S1C27J4V1,INGENIERIA EN PREVENCION DE RIESGOS,Tecnología,Servicios,Servicios de Higiene y Salud Ocupacional,Profesional Sin Licenciatura,Carreras Profesionales,NO ACREDITADA
2023|I120S1C105J4V1,I120S1C105J4V1,INGENIERIA EN PREVENCION DE RIESGOS,Tecnología,Servicios,Servicios de Higiene y Salud Ocupacional,Profesional Sin Licenciatura,Carreras Profesionales,NO ACREDITADA
2023|I120S2C105J4V1,I120S2C105J4V1,INGENIERIA EN PREVENCION DE RIESGOS,Tecnología,Servicios,Servicios de Higiene y Salud Ocupacional,Profesional Sin Licenciatura,Carreras Profesionales,NO ACREDITADA
2023|I120S3C105J4V1,I120S3C105J4V1,INGENIERIA EN PREVENCION DE RIESGOS,Tecnología,Servicios,Servicios de Higiene y Salud Ocupacional,Profesional Sin Licenciatura,Carreras Profesionales,NO ACREDITADA
2023|I120S3C12J3V1,I120S3C12J3V1,INGENIERIA EN PREVENCION DE RIESGOS,Tecnología,Servicios,Servicios de Higiene y Salud Ocupacional,Profesional Sin Licenciatura,Carreras Profesionales,NO ACREDITADA
2023|I120S4C105J4V1,I120S4C105J4V1,INGENIERIA EN PREVENCION DE RIESGOS,Tecnología,Servicios,Servicios de Higiene y Salud Ocupacional,Profesional Sin Licenciatura,Carreras Profesionales,NO ACREDITADA
2023|I123S1C45J4V1,I123S1C45J4V1,INGENIERIA EN PREVENCION DE RIESGOS,Tecnología,Servicios,Servicios de Higiene y Salud Ocupacional,Profesional Sin Licenciatura,Carreras Profesionales,NO ACREDITADA
2023|I123S2C45J4V1,I123S2C45J4V1,INGENIERIA EN PREVENCION DE RIESGOS,Tecnología,Servicios,Servicios de Higiene y Salud Ocupacional,Profesional Sin Licenciatura,Carreras Profesionales,NO ACREDITADA
2023|I123S2C45J4V3,I123S2C45J4V3,INGENIERIA EN PREVENCION DE RIESGOS,Tecnología,Servicios,Servicios de Higiene y Salud Ocupacional,Profesional Sin Licenciatura,Carreras Profesionales,NO ACREDITADA
2023|I123S3C45J4V1,I123S3C45J4V1,INGENIERIA EN PREVENCION DE RIESGOS,Tecnología,Servicios,Servicios de Higiene y Salud Ocupacional,Profesional Sin Licenciatura,Carreras Profesionales,NO ACREDITADA
2023|I123S5C45J4V1,I123S5C45J4V1,INGENIERIA EN PREVENCION DE RIESGOS,Tecnología,Servicios,Servicios de Higiene y Salud Ocupacional,Profesional Sin Licenciatura,Carreras Profesionales,NO ACREDITADA
2023|I123S5C45J4V3,I123S5C45J4V3,INGENIERIA EN PREVENCION DE RIESGOS,Tecnología,Servicios,Servicios de Higiene y Salud Ocupacional,Profesional Sin Licenciatura,Carreras Profesionales,NO ACREDITADA
2023|I143S28C77J4V1,I143S28C77J4V1,INGENIERIA EN PREVENCION DE RIESGOS,Tecnología,Servicios,Servicios de Higiene y Salud Ocupacional,Profesional Sin Licenciatura,Carreras Profesionales,NO ACREDITADA
2023|I152S10C144J4V1,I152S10C144J4V1,INGENIERIA EN PREVENCION DE RIESGOS,Tecnología,Servicios,Servicios de Higiene y Salud Ocupacional,Profesional Sin Licenciatura,Carreras Profesionales,NO ACREDITADA
2023|I22S1C287J2V2,I22S1C287J2V2,INGENIERIA EN PREVENCION DE RIESGOS,Tecnología,Servicios,Servicios de Higiene y Salud Ocupacional,Profesional Con Licenciatura,Carreras Profesionales,NO ACREDITADA
2024|I113S7C575J4V1,I113S7C575J4V1,INGENIERIA EN PREVENCION DE RIESGOS,Tecnología,Servicios,Servicios de Higiene y Salud Ocupacional,Profesional Sin Licenciatura,Carreras Profesionales,NO ACREDITADA
2024|I116S40C148J4V1,I116S40C148J4V1,INGENIERIA EN PREVENCION DE RIESGOS,Tecnología,Servicios,Servicios de Higiene y Salud Ocupacional,Profesional Sin Licenciatura,Carreras Profesionales,NO ACREDITADA
2024|I117S1C27J4V1,I117S1C27J4V1,INGENIERIA EN PREVENCION DE RIESGOS,Tecnología,Servicios,Servicios de Higiene y Salud Ocupacional,Profesional Sin Licenciatura,Carreras Profesionales,NO ACREDITADA
2024|I120S1C105J4V1,I120S1C105J4V1,INGENIERIA EN PREVENCION DE RIESGOS,Tecnología,Servicios,Servicios de Higiene y Salud Ocupacional,Profesional Sin Licenciatura,Carreras Profesionales,NO ACREDITADA
2024|I120S1C12J3V1,I120S1C12J3V1,INGENIERIA EN PREVENCION DE RIESGOS,Tecnología,Servicios,Servicios de Higiene y Salud Ocupacional,Profesional Sin Licenciatura,Carreras Profesionales,NO ACREDITADA
2024|I120S2C105J4V1,I120S2C105J4V1,INGENIERIA EN PREVENCION DE RIESGOS,Tecnología,Servicios,Servicios de Higiene y Salud Ocupacional,Profesional Sin Licenciatura,Carreras Profesionales,NO ACREDITADA
2024|I120S3C105J4V1,I120S3C105J4V1,INGENIERIA EN PREVENCION DE RIESGOS,Tecnología,Servicios,Servicios de Higiene y Salud Ocupacional,Profesional Sin Licenciatura,Carreras Profesionales,NO ACREDITADA
2024|I120S3C12J3V1,I120S3C12J3V1,INGENIERIA EN PREVENCION DE RIESGOS,Tecnología,Servicios,Servicios de Higiene y Salud Ocupacional,Profesional Sin Licenciatura,Carreras Profesionales,NO ACREDITADA
2024|I120S4C105J4V1,I120S4C105J4V1,INGENIERIA EN PREVENCION DE RIESGOS,Tecnología,Servicios,Servicios de Higiene y Salud Ocupacional,Profesional Sin Licenciatura,Carreras Profesionales,NO ACREDITADA
2024|I123S1C45J4V1,I123S1C45J4V1,INGENIERIA EN PREVENCION DE RIESGOS,Tecnología,Servicios,Servicios de Higiene y Salud Ocupacional,Profesional Sin Licenciatura,Carreras Profesionales,NO ACREDITADA
2024|I123S2C45J4V1,I123S2C45J4V1,INGENIERIA EN PREVENCION DE RIESGOS,Tecnología,Servicios,Servicios de Higiene y Salud Ocupacional,Profesional Sin Licenciatura,Carreras Profesionales,NO ACREDITADA
2024|I123S2C45J4V3,I123S2C45J4V3,INGENIERIA EN PREVENCION DE RIESGOS,Tecnología,Servicios,Servicios de Higiene y Salud Ocupacional,Profesional Sin Licenciatura,Carreras Profesionales,NO ACREDITADA
2024|I123S3C45J4V1,I123S3C45J4V1,INGENIERIA EN PREVENCION DE RIESGOS,Tecnología,Servicios,Servicios de Higiene y Salud Ocupacional,Profesional Sin Licenciatura,Carreras Profesionales,NO ACREDITADA
2024|I123S5C45J4V1,I123S5C45J4V1,INGENIERIA EN PREVENCION DE RIESGOS,Tecnología,Servicios,Servicios de Higiene y Salud Ocupacional,Profesional Sin Licenciatura,Carreras Profesionales,NO ACREDITADA
2024|I123S5C45J4V3,I123S5C45J4V3,INGENIERIA EN PREVENCION DE RIESGOS,Tecnología,Servicios,Servicios de Higiene y Salud Ocupacional,Profesional Sin Licenciatura,Carreras Profesionales,NO ACREDITADA
2024|I143S28C77J4V1,I143S28C77J4V1,INGENIERIA EN PREVENCION DE RIESGOS,Tecnología,Servicios,Servicios de Higiene y Salud Ocupacional,Profesional Sin Licenciatura,Carreras Profesionales,NO ACREDITADA
2024|I143S2C77J3V1,I143S2C77J3V1,INGENIERIA EN PREVENCION DE RIESGOS,Tecnología,Servicios,Servicios de Higiene y Salud Ocupacional,Profesional Sin Licenciatura,Carreras Profesionales,NO ACREDITADA
2024|I152S10C144J4V1,I152S10C144J4V1,INGENIERIA EN PREVENCION DE RIESGOS,Tecnología,Servicios,Servicios de Higiene y Salud Ocupacional,Profesional Sin Licenciatura,Carreras Profesionales,NO ACREDITADA
2025|I10S7C603J4V2,I10S7C603J4V2,INGENIERIA EN PREVENCION DE RIESGOS,Tecnología,Servicios,Servicios de Higiene y Salud Ocupacional,Profesional Con Licenciatura,Carreras Profesionales,NO ACREDITADA
2025|I113S13C575J4V1,I113S13C575J4V1,INGENIERIA EN PREVENCION DE RIESGOS,Tecnología,Servicios,Servicios de Higiene y Salud Ocupacional,Profesional Sin Licenciatura,Carreras Profesionales,NO ACREDITADA
2025|I113S7C575J4V1,I113S7C575J4V1,INGENIERIA EN PREVENCION DE RIESGOS,Tecnología,Servicios,Servicios de Higiene y Salud Ocupacional,Profesional Sin Licenciatura,Carreras Profesionales,NO ACREDITADA
2025|I116S40C148J4V1,I116S40C148J4V1,INGENIERIA EN PREVENCION DE RIESGOS,Tecnología,Servicios,Servicios de Higiene y Salud Ocupacional,Profesional Sin Licenciatura,Carreras Profesionales,NO ACREDITADA
2025|I116S40C148J4V2,I116S40C148J4V2,INGENIERIA EN PREVENCION DE RIESGOS,Tecnología,Servicios,Servicios de Higiene y Salud Ocupacional,Profesional Sin Licenciatura,Carreras Profesionales,NO ACREDITADA
2025|I117S1C27J4V1,I117S1C27J4V1,INGENIERIA EN PREVENCION DE RIESGOS,Tecnología,Servicios,Servicios de Higiene y Salud Ocupacional,Profesional Sin Licenciatura,Carreras Profesionales,NO ACREDITADA
2025|I123S2C45J4V1,I123S2C45J4V1,INGENIERIA EN PREVENCION DE RIESGOS,Tecnología,Servicios,Servicios de Higiene y Salud Ocupacional,Profesional Sin Licenciatura,Carreras Profesionales,NO ACREDITADA
2025|I123S2C45J4V3,I123S2C45J4V3,INGENIERIA EN PREVENCION DE RIESGOS,Tecnología,Servicios,Servicios de Higiene y Salud Ocupacional,Profesional Sin Licenciatura,Carreras Profesionales,NO ACREDITADA
2025|I143S28C77J4V1,I143S28C77J4V1,INGENIERIA EN PREVENCION DE RIESGOS,Tecnología,Servicios,Servicios de Higiene y Salud Ocupacional,Profesional Sin Licenciatura,Carreras Profesionales,NO ACREDITADA
2025|I143S2C77J3V1,I143S2C77J3V1,INGENIERIA EN PREVENCION DE RIESGOS,Tecnología,Servicios,Servicios de Higiene y Salud Ocupacional,Profesional Sin Licenciatura,Carreras Profesionales,NO ACREDITADA
2025|I152S10C144J4V1,I152S10C144J4V1,INGENIERIA EN PREVENCION DE RIESGOS,Tecnología,Servicios,Servicios de Higiene y Salud Ocupacional,Profesional Sin Licenciatura,Carreras Profesionales,NO ACREDITADA
2025|I81S1C101J4V2,I81S1C101J4V2,INGENIERIA EN PREVENCION DE RIESGOS,Tecnología,Servicios,Servicios de Higiene y Salud Ocupacional,Profesional Sin Licenciatura,Carreras Profesionales,NO ACREDITADA
2026|I10S7C603J4V2,I10S7C603J4V2,INGENIERIA EN PREVENCION DE RIESGOS,Tecnología,Servicios,Servicios de Higiene y Salud Ocupacional,Profesional Con Licenciatura,Carreras Profesionales,NO ACREDITADA
2026|I111S27C24J4V2,I111S27C24J4V2,INGENIERIA EN PREVENCION DE RIESGOS,Tecnología,Servicios,Servicios de Higiene y Salud Ocupacional,Profesional Sin Licenciatura,Carreras Profesionales,NO ACREDITADA
2026|I113S13C575J4V1,I113S13C575J4V1,INGENIERIA EN PREVENCION DE RIESGOS,Tecnología,Servicios,Servicios de Higiene y Salud Ocupacional,Profesional Sin Licenciatura,Carreras Profesionales,NO ACREDITADA
2026|I113S7C575J4V1,I113S7C575J4V1,INGENIERIA EN PREVENCION DE RIESGOS,Tecnología,Servicios,Servicios de Higiene y Salud Ocupacional,Profesional Sin Licenciatura,Carreras Profesionales,NO ACREDITADA
2026|I116S40C148J4V1,I116S40C148J4V1,INGENIERIA EN PREVENCION DE RIESGOS,Tecnología,Servicios,Servicios de Higiene y Salud Ocupacional,Profesional Sin Licenciatura,Carreras Profesionales,NO ACREDITADA
2026|I116S40C148J4V2,I116S40C148J4V2,INGENIERIA EN PREVENCION DE RIESGOS,Tecnología,Servicios,Servicios de Higiene y Salud Ocupacional,Profesional Sin Licenciatura,Carreras Profesionales,NO ACREDITADA
2026|I117S1C27J4V1,I117S1C27J4V1,INGENIERIA EN PREVENCION DE RIESGOS,Tecnología,Servicios,Servicios de Higiene y Salud Ocupacional,Profesional Sin Licenciatura,Carreras Profesionales,NO ACREDITADA
2026|I120S1C105J4V1,I120S1C105J4V1,INGENIERIA EN PREVENCION DE RIESGOS,Tecnología,Servicios,Servicios de Higiene y Salud Ocupacional,Profesional Sin Licenciatura,Carreras Profesionales,NO ACREDITADA
2026|I120S2C105J4V1,I120S2C105J4V1,INGENIERIA EN PREVENCION DE RIESGOS,Tecnología,Servicios,Servicios de Higiene y Salud Ocupacional,Profesional Sin Licenciatura,Carreras Profesionales,NO ACREDITADA
2026|I120S3C105J4V1,I120S3C105J4V1,INGENIERIA EN PREVENCION DE RIESGOS,Tecnología,Servicios,Servicios de Higiene y Salud Ocupacional,Profesional Sin Licenciatura,Carreras Profesionales,NO ACREDITADA
2026|I120S3C12J3V1,I120S3C12J3V1,INGENIERIA EN PREVENCION DE RIESGOS,Tecnología,Servicios,Servicios de Higiene y Salud Ocupacional,Profesional Sin Licenciatura,Carreras Profesionales,NO ACREDITADA
2026|I120S4C105J4V1,I120S4C105J4V1,INGENIERIA EN PREVENCION DE RIESGOS,Tecnología,Servicios,Servicios de Higiene y Salud Ocupacional,Profesional Sin Licenciatura,Carreras Profesionales,NO ACREDITADA
2026|I123S2C45J4V1,I123S2C45J4V1,INGENIERIA EN PREVENCION DE RIESGOS,Tecnología,Servicios,Servicios de Higiene y Salud Ocupacional,Profesional Sin Licenciatura,Carreras Profesionales,NO ACREDITADA
2026|I123S2C45J4V3,I123S2C45J4V3,INGENIERIA EN PREVENCION DE RIESGOS,Tecnología,Servicios,Servicios de Higiene y Salud Ocupacional,Profesional Sin Licenciatura,Carreras Profesionales,NO ACREDITADA
2026|I143S15C77J3V1,I143S15C77J3V1,INGENIERIA EN PREVENCION DE RIESGOS,Tecnología,Servicios,Servicios de Higiene y Salud Ocupacional,Profesional Sin Licenciatura,Carreras Profesionales,NO ACREDITADA
2026|I143S28C77J4V1,I143S28C77J4V1,INGENIERIA EN PREVENCION DE RIESGOS,Tecnología,Servicios,Servicios de Higiene y Salud Ocupacional,Profesional Sin Licenciatura,Carreras Profesionales,NO ACREDITADA
2026|I143S2C77J3V1,I143S2C77J3V1,INGENIERIA EN PREVENCION DE RIESGOS,Tecnología,Servicios,Servicios de Higiene y Salud Ocupacional,Profesional Sin Licenciatura,Carreras Profesionales,NO ACREDITADA
2026|I152S10C144J4V1,I152S10C144J4V1,INGENIERIA EN PREVENCION DE RIESGOS,Tecnología,Servicios,Servicios de Higiene y Salud Ocupacional,Profesional Sin Licenciatura,Carreras Profesionales,NO ACREDITADA
2026|I162S2C124J4V1,I162S2C124J4V1,INGENIERIA EN PREVENCION DE RIESGOS,Tecnología,Servicios,Servicios de Higiene y Salud Ocupacional,Profesional Sin Licenciatura,Carreras Profesionales,NO ACREDITADA
2026|I81S1C101J4V2,I81S1C101J4V2,INGENIERIA EN PREVENCION DE RIESGOS,Tecnología,Servicios,Servicios de Higiene y Salud Ocupacional,Profesional Sin Licenciatura,Carreras Profesionales,NO ACREDITADA
2023|I46S5C624J4V1,I46S5C624J4V1,INGENIERIA EN PREVENCION DE RIESGOS MENCION SISTEMAS DE GESTION PLAN DE CONTINUIDAD PARA TECNICO DE NIVEL SUPERIOR EN AREAS AFINES,Tecnología,Servicios,Servicios de Higiene y Salud Ocupacional,Profesional Con Licenciatura,Carreras Profesionales,NO ACREDITADA
2023|I111S16C415J2V1,I111S16C415J2V1,INGENIERIA EN PREVENCION DE RIESGOS PEV,Tecnología,Servicios,Servicios de Higiene y Salud Ocupacional,Profesional Sin Licenciatura,Carreras Profesionales,NO ACREDITADA
2025|I113S13C575J4V2,I113S13C575J4V2,INGENIERIA EN PREVENCION DE RIESGOS PLAN CONTINUIDAD,Tecnología,Servicios,Servicios de Higiene y Salud Ocupacional,Profesional Sin Licenciatura,Carreras Profesionales,NO ACREDITADA
2026|I113S13C575J4V2,I113S13C575J4V2,INGENIERIA EN PREVENCION DE RIESGOS PLAN CONTINUIDAD,Tecnología,Servicios,Servicios de Higiene y Salud Ocupacional,Profesional Sin Licenciatura,Carreras Profesionales,NO ACREDITADA
2026|I113S7C575J4V2,I113S7C575J4V2,INGENIERIA EN PREVENCION DE RIESGOS PLAN CONTINUIDAD,Tecnología,Servicios,Servicios de Higiene y Salud Ocupacional,Profesional Sin Licenciatura,Carreras Profesionales,NO ACREDITADA
2023|I22S1C347J2V1,I22S1C347J2V1,INGENIERIA EN PREVENCION DE RIESGOS Y GESTION AMBIENTAL,Tecnología,Servicios,Servicios de Higiene y Salud Ocupacional,Profesional Con Licenciatura,Carreras Profesionales,NO ACREDITADA
2023|I22S1C347J4V1,I22S1C347J4V1,INGENIERIA EN PREVENCION DE RIESGOS Y GESTION AMBIENTAL,Tecnología,Servicios,Servicios de Higiene y Salud Ocupacional,Profesional Con Licenciatura,Carreras Profesionales,NO ACREDITADA
2023|I22S1C347J4V3,I22S1C347J4V3,INGENIERIA EN PREVENCION DE RIESGOS Y GESTION AMBIENTAL,Tecnología,Servicios,Servicios de Higiene y Salud Ocupacional,Profesional Con Licenciatura,Carreras Profesionales,NO ACREDITADA
2024|I22S1C347J4V1,I22S1C347J4V1,INGENIERIA EN PREVENCION DE RIESGOS Y GESTION AMBIENTAL,Tecnología,Servicios,Servicios de Higiene y Salud Ocupacional,Profesional Con Licenciatura,Carreras Profesionales,NO ACREDITADA
2024|I22S1C347J4V3,I22S1C347J4V3,INGENIERIA EN PREVENCION DE RIESGOS Y GESTION AMBIENTAL,Tecnología,Servicios,Servicios de Higiene y Salud Ocupacional,Profesional Con Licenciatura,Carreras Profesionales,NO ACREDITADA
2025|I22S1C347J4V1,I22S1C347J4V1,INGENIERIA EN PREVENCION DE RIESGOS Y GESTION AMBIENTAL,Tecnología,Servicios,Servicios de Higiene y Salud Ocupacional,Profesional Con Licenciatura,Carreras Profesionales,NO ACREDITADA
2025|I22S1C347J4V3,I22S1C347J4V3,INGENIERIA EN PREVENCION DE RIESGOS Y GESTION AMBIENTAL,Tecnología,Servicios,Servicios de Higiene y Salud Ocupacional,Profesional Con Licenciatura,Carreras Profesionales,NO ACREDITADA
2026|I22S1C347J4V1,I22S1C347J4V1,INGENIERIA EN PREVENCION DE RIESGOS Y GESTION AMBIENTAL,Tecnología,Servicios,Servicios de Higiene y Salud Ocupacional,Profesional Con Licenciatura,Carreras Profesionales,NO ACREDITADA
2026|I22S1C347J4V3,I22S1C347J4V3,INGENIERIA EN PREVENCION DE RIESGOS Y GESTION AMBIENTAL,Tecnología,Servicios,Servicios de Higiene y Salud Ocupacional,Profesional Con Licenciatura,Carreras Profesionales,NO ACREDITADA
2024|I101S1C39J4V2,I101S1C39J4V2,INGENIERIA EN PREVENCION DE RIESGOS Y MEDIO AMBIENTE,Tecnología,Servicios,Servicios de Higiene y Salud Ocupacional,Profesional Sin Licenciatura,Carreras Profesionales,NO ACREDITADA
2024|I171S1C60J4V3,I171S1C60J4V3,INGENIERIA EN PREVENCION DE RIESGOS Y MEDIO AMBIENTE,Tecnología,Servicios,Servicios de Higiene y Salud Ocupacional,Profesional Sin Licenciatura,Carreras Profesionales,NO ACREDITADA
2024|I19S4C344J4V2,I19S4C344J4V2,INGENIERIA EN PREVENCION DE RIESGOS Y MEDIO AMBIENTE,Tecnología,Servicios,Servicios de Higiene y Salud Ocupacional,Profesional Con Licenciatura,Carreras Profesionales,NO ACREDITADA
2025|I171S1C60J4V3,I171S1C60J4V3,INGENIERIA EN PREVENCION DE RIESGOS Y MEDIO AMBIENTE,Tecnología,Servicios,Servicios de Higiene y Salud Ocupacional,Profesional Sin Licenciatura,Carreras Profesionales,NO ACREDITADA
2025|I19S4C344J4V2,I19S4C344J4V2,INGENIERIA EN PREVENCION DE RIESGOS Y MEDIO AMBIENTE,Tecnología,Servicios,Servicios de Higiene y Salud Ocupacional,Profesional Con Licenciatura,Carreras Profesionales,NO ACREDITADA
2026|I171S1C60J4V3,I171S1C60J4V3,INGENIERIA EN PREVENCION DE RIESGOS Y MEDIO AMBIENTE,Tecnología,Servicios,Servicios de Higiene y Salud Ocupacional,Profesional Sin Licenciatura,Carreras Profesionales,NO ACREDITADA
2026|I19S1C344J4V3,I19S1C344J4V3,INGENIERIA EN PREVENCION DE RIESGOS Y MEDIO AMBIENTE,Tecnología,Servicios,Servicios de Higiene y Salud Ocupacional,Profesional Con Licenciatura,Carreras Profesionales,NO ACREDITADA
2026|I19S4C344J4V2,I19S4C344J4V2,INGENIERIA EN PREVENCION DE RIESGOS Y MEDIO AMBIENTE,Tecnología,Servicios,Servicios de Higiene y Salud Ocupacional,Profesional Con Licenciatura,Carreras Profesionales,NO ACREDITADA
2024|I171S1C60J4V4,I171S1C60J4V4,INGENIERIA EN PREVENCION DE RIESGOS Y MEDIO AMBIENTE (PLAN ESPECIAL),Tecnología,Servicios,Servicios de Higiene y Salud Ocupacional,Profesional Sin Licenciatura,Carreras Profesionales,NO ACREDITADA
2025|I171S1C60J4V4,I171S1C60J4V4,INGENIERIA EN PREVENCION DE RIESGOS Y MEDIO AMBIENTE (PLAN ESPECIAL),Tecnología,Servicios,Servicios de Higiene y Salud Ocupacional,Profesional Sin Licenciatura,Carreras Profesionales,NO ACREDITADA
2026|I171S1C60J4V4,I171S1C60J4V4,INGENIERIA EN PREVENCION DE RIESGOS Y MEDIO AMBIENTE (PLAN ESPECIAL),Tecnología,Servicios,Servicios de Higiene y Salud Ocupacional,Profesional Sin Licenciatura,Carreras Profesionales,NO ACREDITADA
2025|I100S5C10J2V2,I100S5C10J2V2,"INGENIERIA EN PREVENCION DE RIESGOS, CALIDAD Y AMBIENTE",Tecnología,Servicios,Servicios de Higiene y Salud Ocupacional,Profesional Sin Licenciatura,Carreras Profesionales,NO ACREDITADA
2023|I152S10C319J4V1,I152S10C319J4V1,"INGENIERIA EN PREVENCION DE RIESGOS, CALIDAD Y MEDIO AMBIENTE",Tecnología,Servicios,Servicios de Higiene y Salud Ocupacional,Profesional Sin Licenciatura,Carreras Profesionales,NO ACREDITADA
2023|I152S10C319J4V3,I152S10C319J4V3,"INGENIERIA EN PREVENCION DE RIESGOS, CALIDAD Y MEDIO AMBIENTE",Tecnología,Servicios,Servicios de Higiene y Salud Ocupacional,Profesional Sin Licenciatura,Carreras Profesionales,NO ACREDITADA
2024|I152S10C319J4V1,I152S10C319J4V1,"INGENIERIA EN PREVENCION DE RIESGOS, CALIDAD Y MEDIO AMBIENTE",Tecnología,Servicios,Servicios de Higiene y Salud Ocupacional,Profesional Sin Licenciatura,Carreras Profesionales,NO ACREDITADA
2025|I152S10C319J4V3,I152S10C319J4V3,"INGENIERIA EN PREVENCION DE RIESGOS, CALIDAD Y MEDIO AMBIENTE",Tecnología,Servicios,Servicios de Higiene y Salud Ocupacional,Profesional Sin Licenciatura,Carreras Profesionales,NO ACREDITADA
2026|I152S10C319J4V3,I152S10C319J4V3,"INGENIERIA EN PREVENCION DE RIESGOS, CALIDAD Y MEDIO AMBIENTE",Tecnología,Servicios,Servicios de Higiene y Salud Ocupacional,Profesional Sin Licenciatura,Carreras Profesionales,NO ACREDITADA
2023|I152S10C456J4V1,I152S10C456J4V1,INGENIERIA EN REDES E INFRAESTRUCTURA CLOUD,Tecnología,Tecnología de la Información y la Comunicación (TIC),Tecnología de la Información y la Comunicación (TIC),Profesional Sin Licenciatura,Carreras Profesionales,NO ACREDITADA
2024|I152S10C456J4V1,I152S10C456J4V1,INGENIERIA EN REDES E INFRAESTRUCTURA CLOUD,Tecnología,Tecnología de la Información y la Comunicación (TIC),Tecnología de la Información y la Comunicación (TIC),Profesional Sin Licenciatura,Carreras Profesionales,NO ACREDITADA
2025|I152S10C456J4V1,I152S10C456J4V1,INGENIERIA EN REDES E INFRAESTRUCTURA CLOUD,Tecnología,Tecnología de la Información y la Comunicación (TIC),Tecnología de la Información y la Comunicación (TIC),Profesional Sin Licenciatura,Carreras Profesionales,NO ACREDITADA
2026|I152S10C456J4V1,I152S10C456J4V1,INGENIERIA EN REDES E INFRAESTRUCTURA CLOUD,Tecnología,Tecnología de la Información y la Comunicación (TIC),Tecnología de la Información y la Comunicación (TIC),Profesional Sin Licenciatura,Carreras Profesionales,NO ACREDITADA
2023|I123S2C42J4V1,I123S2C42J4V1,INGENIERIA EN REDES Y COMUNICACIONES,Tecnología,Tecnología de la Información y la Comunicación (TIC),Tecnología de la Información y la Comunicación (TIC),Profesional Sin Licenciatura,Carreras Profesionales,NO ACREDITADA
2024|I123S2C42J4V1,I123S2C42J4V1,INGENIERIA EN REDES Y COMUNICACIONES,Tecnología,Tecnología de la Información y la Comunicación (TIC),Tecnología de la Información y la Comunicación (TIC),Profesional Sin Licenciatura,Carreras Profesionales,NO ACREDITADA
2024|I123S2C42J4V2,I123S2C42J4V2,INGENIERIA EN REDES Y COMUNICACIONES,Tecnología,Tecnología de la Información y la Comunicación (TIC),Tecnología de la Información y la Comunicación (TIC),Profesional Sin Licenciatura,Carreras Profesionales,NO ACREDITADA
2025|I123S2C42J4V1,I123S2C42J4V1,INGENIERIA EN REDES Y COMUNICACIONES,Tecnología,Tecnología de la Información y la Comunicación (TIC),Tecnología de la Información y la Comunicación (TIC),Profesional Sin Licenciatura,Carreras Profesionales,NO ACREDITADA
2025|I123S2C42J4V2,I123S2C42J4V2,INGENIERIA EN REDES Y COMUNICACIONES,Tecnología,Tecnología de la Información y la Comunicación (TIC),Tecnología de la Información y la Comunicación (TIC),Profesional Sin Licenciatura,Carreras Profesionales,NO ACREDITADA
2026|I123S2C42J4V1,I123S2C42J4V1,INGENIERIA EN REDES Y COMUNICACIONES,Tecnología,Tecnología de la Información y la Comunicación (TIC),Tecnología de la Información y la Comunicación (TIC),Profesional Sin Licenciatura,Carreras Profesionales,NO ACREDITADA
2026|I123S2C42J4V2,I123S2C42J4V2,INGENIERIA EN REDES Y COMUNICACIONES,Tecnología,Tecnología de la Información y la Comunicación (TIC),Tecnología de la Información y la Comunicación (TIC),Profesional Sin Licenciatura,Carreras Profesionales,NO ACREDITADA
2024|I123S2C27J4V2,I123S2C27J4V2,INGENIERIA EN SONIDO,Tecnología,"Ingeniería, Industria y Construcción",Ingeniería y Profesiones Afines,Profesional Sin Licenciatura,Carreras Profesionales,NO ACREDITADA
2025|I123S2C27J4V2,I123S2C27J4V2,INGENIERIA EN SONIDO,Tecnología,"Ingeniería, Industria y Construcción",Ingeniería y Profesiones Afines,Profesional Sin Licenciatura,Carreras Profesionales,NO ACREDITADA
2026|I123S2C27J4V2,I123S2C27J4V2,INGENIERIA EN SONIDO,Tecnología,"Ingeniería, Industria y Construcción",Ingeniería y Profesiones Afines,Profesional Sin Licenciatura,Carreras Profesionales,NO ACREDITADA
2026|I143S6C5J3V1,I143S6C5J3V1,INGENIERIA EN SONIDO,Tecnología,"Ingeniería, Industria y Construcción",Ingeniería y Profesiones Afines,Profesional Sin Licenciatura,Carreras Profesionales,NO ACREDITADA
2024|I39S6C584J4V1,I39S6C584J4V1,INGENIERIA EN TECNOLOGIAS DE LA INFORMACION,Tecnología,Tecnología de la Información y la Comunicación (TIC),Tecnología de la Información y la Comunicación (TIC),Profesional Con Licenciatura,Carreras Profesionales,NO ACREDITADA
2025|I39S6C584J4V1,I39S6C584J4V1,INGENIERIA EN TECNOLOGIAS DE LA INFORMACION,Tecnología,Tecnología de la Información y la Comunicación (TIC),Tecnología de la Información y la Comunicación (TIC),Profesional Con Licenciatura,Carreras Profesionales,NO ACREDITADA
2026|I39S6C584J4V1,I39S6C584J4V1,INGENIERIA EN TECNOLOGIAS DE LA INFORMACION,Tecnología,Tecnología de la Información y la Comunicación (TIC),Tecnología de la Información y la Comunicación (TIC),Profesional Con Licenciatura,Carreras Profesionales,NO ACREDITADA
2023|I106S6C297J4V1,I106S6C297J4V1,INGENIERIA INDUSTRIAL,Tecnología,"Ingeniería, Industria y Construcción",Ingeniería y Profesiones Afines,Profesional Sin Licenciatura,Carreras Profesionales,NO ACREDITADA
2023|I106S6C297J4V2,I106S6C297J4V2,INGENIERIA INDUSTRIAL,Tecnología,"Ingeniería, Industria y Construcción",Ingeniería y Profesiones Afines,Profesional Sin Licenciatura,Carreras Profesionales,NO ACREDITADA
2023|I10S7C285J4V2,I10S7C285J4V2,INGENIERIA INDUSTRIAL,Tecnología,"Ingeniería, Industria y Construcción",Ingeniería y Profesiones Afines,Profesional Con Licenciatura,Carreras Profesionales,NO ACREDITADA
2023|I117S1C67J4V1,I117S1C67J4V1,INGENIERIA INDUSTRIAL,Tecnología,"Ingeniería, Industria y Construcción",Ingeniería y Profesiones Afines,Profesional Sin Licenciatura,Carreras Profesionales,NO ACREDITADA
2023|I123S2C31J4V2,I123S2C31J4V2,INGENIERIA INDUSTRIAL,Tecnología,"Ingeniería, Industria y Construcción",Ingeniería y Profesiones Afines,Profesional Sin Licenciatura,Carreras Profesionales,NO ACREDITADA
2023|I143S28C707J4V1,I143S28C707J4V1,INGENIERIA INDUSTRIAL,Tecnología,"Ingeniería, Industria y Construcción",Ingeniería y Profesiones Afines,Profesional Sin Licenciatura,Carreras Profesionales,NO ACREDITADA
2023|I152S10C420J4V1,I152S10C420J4V1,INGENIERIA INDUSTRIAL,Tecnología,"Ingeniería, Industria y Construcción",Ingeniería y Profesiones Afines,Profesional Sin Licenciatura,Carreras Profesionales,NO ACREDITADA
2023|I1S1C251J4V2,I1S1C251J4V2,INGENIERIA INDUSTRIAL,Tecnología,"Ingeniería, Industria y Construcción",Ingeniería y Profesiones Afines,Profesional Con Licenciatura,Carreras Profesionales,NO ACREDITADA
2023|I1S1C251J4V3,I1S1C251J4V3,INGENIERIA INDUSTRIAL,Tecnología,"Ingeniería, Industria y Construcción",Ingeniería y Profesiones Afines,Profesional Con Licenciatura,Carreras Profesionales,NO ACREDITADA
2023|I20S1C71J4V4,I20S1C71J4V4,INGENIERIA INDUSTRIAL,Tecnología,"Ingeniería, Industria y Construcción",Ingeniería y Profesiones Afines,Profesional Con Licenciatura,Carreras Profesionales,NO ACREDITADA
2023|I39S6C87J4V1,I39S6C87J4V1,INGENIERIA INDUSTRIAL,Tecnología,"Ingeniería, Industria y Construcción",Ingeniería y Profesiones Afines,Profesional Con Licenciatura,Carreras Profesionales,NO ACREDITADA
2023|I39S6C87J4V2,I39S6C87J4V2,INGENIERIA INDUSTRIAL,Tecnología,"Ingeniería, Industria y Construcción",Ingeniería y Profesiones Afines,Profesional Con Licenciatura,Carreras Profesionales,NO ACREDITADA
2023|I46S5C529J4V1,I46S5C529J4V1,INGENIERIA INDUSTRIAL,Tecnología,"Ingeniería, Industria y Construcción",Ingeniería y Profesiones Afines,Profesional Con Licenciatura,Carreras Profesionales,NO ACREDITADA
2023|I4S1C983J4V1,I4S1C983J4V1,INGENIERIA INDUSTRIAL,Tecnología,"Ingeniería, Industria y Construcción",Ingeniería y Profesiones Afines,Profesional Sin Licenciatura,Carreras Profesionales,NO ACREDITADA
2023|I4S1C983J4V2,I4S1C983J4V2,INGENIERIA INDUSTRIAL,Tecnología,"Ingeniería, Industria y Construcción",Ingeniería y Profesiones Afines,Profesional Sin Licenciatura,Carreras Profesionales,NO ACREDITADA
2024|I106S6C297J4V1,I106S6C297J4V1,INGENIERIA INDUSTRIAL,Tecnología,"Ingeniería, Industria y Construcción",Ingeniería y Profesiones Afines,Profesional Sin Licenciatura,Carreras Profesionales,NO ACREDITADA
2024|I106S6C297J4V2,I106S6C297J4V2,INGENIERIA INDUSTRIAL,Tecnología,"Ingeniería, Industria y Construcción",Ingeniería y Profesiones Afines,Profesional Sin Licenciatura,Carreras Profesionales,NO ACREDITADA
2024|I106S6C297J4V3,I106S6C297J4V3,INGENIERIA INDUSTRIAL,Tecnología,"Ingeniería, Industria y Construcción",Ingeniería y Profesiones Afines,Profesional Sin Licenciatura,Carreras Profesionales,NO ACREDITADA
2024|I106S6C297J4V4,I106S6C297J4V4,INGENIERIA INDUSTRIAL,Tecnología,"Ingeniería, Industria y Construcción",Ingeniería y Profesiones Afines,Profesional Sin Licenciatura,Carreras Profesionales,NO ACREDITADA
2024|I10S7C285J4V2,I10S7C285J4V2,INGENIERIA INDUSTRIAL,Tecnología,"Ingeniería, Industria y Construcción",Ingeniería y Profesiones Afines,Profesional Con Licenciatura,Carreras Profesionales,NO ACREDITADA
2024|I113S7C591J4V1,I113S7C591J4V1,INGENIERIA INDUSTRIAL,Tecnología,"Ingeniería, Industria y Construcción",Ingeniería y Profesiones Afines,Profesional Sin Licenciatura,Carreras Profesionales,NO ACREDITADA
2024|I117S1C67J4V1,I117S1C67J4V1,INGENIERIA INDUSTRIAL,Tecnología,"Ingeniería, Industria y Construcción",Ingeniería y Profesiones Afines,Profesional Sin Licenciatura,Carreras Profesionales,NO ACREDITADA
2024|I123S2C31J4V2,I123S2C31J4V2,INGENIERIA INDUSTRIAL,Tecnología,"Ingeniería, Industria y Construcción",Ingeniería y Profesiones Afines,Profesional Sin Licenciatura,Carreras Profesionales,NO ACREDITADA
2024|I143S13C707J3V1,I143S13C707J3V1,INGENIERIA INDUSTRIAL,Tecnología,"Ingeniería, Industria y Construcción",Ingeniería y Profesiones Afines,Profesional Sin Licenciatura,Carreras Profesionales,NO ACREDITADA
2024|I143S28C707J4V1,I143S28C707J4V1,INGENIERIA INDUSTRIAL,Tecnología,"Ingeniería, Industria y Construcción",Ingeniería y Profesiones Afines,Profesional Sin Licenciatura,Carreras Profesionales,NO ACREDITADA
2024|I152S10C420J4V1,I152S10C420J4V1,INGENIERIA INDUSTRIAL,Tecnología,"Ingeniería, Industria y Construcción",Ingeniería y Profesiones Afines,Profesional Sin Licenciatura,Carreras Profesionales,NO ACREDITADA
2024|I171S1C81J4V1,I171S1C81J4V1,INGENIERIA INDUSTRIAL,Tecnología,"Ingeniería, Industria y Construcción",Ingeniería y Profesiones Afines,Profesional Sin Licenciatura,Carreras Profesionales,NO ACREDITADA
2024|I1S1C251J4V2,I1S1C251J4V2,INGENIERIA INDUSTRIAL,Tecnología,"Ingeniería, Industria y Construcción",Ingeniería y Profesiones Afines,Profesional Con Licenciatura,Carreras Profesionales,NO ACREDITADA
2024|I1S1C251J4V3,I1S1C251J4V3,INGENIERIA INDUSTRIAL,Tecnología,"Ingeniería, Industria y Construcción",Ingeniería y Profesiones Afines,Profesional Con Licenciatura,Carreras Profesionales,NO ACREDITADA
2024|I20S1C71J4V4,I20S1C71J4V4,INGENIERIA INDUSTRIAL,Tecnología,"Ingeniería, Industria y Construcción",Ingeniería y Profesiones Afines,Profesional Con Licenciatura,Carreras Profesionales,NO ACREDITADA
2024|I31S1C409J4V1,I31S1C409J4V1,INGENIERIA INDUSTRIAL,Tecnología,"Ingeniería, Industria y Construcción",Ingeniería y Profesiones Afines,Profesional Sin Licenciatura,Carreras Profesionales,NO ACREDITADA
2024|I39S6C87J3V2,I39S6C87J3V2,INGENIERIA INDUSTRIAL,Tecnología,"Ingeniería, Industria y Construcción",Ingeniería y Profesiones Afines,Profesional Con Licenciatura,Carreras Profesionales,NO ACREDITADA
2024|I39S6C87J4V2,I39S6C87J4V2,INGENIERIA INDUSTRIAL,Tecnología,"Ingeniería, Industria y Construcción",Ingeniería y Profesiones Afines,Profesional Con Licenciatura,Carreras Profesionales,NO ACREDITADA
2024|I39S8C87J3V2,I39S8C87J3V2,INGENIERIA INDUSTRIAL,Tecnología,"Ingeniería, Industria y Construcción",Ingeniería y Profesiones Afines,Profesional Con Licenciatura,Carreras Profesionales,NO ACREDITADA
2024|I4S1C983J4V1,I4S1C983J4V1,INGENIERIA INDUSTRIAL,Tecnología,"Ingeniería, Industria y Construcción",Ingeniería y Profesiones Afines,Profesional Sin Licenciatura,Carreras Profesionales,NO ACREDITADA
2024|I4S1C983J4V2,I4S1C983J4V2,INGENIERIA INDUSTRIAL,Tecnología,"Ingeniería, Industria y Construcción",Ingeniería y Profesiones Afines,Profesional Sin Licenciatura,Carreras Profesionales,NO ACREDITADA
2025|I106S6C297J4V1,I106S6C297J4V1,INGENIERIA INDUSTRIAL,Tecnología,"Ingeniería, Industria y Construcción",Ingeniería y Profesiones Afines,Profesional Sin Licenciatura,Carreras Profesionales,NO ACREDITADA
2025|I106S6C297J4V2,I106S6C297J4V2,INGENIERIA INDUSTRIAL,Tecnología,"Ingeniería, Industria y Construcción",Ingeniería y Profesiones Afines,Profesional Sin Licenciatura,Carreras Profesionales,NO ACREDITADA
2025|I106S6C297J4V3,I106S6C297J4V3,INGENIERIA INDUSTRIAL,Tecnología,"Ingeniería, Industria y Construcción",Ingeniería y Profesiones Afines,Profesional Sin Licenciatura,Carreras Profesionales,NO ACREDITADA
2025|I106S6C297J4V4,I106S6C297J4V4,INGENIERIA INDUSTRIAL,Tecnología,"Ingeniería, Industria y Construcción",Ingeniería y Profesiones Afines,Profesional Sin Licenciatura,Carreras Profesionales,NO ACREDITADA
2025|I10S7C285J4V2,I10S7C285J4V2,INGENIERIA INDUSTRIAL,Tecnología,"Ingeniería, Industria y Construcción",Ingeniería y Profesiones Afines,Profesional Con Licenciatura,Carreras Profesionales,NO ACREDITADA
2025|I113S13C591J4V1,I113S13C591J4V1,INGENIERIA INDUSTRIAL,Tecnología,"Ingeniería, Industria y Construcción",Ingeniería y Profesiones Afines,Profesional Sin Licenciatura,Carreras Profesionales,NO ACREDITADA
2025|I113S7C591J4V1,I113S7C591J4V1,INGENIERIA INDUSTRIAL,Tecnología,"Ingeniería, Industria y Construcción",Ingeniería y Profesiones Afines,Profesional Sin Licenciatura,Carreras Profesionales,NO ACREDITADA
2025|I117S1C67J4V1,I117S1C67J4V1,INGENIERIA INDUSTRIAL,Tecnología,"Ingeniería, Industria y Construcción",Ingeniería y Profesiones Afines,Profesional Sin Licenciatura,Carreras Profesionales,NO ACREDITADA
2025|I123S2C31J4V2,I123S2C31J4V2,INGENIERIA INDUSTRIAL,Tecnología,"Ingeniería, Industria y Construcción",Ingeniería y Profesiones Afines,Profesional Sin Licenciatura,Carreras Profesionales,NO ACREDITADA
2025|I143S28C707J4V1,I143S28C707J4V1,INGENIERIA INDUSTRIAL,Tecnología,"Ingeniería, Industria y Construcción",Ingeniería y Profesiones Afines,Profesional Sin Licenciatura,Carreras Profesionales,NO ACREDITADA
2025|I152S10C420J4V1,I152S10C420J4V1,INGENIERIA INDUSTRIAL,Tecnología,"Ingeniería, Industria y Construcción",Ingeniería y Profesiones Afines,Profesional Sin Licenciatura,Carreras Profesionales,NO ACREDITADA
2025|I162S2C87J4V1,I162S2C87J4V1,INGENIERIA INDUSTRIAL,Tecnología,"Ingeniería, Industria y Construcción",Ingeniería y Profesiones Afines,Profesional Sin Licenciatura,Carreras Profesionales,NO ACREDITADA
2025|I171S1C81J4V1,I171S1C81J4V1,INGENIERIA INDUSTRIAL,Tecnología,"Ingeniería, Industria y Construcción",Ingeniería y Profesiones Afines,Profesional Sin Licenciatura,Carreras Profesionales,NO ACREDITADA
2025|I1S1C251J4V2,I1S1C251J4V2,INGENIERIA INDUSTRIAL,Tecnología,"Ingeniería, Industria y Construcción",Ingeniería y Profesiones Afines,Profesional Con Licenciatura,Carreras Profesionales,NO ACREDITADA
2025|I1S1C251J4V3,I1S1C251J4V3,INGENIERIA INDUSTRIAL,Tecnología,"Ingeniería, Industria y Construcción",Ingeniería y Profesiones Afines,Profesional Con Licenciatura,Carreras Profesionales,NO ACREDITADA
2025|I20S1C71J4V1,I20S1C71J4V1,INGENIERIA INDUSTRIAL,Tecnología,"Ingeniería, Industria y Construcción",Ingeniería y Profesiones Afines,Profesional Con Licenciatura,Carreras Profesionales,NO ACREDITADA
2025|I20S1C71J4V4,I20S1C71J4V4,INGENIERIA INDUSTRIAL,Tecnología,"Ingeniería, Industria y Construcción",Ingeniería y Profesiones Afines,Profesional Con Licenciatura,Carreras Profesionales,NO ACREDITADA
2025|I31S1C409J4V1,I31S1C409J4V1,INGENIERIA INDUSTRIAL,Tecnología,"Ingeniería, Industria y Construcción",Ingeniería y Profesiones Afines,Profesional Sin Licenciatura,Carreras Profesionales,NO ACREDITADA
2025|I39S2C87J3V2,I39S2C87J3V2,INGENIERIA INDUSTRIAL,Tecnología,"Ingeniería, Industria y Construcción",Ingeniería y Profesiones Afines,Profesional Con Licenciatura,Carreras Profesionales,NO ACREDITADA
2025|I39S6C87J3V2,I39S6C87J3V2,INGENIERIA INDUSTRIAL,Tecnología,"Ingeniería, Industria y Construcción",Ingeniería y Profesiones Afines,Profesional Con Licenciatura,Carreras Profesionales,NO ACREDITADA
2025|I39S6C87J4V1,I39S6C87J4V1,INGENIERIA INDUSTRIAL,Tecnología,"Ingeniería, Industria y Construcción",Ingeniería y Profesiones Afines,Profesional Con Licenciatura,Carreras Profesionales,NO ACREDITADA
2025|I39S6C87J4V2,I39S6C87J4V2,INGENIERIA INDUSTRIAL,Tecnología,"Ingeniería, Industria y Construcción",Ingeniería y Profesiones Afines,Profesional Con Licenciatura,Carreras Profesionales,NO ACREDITADA
2025|I4S1C983J4V1,I4S1C983J4V1,INGENIERIA INDUSTRIAL,Tecnología,"Ingeniería, Industria y Construcción",Ingeniería y Profesiones Afines,Profesional Sin Licenciatura,Carreras Profesionales,NO ACREDITADA
2025|I4S1C983J4V2,I4S1C983J4V2,INGENIERIA INDUSTRIAL,Tecnología,"Ingeniería, Industria y Construcción",Ingeniería y Profesiones Afines,Profesional Sin Licenciatura,Carreras Profesionales,NO ACREDITADA
2026|I106S6C297J4V1,I106S6C297J4V1,INGENIERIA INDUSTRIAL,Tecnología,"Ingeniería, Industria y Construcción",Ingeniería y Profesiones Afines,Profesional Sin Licenciatura,Carreras Profesionales,NO ACREDITADA
2026|I106S6C297J4V3,I106S6C297J4V3,INGENIERIA INDUSTRIAL,Tecnología,"Ingeniería, Industria y Construcción",Ingeniería y Profesiones Afines,Profesional Sin Licenciatura,Carreras Profesionales,NO ACREDITADA
2026|I106S6C297J4V4,I106S6C297J4V4,INGENIERIA INDUSTRIAL,Tecnología,"Ingeniería, Industria y Construcción",Ingeniería y Profesiones Afines,Profesional Sin Licenciatura,Carreras Profesionales,NO ACREDITADA
2026|I10S7C285J4V2,I10S7C285J4V2,INGENIERIA INDUSTRIAL,Tecnología,"Ingeniería, Industria y Construcción",Ingeniería y Profesiones Afines,Profesional Con Licenciatura,Carreras Profesionales,NO ACREDITADA
2026|I111S27C554J4V1,I111S27C554J4V1,INGENIERIA INDUSTRIAL,Tecnología,"Ingeniería, Industria y Construcción",Ingeniería y Profesiones Afines,Profesional Sin Licenciatura,Carreras Profesionales,NO ACREDITADA
2026|I113S13C591J4V1,I113S13C591J4V1,INGENIERIA INDUSTRIAL,Tecnología,"Ingeniería, Industria y Construcción",Ingeniería y Profesiones Afines,Profesional Sin Licenciatura,Carreras Profesionales,NO ACREDITADA
2026|I113S7C591J4V1,I113S7C591J4V1,INGENIERIA INDUSTRIAL,Tecnología,"Ingeniería, Industria y Construcción",Ingeniería y Profesiones Afines,Profesional Sin Licenciatura,Carreras Profesionales,NO ACREDITADA
2026|I117S1C67J4V1,I117S1C67J4V1,INGENIERIA INDUSTRIAL,Tecnología,"Ingeniería, Industria y Construcción",Ingeniería y Profesiones Afines,Profesional Sin Licenciatura,Carreras Profesionales,NO ACREDITADA
2026|I123S2C31J4V2,I123S2C31J4V2,INGENIERIA INDUSTRIAL,Tecnología,"Ingeniería, Industria y Construcción",Ingeniería y Profesiones Afines,Profesional Sin Licenciatura,Carreras Profesionales,NO ACREDITADA
2026|I123S2C31J4V3,I123S2C31J4V3,INGENIERIA INDUSTRIAL,Tecnología,"Ingeniería, Industria y Construcción",Ingeniería y Profesiones Afines,Profesional Sin Licenciatura,Carreras Profesionales,NO ACREDITADA
2026|I143S26C707J3V1,I143S26C707J3V1,INGENIERIA INDUSTRIAL,Tecnología,"Ingeniería, Industria y Construcción",Ingeniería y Profesiones Afines,Profesional Sin Licenciatura,Carreras Profesionales,NO ACREDITADA
2026|I143S28C707J4V1,I143S28C707J4V1,INGENIERIA INDUSTRIAL,Tecnología,"Ingeniería, Industria y Construcción",Ingeniería y Profesiones Afines,Profesional Sin Licenciatura,Carreras Profesionales,NO ACREDITADA
2026|I152S10C420J4V1,I152S10C420J4V1,INGENIERIA INDUSTRIAL,Tecnología,"Ingeniería, Industria y Construcción",Ingeniería y Profesiones Afines,Profesional Sin Licenciatura,Carreras Profesionales,NO ACREDITADA
2026|I162S2C87J4V1,I162S2C87J4V1,INGENIERIA INDUSTRIAL,Tecnología,"Ingeniería, Industria y Construcción",Ingeniería y Profesiones Afines,Profesional Sin Licenciatura,Carreras Profesionales,NO ACREDITADA
2026|I162S2C87J4V2,I162S2C87J4V2,INGENIERIA INDUSTRIAL,Tecnología,"Ingeniería, Industria y Construcción",Ingeniería y Profesiones Afines,Profesional Sin Licenciatura,Carreras Profesionales,NO ACREDITADA
2026|I171S1C81J4V1,I171S1C81J4V1,INGENIERIA INDUSTRIAL,Tecnología,"Ingeniería, Industria y Construcción",Ingeniería y Profesiones Afines,Profesional Sin Licenciatura,Carreras Profesionales,NO ACREDITADA
2026|I19S1C138J4V2,I19S1C138J4V2,INGENIERIA INDUSTRIAL,Tecnología,"Ingeniería, Industria y Construcción",Ingeniería y Profesiones Afines,Profesional Con Licenciatura,Carreras Profesionales,NO ACREDITADA
2026|I19S1C138J4V3,I19S1C138J4V3,INGENIERIA INDUSTRIAL,Tecnología,"Ingeniería, Industria y Construcción",Ingeniería y Profesiones Afines,Profesional Con Licenciatura,Carreras Profesionales,NO ACREDITADA
2026|I19S1C138J4V4,I19S1C138J4V4,INGENIERIA INDUSTRIAL,Tecnología,"Ingeniería, Industria y Construcción",Ingeniería y Profesiones Afines,Profesional Con Licenciatura,Carreras Profesionales,NO ACREDITADA
2026|I1S1C251J4V2,I1S1C251J4V2,INGENIERIA INDUSTRIAL,Tecnología,"Ingeniería, Industria y Construcción",Ingeniería y Profesiones Afines,Profesional Con Licenciatura,Carreras Profesionales,NO ACREDITADA
2026|I1S1C251J4V3,I1S1C251J4V3,INGENIERIA INDUSTRIAL,Tecnología,"Ingeniería, Industria y Construcción",Ingeniería y Profesiones Afines,Profesional Con Licenciatura,Carreras Profesionales,NO ACREDITADA
2026|I20S1C71J3V3,I20S1C71J3V3,INGENIERIA INDUSTRIAL,Tecnología,"Ingeniería, Industria y Construcción",Ingeniería y Profesiones Afines,Profesional Con Licenciatura,Carreras Profesionales,NO ACREDITADA
2026|I20S1C71J4V1,I20S1C71J4V1,INGENIERIA INDUSTRIAL,Tecnología,"Ingeniería, Industria y Construcción",Ingeniería y Profesiones Afines,Profesional Con Licenciatura,Carreras Profesionales,NO ACREDITADA
2026|I20S1C71J4V4,I20S1C71J4V4,INGENIERIA INDUSTRIAL,Tecnología,"Ingeniería, Industria y Construcción",Ingeniería y Profesiones Afines,Profesional Con Licenciatura,Carreras Profesionales,NO ACREDITADA
2026|I31S1C409J4V1,I31S1C409J4V1,INGENIERIA INDUSTRIAL,Tecnología,"Ingeniería, Industria y Construcción",Ingeniería y Profesiones Afines,Profesional Sin Licenciatura,Carreras Profesionales,NO ACREDITADA
2026|I31S1C409J4V2,I31S1C409J4V2,INGENIERIA INDUSTRIAL,Tecnología,"Ingeniería, Industria y Construcción",Ingeniería y Profesiones Afines,Profesional Con Licenciatura,Carreras Profesionales,NO ACREDITADA
2026|I39S2C87J3V2,I39S2C87J3V2,INGENIERIA INDUSTRIAL,Tecnología,"Ingeniería, Industria y Construcción",Ingeniería y Profesiones Afines,Profesional Con Licenciatura,Carreras Profesionales,NO ACREDITADA
2026|I39S6C87J3V2,I39S6C87J3V2,INGENIERIA INDUSTRIAL,Tecnología,"Ingeniería, Industria y Construcción",Ingeniería y Profesiones Afines,Profesional Con Licenciatura,Carreras Profesionales,NO ACREDITADA
2026|I39S6C87J4V1,I39S6C87J4V1,INGENIERIA INDUSTRIAL,Tecnología,"Ingeniería, Industria y Construcción",Ingeniería y Profesiones Afines,Profesional Con Licenciatura,Carreras Profesionales,NO ACREDITADA
2026|I39S6C87J4V2,I39S6C87J4V2,INGENIERIA INDUSTRIAL,Tecnología,"Ingeniería, Industria y Construcción",Ingeniería y Profesiones Afines,Profesional Con Licenciatura,Carreras Profesionales,NO ACREDITADA
2026|I4S1C983J4V1,I4S1C983J4V1,INGENIERIA INDUSTRIAL,Tecnología,"Ingeniería, Industria y Construcción",Ingeniería y Profesiones Afines,Profesional Sin Licenciatura,Carreras Profesionales,NO ACREDITADA
2026|I4S1C983J4V2,I4S1C983J4V2,INGENIERIA INDUSTRIAL,Tecnología,"Ingeniería, Industria y Construcción",Ingeniería y Profesiones Afines,Profesional Sin Licenciatura,Carreras Profesionales,NO ACREDITADA
2023|I176S3C911J3V1,I176S3C911J3V1,INGENIERIA INDUSTRIAL (CONTINUIDAD),Tecnología,"Ingeniería, Industria y Construcción",Ingeniería y Profesiones Afines,Profesional Sin Licenciatura,Carreras Profesionales,NO ACREDITADA
2024|I176S3C911J3V1,I176S3C911J3V1,INGENIERIA INDUSTRIAL (CONTINUIDAD),Tecnología,"Ingeniería, Industria y Construcción",Ingeniería y Profesiones Afines,Profesional Sin Licenciatura,Carreras Profesionales,NO ACREDITADA
2023|I46S11C188J3V2,I46S11C188J3V2,INGENIERIA INDUSTRIAL (PLAN DE CONTINUIDAD),Tecnología,"Ingeniería, Industria y Construcción",Ingeniería y Profesiones Afines,Profesional Con Licenciatura,Carreras Profesionales,NO ACREDITADA
2023|I46S9C188J3V2,I46S9C188J3V2,INGENIERIA INDUSTRIAL (PLAN DE CONTINUIDAD),Tecnología,"Ingeniería, Industria y Construcción",Ingeniería y Profesiones Afines,Profesional Con Licenciatura,Carreras Profesionales,NO ACREDITADA
2025|I171S1C81J4V2,I171S1C81J4V2,INGENIERIA INDUSTRIAL (PLAN ESPECIAL),Tecnología,"Ingeniería, Industria y Construcción",Ingeniería y Profesiones Afines,Profesional Sin Licenciatura,Carreras Profesionales,NO ACREDITADA
2026|I171S1C81J4V2,I171S1C81J4V2,INGENIERIA INDUSTRIAL (PLAN ESPECIAL),Tecnología,"Ingeniería, Industria y Construcción",Ingeniería y Profesiones Afines,Profesional Sin Licenciatura,Carreras Profesionales,NO ACREDITADA
2023|I46S5C622J4V1,I46S5C622J4V1,INGENIERIA INDUSTRIAL MENCION GESTION DE OPERACIONES PLAN DE CONTINUIDAD PARA TECNICO DE NIVEL SUPERIOR EN DE OTRAS AREAS,Tecnología,"Ingeniería, Industria y Construcción",Ingeniería y Profesiones Afines,Profesional Con Licenciatura,Carreras Profesionales,NO ACREDITADA
2023|I46S5C621J4V1,I46S5C621J4V1,INGENIERIA INDUSTRIAL MENCION GESTION DE OPERACIONES PLAN DE CONTINUIDAD PARA TECNICO DE NIVEL SUPERIOR EN DEL AREA,Tecnología,"Ingeniería, Industria y Construcción",Ingeniería y Profesiones Afines,Profesional Con Licenciatura,Carreras Profesionales,NO ACREDITADA
2025|I113S13C591J4V2,I113S13C591J4V2,INGENIERIA INDUSTRIAL PLAN CONTINUIDAD,Tecnología,"Ingeniería, Industria y Construcción",Ingeniería y Profesiones Afines,Profesional Sin Licenciatura,Carreras Profesionales,NO ACREDITADA
2026|I113S13C591J4V2,I113S13C591J4V2,INGENIERIA INDUSTRIAL PLAN CONTINUIDAD,Tecnología,"Ingeniería, Industria y Construcción",Ingeniería y Profesiones Afines,Profesional Sin Licenciatura,Carreras Profesionales,NO ACREDITADA
2026|I113S7C591J4V2,I113S7C591J4V2,INGENIERIA INDUSTRIAL PLAN CONTINUIDAD,Tecnología,"Ingeniería, Industria y Construcción",Ingeniería y Profesiones Afines,Profesional Sin Licenciatura,Carreras Profesionales,NO ACREDITADA
2023|I10S7C286J4V3,I10S7C286J4V3,INGENIERIA INFORMATICA,Tecnología,Tecnología de la Información y la Comunicación (TIC),Tecnología de la Información y la Comunicación (TIC),Profesional Con Licenciatura,Carreras Profesionales,NO ACREDITADA
2024|I10S7C286J4V3,I10S7C286J4V3,INGENIERIA INFORMATICA,Tecnología,Tecnología de la Información y la Comunicación (TIC),Tecnología de la Información y la Comunicación (TIC),Profesional Con Licenciatura,Carreras Profesionales,NO ACREDITADA
2024|I171S1C75J4V3,I171S1C75J4V3,INGENIERIA INFORMATICA,Tecnología,Tecnología de la Información y la Comunicación (TIC),Tecnología de la Información y la Comunicación (TIC),Profesional Sin Licenciatura,Carreras Profesionales,NO ACREDITADA
2025|I10S7C286J4V3,I10S7C286J4V3,INGENIERIA INFORMATICA,Tecnología,Tecnología de la Información y la Comunicación (TIC),Tecnología de la Información y la Comunicación (TIC),Profesional Con Licenciatura,Carreras Profesionales,NO ACREDITADA
2025|I171S1C75J4V3,I171S1C75J4V3,INGENIERIA INFORMATICA,Tecnología,Tecnología de la Información y la Comunicación (TIC),Tecnología de la Información y la Comunicación (TIC),Profesional Sin Licenciatura,Carreras Profesionales,NO ACREDITADA
2026|I10S7C286J4V3,I10S7C286J4V3,INGENIERIA INFORMATICA,Tecnología,Tecnología de la Información y la Comunicación (TIC),Tecnología de la Información y la Comunicación (TIC),Profesional Con Licenciatura,Carreras Profesionales,NO ACREDITADA
2026|I171S1C75J4V3,I171S1C75J4V3,INGENIERIA INFORMATICA,Tecnología,Tecnología de la Información y la Comunicación (TIC),Tecnología de la Información y la Comunicación (TIC),Profesional Sin Licenciatura,Carreras Profesionales,NO ACREDITADA
2025|I171S1C75J4V4,I171S1C75J4V4,INGENIERIA INFORMATICA (PLAN ESPECIAL),Tecnología,Tecnología de la Información y la Comunicación (TIC),Tecnología de la Información y la Comunicación (TIC),Profesional Sin Licenciatura,Carreras Profesionales,NO ACREDITADA
2026|I171S1C75J4V4,I171S1C75J4V4,INGENIERIA INFORMATICA (PLAN ESPECIAL),Tecnología,Tecnología de la Información y la Comunicación (TIC),Tecnología de la Información y la Comunicación (TIC),Profesional Sin Licenciatura,Carreras Profesionales,NO ACREDITADA
2023|I26S1C178J4V2,I26S1C178J4V2,INGENIERIA INFORMATICA MULTIMEDIA,Tecnología,Tecnología de la Información y la Comunicación (TIC),Tecnología de la Información y la Comunicación (TIC),Profesional Con Licenciatura,Carreras Profesionales,NO ACREDITADA
2023|I26S1C83J4V2,I26S1C83J4V2,INGENIERIA INFORMATICA MULTIMEDIA,Tecnología,Tecnología de la Información y la Comunicación (TIC),Tecnología de la Información y la Comunicación (TIC),Profesional Con Licenciatura,Carreras Profesionales,NO ACREDITADA
2024|I26S1C178J4V2,I26S1C178J4V2,INGENIERIA INFORMATICA MULTIMEDIA,Tecnología,Tecnología de la Información y la Comunicación (TIC),Tecnología de la Información y la Comunicación (TIC),Profesional Con Licenciatura,Carreras Profesionales,NO ACREDITADA
2024|I26S1C178J4V3,I26S1C178J4V3,INGENIERIA INFORMATICA MULTIMEDIA,Tecnología,Tecnología de la Información y la Comunicación (TIC),Tecnología de la Información y la Comunicación (TIC),Profesional Con Licenciatura,Carreras Profesionales,NO ACREDITADA
2024|I26S1C83J4V2,I26S1C83J4V2,INGENIERIA INFORMATICA MULTIMEDIA,Tecnología,Tecnología de la Información y la Comunicación (TIC),Tecnología de la Información y la Comunicación (TIC),Profesional Con Licenciatura,Carreras Profesionales,NO ACREDITADA
2024|I26S1C83J4V3,I26S1C83J4V3,INGENIERIA INFORMATICA MULTIMEDIA,Tecnología,Tecnología de la Información y la Comunicación (TIC),Tecnología de la Información y la Comunicación (TIC),Profesional Con Licenciatura,Carreras Profesionales,NO ACREDITADA
2025|I26S1C178J4V2,I26S1C178J4V2,INGENIERIA INFORMATICA MULTIMEDIA,Tecnología,Tecnología de la Información y la Comunicación (TIC),Tecnología de la Información y la Comunicación (TIC),Profesional Con Licenciatura,Carreras Profesionales,NO ACREDITADA
2025|I26S1C178J4V3,I26S1C178J4V3,INGENIERIA INFORMATICA MULTIMEDIA,Tecnología,Tecnología de la Información y la Comunicación (TIC),Tecnología de la Información y la Comunicación (TIC),Profesional Con Licenciatura,Carreras Profesionales,NO ACREDITADA
2025|I26S1C83J4V2,I26S1C83J4V2,INGENIERIA INFORMATICA MULTIMEDIA,Tecnología,Tecnología de la Información y la Comunicación (TIC),Tecnología de la Información y la Comunicación (TIC),Profesional Con Licenciatura,Carreras Profesionales,NO ACREDITADA
2025|I26S1C83J4V3,I26S1C83J4V3,INGENIERIA INFORMATICA MULTIMEDIA,Tecnología,Tecnología de la Información y la Comunicación (TIC),Tecnología de la Información y la Comunicación (TIC),Profesional Con Licenciatura,Carreras Profesionales,NO ACREDITADA
2026|I26S1C178J4V2,I26S1C178J4V2,INGENIERIA INFORMATICA MULTIMEDIA,Tecnología,Tecnología de la Información y la Comunicación (TIC),Tecnología de la Información y la Comunicación (TIC),Profesional Con Licenciatura,Carreras Profesionales,NO ACREDITADA
2026|I26S1C178J4V3,I26S1C178J4V3,INGENIERIA INFORMATICA MULTIMEDIA,Tecnología,Tecnología de la Información y la Comunicación (TIC),Tecnología de la Información y la Comunicación (TIC),Profesional Con Licenciatura,Carreras Profesionales,NO ACREDITADA
2026|I26S1C83J4V2,I26S1C83J4V2,INGENIERIA INFORMATICA MULTIMEDIA,Tecnología,Tecnología de la Información y la Comunicación (TIC),Tecnología de la Información y la Comunicación (TIC),Profesional Con Licenciatura,Carreras Profesionales,NO ACREDITADA
2026|I26S1C83J4V3,I26S1C83J4V3,INGENIERIA INFORMATICA MULTIMEDIA,Tecnología,Tecnología de la Información y la Comunicación (TIC),Tecnología de la Información y la Comunicación (TIC),Profesional Con Licenciatura,Carreras Profesionales,NO ACREDITADA
2025|I89S4C35J3V4,I89S4C35J3V4,PLAN COMPLEMENTARIO INGENIERIA CIVIL MECANICA,Tecnología,"Ingeniería, Industria y Construcción",Ingeniería y Profesiones Afines,Profesional Con Licenciatura,Carreras Profesionales,NO ACREDITADA
2023|I91S1C520J4V1,I91S1C520J4V1,PLAN ESPECIAL DE INGENIERIA CIVIL AMBIENTAL,Tecnología,"Ingeniería, Industria y Construcción",Ingeniería y Profesiones Afines,Profesional Con Licenciatura,Carreras Profesionales,NO ACREDITADA
2024|I91S1C520J4V1,I91S1C520J4V1,PLAN ESPECIAL DE INGENIERIA CIVIL AMBIENTAL,Tecnología,"Ingeniería, Industria y Construcción",Ingeniería y Profesiones Afines,Profesional Con Licenciatura,Carreras Profesionales,NO ACREDITADA
2025|I91S1C520J4V1,I91S1C520J4V1,PLAN ESPECIAL DE INGENIERIA CIVIL AMBIENTAL,Tecnología,"Ingeniería, Industria y Construcción",Ingeniería y Profesiones Afines,Profesional Con Licenciatura,Carreras Profesionales,NO ACREDITADA
2026|I91S1C520J4V1,I91S1C520J4V1,PLAN ESPECIAL DE INGENIERIA CIVIL AMBIENTAL,Tecnología,"Ingeniería, Industria y Construcción",Ingeniería y Profesiones Afines,Profesional Con Licenciatura,Carreras Profesionales,NO ACREDITADA
2023|I91S1C521J4V1,I91S1C521J4V1,PLAN ESPECIAL DE INGENIERIA CIVIL QUIMICA,Tecnología,"Ingeniería, Industria y Construcción",Ingeniería y Profesiones Afines,Profesional Con Licenciatura,Carreras Profesionales,NO ACREDITADA
2024|I91S1C521J4V1,I91S1C521J4V1,PLAN ESPECIAL DE INGENIERIA CIVIL QUIMICA,Tecnología,"Ingeniería, Industria y Construcción",Ingeniería y Profesiones Afines,Profesional Con Licenciatura,Carreras Profesionales,NO ACREDITADA
2025|I91S1C521J4V1,I91S1C521J4V1,PLAN ESPECIAL DE INGENIERIA CIVIL QUIMICA,Tecnología,"Ingeniería, Industria y Construcción",Ingeniería y Profesiones Afines,Profesional Con Licenciatura,Carreras Profesionales,NO ACREDITADA
2026|I91S1C521J4V1,I91S1C521J4V1,PLAN ESPECIAL DE INGENIERIA CIVIL QUIMICA,Tecnología,"Ingeniería, Industria y Construcción",Ingeniería y Profesiones Afines,Profesional Con Licenciatura,Carreras Profesionales,NO ACREDITADA
2023|I91S1C522J4V1,I91S1C522J4V1,PLAN ESPECIAL DE INGENIERIA EN EJECUCION EN PROCESOS QUIMICOS,Tecnología,"Ingeniería, Industria y Construcción",Ingeniería y Profesiones Afines,Profesional Sin Licenciatura,Carreras Profesionales,NO ACREDITADA
2024|I91S1C522J4V1,I91S1C522J4V1,PLAN ESPECIAL DE INGENIERIA EN EJECUCION EN PROCESOS QUIMICOS,Tecnología,"Ingeniería, Industria y Construcción",Ingeniería y Profesiones Afines,Profesional Sin Licenciatura,Carreras Profesionales,NO ACREDITADA
2025|I91S1C522J4V1,I91S1C522J4V1,PLAN ESPECIAL DE INGENIERIA EN EJECUCION EN PROCESOS QUIMICOS,Tecnología,"Ingeniería, Industria y Construcción",Ingeniería y Profesiones Afines,Profesional Sin Licenciatura,Carreras Profesionales,NO ACREDITADA
2026|I91S1C522J4V1,I91S1C522J4V1,PLAN ESPECIAL DE INGENIERIA EN EJECUCION EN PROCESOS QUIMICOS,Tecnología,"Ingeniería, Industria y Construcción",Ingeniería y Profesiones Afines,Profesional Sin Licenciatura,Carreras Profesionales,NO ACREDITADA
2023|I120S1C26J3V2,I120S1C26J3V2,PLAN ESPECIAL DE TECNICO EN TOPOGRAFIA,Tecnología,"Ingeniería, Industria y Construcción",Arquitectura y Construcción,Técnico de Nivel Superior,Carreras Técnicas,NO ACREDITADA
2023|I120S2C26J3V2,I120S2C26J3V2,PLAN ESPECIAL DE TECNICO EN TOPOGRAFIA,Tecnología,"Ingeniería, Industria y Construcción",Arquitectura y Construcción,Técnico de Nivel Superior,Carreras Técnicas,NO ACREDITADA
2024|I120S1C26J3V2,I120S1C26J3V2,PLAN ESPECIAL DE TECNICO EN TOPOGRAFIA,Tecnología,"Ingeniería, Industria y Construcción",Arquitectura y Construcción,Técnico de Nivel Superior,Carreras Técnicas,NO ACREDITADA
2024|I120S2C26J3V2,I120S2C26J3V2,PLAN ESPECIAL DE TECNICO EN TOPOGRAFIA,Tecnología,"Ingeniería, Industria y Construcción",Arquitectura y Construcción,Técnico de Nivel Superior,Carreras Técnicas,NO ACREDITADA
2024|I120S3C26J3V2,I120S3C26J3V2,PLAN ESPECIAL DE TECNICO EN TOPOGRAFIA,Tecnología,"Ingeniería, Industria y Construcción",Arquitectura y Construcción,Técnico de Nivel Superior,Carreras Técnicas,NO ACREDITADA
2024|I120S4C26J3V2,I120S4C26J3V2,PLAN ESPECIAL DE TECNICO EN TOPOGRAFIA,Tecnología,"Ingeniería, Industria y Construcción",Arquitectura y Construcción,Técnico de Nivel Superior,Carreras Técnicas,NO ACREDITADA
2026|I120S1C26J3V2,I120S1C26J3V2,PLAN ESPECIAL DE TECNICO EN TOPOGRAFIA,Tecnología,"Ingeniería, Industria y Construcción",Arquitectura y Construcción,Técnico de Nivel Superior,Carreras Técnicas,NO ACREDITADA
2026|I120S2C26J3V2,I120S2C26J3V2,PLAN ESPECIAL DE TECNICO EN TOPOGRAFIA,Tecnología,"Ingeniería, Industria y Construcción",Arquitectura y Construcción,Técnico de Nivel Superior,Carreras Técnicas,NO ACREDITADA
2023|I71S1C120J4V1,I71S1C120J4V1,PLAN ESPECIAL INGENIERIA CIVIL INDUSTRIAL,Tecnología,"Ingeniería, Industria y Construcción",Ingeniería y Profesiones Afines,Profesional Con Licenciatura,Carreras Profesionales,NO ACREDITADA
2024|I71S1C120J4V1,I71S1C120J4V1,PLAN ESPECIAL INGENIERIA CIVIL INDUSTRIAL,Tecnología,"Ingeniería, Industria y Construcción",Ingeniería y Profesiones Afines,Profesional Con Licenciatura,Carreras Profesionales,NO ACREDITADA
2025|I71S1C120J4V1,I71S1C120J4V1,PLAN ESPECIAL INGENIERIA CIVIL INDUSTRIAL,Tecnología,"Ingeniería, Industria y Construcción",Ingeniería y Profesiones Afines,Profesional Con Licenciatura,Carreras Profesionales,NO ACREDITADA
2025|I71S1C120J4V2,I71S1C120J4V2,PLAN ESPECIAL INGENIERIA CIVIL INDUSTRIAL,Tecnología,"Ingeniería, Industria y Construcción",Ingeniería y Profesiones Afines,Profesional Con Licenciatura,Carreras Profesionales,NO ACREDITADA
2026|I71S1C120J4V1,I71S1C120J4V1,PLAN ESPECIAL INGENIERIA CIVIL INDUSTRIAL,Tecnología,"Ingeniería, Industria y Construcción",Ingeniería y Profesiones Afines,Profesional Con Licenciatura,Carreras Profesionales,NO ACREDITADA
2026|I71S1C120J4V2,I71S1C120J4V2,PLAN ESPECIAL INGENIERIA CIVIL INDUSTRIAL,Tecnología,"Ingeniería, Industria y Construcción",Ingeniería y Profesiones Afines,Profesional Con Licenciatura,Carreras Profesionales,NO ACREDITADA
2023|I71S1C127J4V1,I71S1C127J4V1,PLAN ESPECIAL INGENIERIA DE EJECUCION INDUSTRIAL,Tecnología,"Ingeniería, Industria y Construcción",Ingeniería y Profesiones Afines,Profesional Con Licenciatura,Carreras Profesionales,NO ACREDITADA
2024|I71S1C127J4V1,I71S1C127J4V1,PLAN ESPECIAL INGENIERIA DE EJECUCION INDUSTRIAL,Tecnología,"Ingeniería, Industria y Construcción",Ingeniería y Profesiones Afines,Profesional Con Licenciatura,Carreras Profesionales,NO ACREDITADA
2025|I71S1C127J4V1,I71S1C127J4V1,PLAN ESPECIAL INGENIERIA DE EJECUCION INDUSTRIAL,Tecnología,"Ingeniería, Industria y Construcción",Ingeniería y Profesiones Afines,Profesional Con Licenciatura,Carreras Profesionales,NO ACREDITADA
2026|I71S1C127J4V1,I71S1C127J4V1,PLAN ESPECIAL INGENIERIA DE EJECUCION INDUSTRIAL,Tecnología,"Ingeniería, Industria y Construcción",Ingeniería y Profesiones Afines,Profesional Con Licenciatura,Carreras Profesionales,NO ACREDITADA
2023|I120S1C110J2V2,I120S1C110J2V2,PLAN ESPECIAL INGENIERIA EN CONSTRUCCION,Tecnología,"Ingeniería, Industria y Construcción",Arquitectura y Construcción,Profesional Sin Licenciatura,Carreras Profesionales,NO ACREDITADA
2023|I120S3C110J1V1,I120S3C110J1V1,PLAN ESPECIAL INGENIERIA EN CONSTRUCCION,Tecnología,"Ingeniería, Industria y Construcción",Arquitectura y Construcción,Profesional Sin Licenciatura,Carreras Profesionales,NO ACREDITADA
2024|I120S1C110J2V2,I120S1C110J2V2,PLAN ESPECIAL INGENIERIA EN CONSTRUCCION,Tecnología,"Ingeniería, Industria y Construcción",Arquitectura y Construcción,Profesional Sin Licenciatura,Carreras Profesionales,NO ACREDITADA
2024|I120S3C110J1V1,I120S3C110J1V1,PLAN ESPECIAL INGENIERIA EN CONSTRUCCION,Tecnología,"Ingeniería, Industria y Construcción",Arquitectura y Construcción,Profesional Sin Licenciatura,Carreras Profesionales,NO ACREDITADA
2026|I120S1C110J2V2,I120S1C110J2V2,PLAN ESPECIAL INGENIERIA EN CONSTRUCCION,Tecnología,"Ingeniería, Industria y Construcción",Arquitectura y Construcción,Profesional Sin Licenciatura,Carreras Profesionales,NO ACREDITADA
2025|I100S10C302J4V2,I100S10C302J4V2,PLAN ESPECIAL TITULACION INGENIERIA EN INFORMATICA,Tecnología,Tecnología de la Información y la Comunicación (TIC),Tecnología de la Información y la Comunicación (TIC),Profesional Sin Licenciatura,Carreras Profesionales,NO ACREDITADA
2025|I100S13C302J4V2,I100S13C302J4V2,PLAN ESPECIAL TITULACION INGENIERIA EN INFORMATICA,Tecnología,Tecnología de la Información y la Comunicación (TIC),Tecnología de la Información y la Comunicación (TIC),Profesional Sin Licenciatura,Carreras Profesionales,NO ACREDITADA
2025|I100S14C302J4V2,I100S14C302J4V2,PLAN ESPECIAL TITULACION INGENIERIA EN INFORMATICA,Tecnología,Tecnología de la Información y la Comunicación (TIC),Tecnología de la Información y la Comunicación (TIC),Profesional Sin Licenciatura,Carreras Profesionales,NO ACREDITADA
2025|I100S15C302J4V2,I100S15C302J4V2,PLAN ESPECIAL TITULACION INGENIERIA EN INFORMATICA,Tecnología,Tecnología de la Información y la Comunicación (TIC),Tecnología de la Información y la Comunicación (TIC),Profesional Sin Licenciatura,Carreras Profesionales,NO ACREDITADA
2025|I100S16C302J4V2,I100S16C302J4V2,PLAN ESPECIAL TITULACION INGENIERIA EN INFORMATICA,Tecnología,Tecnología de la Información y la Comunicación (TIC),Tecnología de la Información y la Comunicación (TIC),Profesional Sin Licenciatura,Carreras Profesionales,NO ACREDITADA
2025|I100S19C302J4V2,I100S19C302J4V2,PLAN ESPECIAL TITULACION INGENIERIA EN INFORMATICA,Tecnología,Tecnología de la Información y la Comunicación (TIC),Tecnología de la Información y la Comunicación (TIC),Profesional Sin Licenciatura,Carreras Profesionales,NO ACREDITADA
2025|I100S20C302J4V2,I100S20C302J4V2,PLAN ESPECIAL TITULACION INGENIERIA EN INFORMATICA,Tecnología,Tecnología de la Información y la Comunicación (TIC),Tecnología de la Información y la Comunicación (TIC),Profesional Sin Licenciatura,Carreras Profesionales,NO ACREDITADA
2025|I100S21C302J4V2,I100S21C302J4V2,PLAN ESPECIAL TITULACION INGENIERIA EN INFORMATICA,Tecnología,Tecnología de la Información y la Comunicación (TIC),Tecnología de la Información y la Comunicación (TIC),Profesional Sin Licenciatura,Carreras Profesionales,NO ACREDITADA
2025|I100S23C302J4V2,I100S23C302J4V2,PLAN ESPECIAL TITULACION INGENIERIA EN INFORMATICA,Tecnología,Tecnología de la Información y la Comunicación (TIC),Tecnología de la Información y la Comunicación (TIC),Profesional Sin Licenciatura,Carreras Profesionales,NO ACREDITADA
2025|I100S24C302J4V2,I100S24C302J4V2,PLAN ESPECIAL TITULACION INGENIERIA EN INFORMATICA,Tecnología,Tecnología de la Información y la Comunicación (TIC),Tecnología de la Información y la Comunicación (TIC),Profesional Sin Licenciatura,Carreras Profesionales,NO ACREDITADA
2025|I100S26C302J4V2,I100S26C302J4V2,PLAN ESPECIAL TITULACION INGENIERIA EN INFORMATICA,Tecnología,Tecnología de la Información y la Comunicación (TIC),Tecnología de la Información y la Comunicación (TIC),Profesional Sin Licenciatura,Carreras Profesionales,NO ACREDITADA
2025|I100S29C302J4V2,I100S29C302J4V2,PLAN ESPECIAL TITULACION INGENIERIA EN INFORMATICA,Tecnología,Tecnología de la Información y la Comunicación (TIC),Tecnología de la Información y la Comunicación (TIC),Profesional Sin Licenciatura,Carreras Profesionales,NO ACREDITADA
2025|I100S30C302J4V2,I100S30C302J4V2,PLAN ESPECIAL TITULACION INGENIERIA EN INFORMATICA,Tecnología,Tecnología de la Información y la Comunicación (TIC),Tecnología de la Información y la Comunicación (TIC),Profesional Sin Licenciatura,Carreras Profesionales,NO ACREDITADA
2025|I100S34C302J4V2,I100S34C302J4V2,PLAN ESPECIAL TITULACION INGENIERIA EN INFORMATICA,Tecnología,Tecnología de la Información y la Comunicación (TIC),Tecnología de la Información y la Comunicación (TIC),Profesional Sin Licenciatura,Carreras Profesionales,NO ACREDITADA
2025|I100S37C302J4V2,I100S37C302J4V2,PLAN ESPECIAL TITULACION INGENIERIA EN INFORMATICA,Tecnología,Tecnología de la Información y la Comunicación (TIC),Tecnología de la Información y la Comunicación (TIC),Profesional Sin Licenciatura,Carreras Profesionales,NO ACREDITADA
2025|I100S38C302J4V2,I100S38C302J4V2,PLAN ESPECIAL TITULACION INGENIERIA EN INFORMATICA,Tecnología,Tecnología de la Información y la Comunicación (TIC),Tecnología de la Información y la Comunicación (TIC),Profesional Sin Licenciatura,Carreras Profesionales,NO ACREDITADA
2025|I100S39C302J4V2,I100S39C302J4V2,PLAN ESPECIAL TITULACION INGENIERIA EN INFORMATICA,Tecnología,Tecnología de la Información y la Comunicación (TIC),Tecnología de la Información y la Comunicación (TIC),Profesional Sin Licenciatura,Carreras Profesionales,NO ACREDITADA
2025|I100S40C302J4V2,I100S40C302J4V2,PLAN ESPECIAL TITULACION INGENIERIA EN INFORMATICA,Tecnología,Tecnología de la Información y la Comunicación (TIC),Tecnología de la Información y la Comunicación (TIC),Profesional Sin Licenciatura,Carreras Profesionales,NO ACREDITADA
2025|I100S4C302J4V2,I100S4C302J4V2,PLAN ESPECIAL TITULACION INGENIERIA EN INFORMATICA,Tecnología,Tecnología de la Información y la Comunicación (TIC),Tecnología de la Información y la Comunicación (TIC),Profesional Sin Licenciatura,Carreras Profesionales,NO ACREDITADA
2025|I100S5C302J4V2,I100S5C302J4V2,PLAN ESPECIAL TITULACION INGENIERIA EN INFORMATICA,Tecnología,Tecnología de la Información y la Comunicación (TIC),Tecnología de la Información y la Comunicación (TIC),Profesional Sin Licenciatura,Carreras Profesionales,NO ACREDITADA
2025|I100S9C302J4V2,I100S9C302J4V2,PLAN ESPECIAL TITULACION INGENIERIA EN INFORMATICA,Tecnología,Tecnología de la Información y la Comunicación (TIC),Tecnología de la Información y la Comunicación (TIC),Profesional Sin Licenciatura,Carreras Profesionales,NO ACREDITADA
2026|I100S15C302J4V2,I100S15C302J4V2,PLAN ESPECIAL TITULACION INGENIERIA EN INFORMATICA,Tecnología,Tecnología de la Información y la Comunicación (TIC),Tecnología de la Información y la Comunicación (TIC),Profesional Sin Licenciatura,Carreras Profesionales,NO ACREDITADA
2026|I100S16C302J4V2,I100S16C302J4V2,PLAN ESPECIAL TITULACION INGENIERIA EN INFORMATICA,Tecnología,Tecnología de la Información y la Comunicación (TIC),Tecnología de la Información y la Comunicación (TIC),Profesional Sin Licenciatura,Carreras Profesionales,NO ACREDITADA
2026|I100S21C302J4V2,I100S21C302J4V2,PLAN ESPECIAL TITULACION INGENIERIA EN INFORMATICA,Tecnología,Tecnología de la Información y la Comunicación (TIC),Tecnología de la Información y la Comunicación (TIC),Profesional Sin Licenciatura,Carreras Profesionales,NO ACREDITADA
2026|I100S23C302J4V2,I100S23C302J4V2,PLAN ESPECIAL TITULACION INGENIERIA EN INFORMATICA,Tecnología,Tecnología de la Información y la Comunicación (TIC),Tecnología de la Información y la Comunicación (TIC),Profesional Sin Licenciatura,Carreras Profesionales,NO ACREDITADA
2026|I100S24C302J4V2,I100S24C302J4V2,PLAN ESPECIAL TITULACION INGENIERIA EN INFORMATICA,Tecnología,Tecnología de la Información y la Comunicación (TIC),Tecnología de la Información y la Comunicación (TIC),Profesional Sin Licenciatura,Carreras Profesionales,NO ACREDITADA
2026|I100S29C302J4V2,I100S29C302J4V2,PLAN ESPECIAL TITULACION INGENIERIA EN INFORMATICA,Tecnología,Tecnología de la Información y la Comunicación (TIC),Tecnología de la Información y la Comunicación (TIC),Profesional Sin Licenciatura,Carreras Profesionales,NO ACREDITADA
2026|I100S30C302J4V2,I100S30C302J4V2,PLAN ESPECIAL TITULACION INGENIERIA EN INFORMATICA,Tecnología,Tecnología de la Información y la Comunicación (TIC),Tecnología de la Información y la Comunicación (TIC),Profesional Sin Licenciatura,Carreras Profesionales,NO ACREDITADA
2026|I100S34C302J4V2,I100S34C302J4V2,PLAN ESPECIAL TITULACION INGENIERIA EN INFORMATICA,Tecnología,Tecnología de la Información y la Comunicación (TIC),Tecnología de la Información y la Comunicación (TIC),Profesional Sin Licenciatura,Carreras Profesionales,NO ACREDITADA
2026|I100S37C302J4V2,I100S37C302J4V2,PLAN ESPECIAL TITULACION INGENIERIA EN INFORMATICA,Tecnología,Tecnología de la Información y la Comunicación (TIC),Tecnología de la Información y la Comunicación (TIC),Profesional Sin Licenciatura,Carreras Profesionales,NO ACREDITADA
2026|I100S38C302J4V2,I100S38C302J4V2,PLAN ESPECIAL TITULACION INGENIERIA EN INFORMATICA,Tecnología,Tecnología de la Información y la Comunicación (TIC),Tecnología de la Información y la Comunicación (TIC),Profesional Sin Licenciatura,Carreras Profesionales,NO ACREDITADA
2026|I100S39C302J4V2,I100S39C302J4V2,PLAN ESPECIAL TITULACION INGENIERIA EN INFORMATICA,Tecnología,Tecnología de la Información y la Comunicación (TIC),Tecnología de la Información y la Comunicación (TIC),Profesional Sin Licenciatura,Carreras Profesionales,NO ACREDITADA
2026|I100S5C302J4V2,I100S5C302J4V2,PLAN ESPECIAL TITULACION INGENIERIA EN INFORMATICA,Tecnología,Tecnología de la Información y la Comunicación (TIC),Tecnología de la Información y la Comunicación (TIC),Profesional Sin Licenciatura,Carreras Profesionales,NO ACREDITADA
2026|I100S9C302J4V2,I100S9C302J4V2,PLAN ESPECIAL TITULACION INGENIERIA EN INFORMATICA,Tecnología,Tecnología de la Información y la Comunicación (TIC),Tecnología de la Información y la Comunicación (TIC),Profesional Sin Licenciatura,Carreras Profesionales,NO ACREDITADA
2024|I214S1C102J4V2,I214S1C102J4V2,PREVENCION DE RIESGOS,Tecnología,Servicios,Servicios de Higiene y Salud Ocupacional,Técnico de Nivel Superior,Carreras Técnicas,NO ACREDITADA
2026|I91S1C518J3V2,I91S1C518J3V2,PROGRAMA ESPECIAL DE INGENIERIA CIVIL METALURGICA,Tecnología,"Ingeniería, Industria y Construcción",Ingeniería y Profesiones Afines,Profesional Con Licenciatura,Carreras Profesionales,NO ACREDITADA
2023|I143S28C94J4V1,I143S28C94J4V1,PROGRAMACION COMPUTACIONAL,Tecnología,Tecnología de la Información y la Comunicación (TIC),Tecnología de la Información y la Comunicación (TIC),Técnico de Nivel Superior,Carreras Técnicas,NO ACREDITADA
2026|I143S7C94J3V1,I143S7C94J3V1,PROGRAMACION COMPUTACIONAL,Tecnología,Tecnología de la Información y la Comunicación (TIC),Tecnología de la Información y la Comunicación (TIC),Técnico de Nivel Superior,Carreras Técnicas,NO ACREDITADA
2026|I143S28C677J4V1,I143S28C677J4V1,PROGRAMACION Y ANALISIS DE SISTEMAS,Tecnología,Tecnología de la Información y la Comunicación (TIC),Tecnología de la Información y la Comunicación (TIC),Técnico de Nivel Superior,Carreras Técnicas,NO ACREDITADA
2026|I71S1C912J3V1,I71S1C912J3V1,PROSECUCION DE ESTUDIOS DE INGENIERIA DE ALIMENTOS,Tecnología,"Ingeniería, Industria y Construcción",Industria y Producción,Profesional Con Licenciatura,Carreras Profesionales,NO ACREDITADA
2023|I117S1C84J4V1,I117S1C84J4V1,TECNICO DE NIVEL SUPERIOR AMBIENTAL Y GESTION ENERGETICA,Tecnología,"Ciencias naturales, matemáticas y estadística",Medio Ambiente,Técnico de Nivel Superior,Carreras Técnicas,NO ACREDITADA
2024|I117S1C84J4V1,I117S1C84J4V1,TECNICO DE NIVEL SUPERIOR AMBIENTAL Y GESTION ENERGETICA,Tecnología,"Ciencias naturales, matemáticas y estadística",Medio Ambiente,Técnico de Nivel Superior,Carreras Técnicas,NO ACREDITADA
2025|I117S1C84J4V1,I117S1C84J4V1,TECNICO DE NIVEL SUPERIOR AMBIENTAL Y GESTION ENERGETICA,Tecnología,"Ciencias naturales, matemáticas y estadística",Medio Ambiente,Técnico de Nivel Superior,Carreras Técnicas,NO ACREDITADA
2023|I106S6C307J4V1,I106S6C307J4V1,TECNICO DE NIVEL SUPERIOR ANALISTA DE SISTEMAS,Tecnología,Tecnología de la Información y la Comunicación (TIC),Tecnología de la Información y la Comunicación (TIC),Técnico de Nivel Superior,Carreras Técnicas,NO ACREDITADA
2024|I106S6C307J4V1,I106S6C307J4V1,TECNICO DE NIVEL SUPERIOR ANALISTA DE SISTEMAS,Tecnología,Tecnología de la Información y la Comunicación (TIC),Tecnología de la Información y la Comunicación (TIC),Técnico de Nivel Superior,Carreras Técnicas,NO ACREDITADA
2024|I106S6C307J4V2,I106S6C307J4V2,TECNICO DE NIVEL SUPERIOR ANALISTA DE SISTEMAS,Tecnología,Tecnología de la Información y la Comunicación (TIC),Tecnología de la Información y la Comunicación (TIC),Técnico de Nivel Superior,Carreras Técnicas,NO ACREDITADA
2025|I106S6C307J4V1,I106S6C307J4V1,TECNICO DE NIVEL SUPERIOR ANALISTA DE SISTEMAS,Tecnología,Tecnología de la Información y la Comunicación (TIC),Tecnología de la Información y la Comunicación (TIC),Técnico de Nivel Superior,Carreras Técnicas,NO ACREDITADA
2025|I106S6C307J4V2,I106S6C307J4V2,TECNICO DE NIVEL SUPERIOR ANALISTA DE SISTEMAS,Tecnología,Tecnología de la Información y la Comunicación (TIC),Tecnología de la Información y la Comunicación (TIC),Técnico de Nivel Superior,Carreras Técnicas,NO ACREDITADA
2026|I106S6C307J4V2,I106S6C307J4V2,TECNICO DE NIVEL SUPERIOR ANALISTA DE SISTEMAS,Tecnología,Tecnología de la Información y la Comunicación (TIC),Tecnología de la Información y la Comunicación (TIC),Técnico de Nivel Superior,Carreras Técnicas,NO ACREDITADA
2023|I117S1C114J4V1,I117S1C114J4V1,TECNICO DE NIVEL SUPERIOR EN ADMINISTRACION DE INFRAESTRUCTURA CLOUD,Tecnología,Tecnología de la Información y la Comunicación (TIC),Tecnología de la Información y la Comunicación (TIC),Técnico de Nivel Superior,Carreras Técnicas,NO ACREDITADA
2024|I117S1C114J4V1,I117S1C114J4V1,TECNICO DE NIVEL SUPERIOR EN ADMINISTRACION DE INFRAESTRUCTURA CLOUD,Tecnología,Tecnología de la Información y la Comunicación (TIC),Tecnología de la Información y la Comunicación (TIC),Técnico de Nivel Superior,Carreras Técnicas,NO ACREDITADA
2025|I117S1C114J4V1,I117S1C114J4V1,TECNICO DE NIVEL SUPERIOR EN ADMINISTRACION DE INFRAESTRUCTURA CLOUD,Tecnología,Tecnología de la Información y la Comunicación (TIC),Tecnología de la Información y la Comunicación (TIC),Técnico de Nivel Superior,Carreras Técnicas,NO ACREDITADA
2023|I117S1C68J4V1,I117S1C68J4V1,TECNICO DE NIVEL SUPERIOR EN ADMINISTRACION DE REDES,Tecnología,Tecnología de la Información y la Comunicación (TIC),Tecnología de la Información y la Comunicación (TIC),Técnico de Nivel Superior,Carreras Técnicas,NO ACREDITADA
2024|I117S1C68J4V1,I117S1C68J4V1,TECNICO DE NIVEL SUPERIOR EN ADMINISTRACION DE REDES,Tecnología,Tecnología de la Información y la Comunicación (TIC),Tecnología de la Información y la Comunicación (TIC),Técnico de Nivel Superior,Carreras Técnicas,NO ACREDITADA
2025|I117S1C68J4V1,I117S1C68J4V1,TECNICO DE NIVEL SUPERIOR EN ADMINISTRACION DE REDES,Tecnología,Tecnología de la Información y la Comunicación (TIC),Tecnología de la Información y la Comunicación (TIC),Técnico de Nivel Superior,Carreras Técnicas,NO ACREDITADA
2023|I117S1C46J4V1,I117S1C46J4V1,TECNICO DE NIVEL SUPERIOR EN ANALISIS Y PROGRAMACION COMPUTACIONAL,Tecnología,Tecnología de la Información y la Comunicación (TIC),Tecnología de la Información y la Comunicación (TIC),Técnico de Nivel Superior,Carreras Técnicas,NO ACREDITADA
2024|I117S1C46J4V1,I117S1C46J4V1,TECNICO DE NIVEL SUPERIOR EN ANALISIS Y PROGRAMACION COMPUTACIONAL,Tecnología,Tecnología de la Información y la Comunicación (TIC),Tecnología de la Información y la Comunicación (TIC),Técnico de Nivel Superior,Carreras Técnicas,NO ACREDITADA
2025|I117S1C46J4V1,I117S1C46J4V1,TECNICO DE NIVEL SUPERIOR EN ANALISIS Y PROGRAMACION COMPUTACIONAL,Tecnología,Tecnología de la Información y la Comunicación (TIC),Tecnología de la Información y la Comunicación (TIC),Técnico de Nivel Superior,Carreras Técnicas,NO ACREDITADA
2023|I312S1C120J4V1,I312S1C120J4V1,TECNICO DE NIVEL SUPERIOR EN ANALISTA PROGRAMADOR,Tecnología,Tecnología de la Información y la Comunicación (TIC),Tecnología de la Información y la Comunicación (TIC),Técnico de Nivel Superior,Carreras Técnicas,NO ACREDITADA
2024|I312S1C120J4V1,I312S1C120J4V1,TECNICO DE NIVEL SUPERIOR EN ANALISTA PROGRAMADOR,Tecnología,Tecnología de la Información y la Comunicación (TIC),Tecnología de la Información y la Comunicación (TIC),Técnico de Nivel Superior,Carreras Técnicas,NO ACREDITADA
2025|I312S1C120J4V1,I312S1C120J4V1,TECNICO DE NIVEL SUPERIOR EN ANALISTA PROGRAMADOR,Tecnología,Tecnología de la Información y la Comunicación (TIC),Tecnología de la Información y la Comunicación (TIC),Técnico de Nivel Superior,Carreras Técnicas,NO ACREDITADA
2026|I312S1C120J4V1,I312S1C120J4V1,TECNICO DE NIVEL SUPERIOR EN ANALISTA PROGRAMADOR,Tecnología,Tecnología de la Información y la Comunicación (TIC),Tecnología de la Información y la Comunicación (TIC),Técnico de Nivel Superior,Carreras Técnicas,NO ACREDITADA
2023|I117S1C90J4V1,I117S1C90J4V1,TECNICO DE NIVEL SUPERIOR EN AUTOMATIZACION Y CONTROL,Tecnología,"Ingeniería, Industria y Construcción",Ingeniería y Profesiones Afines,Técnico de Nivel Superior,Carreras Técnicas,NO ACREDITADA
2024|I117S1C90J4V1,I117S1C90J4V1,TECNICO DE NIVEL SUPERIOR EN AUTOMATIZACION Y CONTROL,Tecnología,"Ingeniería, Industria y Construcción",Ingeniería y Profesiones Afines,Técnico de Nivel Superior,Carreras Técnicas,NO ACREDITADA
2025|I117S1C90J4V1,I117S1C90J4V1,TECNICO DE NIVEL SUPERIOR EN AUTOMATIZACION Y CONTROL,Tecnología,"Ingeniería, Industria y Construcción",Ingeniería y Profesiones Afines,Técnico de Nivel Superior,Carreras Técnicas,NO ACREDITADA
2023|I117S1C97J4V1,I117S1C97J4V1,TECNICO DE NIVEL SUPERIOR EN CIBERSEGURIDAD,Tecnología,Tecnología de la Información y la Comunicación (TIC),Tecnología de la Información y la Comunicación (TIC),Técnico de Nivel Superior,Carreras Técnicas,NO ACREDITADA
2024|I113S7C543J4V3,I113S7C543J4V3,TECNICO DE NIVEL SUPERIOR EN CIBERSEGURIDAD,Tecnología,Tecnología de la Información y la Comunicación (TIC),Tecnología de la Información y la Comunicación (TIC),Técnico de Nivel Superior,Carreras Técnicas,NO ACREDITADA
2024|I117S1C97J4V1,I117S1C97J4V1,TECNICO DE NIVEL SUPERIOR EN CIBERSEGURIDAD,Tecnología,Tecnología de la Información y la Comunicación (TIC),Tecnología de la Información y la Comunicación (TIC),Técnico de Nivel Superior,Carreras Técnicas,NO ACREDITADA
2025|I113S13C543J4V3,I113S13C543J4V3,TECNICO DE NIVEL SUPERIOR EN CIBERSEGURIDAD,Tecnología,Tecnología de la Información y la Comunicación (TIC),Tecnología de la Información y la Comunicación (TIC),Técnico de Nivel Superior,Carreras Técnicas,NO ACREDITADA
2025|I113S7C543J4V3,I113S7C543J4V3,TECNICO DE NIVEL SUPERIOR EN CIBERSEGURIDAD,Tecnología,Tecnología de la Información y la Comunicación (TIC),Tecnología de la Información y la Comunicación (TIC),Técnico de Nivel Superior,Carreras Técnicas,NO ACREDITADA
2025|I117S1C97J4V1,I117S1C97J4V1,TECNICO DE NIVEL SUPERIOR EN CIBERSEGURIDAD,Tecnología,Tecnología de la Información y la Comunicación (TIC),Tecnología de la Información y la Comunicación (TIC),Técnico de Nivel Superior,Carreras Técnicas,NO ACREDITADA
2026|I113S13C543J4V3,I113S13C543J4V3,TECNICO DE NIVEL SUPERIOR EN CIBERSEGURIDAD,Tecnología,Tecnología de la Información y la Comunicación (TIC),Tecnología de la Información y la Comunicación (TIC),Técnico de Nivel Superior,Carreras Técnicas,NO ACREDITADA
2026|I113S7C543J4V3,I113S7C543J4V3,TECNICO DE NIVEL SUPERIOR EN CIBERSEGURIDAD,Tecnología,Tecnología de la Información y la Comunicación (TIC),Tecnología de la Información y la Comunicación (TIC),Técnico de Nivel Superior,Carreras Técnicas,NO ACREDITADA
2023|I106S6C317J4V1,I106S6C317J4V1,TECNICO DE NIVEL SUPERIOR EN CLOUD ADMINISTRATION,Tecnología,Tecnología de la Información y la Comunicación (TIC),Tecnología de la Información y la Comunicación (TIC),Técnico de Nivel Superior,Carreras Técnicas,NO ACREDITADA
2024|I106S6C317J4V1,I106S6C317J4V1,TECNICO DE NIVEL SUPERIOR EN CLOUD ADMINISTRATION,Tecnología,Tecnología de la Información y la Comunicación (TIC),Tecnología de la Información y la Comunicación (TIC),Técnico de Nivel Superior,Carreras Técnicas,NO ACREDITADA
2024|I106S6C317J4V2,I106S6C317J4V2,TECNICO DE NIVEL SUPERIOR EN CLOUD ADMINISTRATION,Tecnología,Tecnología de la Información y la Comunicación (TIC),Tecnología de la Información y la Comunicación (TIC),Técnico de Nivel Superior,Carreras Técnicas,NO ACREDITADA
2025|I106S6C317J4V2,I106S6C317J4V2,TECNICO DE NIVEL SUPERIOR EN CLOUD ADMINISTRATION,Tecnología,Tecnología de la Información y la Comunicación (TIC),Tecnología de la Información y la Comunicación (TIC),Técnico de Nivel Superior,Carreras Técnicas,NO ACREDITADA
2026|I106S6C317J4V2,I106S6C317J4V2,TECNICO DE NIVEL SUPERIOR EN CLOUD ADMINISTRATION,Tecnología,Tecnología de la Información y la Comunicación (TIC),Tecnología de la Información y la Comunicación (TIC),Técnico de Nivel Superior,Carreras Técnicas,NO ACREDITADA
2023|I176S3C110J3V1,I176S3C110J3V1,TECNICO DE NIVEL SUPERIOR EN CONSTRUCCION,Tecnología,"Ingeniería, Industria y Construcción",Arquitectura y Construcción,Técnico de Nivel Superior,Carreras Técnicas,NO ACREDITADA
2023|I176S7C110J3V1,I176S7C110J3V1,TECNICO DE NIVEL SUPERIOR EN CONSTRUCCION,Tecnología,"Ingeniería, Industria y Construcción",Arquitectura y Construcción,Técnico de Nivel Superior,Carreras Técnicas,NO ACREDITADA
2023|I46S11C533J3V2,I46S11C533J3V2,TECNICO DE NIVEL SUPERIOR EN CONSTRUCCION,Tecnología,"Ingeniería, Industria y Construcción",Arquitectura y Construcción,Técnico de Nivel Superior,Carreras Técnicas,NO ACREDITADA
2023|I534S1C66J4V1,I534S1C66J4V1,TECNICO DE NIVEL SUPERIOR EN CONSTRUCCION,Tecnología,"Ingeniería, Industria y Construcción",Arquitectura y Construcción,Técnico de Nivel Superior,Carreras Técnicas,NO ACREDITADA
2024|I176S3C110J3V1,I176S3C110J3V1,TECNICO DE NIVEL SUPERIOR EN CONSTRUCCION,Tecnología,"Ingeniería, Industria y Construcción",Arquitectura y Construcción,Técnico de Nivel Superior,Carreras Técnicas,NO ACREDITADA
2024|I534S1C66J4V1,I534S1C66J4V1,TECNICO DE NIVEL SUPERIOR EN CONSTRUCCION,Tecnología,"Ingeniería, Industria y Construcción",Arquitectura y Construcción,Técnico de Nivel Superior,Carreras Técnicas,NO ACREDITADA
2025|I117S1C126J4V1,I117S1C126J4V1,TECNICO DE NIVEL SUPERIOR EN CONSTRUCCION,Tecnología,"Ingeniería, Industria y Construcción",Arquitectura y Construcción,Técnico de Nivel Superior,Carreras Técnicas,NO ACREDITADA
2023|I46S12C195J3V2,I46S12C195J3V2,TECNICO DE NIVEL SUPERIOR EN CONSTRUCCION Y OBRAS CIVILES,Tecnología,"Ingeniería, Industria y Construcción",Arquitectura y Construcción,Técnico de Nivel Superior,Carreras Técnicas,NO ACREDITADA
2023|I106S6C309J4V1,I106S6C309J4V1,TECNICO DE NIVEL SUPERIOR EN CONTROL DE LA PRODUCCION INDUSTRIAL,Tecnología,"Ingeniería, Industria y Construcción",Ingeniería y Profesiones Afines,Técnico de Nivel Superior,Carreras Técnicas,NO ACREDITADA
2024|I106S6C309J4V1,I106S6C309J4V1,TECNICO DE NIVEL SUPERIOR EN CONTROL DE LA PRODUCCION INDUSTRIAL,Tecnología,"Ingeniería, Industria y Construcción",Ingeniería y Profesiones Afines,Técnico de Nivel Superior,Carreras Técnicas,NO ACREDITADA
2024|I106S6C309J4V2,I106S6C309J4V2,TECNICO DE NIVEL SUPERIOR EN CONTROL DE LA PRODUCCION INDUSTRIAL,Tecnología,"Ingeniería, Industria y Construcción",Ingeniería y Profesiones Afines,Técnico de Nivel Superior,Carreras Técnicas,NO ACREDITADA
2025|I106S6C309J4V1,I106S6C309J4V1,TECNICO DE NIVEL SUPERIOR EN CONTROL DE LA PRODUCCION INDUSTRIAL,Tecnología,"Ingeniería, Industria y Construcción",Ingeniería y Profesiones Afines,Técnico de Nivel Superior,Carreras Técnicas,NO ACREDITADA
2025|I106S6C309J4V2,I106S6C309J4V2,TECNICO DE NIVEL SUPERIOR EN CONTROL DE LA PRODUCCION INDUSTRIAL,Tecnología,"Ingeniería, Industria y Construcción",Ingeniería y Profesiones Afines,Técnico de Nivel Superior,Carreras Técnicas,NO ACREDITADA
2026|I106S6C309J4V2,I106S6C309J4V2,TECNICO DE NIVEL SUPERIOR EN CONTROL DE LA PRODUCCION INDUSTRIAL,Tecnología,"Ingeniería, Industria y Construcción",Ingeniería y Profesiones Afines,Técnico de Nivel Superior,Carreras Técnicas,NO ACREDITADA
2023|I117S1C69J4V1,I117S1C69J4V1,TECNICO DE NIVEL SUPERIOR EN CONTROL INDUSTRIAL,Tecnología,"Ingeniería, Industria y Construcción",Ingeniería y Profesiones Afines,Técnico de Nivel Superior,Carreras Técnicas,NO ACREDITADA
2024|I117S1C69J4V1,I117S1C69J4V1,TECNICO DE NIVEL SUPERIOR EN CONTROL INDUSTRIAL,Tecnología,"Ingeniería, Industria y Construcción",Ingeniería y Profesiones Afines,Técnico de Nivel Superior,Carreras Técnicas,NO ACREDITADA
2025|I117S1C69J4V1,I117S1C69J4V1,TECNICO DE NIVEL SUPERIOR EN CONTROL INDUSTRIAL,Tecnología,"Ingeniería, Industria y Construcción",Ingeniería y Profesiones Afines,Técnico de Nivel Superior,Carreras Técnicas,NO ACREDITADA
2023|I46S11C368J3V1,I46S11C368J3V1,TECNICO DE NIVEL SUPERIOR EN ELECTRICIDAD,Tecnología,"Ingeniería, Industria y Construcción",Ingeniería y Profesiones Afines,Técnico de Nivel Superior,Carreras Técnicas,NO ACREDITADA
2023|I534S1C67J4V1,I534S1C67J4V1,TECNICO DE NIVEL SUPERIOR EN ELECTRICIDAD,Tecnología,"Ingeniería, Industria y Construcción",Ingeniería y Profesiones Afines,Técnico de Nivel Superior,Carreras Técnicas,NO ACREDITADA
2024|I534S1C67J4V1,I534S1C67J4V1,TECNICO DE NIVEL SUPERIOR EN ELECTRICIDAD,Tecnología,"Ingeniería, Industria y Construcción",Ingeniería y Profesiones Afines,Técnico de Nivel Superior,Carreras Técnicas,NO ACREDITADA
2026|I113S7C126J4V1,I113S7C126J4V1,TECNICO DE NIVEL SUPERIOR EN ELECTRICIDAD,Tecnología,"Ingeniería, Industria y Construcción",Ingeniería y Profesiones Afines,Técnico de Nivel Superior,Carreras Técnicas,NO ACREDITADA
2023|I123S1C203J4V1,I123S1C203J4V1,TECNICO DE NIVEL SUPERIOR EN GESTION AMBIENTAL Y SUSTENTABILIDAD,Tecnología,"Ciencias naturales, matemáticas y estadística",Medio Ambiente,Técnico de Nivel Superior,Carreras Técnicas,NO ACREDITADA
2023|I123S2C203J4V1,I123S2C203J4V1,TECNICO DE NIVEL SUPERIOR EN GESTION AMBIENTAL Y SUSTENTABILIDAD,Tecnología,"Ciencias naturales, matemáticas y estadística",Medio Ambiente,Técnico de Nivel Superior,Carreras Técnicas,NO ACREDITADA
2023|I123S3C203J4V1,I123S3C203J4V1,TECNICO DE NIVEL SUPERIOR EN GESTION AMBIENTAL Y SUSTENTABILIDAD,Tecnología,"Ciencias naturales, matemáticas y estadística",Medio Ambiente,Técnico de Nivel Superior,Carreras Técnicas,NO ACREDITADA
2023|I123S5C203J4V1,I123S5C203J4V1,TECNICO DE NIVEL SUPERIOR EN GESTION AMBIENTAL Y SUSTENTABILIDAD,Tecnología,"Ciencias naturales, matemáticas y estadística",Medio Ambiente,Técnico de Nivel Superior,Carreras Técnicas,NO ACREDITADA
2024|I123S1C203J4V1,I123S1C203J4V1,TECNICO DE NIVEL SUPERIOR EN GESTION AMBIENTAL Y SUSTENTABILIDAD,Tecnología,"Ciencias naturales, matemáticas y estadística",Medio Ambiente,Técnico de Nivel Superior,Carreras Técnicas,NO ACREDITADA
2024|I123S2C203J4V1,I123S2C203J4V1,TECNICO DE NIVEL SUPERIOR EN GESTION AMBIENTAL Y SUSTENTABILIDAD,Tecnología,"Ciencias naturales, matemáticas y estadística",Medio Ambiente,Técnico de Nivel Superior,Carreras Técnicas,NO ACREDITADA
2024|I123S5C203J4V1,I123S5C203J4V1,TECNICO DE NIVEL SUPERIOR EN GESTION AMBIENTAL Y SUSTENTABILIDAD,Tecnología,"Ciencias naturales, matemáticas y estadística",Medio Ambiente,Técnico de Nivel Superior,Carreras Técnicas,NO ACREDITADA
2025|I123S2C203J4V1,I123S2C203J4V1,TECNICO DE NIVEL SUPERIOR EN GESTION AMBIENTAL Y SUSTENTABILIDAD,Tecnología,"Ciencias naturales, matemáticas y estadística",Medio Ambiente,Técnico de Nivel Superior,Carreras Técnicas,NO ACREDITADA
2026|I123S2C203J4V1,I123S2C203J4V1,TECNICO DE NIVEL SUPERIOR EN GESTION AMBIENTAL Y SUSTENTABILIDAD,Tecnología,"Ciencias naturales, matemáticas y estadística",Medio Ambiente,Técnico de Nivel Superior,Carreras Técnicas,NO ACREDITADA
2023|I117S1C59J4V1,I117S1C59J4V1,TECNICO DE NIVEL SUPERIOR EN GESTION DE CALIDAD Y AMBIENTE,Tecnología,"Ciencias naturales, matemáticas y estadística",Medio Ambiente,Técnico de Nivel Superior,Carreras Técnicas,NO ACREDITADA
2024|I117S1C59J4V1,I117S1C59J4V1,TECNICO DE NIVEL SUPERIOR EN GESTION DE CALIDAD Y AMBIENTE,Tecnología,"Ciencias naturales, matemáticas y estadística",Medio Ambiente,Técnico de Nivel Superior,Carreras Técnicas,NO ACREDITADA
2025|I117S1C59J4V1,I117S1C59J4V1,TECNICO DE NIVEL SUPERIOR EN GESTION DE CALIDAD Y AMBIENTE,Tecnología,"Ciencias naturales, matemáticas y estadística",Medio Ambiente,Técnico de Nivel Superior,Carreras Técnicas,NO ACREDITADA
2023|I117S1C102J4V1,I117S1C102J4V1,TECNICO DE NIVEL SUPERIOR EN GESTION ENERGETICA,Tecnología,"Ingeniería, Industria y Construcción",Ingeniería y Profesiones Afines,Técnico de Nivel Superior,Carreras Técnicas,NO ACREDITADA
2024|I117S1C102J4V1,I117S1C102J4V1,TECNICO DE NIVEL SUPERIOR EN GESTION ENERGETICA,Tecnología,"Ingeniería, Industria y Construcción",Ingeniería y Profesiones Afines,Técnico de Nivel Superior,Carreras Técnicas,NO ACREDITADA
2025|I117S1C102J4V1,I117S1C102J4V1,TECNICO DE NIVEL SUPERIOR EN GESTION ENERGETICA,Tecnología,"Ingeniería, Industria y Construcción",Ingeniería y Profesiones Afines,Técnico de Nivel Superior,Carreras Técnicas,NO ACREDITADA
2023|I106S6C286J4V1,I106S6C286J4V1,TECNICO DE NIVEL SUPERIOR EN INFORMATICA,Tecnología,Tecnología de la Información y la Comunicación (TIC),Tecnología de la Información y la Comunicación (TIC),Técnico de Nivel Superior,Carreras Técnicas,NO ACREDITADA
2023|I113S7C392J4V3,I113S7C392J4V3,TECNICO DE NIVEL SUPERIOR EN INFORMATICA,Tecnología,Tecnología de la Información y la Comunicación (TIC),Tecnología de la Información y la Comunicación (TIC),Técnico de Nivel Superior,Carreras Técnicas,NO ACREDITADA
2023|I117S1C17J4V1,I117S1C17J4V1,TECNICO DE NIVEL SUPERIOR EN INFORMATICA,Tecnología,Tecnología de la Información y la Comunicación (TIC),Tecnología de la Información y la Comunicación (TIC),Técnico de Nivel Superior,Carreras Técnicas,NO ACREDITADA
2024|I106S6C286J4V1,I106S6C286J4V1,TECNICO DE NIVEL SUPERIOR EN INFORMATICA,Tecnología,Tecnología de la Información y la Comunicación (TIC),Tecnología de la Información y la Comunicación (TIC),Técnico de Nivel Superior,Carreras Técnicas,NO ACREDITADA
2024|I106S6C286J4V2,I106S6C286J4V2,TECNICO DE NIVEL SUPERIOR EN INFORMATICA,Tecnología,Tecnología de la Información y la Comunicación (TIC),Tecnología de la Información y la Comunicación (TIC),Técnico de Nivel Superior,Carreras Técnicas,NO ACREDITADA
2024|I113S7C392J4V3,I113S7C392J4V3,TECNICO DE NIVEL SUPERIOR EN INFORMATICA,Tecnología,Tecnología de la Información y la Comunicación (TIC),Tecnología de la Información y la Comunicación (TIC),Técnico de Nivel Superior,Carreras Técnicas,NO ACREDITADA
2024|I117S1C17J4V1,I117S1C17J4V1,TECNICO DE NIVEL SUPERIOR EN INFORMATICA,Tecnología,Tecnología de la Información y la Comunicación (TIC),Tecnología de la Información y la Comunicación (TIC),Técnico de Nivel Superior,Carreras Técnicas,NO ACREDITADA
2025|I106S6C286J4V1,I106S6C286J4V1,TECNICO DE NIVEL SUPERIOR EN INFORMATICA,Tecnología,Tecnología de la Información y la Comunicación (TIC),Tecnología de la Información y la Comunicación (TIC),Técnico de Nivel Superior,Carreras Técnicas,NO ACREDITADA
2025|I106S6C286J4V2,I106S6C286J4V2,TECNICO DE NIVEL SUPERIOR EN INFORMATICA,Tecnología,Tecnología de la Información y la Comunicación (TIC),Tecnología de la Información y la Comunicación (TIC),Técnico de Nivel Superior,Carreras Técnicas,NO ACREDITADA
2025|I113S7C392J4V3,I113S7C392J4V3,TECNICO DE NIVEL SUPERIOR EN INFORMATICA,Tecnología,Tecnología de la Información y la Comunicación (TIC),Tecnología de la Información y la Comunicación (TIC),Técnico de Nivel Superior,Carreras Técnicas,NO ACREDITADA
2025|I117S1C17J4V1,I117S1C17J4V1,TECNICO DE NIVEL SUPERIOR EN INFORMATICA,Tecnología,Tecnología de la Información y la Comunicación (TIC),Tecnología de la Información y la Comunicación (TIC),Técnico de Nivel Superior,Carreras Técnicas,NO ACREDITADA
2026|I106S6C286J4V2,I106S6C286J4V2,TECNICO DE NIVEL SUPERIOR EN INFORMATICA,Tecnología,Tecnología de la Información y la Comunicación (TIC),Tecnología de la Información y la Comunicación (TIC),Técnico de Nivel Superior,Carreras Técnicas,NO ACREDITADA
2026|I113S7C392J4V3,I113S7C392J4V3,TECNICO DE NIVEL SUPERIOR EN INFORMATICA,Tecnología,Tecnología de la Información y la Comunicación (TIC),Tecnología de la Información y la Comunicación (TIC),Técnico de Nivel Superior,Carreras Técnicas,NO ACREDITADA
2023|I176S7C894J3V1,I176S7C894J3V1,TECNICO DE NIVEL SUPERIOR EN MANTENCION INDUSTRIAL,Tecnología,"Ingeniería, Industria y Construcción",Ingeniería y Profesiones Afines,Técnico de Nivel Superior,Carreras Técnicas,NO ACREDITADA
2023|I46S11C632J3V2,I46S11C632J3V2,TECNICO DE NIVEL SUPERIOR EN MANTENIMIENTO INDUSTRIAL,Tecnología,"Ingeniería, Industria y Construcción",Ingeniería y Profesiones Afines,Técnico de Nivel Superior,Carreras Técnicas,NO ACREDITADA
2023|I46S9C632J3V2,I46S9C632J3V2,TECNICO DE NIVEL SUPERIOR EN MANTENIMIENTO INDUSTRIAL,Tecnología,"Ingeniería, Industria y Construcción",Ingeniería y Profesiones Afines,Técnico de Nivel Superior,Carreras Técnicas,NO ACREDITADA
2023|I46S11C369J3V3,I46S11C369J3V3,TECNICO DE NIVEL SUPERIOR EN MECANICA INDUSTRIAL,Tecnología,"Ingeniería, Industria y Construcción",Ingeniería y Profesiones Afines,Técnico de Nivel Superior,Carreras Técnicas,NO ACREDITADA
2023|I46S11C534J3V3,I46S11C534J3V3,TECNICO DE NIVEL SUPERIOR EN METALURGIA EXTRACTIVA,Tecnología,"Ingeniería, Industria y Construcción",Ingeniería y Profesiones Afines,Técnico de Nivel Superior,Carreras Técnicas,NO ACREDITADA
2023|I46S11C174J3V1,I46S11C174J3V1,TECNICO DE NIVEL SUPERIOR EN MINAS,Tecnología,"Ingeniería, Industria y Construcción",Industria y Producción,Técnico de Nivel Superior,Carreras Técnicas,NO ACREDITADA
2023|I46S9C174J3V1,I46S9C174J3V1,TECNICO DE NIVEL SUPERIOR EN MINAS,Tecnología,"Ingeniería, Industria y Construcción",Industria y Producción,Técnico de Nivel Superior,Carreras Técnicas,NO ACREDITADA
2023|I46S11C661J3V2,I46S11C661J3V2,TECNICO DE NIVEL SUPERIOR EN MINERIA Y METALURGIA,Tecnología,"Ingeniería, Industria y Construcción",Industria y Producción,Técnico de Nivel Superior,Carreras Técnicas,NO ACREDITADA
2023|I312S1C96J4V3,I312S1C96J4V3,TECNICO DE NIVEL SUPERIOR EN OPERACION DE TRANSPORTE Y TRANSITO,Tecnología,Servicios,Servicios de Transportes,Técnico de Nivel Superior,Carreras Técnicas,NO ACREDITADA
2024|I312S1C96J4V2,I312S1C96J4V2,TECNICO DE NIVEL SUPERIOR EN OPERACION DE TRANSPORTE Y TRANSITO,Tecnología,Servicios,Servicios de Transportes,Técnico de Nivel Superior,Carreras Técnicas,NO ACREDITADA
2024|I312S1C96J4V3,I312S1C96J4V3,TECNICO DE NIVEL SUPERIOR EN OPERACION DE TRANSPORTE Y TRANSITO,Tecnología,Servicios,Servicios de Transportes,Técnico de Nivel Superior,Carreras Técnicas,NO ACREDITADA
2025|I312S1C96J4V3,I312S1C96J4V3,TECNICO DE NIVEL SUPERIOR EN OPERACION DE TRANSPORTE Y TRANSITO,Tecnología,Servicios,Servicios de Transportes,Técnico de Nivel Superior,Carreras Técnicas,NO ACREDITADA
2026|I312S1C96J4V3,I312S1C96J4V3,TECNICO DE NIVEL SUPERIOR EN OPERACION DE TRANSPORTE Y TRANSITO,Tecnología,Servicios,Servicios de Transportes,Técnico de Nivel Superior,Carreras Técnicas,NO ACREDITADA
2026|I113S7C611J4V1,I113S7C611J4V1,TECNICO DE NIVEL SUPERIOR EN OPERACIONES DE PLANTA MINERA,Tecnología,"Ingeniería, Industria y Construcción",Industria y Producción,Técnico de Nivel Superior,Carreras Técnicas,NO ACREDITADA
2023|I113S7C567J4V1,I113S7C567J4V1,TECNICO DE NIVEL SUPERIOR EN OPERACIONES PORTUARIAS,Tecnología,Servicios,Servicios de Transportes,Técnico de Nivel Superior,Carreras Técnicas,NO ACREDITADA
2024|I113S7C567J4V1,I113S7C567J4V1,TECNICO DE NIVEL SUPERIOR EN OPERACIONES PORTUARIAS,Tecnología,Servicios,Servicios de Transportes,Técnico de Nivel Superior,Carreras Técnicas,NO ACREDITADA
2025|I113S13C567J4V1,I113S13C567J4V1,TECNICO DE NIVEL SUPERIOR EN OPERACIONES PORTUARIAS,Tecnología,Servicios,Servicios de Transportes,Técnico de Nivel Superior,Carreras Técnicas,NO ACREDITADA
2025|I113S7C567J4V1,I113S7C567J4V1,TECNICO DE NIVEL SUPERIOR EN OPERACIONES PORTUARIAS,Tecnología,Servicios,Servicios de Transportes,Técnico de Nivel Superior,Carreras Técnicas,NO ACREDITADA
2025|I629S0C10J4V1,I629S0C10J4V1,TECNICO DE NIVEL SUPERIOR EN OPERACIONES PORTUARIAS,Tecnología,Servicios,Servicios de Transportes,Técnico de Nivel Superior,Carreras Técnicas,NO ACREDITADA
2026|I113S13C567J4V1,I113S13C567J4V1,TECNICO DE NIVEL SUPERIOR EN OPERACIONES PORTUARIAS,Tecnología,Servicios,Servicios de Transportes,Técnico de Nivel Superior,Carreras Técnicas,NO ACREDITADA
2026|I113S7C567J4V1,I113S7C567J4V1,TECNICO DE NIVEL SUPERIOR EN OPERACIONES PORTUARIAS,Tecnología,Servicios,Servicios de Transportes,Técnico de Nivel Superior,Carreras Técnicas,NO ACREDITADA
2026|I629S0C10J4V1,I629S0C10J4V1,TECNICO DE NIVEL SUPERIOR EN OPERACIONES PORTUARIAS,Tecnología,Servicios,Servicios de Transportes,Técnico de Nivel Superior,Carreras Técnicas,NO ACREDITADA
2023|I113S7C178J4V1,I113S7C178J4V1,TECNICO DE NIVEL SUPERIOR EN PREVENCION DE RIESGOS,Tecnología,Servicios,Servicios de Higiene y Salud Ocupacional,Técnico de Nivel Superior,Carreras Técnicas,NO ACREDITADA
2023|I176S3C23J3V3,I176S3C23J3V3,TECNICO DE NIVEL SUPERIOR EN PREVENCION DE RIESGOS,Tecnología,Servicios,Servicios de Higiene y Salud Ocupacional,Técnico de Nivel Superior,Carreras Técnicas,NO ACREDITADA
2023|I312S1C25J4V3,I312S1C25J4V3,TECNICO DE NIVEL SUPERIOR EN PREVENCION DE RIESGOS,Tecnología,Servicios,Servicios de Higiene y Salud Ocupacional,Técnico de Nivel Superior,Carreras Técnicas,NO ACREDITADA
2023|I534S1C31J4V2,I534S1C31J4V2,TECNICO DE NIVEL SUPERIOR EN PREVENCION DE RIESGOS,Tecnología,Servicios,Servicios de Higiene y Salud Ocupacional,Técnico de Nivel Superior,Carreras Técnicas,NO ACREDITADA
2024|I113S7C178J4V1,I113S7C178J4V1,TECNICO DE NIVEL SUPERIOR EN PREVENCION DE RIESGOS,Tecnología,Servicios,Servicios de Higiene y Salud Ocupacional,Técnico de Nivel Superior,Carreras Técnicas,NO ACREDITADA
2024|I176S3C23J3V3,I176S3C23J3V3,TECNICO DE NIVEL SUPERIOR EN PREVENCION DE RIESGOS,Tecnología,Servicios,Servicios de Higiene y Salud Ocupacional,Técnico de Nivel Superior,Carreras Técnicas,NO ACREDITADA
2024|I312S1C25J4V2,I312S1C25J4V2,TECNICO DE NIVEL SUPERIOR EN PREVENCION DE RIESGOS,Tecnología,Servicios,Servicios de Higiene y Salud Ocupacional,Técnico de Nivel Superior,Carreras Técnicas,NO ACREDITADA
2024|I534S1C31J4V2,I534S1C31J4V2,TECNICO DE NIVEL SUPERIOR EN PREVENCION DE RIESGOS,Tecnología,Servicios,Servicios de Higiene y Salud Ocupacional,Técnico de Nivel Superior,Carreras Técnicas,NO ACREDITADA
2024|I629S0C136J4V1,I629S0C136J4V1,TECNICO DE NIVEL SUPERIOR EN PREVENCION DE RIESGOS,Tecnología,Servicios,Servicios de Higiene y Salud Ocupacional,Técnico de Nivel Superior,Carreras Técnicas,NO ACREDITADA
2025|I113S13C178J4V1,I113S13C178J4V1,TECNICO DE NIVEL SUPERIOR EN PREVENCION DE RIESGOS,Tecnología,Servicios,Servicios de Higiene y Salud Ocupacional,Técnico de Nivel Superior,Carreras Técnicas,NO ACREDITADA
2025|I113S7C178J4V1,I113S7C178J4V1,TECNICO DE NIVEL SUPERIOR EN PREVENCION DE RIESGOS,Tecnología,Servicios,Servicios de Higiene y Salud Ocupacional,Técnico de Nivel Superior,Carreras Técnicas,NO ACREDITADA
2025|I312S1C25J4V3,I312S1C25J4V3,TECNICO DE NIVEL SUPERIOR EN PREVENCION DE RIESGOS,Tecnología,Servicios,Servicios de Higiene y Salud Ocupacional,Técnico de Nivel Superior,Carreras Técnicas,NO ACREDITADA
2025|I629S0C136J4V1,I629S0C136J4V1,TECNICO DE NIVEL SUPERIOR EN PREVENCION DE RIESGOS,Tecnología,Servicios,Servicios de Higiene y Salud Ocupacional,Técnico de Nivel Superior,Carreras Técnicas,NO ACREDITADA
2026|I113S7C178J4V1,I113S7C178J4V1,TECNICO DE NIVEL SUPERIOR EN PREVENCION DE RIESGOS,Tecnología,Servicios,Servicios de Higiene y Salud Ocupacional,Técnico de Nivel Superior,Carreras Técnicas,NO ACREDITADA
2026|I312S1C25J4V3,I312S1C25J4V3,TECNICO DE NIVEL SUPERIOR EN PREVENCION DE RIESGOS,Tecnología,Servicios,Servicios de Higiene y Salud Ocupacional,Técnico de Nivel Superior,Carreras Técnicas,NO ACREDITADA
2026|I629S0C136J4V1,I629S0C136J4V1,TECNICO DE NIVEL SUPERIOR EN PREVENCION DE RIESGOS,Tecnología,Servicios,Servicios de Higiene y Salud Ocupacional,Técnico de Nivel Superior,Carreras Técnicas,NO ACREDITADA
2024|I101S1C38J4V1,I101S1C38J4V1,TECNICO DE NIVEL SUPERIOR EN PREVENCION DE RIESGOS Y MEDIO AMBIENTE,Tecnología,Servicios,Servicios de Higiene y Salud Ocupacional,Técnico de Nivel Superior,Carreras Técnicas,NO ACREDITADA
2023|I113S7C568J4V1,I113S7C568J4V1,TECNICO DE NIVEL SUPERIOR EN PROCESOS INDUSTRIALES,Tecnología,"Ingeniería, Industria y Construcción",Industria y Producción,Técnico de Nivel Superior,Carreras Técnicas,NO ACREDITADA
2024|I113S7C568J4V1,I113S7C568J4V1,TECNICO DE NIVEL SUPERIOR EN PROCESOS INDUSTRIALES,Tecnología,"Ingeniería, Industria y Construcción",Industria y Producción,Técnico de Nivel Superior,Carreras Técnicas,NO ACREDITADA
2025|I113S13C568J4V1,I113S13C568J4V1,TECNICO DE NIVEL SUPERIOR EN PROCESOS INDUSTRIALES,Tecnología,"Ingeniería, Industria y Construcción",Industria y Producción,Técnico de Nivel Superior,Carreras Técnicas,NO ACREDITADA
2025|I113S7C568J4V1,I113S7C568J4V1,TECNICO DE NIVEL SUPERIOR EN PROCESOS INDUSTRIALES,Tecnología,"Ingeniería, Industria y Construcción",Industria y Producción,Técnico de Nivel Superior,Carreras Técnicas,NO ACREDITADA
2026|I113S13C568J4V1,I113S13C568J4V1,TECNICO DE NIVEL SUPERIOR EN PROCESOS INDUSTRIALES,Tecnología,"Ingeniería, Industria y Construcción",Industria y Producción,Técnico de Nivel Superior,Carreras Técnicas,NO ACREDITADA
2026|I113S7C568J4V1,I113S7C568J4V1,TECNICO DE NIVEL SUPERIOR EN PROCESOS INDUSTRIALES,Tecnología,"Ingeniería, Industria y Construcción",Industria y Producción,Técnico de Nivel Superior,Carreras Técnicas,NO ACREDITADA
2023|I117S1C73J4V1,I117S1C73J4V1,TECNICO DE NIVEL SUPERIOR EN PROCESOS MINEROS,Tecnología,"Ingeniería, Industria y Construcción",Industria y Producción,Técnico de Nivel Superior,Carreras Técnicas,NO ACREDITADA
2024|I117S1C73J4V1,I117S1C73J4V1,TECNICO DE NIVEL SUPERIOR EN PROCESOS MINEROS,Tecnología,"Ingeniería, Industria y Construcción",Industria y Producción,Técnico de Nivel Superior,Carreras Técnicas,NO ACREDITADA
2025|I117S1C73J4V1,I117S1C73J4V1,TECNICO DE NIVEL SUPERIOR EN PROCESOS MINEROS,Tecnología,"Ingeniería, Industria y Construcción",Industria y Producción,Técnico de Nivel Superior,Carreras Técnicas,NO ACREDITADA
2026|I113S7C613J4V1,I113S7C613J4V1,TECNICO DE NIVEL SUPERIOR EN PROCESOS MINEROS,Tecnología,"Ingeniería, Industria y Construcción",Industria y Producción,Técnico de Nivel Superior,Carreras Técnicas,NO ACREDITADA
2024|I113S7C593J4V1,I113S7C593J4V1,TECNICO DE NIVEL SUPERIOR EN PROGRAMACION,Tecnología,Tecnología de la Información y la Comunicación (TIC),Tecnología de la Información y la Comunicación (TIC),Técnico de Nivel Superior,Carreras Técnicas,NO ACREDITADA
2025|I113S13C593J4V1,I113S13C593J4V1,TECNICO DE NIVEL SUPERIOR EN PROGRAMACION,Tecnología,Tecnología de la Información y la Comunicación (TIC),Tecnología de la Información y la Comunicación (TIC),Técnico de Nivel Superior,Carreras Técnicas,NO ACREDITADA
2025|I113S7C593J4V1,I113S7C593J4V1,TECNICO DE NIVEL SUPERIOR EN PROGRAMACION,Tecnología,Tecnología de la Información y la Comunicación (TIC),Tecnología de la Información y la Comunicación (TIC),Técnico de Nivel Superior,Carreras Técnicas,NO ACREDITADA
2026|I113S7C593J4V1,I113S7C593J4V1,TECNICO DE NIVEL SUPERIOR EN PROGRAMACION,Tecnología,Tecnología de la Información y la Comunicación (TIC),Tecnología de la Información y la Comunicación (TIC),Técnico de Nivel Superior,Carreras Técnicas,NO ACREDITADA
2023|I106S6C318J4V1,I106S6C318J4V1,TECNICO DE NIVEL SUPERIOR EN SEGURIDAD INFORMATICA,Tecnología,Tecnología de la Información y la Comunicación (TIC),Tecnología de la Información y la Comunicación (TIC),Técnico de Nivel Superior,Carreras Técnicas,NO ACREDITADA
2024|I106S6C318J4V1,I106S6C318J4V1,TECNICO DE NIVEL SUPERIOR EN SEGURIDAD INFORMATICA,Tecnología,Tecnología de la Información y la Comunicación (TIC),Tecnología de la Información y la Comunicación (TIC),Técnico de Nivel Superior,Carreras Técnicas,NO ACREDITADA
2024|I106S6C318J4V2,I106S6C318J4V2,TECNICO DE NIVEL SUPERIOR EN SEGURIDAD INFORMATICA,Tecnología,Tecnología de la Información y la Comunicación (TIC),Tecnología de la Información y la Comunicación (TIC),Técnico de Nivel Superior,Carreras Técnicas,NO ACREDITADA
2025|I106S6C318J4V1,I106S6C318J4V1,TECNICO DE NIVEL SUPERIOR EN SEGURIDAD INFORMATICA,Tecnología,Tecnología de la Información y la Comunicación (TIC),Tecnología de la Información y la Comunicación (TIC),Técnico de Nivel Superior,Carreras Técnicas,NO ACREDITADA
2025|I106S6C318J4V2,I106S6C318J4V2,TECNICO DE NIVEL SUPERIOR EN SEGURIDAD INFORMATICA,Tecnología,Tecnología de la Información y la Comunicación (TIC),Tecnología de la Información y la Comunicación (TIC),Técnico de Nivel Superior,Carreras Técnicas,NO ACREDITADA
2026|I106S6C318J4V2,I106S6C318J4V2,TECNICO DE NIVEL SUPERIOR EN SEGURIDAD INFORMATICA,Tecnología,Tecnología de la Información y la Comunicación (TIC),Tecnología de la Información y la Comunicación (TIC),Técnico de Nivel Superior,Carreras Técnicas,NO ACREDITADA
2023|I312S1C116J4V1,I312S1C116J4V1,TECNICO DE NIVEL SUPERIOR EN SOPORTE INFORMATICO Y REDES,Tecnología,Tecnología de la Información y la Comunicación (TIC),Tecnología de la Información y la Comunicación (TIC),Técnico de Nivel Superior,Carreras Técnicas,NO ACREDITADA
2023|I312S1C116J4V4,I312S1C116J4V4,TECNICO DE NIVEL SUPERIOR EN SOPORTE INFORMATICO Y REDES,Tecnología,Tecnología de la Información y la Comunicación (TIC),Tecnología de la Información y la Comunicación (TIC),Técnico de Nivel Superior,Carreras Técnicas,NO ACREDITADA
2024|I312S1C116J4V1,I312S1C116J4V1,TECNICO DE NIVEL SUPERIOR EN SOPORTE INFORMATICO Y REDES,Tecnología,Tecnología de la Información y la Comunicación (TIC),Tecnología de la Información y la Comunicación (TIC),Técnico de Nivel Superior,Carreras Técnicas,NO ACREDITADA
2024|I312S1C116J4V4,I312S1C116J4V4,TECNICO DE NIVEL SUPERIOR EN SOPORTE INFORMATICO Y REDES,Tecnología,Tecnología de la Información y la Comunicación (TIC),Tecnología de la Información y la Comunicación (TIC),Técnico de Nivel Superior,Carreras Técnicas,NO ACREDITADA
2025|I312S1C116J4V1,I312S1C116J4V1,TECNICO DE NIVEL SUPERIOR EN SOPORTE INFORMATICO Y REDES,Tecnología,Tecnología de la Información y la Comunicación (TIC),Tecnología de la Información y la Comunicación (TIC),Técnico de Nivel Superior,Carreras Técnicas,NO ACREDITADA
2025|I312S1C116J4V4,I312S1C116J4V4,TECNICO DE NIVEL SUPERIOR EN SOPORTE INFORMATICO Y REDES,Tecnología,Tecnología de la Información y la Comunicación (TIC),Tecnología de la Información y la Comunicación (TIC),Técnico de Nivel Superior,Carreras Técnicas,NO ACREDITADA
2026|I312S1C116J4V1,I312S1C116J4V1,TECNICO DE NIVEL SUPERIOR EN SOPORTE INFORMATICO Y REDES,Tecnología,Tecnología de la Información y la Comunicación (TIC),Tecnología de la Información y la Comunicación (TIC),Técnico de Nivel Superior,Carreras Técnicas,NO ACREDITADA
2026|I312S1C116J4V4,I312S1C116J4V4,TECNICO DE NIVEL SUPERIOR EN SOPORTE INFORMATICO Y REDES,Tecnología,Tecnología de la Información y la Comunicación (TIC),Tecnología de la Información y la Comunicación (TIC),Técnico de Nivel Superior,Carreras Técnicas,NO ACREDITADA
2023|I117S1C103J4V1,I117S1C103J4V1,TECNICO DE NIVEL SUPERIOR EN TELECOMUNICACIONES,Tecnología,"Ingeniería, Industria y Construcción",Ingeniería y Profesiones Afines,Técnico de Nivel Superior,Carreras Técnicas,NO ACREDITADA
2024|I117S1C103J4V1,I117S1C103J4V1,TECNICO DE NIVEL SUPERIOR EN TELECOMUNICACIONES,Tecnología,"Ingeniería, Industria y Construcción",Ingeniería y Profesiones Afines,Técnico de Nivel Superior,Carreras Técnicas,NO ACREDITADA
2025|I117S1C103J4V1,I117S1C103J4V1,TECNICO DE NIVEL SUPERIOR EN TELECOMUNICACIONES,Tecnología,"Ingeniería, Industria y Construcción",Ingeniería y Profesiones Afines,Técnico de Nivel Superior,Carreras Técnicas,NO ACREDITADA
2026|I117S1C114J4V1,I117S1C114J4V1,TECNICO EN ADMINISTRACION DE INFRAESTRUCTURA CLOUD,Tecnología,Tecnología de la Información y la Comunicación (TIC),Tecnología de la Información y la Comunicación (TIC),Técnico de Nivel Superior,Carreras Técnicas,NO ACREDITADA
2026|I117S1C68J4V1,I117S1C68J4V1,TECNICO EN ADMINISTRACION DE REDES,Tecnología,Tecnología de la Información y la Comunicación (TIC),Tecnología de la Información y la Comunicación (TIC),Técnico de Nivel Superior,Carreras Técnicas,NO ACREDITADA
2026|I117S1C46J4V1,I117S1C46J4V1,TECNICO EN ANALISIS Y PROGRAMACION,Tecnología,Tecnología de la Información y la Comunicación (TIC),Tecnología de la Información y la Comunicación (TIC),Técnico de Nivel Superior,Carreras Técnicas,NO ACREDITADA
2025|I116S40C214J4V1,I116S40C214J4V1,TECNICO EN AUTOMATIZACION E INSTRUMENTACION INDUSTRIAL,Tecnología,"Ingeniería, Industria y Construcción",Ingeniería y Profesiones Afines,Técnico de Nivel Superior,Carreras Técnicas,NO ACREDITADA
2026|I116S40C214J4V1,I116S40C214J4V1,TECNICO EN AUTOMATIZACION E INSTRUMENTACION INDUSTRIAL,Tecnología,"Ingeniería, Industria y Construcción",Ingeniería y Profesiones Afines,Técnico de Nivel Superior,Carreras Técnicas,NO ACREDITADA
2024|I113S7C594J4V1,I113S7C594J4V1,TECNICO EN AUTOMATIZACION Y CONTROL,Tecnología,"Ingeniería, Industria y Construcción",Ingeniería y Profesiones Afines,Técnico de Nivel Superior,Carreras Técnicas,NO ACREDITADA
2025|I113S13C594J4V1,I113S13C594J4V1,TECNICO EN AUTOMATIZACION Y CONTROL,Tecnología,"Ingeniería, Industria y Construcción",Ingeniería y Profesiones Afines,Técnico de Nivel Superior,Carreras Técnicas,NO ACREDITADA
2025|I113S7C594J4V1,I113S7C594J4V1,TECNICO EN AUTOMATIZACION Y CONTROL,Tecnología,"Ingeniería, Industria y Construcción",Ingeniería y Profesiones Afines,Técnico de Nivel Superior,Carreras Técnicas,NO ACREDITADA
2026|I113S13C594J4V1,I113S13C594J4V1,TECNICO EN AUTOMATIZACION Y CONTROL,Tecnología,"Ingeniería, Industria y Construcción",Ingeniería y Profesiones Afines,Técnico de Nivel Superior,Carreras Técnicas,NO ACREDITADA
2026|I113S7C594J4V1,I113S7C594J4V1,TECNICO EN AUTOMATIZACION Y CONTROL,Tecnología,"Ingeniería, Industria y Construcción",Ingeniería y Profesiones Afines,Técnico de Nivel Superior,Carreras Técnicas,NO ACREDITADA
2026|I117S1C90J4V1,I117S1C90J4V1,TECNICO EN AUTOMATIZACION Y CONTROL,Tecnología,"Ingeniería, Industria y Construcción",Ingeniería y Profesiones Afines,Técnico de Nivel Superior,Carreras Técnicas,NO ACREDITADA
2023|I143S28C654J4V1,I143S28C654J4V1,TECNICO EN AUTOMATIZACION Y CONTROL INDUSTRIAL,Tecnología,"Ingeniería, Industria y Construcción",Ingeniería y Profesiones Afines,Técnico de Nivel Superior,Carreras Técnicas,NO ACREDITADA
2023|I218S1C150J4V2,I218S1C150J4V2,TECNICO EN AUTOMATIZACION Y CONTROL INDUSTRIAL,Tecnología,"Ingeniería, Industria y Construcción",Ingeniería y Profesiones Afines,Técnico de Nivel Superior,Carreras Técnicas,NO ACREDITADA
2024|I143S28C654J4V1,I143S28C654J4V1,TECNICO EN AUTOMATIZACION Y CONTROL INDUSTRIAL,Tecnología,"Ingeniería, Industria y Construcción",Ingeniería y Profesiones Afines,Técnico de Nivel Superior,Carreras Técnicas,NO ACREDITADA
2024|I218S1C150J4V2,I218S1C150J4V2,TECNICO EN AUTOMATIZACION Y CONTROL INDUSTRIAL,Tecnología,"Ingeniería, Industria y Construcción",Ingeniería y Profesiones Afines,Técnico de Nivel Superior,Carreras Técnicas,NO ACREDITADA
2025|I143S28C654J4V1,I143S28C654J4V1,TECNICO EN AUTOMATIZACION Y CONTROL INDUSTRIAL,Tecnología,"Ingeniería, Industria y Construcción",Ingeniería y Profesiones Afines,Técnico de Nivel Superior,Carreras Técnicas,NO ACREDITADA
2025|I218S1C150J4V2,I218S1C150J4V2,TECNICO EN AUTOMATIZACION Y CONTROL INDUSTRIAL,Tecnología,"Ingeniería, Industria y Construcción",Ingeniería y Profesiones Afines,Técnico de Nivel Superior,Carreras Técnicas,NO ACREDITADA
2026|I143S26C654J3V1,I143S26C654J3V1,TECNICO EN AUTOMATIZACION Y CONTROL INDUSTRIAL,Tecnología,"Ingeniería, Industria y Construcción",Ingeniería y Profesiones Afines,Técnico de Nivel Superior,Carreras Técnicas,NO ACREDITADA
2026|I143S28C654J4V1,I143S28C654J4V1,TECNICO EN AUTOMATIZACION Y CONTROL INDUSTRIAL,Tecnología,"Ingeniería, Industria y Construcción",Ingeniería y Profesiones Afines,Técnico de Nivel Superior,Carreras Técnicas,NO ACREDITADA
2026|I218S1C150J4V2,I218S1C150J4V2,TECNICO EN AUTOMATIZACION Y CONTROL INDUSTRIAL,Tecnología,"Ingeniería, Industria y Construcción",Ingeniería y Profesiones Afines,Técnico de Nivel Superior,Carreras Técnicas,NO ACREDITADA
2023|I123S2C221J4V1,I123S2C221J4V1,TECNICO EN CIBERSEGURIDAD,Tecnología,Tecnología de la Información y la Comunicación (TIC),Tecnología de la Información y la Comunicación (TIC),Técnico de Nivel Superior,Carreras Técnicas,NO ACREDITADA
2023|I143S28C709J4V1,I143S28C709J4V1,TECNICO EN CIBERSEGURIDAD,Tecnología,Tecnología de la Información y la Comunicación (TIC),Tecnología de la Información y la Comunicación (TIC),Técnico de Nivel Superior,Carreras Técnicas,NO ACREDITADA
2023|I162S2C47J4V1,I162S2C47J4V1,TECNICO EN CIBERSEGURIDAD,Tecnología,Tecnología de la Información y la Comunicación (TIC),Tecnología de la Información y la Comunicación (TIC),Técnico de Nivel Superior,Carreras Técnicas,NO ACREDITADA
2024|I123S2C221J4V1,I123S2C221J4V1,TECNICO EN CIBERSEGURIDAD,Tecnología,Tecnología de la Información y la Comunicación (TIC),Tecnología de la Información y la Comunicación (TIC),Técnico de Nivel Superior,Carreras Técnicas,NO ACREDITADA
2024|I143S28C709J4V1,I143S28C709J4V1,TECNICO EN CIBERSEGURIDAD,Tecnología,Tecnología de la Información y la Comunicación (TIC),Tecnología de la Información y la Comunicación (TIC),Técnico de Nivel Superior,Carreras Técnicas,NO ACREDITADA
2024|I162S2C47J4V1,I162S2C47J4V1,TECNICO EN CIBERSEGURIDAD,Tecnología,Tecnología de la Información y la Comunicación (TIC),Tecnología de la Información y la Comunicación (TIC),Técnico de Nivel Superior,Carreras Técnicas,NO ACREDITADA
2025|I123S2C221J4V1,I123S2C221J4V1,TECNICO EN CIBERSEGURIDAD,Tecnología,Tecnología de la Información y la Comunicación (TIC),Tecnología de la Información y la Comunicación (TIC),Técnico de Nivel Superior,Carreras Técnicas,NO ACREDITADA
2025|I143S28C709J4V1,I143S28C709J4V1,TECNICO EN CIBERSEGURIDAD,Tecnología,Tecnología de la Información y la Comunicación (TIC),Tecnología de la Información y la Comunicación (TIC),Técnico de Nivel Superior,Carreras Técnicas,NO ACREDITADA
2025|I162S2C47J4V1,I162S2C47J4V1,TECNICO EN CIBERSEGURIDAD,Tecnología,Tecnología de la Información y la Comunicación (TIC),Tecnología de la Información y la Comunicación (TIC),Técnico de Nivel Superior,Carreras Técnicas,NO ACREDITADA
2026|I117S1C97J4V1,I117S1C97J4V1,TECNICO EN CIBERSEGURIDAD,Tecnología,Tecnología de la Información y la Comunicación (TIC),Tecnología de la Información y la Comunicación (TIC),Técnico de Nivel Superior,Carreras Técnicas,NO ACREDITADA
2026|I123S2C221J4V1,I123S2C221J4V1,TECNICO EN CIBERSEGURIDAD,Tecnología,Tecnología de la Información y la Comunicación (TIC),Tecnología de la Información y la Comunicación (TIC),Técnico de Nivel Superior,Carreras Técnicas,NO ACREDITADA
2026|I143S28C709J4V1,I143S28C709J4V1,TECNICO EN CIBERSEGURIDAD,Tecnología,Tecnología de la Información y la Comunicación (TIC),Tecnología de la Información y la Comunicación (TIC),Técnico de Nivel Superior,Carreras Técnicas,NO ACREDITADA
2026|I162S2C47J4V1,I162S2C47J4V1,TECNICO EN CIBERSEGURIDAD,Tecnología,Tecnología de la Información y la Comunicación (TIC),Tecnología de la Información y la Comunicación (TIC),Técnico de Nivel Superior,Carreras Técnicas,NO ACREDITADA
2023|I123S2C52J4V1,I123S2C52J4V1,TECNICO EN CONECTIVIDAD Y REDES,Tecnología,Tecnología de la Información y la Comunicación (TIC),Tecnología de la Información y la Comunicación (TIC),Técnico de Nivel Superior,Carreras Técnicas,NO ACREDITADA
2023|I162S2C6J4V2,I162S2C6J4V2,TECNICO EN CONECTIVIDAD Y REDES,Tecnología,Tecnología de la Información y la Comunicación (TIC),Tecnología de la Información y la Comunicación (TIC),Técnico de Nivel Superior,Carreras Técnicas,NO ACREDITADA
2024|I123S2C52J4V1,I123S2C52J4V1,TECNICO EN CONECTIVIDAD Y REDES,Tecnología,Tecnología de la Información y la Comunicación (TIC),Tecnología de la Información y la Comunicación (TIC),Técnico de Nivel Superior,Carreras Técnicas,NO ACREDITADA
2024|I162S2C6J4V2,I162S2C6J4V2,TECNICO EN CONECTIVIDAD Y REDES,Tecnología,Tecnología de la Información y la Comunicación (TIC),Tecnología de la Información y la Comunicación (TIC),Técnico de Nivel Superior,Carreras Técnicas,NO ACREDITADA
2025|I123S2C52J4V1,I123S2C52J4V1,TECNICO EN CONECTIVIDAD Y REDES,Tecnología,Tecnología de la Información y la Comunicación (TIC),Tecnología de la Información y la Comunicación (TIC),Técnico de Nivel Superior,Carreras Técnicas,NO ACREDITADA
2025|I162S2C6J4V2,I162S2C6J4V2,TECNICO EN CONECTIVIDAD Y REDES,Tecnología,Tecnología de la Información y la Comunicación (TIC),Tecnología de la Información y la Comunicación (TIC),Técnico de Nivel Superior,Carreras Técnicas,NO ACREDITADA
2026|I123S2C52J4V1,I123S2C52J4V1,TECNICO EN CONECTIVIDAD Y REDES,Tecnología,Tecnología de la Información y la Comunicación (TIC),Tecnología de la Información y la Comunicación (TIC),Técnico de Nivel Superior,Carreras Técnicas,NO ACREDITADA
2026|I162S2C6J4V2,I162S2C6J4V2,TECNICO EN CONECTIVIDAD Y REDES,Tecnología,Tecnología de la Información y la Comunicación (TIC),Tecnología de la Información y la Comunicación (TIC),Técnico de Nivel Superior,Carreras Técnicas,NO ACREDITADA
2023|I152S10C457J4V1,I152S10C457J4V1,TECNICO EN CONECTIVIDAD Y TELECOMUNICACIONES,Tecnología,"Ingeniería, Industria y Construcción",Ingeniería y Profesiones Afines,Técnico de Nivel Superior,Carreras Técnicas,NO ACREDITADA
2024|I152S10C457J4V1,I152S10C457J4V1,TECNICO EN CONECTIVIDAD Y TELECOMUNICACIONES,Tecnología,"Ingeniería, Industria y Construcción",Ingeniería y Profesiones Afines,Técnico de Nivel Superior,Carreras Técnicas,NO ACREDITADA
2025|I152S10C457J4V1,I152S10C457J4V1,TECNICO EN CONECTIVIDAD Y TELECOMUNICACIONES,Tecnología,"Ingeniería, Industria y Construcción",Ingeniería y Profesiones Afines,Técnico de Nivel Superior,Carreras Técnicas,NO ACREDITADA
2026|I152S10C457J4V1,I152S10C457J4V1,TECNICO EN CONECTIVIDAD Y TELECOMUNICACIONES,Tecnología,"Ingeniería, Industria y Construcción",Ingeniería y Profesiones Afines,Técnico de Nivel Superior,Carreras Técnicas,NO ACREDITADA
2023|I152S10C279J3V2,I152S10C279J3V2,TECNICO EN CONSTRUCCION,Tecnología,"Ingeniería, Industria y Construcción",Arquitectura y Construcción,Técnico de Nivel Superior,Carreras Técnicas,NO ACREDITADA
2023|I534S1C66J4V2,I534S1C66J4V2,TECNICO EN CONSTRUCCION,Tecnología,"Ingeniería, Industria y Construcción",Arquitectura y Construcción,Técnico de Nivel Superior,Carreras Técnicas,NO ACREDITADA
2024|I152S10C279J3V2,I152S10C279J3V2,TECNICO EN CONSTRUCCION,Tecnología,"Ingeniería, Industria y Construcción",Arquitectura y Construcción,Técnico de Nivel Superior,Carreras Técnicas,NO ACREDITADA
2024|I214S1C49J4V2,I214S1C49J4V2,TECNICO EN CONSTRUCCION,Tecnología,"Ingeniería, Industria y Construcción",Arquitectura y Construcción,Técnico de Nivel Superior,Carreras Técnicas,NO ACREDITADA
2024|I534S1C66J4V2,I534S1C66J4V2,TECNICO EN CONSTRUCCION,Tecnología,"Ingeniería, Industria y Construcción",Arquitectura y Construcción,Técnico de Nivel Superior,Carreras Técnicas,NO ACREDITADA
2025|I152S10C279J3V2,I152S10C279J3V2,TECNICO EN CONSTRUCCION,Tecnología,"Ingeniería, Industria y Construcción",Arquitectura y Construcción,Técnico de Nivel Superior,Carreras Técnicas,NO ACREDITADA
2026|I117S1C126J4V1,I117S1C126J4V1,TECNICO EN CONSTRUCCION,Tecnología,"Ingeniería, Industria y Construcción",Arquitectura y Construcción,Técnico de Nivel Superior,Carreras Técnicas,NO ACREDITADA
2026|I143S27C26J3V1,I143S27C26J3V1,TECNICO EN CONSTRUCCION,Tecnología,"Ingeniería, Industria y Construcción",Arquitectura y Construcción,Técnico de Nivel Superior,Carreras Técnicas,NO ACREDITADA
2026|I143S28C26J3V1,I143S28C26J3V1,TECNICO EN CONSTRUCCION,Tecnología,"Ingeniería, Industria y Construcción",Arquitectura y Construcción,Técnico de Nivel Superior,Carreras Técnicas,NO ACREDITADA
2026|I152S10C279J3V2,I152S10C279J3V2,TECNICO EN CONSTRUCCION,Tecnología,"Ingeniería, Industria y Construcción",Arquitectura y Construcción,Técnico de Nivel Superior,Carreras Técnicas,NO ACREDITADA
2026|I143S28C759J4V1,I143S28C759J4V1,TECNICO EN CONSTRUCCION INDUSTRIALIZADA,Tecnología,"Ingeniería, Industria y Construcción",Arquitectura y Construcción,Técnico de Nivel Superior,Carreras Técnicas,NO ACREDITADA
2023|I152S10C458J4V1,I152S10C458J4V1,TECNICO EN CONTROL INDUSTRIAL,Tecnología,"Ingeniería, Industria y Construcción",Ingeniería y Profesiones Afines,Técnico de Nivel Superior,Carreras Técnicas,NO ACREDITADA
2024|I152S10C458J4V1,I152S10C458J4V1,TECNICO EN CONTROL INDUSTRIAL,Tecnología,"Ingeniería, Industria y Construcción",Ingeniería y Profesiones Afines,Técnico de Nivel Superior,Carreras Técnicas,NO ACREDITADA
2025|I152S10C458J4V1,I152S10C458J4V1,TECNICO EN CONTROL INDUSTRIAL,Tecnología,"Ingeniería, Industria y Construcción",Ingeniería y Profesiones Afines,Técnico de Nivel Superior,Carreras Técnicas,NO ACREDITADA
2026|I117S1C69J4V1,I117S1C69J4V1,TECNICO EN CONTROL INDUSTRIAL,Tecnología,"Ingeniería, Industria y Construcción",Ingeniería y Profesiones Afines,Técnico de Nivel Superior,Carreras Técnicas,NO ACREDITADA
2026|I152S10C458J4V1,I152S10C458J4V1,TECNICO EN CONTROL INDUSTRIAL,Tecnología,"Ingeniería, Industria y Construcción",Ingeniería y Profesiones Afines,Técnico de Nivel Superior,Carreras Técnicas,NO ACREDITADA
2025|I111S27C539J4V1,I111S27C539J4V1,TECNICO EN CONTROL Y MONITOREO REMOTO DE PROCESOS MINEROS,Tecnología,"Ingeniería, Industria y Construcción",Ingeniería y Profesiones Afines,Técnico de Nivel Superior,Carreras Técnicas,NO ACREDITADA
2026|I111S27C539J4V1,I111S27C539J4V1,TECNICO EN CONTROL Y MONITOREO REMOTO DE PROCESOS MINEROS,Tecnología,"Ingeniería, Industria y Construcción",Ingeniería y Profesiones Afines,Técnico de Nivel Superior,Carreras Técnicas,NO ACREDITADA
2023|I152S10C371J4V1,I152S10C371J4V1,TECNICO EN DESARROLLO DE APLICACIONES MULTIPLATAFORMA,Tecnología,Tecnología de la Información y la Comunicación (TIC),Tecnología de la Información y la Comunicación (TIC),Técnico de Nivel Superior,Carreras Técnicas,NO ACREDITADA
2024|I152S10C371J4V1,I152S10C371J4V1,TECNICO EN DESARROLLO DE APLICACIONES MULTIPLATAFORMA,Tecnología,Tecnología de la Información y la Comunicación (TIC),Tecnología de la Información y la Comunicación (TIC),Técnico de Nivel Superior,Carreras Técnicas,NO ACREDITADA
2025|I152S10C371J4V1,I152S10C371J4V1,TECNICO EN DESARROLLO DE APLICACIONES MULTIPLATAFORMA,Tecnología,Tecnología de la Información y la Comunicación (TIC),Tecnología de la Información y la Comunicación (TIC),Técnico de Nivel Superior,Carreras Técnicas,NO ACREDITADA
2026|I152S10C371J4V1,I152S10C371J4V1,TECNICO EN DESARROLLO DE APLICACIONES MULTIPLATAFORMA,Tecnología,Tecnología de la Información y la Comunicación (TIC),Tecnología de la Información y la Comunicación (TIC),Técnico de Nivel Superior,Carreras Técnicas,NO ACREDITADA
2026|I218S1C174J4V1,I218S1C174J4V1,TECNICO EN DESARROLLO DE SISTEMAS E INTEGRACION CON IA,Tecnología,Tecnología de la Información y la Comunicación (TIC),Tecnología de la Información y la Comunicación (TIC),Técnico de Nivel Superior,Carreras Técnicas,NO ACREDITADA
2023|I534S1C67J4V2,I534S1C67J4V2,TECNICO EN ELECTRICIDAD,Tecnología,"Ingeniería, Industria y Construcción",Ingeniería y Profesiones Afines,Técnico de Nivel Superior,Carreras Técnicas,NO ACREDITADA
2024|I214S1C316J4V2,I214S1C316J4V2,TECNICO EN ELECTRICIDAD,Tecnología,"Ingeniería, Industria y Construcción",Ingeniería y Profesiones Afines,Técnico de Nivel Superior,Carreras Técnicas,NO ACREDITADA
2024|I534S1C67J4V2,I534S1C67J4V2,TECNICO EN ELECTRICIDAD,Tecnología,"Ingeniería, Industria y Construcción",Ingeniería y Profesiones Afines,Técnico de Nivel Superior,Carreras Técnicas,NO ACREDITADA
2023|I143S28C616J3V2,I143S28C616J3V2,TECNICO EN ELECTRICIDAD Y ELECTRONICA,Tecnología,"Ingeniería, Industria y Construcción",Ingeniería y Profesiones Afines,Técnico de Nivel Superior,Carreras Técnicas,NO ACREDITADA
2024|I143S10C616J3V2,I143S10C616J3V2,TECNICO EN ELECTRICIDAD Y ELECTRONICA,Tecnología,"Ingeniería, Industria y Construcción",Ingeniería y Profesiones Afines,Técnico de Nivel Superior,Carreras Técnicas,NO ACREDITADA
2024|I143S28C616J3V2,I143S28C616J3V2,TECNICO EN ELECTRICIDAD Y ELECTRONICA,Tecnología,"Ingeniería, Industria y Construcción",Ingeniería y Profesiones Afines,Técnico de Nivel Superior,Carreras Técnicas,NO ACREDITADA
2025|I143S26C616J3V2,I143S26C616J3V2,TECNICO EN ELECTRICIDAD Y ELECTRONICA,Tecnología,"Ingeniería, Industria y Construcción",Ingeniería y Profesiones Afines,Técnico de Nivel Superior,Carreras Técnicas,NO ACREDITADA
2025|I143S28C616J3V2,I143S28C616J3V2,TECNICO EN ELECTRICIDAD Y ELECTRONICA,Tecnología,"Ingeniería, Industria y Construcción",Ingeniería y Profesiones Afines,Técnico de Nivel Superior,Carreras Técnicas,NO ACREDITADA
2026|I143S26C616J3V2,I143S26C616J3V2,TECNICO EN ELECTRICIDAD Y ELECTRONICA,Tecnología,"Ingeniería, Industria y Construcción",Ingeniería y Profesiones Afines,Técnico de Nivel Superior,Carreras Técnicas,NO ACREDITADA
2026|I143S28C616J3V2,I143S28C616J3V2,TECNICO EN ELECTRICIDAD Y ELECTRONICA,Tecnología,"Ingeniería, Industria y Construcción",Ingeniería y Profesiones Afines,Técnico de Nivel Superior,Carreras Técnicas,NO ACREDITADA
2026|I143S5C616J3V1,I143S5C616J3V1,TECNICO EN ELECTRICIDAD Y ELECTRONICA,Tecnología,"Ingeniería, Industria y Construcción",Ingeniería y Profesiones Afines,Técnico de Nivel Superior,Carreras Técnicas,NO ACREDITADA
2023|I152S10C431J4V1,I152S10C431J4V1,TECNICO EN ELECTRICO,Tecnología,"Ingeniería, Industria y Construcción",Ingeniería y Profesiones Afines,Técnico de Nivel Superior,Carreras Técnicas,NO ACREDITADA
2024|I152S10C431J4V1,I152S10C431J4V1,TECNICO EN ELECTRICO,Tecnología,"Ingeniería, Industria y Construcción",Ingeniería y Profesiones Afines,Técnico de Nivel Superior,Carreras Técnicas,NO ACREDITADA
2025|I152S10C431J4V1,I152S10C431J4V1,TECNICO EN ELECTRICO,Tecnología,"Ingeniería, Industria y Construcción",Ingeniería y Profesiones Afines,Técnico de Nivel Superior,Carreras Técnicas,NO ACREDITADA
2026|I152S10C431J4V1,I152S10C431J4V1,TECNICO EN ELECTRICO,Tecnología,"Ingeniería, Industria y Construcción",Ingeniería y Profesiones Afines,Técnico de Nivel Superior,Carreras Técnicas,NO ACREDITADA
2026|I117S1C135J4V1,I117S1C135J4V1,TECNICO EN ELECTROMOVILIDAD Y AUTOTRONICA,Tecnología,"Ingeniería, Industria y Construcción",Ingeniería y Profesiones Afines,Técnico de Nivel Superior,Carreras Técnicas,NO ACREDITADA
2025|I152S10C364J4V1,I152S10C364J4V1,TECNICO EN ENERGIAS RENOVABLES,Tecnología,"Ingeniería, Industria y Construcción",Ingeniería y Profesiones Afines,Técnico de Nivel Superior,Carreras Técnicas,NO ACREDITADA
2026|I117S1C102J4V1,I117S1C102J4V1,TECNICO EN ENERGIAS RENOVABLES,Tecnología,"Ingeniería, Industria y Construcción",Ingeniería y Profesiones Afines,Técnico de Nivel Superior,Carreras Técnicas,NO ACREDITADA
2026|I152S10C364J4V1,I152S10C364J4V1,TECNICO EN ENERGIAS RENOVABLES,Tecnología,"Ingeniería, Industria y Construcción",Ingeniería y Profesiones Afines,Técnico de Nivel Superior,Carreras Técnicas,NO ACREDITADA
2026|I435S1C100J3V2,I435S1C100J3V2,TECNICO EN ENERGIAS RENOVABLES Y EFICIENCIA ENERGETICA,Tecnología,"Ingeniería, Industria y Construcción",Ingeniería y Profesiones Afines,Técnico de Nivel Superior,Carreras Técnicas,NO ACREDITADA
2023|I152S10C396J4V1,I152S10C396J4V1,TECNICO EN GENERACION ELECTRICA LIMPIA,Tecnología,"Ingeniería, Industria y Construcción",Ingeniería y Profesiones Afines,Técnico de Nivel Superior,Carreras Técnicas,NO ACREDITADA
2024|I152S10C396J4V1,I152S10C396J4V1,TECNICO EN GENERACION ELECTRICA LIMPIA,Tecnología,"Ingeniería, Industria y Construcción",Ingeniería y Profesiones Afines,Técnico de Nivel Superior,Carreras Técnicas,NO ACREDITADA
2025|I152S10C396J4V1,I152S10C396J4V1,TECNICO EN GENERACION ELECTRICA LIMPIA,Tecnología,"Ingeniería, Industria y Construcción",Ingeniería y Profesiones Afines,Técnico de Nivel Superior,Carreras Técnicas,NO ACREDITADA
2026|I152S10C396J4V1,I152S10C396J4V1,TECNICO EN GENERACION ELECTRICA LIMPIA,Tecnología,"Ingeniería, Industria y Construcción",Ingeniería y Profesiones Afines,Técnico de Nivel Superior,Carreras Técnicas,NO ACREDITADA
2026|I117S1C59J4V1,I117S1C59J4V1,TECNICO EN GESTION DE CALIDAD Y AMBIENTE,Tecnología,"Ciencias naturales, matemáticas y estadística",Medio Ambiente,Técnico de Nivel Superior,Carreras Técnicas,NO ACREDITADA
2026|I143S28C731J4V1,I143S28C731J4V1,TECNICO EN GESTION DE OPERACIONES MINERAS,Tecnología,"Ingeniería, Industria y Construcción",Industria y Producción,Técnico de Nivel Superior,Carreras Técnicas,NO ACREDITADA
2024|I143S28C736J4V1,I143S28C736J4V1,TECNICO EN GESTION DE PROCESOS MINEROS,Tecnología,"Ingeniería, Industria y Construcción",Industria y Producción,Técnico de Nivel Superior,Carreras Técnicas,NO ACREDITADA
2025|I143S28C736J4V1,I143S28C736J4V1,TECNICO EN GESTION DE PROCESOS MINEROS,Tecnología,"Ingeniería, Industria y Construcción",Industria y Producción,Técnico de Nivel Superior,Carreras Técnicas,NO ACREDITADA
2026|I143S28C736J4V1,I143S28C736J4V1,TECNICO EN GESTION DE PROCESOS MINEROS,Tecnología,"Ingeniería, Industria y Construcción",Industria y Producción,Técnico de Nivel Superior,Carreras Técnicas,NO ACREDITADA
2026|I143S28C736J4V2,I143S28C736J4V2,TECNICO EN GESTION DE PROCESOS MINEROS,Tecnología,"Ingeniería, Industria y Construcción",Industria y Producción,Técnico de Nivel Superior,Carreras Técnicas,NO ACREDITADA
2026|I117S1C144J4V1,I117S1C144J4V1,TECNICO EN GESTION DEL MANTENIMIENTO INDUSTRIAL,Tecnología,"Ingeniería, Industria y Construcción",Ingeniería y Profesiones Afines,Técnico de Nivel Superior,Carreras Técnicas,NO ACREDITADA
2023|I143S28C708J4V1,I143S28C708J4V1,TECNICO EN GESTION INDUSTRIAL,Tecnología,"Ingeniería, Industria y Construcción",Ingeniería y Profesiones Afines,Técnico de Nivel Superior,Carreras Técnicas,NO ACREDITADA
2024|I143S28C708J4V1,I143S28C708J4V1,TECNICO EN GESTION INDUSTRIAL,Tecnología,"Ingeniería, Industria y Construcción",Ingeniería y Profesiones Afines,Técnico de Nivel Superior,Carreras Técnicas,NO ACREDITADA
2025|I143S28C708J4V1,I143S28C708J4V1,TECNICO EN GESTION INDUSTRIAL,Tecnología,"Ingeniería, Industria y Construcción",Ingeniería y Profesiones Afines,Técnico de Nivel Superior,Carreras Técnicas,NO ACREDITADA
2026|I143S28C708J4V1,I143S28C708J4V1,TECNICO EN GESTION INDUSTRIAL,Tecnología,"Ingeniería, Industria y Construcción",Ingeniería y Profesiones Afines,Técnico de Nivel Superior,Carreras Técnicas,NO ACREDITADA
2023|I152S10C283J4V4,I152S10C283J4V4,TECNICO EN INFORMATICA,Tecnología,Tecnología de la Información y la Comunicación (TIC),Tecnología de la Información y la Comunicación (TIC),Técnico de Nivel Superior,Carreras Técnicas,NO ACREDITADA
2024|I152S10C283J4V4,I152S10C283J4V4,TECNICO EN INFORMATICA,Tecnología,Tecnología de la Información y la Comunicación (TIC),Tecnología de la Información y la Comunicación (TIC),Técnico de Nivel Superior,Carreras Técnicas,NO ACREDITADA
2025|I152S10C283J4V4,I152S10C283J4V4,TECNICO EN INFORMATICA,Tecnología,Tecnología de la Información y la Comunicación (TIC),Tecnología de la Información y la Comunicación (TIC),Técnico de Nivel Superior,Carreras Técnicas,NO ACREDITADA
2026|I117S1C17J4V1,I117S1C17J4V1,TECNICO EN INFORMATICA,Tecnología,Tecnología de la Información y la Comunicación (TIC),Tecnología de la Información y la Comunicación (TIC),Técnico de Nivel Superior,Carreras Técnicas,NO ACREDITADA
2026|I152S10C283J4V4,I152S10C283J4V4,TECNICO EN INFORMATICA,Tecnología,Tecnología de la Información y la Comunicación (TIC),Tecnología de la Información y la Comunicación (TIC),Técnico de Nivel Superior,Carreras Técnicas,NO ACREDITADA
2026|I171S1C106J4V1,I171S1C106J4V1,TECNICO EN INFORMATICA,Tecnología,Tecnología de la Información y la Comunicación (TIC),Tecnología de la Información y la Comunicación (TIC),Técnico de Nivel Superior,Carreras Técnicas,NO ACREDITADA
2026|I162S2C117J4V1,I162S2C117J4V1,TECNICO EN INFRAESTRUCTURA CLOUD,Tecnología,Tecnología de la Información y la Comunicación (TIC),Tecnología de la Información y la Comunicación (TIC),Técnico de Nivel Superior,Carreras Técnicas,NO ACREDITADA
2023|I152S10C445J3V1,I152S10C445J3V1,TECNICO EN INSTALACIONES ELECTRICAS DOMICILIARIAS E INDUSTRIALES,Tecnología,"Ingeniería, Industria y Construcción",Ingeniería y Profesiones Afines,Técnico de Nivel Superior,Carreras Técnicas,NO ACREDITADA
2024|I152S10C445J3V1,I152S10C445J3V1,TECNICO EN INSTALACIONES ELECTRICAS DOMICILIARIAS E INDUSTRIALES,Tecnología,"Ingeniería, Industria y Construcción",Ingeniería y Profesiones Afines,Técnico de Nivel Superior,Carreras Técnicas,NO ACREDITADA
2025|I152S10C445J3V1,I152S10C445J3V1,TECNICO EN INSTALACIONES ELECTRICAS DOMICILIARIAS E INDUSTRIALES,Tecnología,"Ingeniería, Industria y Construcción",Ingeniería y Profesiones Afines,Técnico de Nivel Superior,Carreras Técnicas,NO ACREDITADA
2026|I152S10C445J3V1,I152S10C445J3V1,TECNICO EN INSTALACIONES ELECTRICAS DOMICILIARIAS E INDUSTRIALES,Tecnología,"Ingeniería, Industria y Construcción",Ingeniería y Profesiones Afines,Técnico de Nivel Superior,Carreras Técnicas,NO ACREDITADA
2023|I152S10C372J4V1,I152S10C372J4V1,TECNICO EN INSTRUMENTACION Y CONTROL INDUSTRIAL,Tecnología,"Ingeniería, Industria y Construcción",Ingeniería y Profesiones Afines,Técnico de Nivel Superior,Carreras Técnicas,NO ACREDITADA
2024|I152S10C372J4V1,I152S10C372J4V1,TECNICO EN INSTRUMENTACION Y CONTROL INDUSTRIAL,Tecnología,"Ingeniería, Industria y Construcción",Ingeniería y Profesiones Afines,Técnico de Nivel Superior,Carreras Técnicas,NO ACREDITADA
2025|I152S10C372J4V1,I152S10C372J4V1,TECNICO EN INSTRUMENTACION Y CONTROL INDUSTRIAL,Tecnología,"Ingeniería, Industria y Construcción",Ingeniería y Profesiones Afines,Técnico de Nivel Superior,Carreras Técnicas,NO ACREDITADA
2026|I152S10C372J4V1,I152S10C372J4V1,TECNICO EN INSTRUMENTACION Y CONTROL INDUSTRIAL,Tecnología,"Ingeniería, Industria y Construcción",Ingeniería y Profesiones Afines,Técnico de Nivel Superior,Carreras Técnicas,NO ACREDITADA
2023|I435S1C114J3V1,I435S1C114J3V1,TECNICO EN MANEJO DE AREAS SILVESTRES PROTEGIDAS,Tecnología,"Ciencias naturales, matemáticas y estadística",Medio Ambiente,Técnico de Nivel Superior,Carreras Técnicas,NO ACREDITADA
2023|I435S2C114J3V1,I435S2C114J3V1,TECNICO EN MANEJO DE AREAS SILVESTRES PROTEGIDAS,Tecnología,"Ciencias naturales, matemáticas y estadística",Medio Ambiente,Técnico de Nivel Superior,Carreras Técnicas,NO ACREDITADA
2024|I435S1C114J3V1,I435S1C114J3V1,TECNICO EN MANEJO DE AREAS SILVESTRES PROTEGIDAS,Tecnología,"Ciencias naturales, matemáticas y estadística",Medio Ambiente,Técnico de Nivel Superior,Carreras Técnicas,NO ACREDITADA
2024|I435S2C114J3V1,I435S2C114J3V1,TECNICO EN MANEJO DE AREAS SILVESTRES PROTEGIDAS,Tecnología,"Ciencias naturales, matemáticas y estadística",Medio Ambiente,Técnico de Nivel Superior,Carreras Técnicas,NO ACREDITADA
2025|I435S2C114J3V2,I435S2C114J3V2,TECNICO EN MANEJO DE AREAS SILVESTRES PROTEGIDAS,Tecnología,"Ciencias naturales, matemáticas y estadística",Medio Ambiente,Técnico de Nivel Superior,Carreras Técnicas,NO ACREDITADA
2025|I435S2C114J3V3,I435S2C114J3V3,TECNICO EN MANEJO DE AREAS SILVESTRES PROTEGIDAS,Tecnología,"Ciencias naturales, matemáticas y estadística",Medio Ambiente,Técnico de Nivel Superior,Carreras Técnicas,NO ACREDITADA
2026|I435S2C114J3V1,I435S2C114J3V1,TECNICO EN MANEJO DE AREAS SILVESTRES PROTEGIDAS,Tecnología,"Ciencias naturales, matemáticas y estadística",Medio Ambiente,Técnico de Nivel Superior,Carreras Técnicas,NO ACREDITADA
2026|I435S2C114J3V2,I435S2C114J3V2,TECNICO EN MANEJO DE AREAS SILVESTRES PROTEGIDAS,Tecnología,"Ciencias naturales, matemáticas y estadística",Medio Ambiente,Técnico de Nivel Superior,Carreras Técnicas,NO ACREDITADA
2026|I435S2C114J3V3,I435S2C114J3V3,TECNICO EN MANEJO DE AREAS SILVESTRES PROTEGIDAS,Tecnología,"Ciencias naturales, matemáticas y estadística",Medio Ambiente,Técnico de Nivel Superior,Carreras Técnicas,NO ACREDITADA
2025|I152S10C494J3V1,I152S10C494J3V1,TECNICO EN MECANICA AUTOMOTRIZ,Tecnología,"Ingeniería, Industria y Construcción",Ingeniería y Profesiones Afines,Técnico de Nivel Superior,Carreras Técnicas,NO ACREDITADA
2026|I152S10C494J3V1,I152S10C494J3V1,TECNICO EN MECANICA AUTOMOTRIZ,Tecnología,"Ingeniería, Industria y Construcción",Ingeniería y Profesiones Afines,Técnico de Nivel Superior,Carreras Técnicas,NO ACREDITADA
2023|I435S1C1J4V1,I435S1C1J4V1,TECNICO EN MEDIO AMBIENTE,Tecnología,"Ciencias naturales, matemáticas y estadística",Medio Ambiente,Técnico de Nivel Superior,Carreras Técnicas,NO ACREDITADA
2024|I435S1C1J4V1,I435S1C1J4V1,TECNICO EN MEDIO AMBIENTE,Tecnología,"Ciencias naturales, matemáticas y estadística",Medio Ambiente,Técnico de Nivel Superior,Carreras Técnicas,NO ACREDITADA
2025|I435S1C1J4V1,I435S1C1J4V1,TECNICO EN MEDIO AMBIENTE,Tecnología,"Ciencias naturales, matemáticas y estadística",Medio Ambiente,Técnico de Nivel Superior,Carreras Técnicas,NO ACREDITADA
2026|I435S1C1J4V1,I435S1C1J4V1,TECNICO EN MEDIO AMBIENTE,Tecnología,"Ciencias naturales, matemáticas y estadística",Medio Ambiente,Técnico de Nivel Superior,Carreras Técnicas,NO ACREDITADA
2024|I214S1C104J4V2,I214S1C104J4V2,TECNICO EN MINERIA,Tecnología,"Ingeniería, Industria y Construcción",Industria y Producción,Técnico de Nivel Superior,Carreras Técnicas,NO ACREDITADA
2024|I152S10C478J4V1,I152S10C478J4V1,TECNICO EN OPERACION DE PLANTA MINERA,Tecnología,"Ingeniería, Industria y Construcción",Industria y Producción,Técnico de Nivel Superior,Carreras Técnicas,NO ACREDITADA
2025|I152S10C478J4V1,I152S10C478J4V1,TECNICO EN OPERACION DE PLANTA MINERA,Tecnología,"Ingeniería, Industria y Construcción",Industria y Producción,Técnico de Nivel Superior,Carreras Técnicas,NO ACREDITADA
2026|I152S10C478J4V1,I152S10C478J4V1,TECNICO EN OPERACION DE PLANTA MINERA,Tecnología,"Ingeniería, Industria y Construcción",Industria y Producción,Técnico de Nivel Superior,Carreras Técnicas,NO ACREDITADA
2023|I117S1C35J4V1,I117S1C35J4V1,TECNICO EN PREVENCION DE RIESGOS,Tecnología,Servicios,Servicios de Higiene y Salud Ocupacional,Técnico de Nivel Superior,Carreras Técnicas,NO ACREDITADA
2023|I123S1C128J4V1,I123S1C128J4V1,TECNICO EN PREVENCION DE RIESGOS,Tecnología,Servicios,Servicios de Higiene y Salud Ocupacional,Técnico de Nivel Superior,Carreras Técnicas,NO ACREDITADA
2023|I123S2C128J4V1,I123S2C128J4V1,TECNICO EN PREVENCION DE RIESGOS,Tecnología,Servicios,Servicios de Higiene y Salud Ocupacional,Técnico de Nivel Superior,Carreras Técnicas,NO ACREDITADA
2023|I123S3C128J4V1,I123S3C128J4V1,TECNICO EN PREVENCION DE RIESGOS,Tecnología,Servicios,Servicios de Higiene y Salud Ocupacional,Técnico de Nivel Superior,Carreras Técnicas,NO ACREDITADA
2023|I123S5C128J4V1,I123S5C128J4V1,TECNICO EN PREVENCION DE RIESGOS,Tecnología,Servicios,Servicios de Higiene y Salud Ocupacional,Técnico de Nivel Superior,Carreras Técnicas,NO ACREDITADA
2023|I143S28C27J4V1,I143S28C27J4V1,TECNICO EN PREVENCION DE RIESGOS,Tecnología,Servicios,Servicios de Higiene y Salud Ocupacional,Técnico de Nivel Superior,Carreras Técnicas,NO ACREDITADA
2023|I152S10C50J4V3,I152S10C50J4V3,TECNICO EN PREVENCION DE RIESGOS,Tecnología,Servicios,Servicios de Higiene y Salud Ocupacional,Técnico de Nivel Superior,Carreras Técnicas,NO ACREDITADA
2024|I117S1C35J4V1,I117S1C35J4V1,TECNICO EN PREVENCION DE RIESGOS,Tecnología,Servicios,Servicios de Higiene y Salud Ocupacional,Técnico de Nivel Superior,Carreras Técnicas,NO ACREDITADA
2024|I123S1C128J4V1,I123S1C128J4V1,TECNICO EN PREVENCION DE RIESGOS,Tecnología,Servicios,Servicios de Higiene y Salud Ocupacional,Técnico de Nivel Superior,Carreras Técnicas,NO ACREDITADA
2024|I123S2C128J4V1,I123S2C128J4V1,TECNICO EN PREVENCION DE RIESGOS,Tecnología,Servicios,Servicios de Higiene y Salud Ocupacional,Técnico de Nivel Superior,Carreras Técnicas,NO ACREDITADA
2024|I143S28C27J4V1,I143S28C27J4V1,TECNICO EN PREVENCION DE RIESGOS,Tecnología,Servicios,Servicios de Higiene y Salud Ocupacional,Técnico de Nivel Superior,Carreras Técnicas,NO ACREDITADA
2024|I152S10C50J4V1,I152S10C50J4V1,TECNICO EN PREVENCION DE RIESGOS,Tecnología,Servicios,Servicios de Higiene y Salud Ocupacional,Técnico de Nivel Superior,Carreras Técnicas,NO ACREDITADA
2025|I117S1C35J4V1,I117S1C35J4V1,TECNICO EN PREVENCION DE RIESGOS,Tecnología,Servicios,Servicios de Higiene y Salud Ocupacional,Técnico de Nivel Superior,Carreras Técnicas,NO ACREDITADA
2025|I123S2C128J4V1,I123S2C128J4V1,TECNICO EN PREVENCION DE RIESGOS,Tecnología,Servicios,Servicios de Higiene y Salud Ocupacional,Técnico de Nivel Superior,Carreras Técnicas,NO ACREDITADA
2025|I143S28C27J4V1,I143S28C27J4V1,TECNICO EN PREVENCION DE RIESGOS,Tecnología,Servicios,Servicios de Higiene y Salud Ocupacional,Técnico de Nivel Superior,Carreras Técnicas,NO ACREDITADA
2025|I152S10C50J4V3,I152S10C50J4V3,TECNICO EN PREVENCION DE RIESGOS,Tecnología,Servicios,Servicios de Higiene y Salud Ocupacional,Técnico de Nivel Superior,Carreras Técnicas,NO ACREDITADA
2026|I117S1C35J4V1,I117S1C35J4V1,TECNICO EN PREVENCION DE RIESGOS,Tecnología,Servicios,Servicios de Higiene y Salud Ocupacional,Técnico de Nivel Superior,Carreras Técnicas,NO ACREDITADA
2026|I123S2C128J4V1,I123S2C128J4V1,TECNICO EN PREVENCION DE RIESGOS,Tecnología,Servicios,Servicios de Higiene y Salud Ocupacional,Técnico de Nivel Superior,Carreras Técnicas,NO ACREDITADA
2026|I143S28C27J4V1,I143S28C27J4V1,TECNICO EN PREVENCION DE RIESGOS,Tecnología,Servicios,Servicios de Higiene y Salud Ocupacional,Técnico de Nivel Superior,Carreras Técnicas,NO ACREDITADA
2026|I152S10C50J4V1,I152S10C50J4V1,TECNICO EN PREVENCION DE RIESGOS,Tecnología,Servicios,Servicios de Higiene y Salud Ocupacional,Técnico de Nivel Superior,Carreras Técnicas,NO ACREDITADA
2026|I162S2C10J4V1,I162S2C10J4V1,TECNICO EN PREVENCION DE RIESGOS,Tecnología,Servicios,Servicios de Higiene y Salud Ocupacional,Técnico de Nivel Superior,Carreras Técnicas,NO ACREDITADA
2025|I111S27C405J4V1,I111S27C405J4V1,TECNICO EN PREVENCION DE RIESGOS LABORALES,Tecnología,Servicios,Servicios de Higiene y Salud Ocupacional,Técnico de Nivel Superior,Carreras Técnicas,NO ACREDITADA
2026|I111S27C405J4V1,I111S27C405J4V1,TECNICO EN PREVENCION DE RIESGOS LABORALES,Tecnología,Servicios,Servicios de Higiene y Salud Ocupacional,Técnico de Nivel Superior,Carreras Técnicas,NO ACREDITADA
2026|I435S2C3J4V3,I435S2C3J4V3,TECNICO EN PREVENCION DE RIESGOS Y MEDIO AMBIENTE,Tecnología,Servicios,Servicios de Higiene y Salud Ocupacional,Técnico de Nivel Superior,Carreras Técnicas,NO ACREDITADA
2026|I117S1C73J4V1,I117S1C73J4V1,TECNICO EN PROCESOS MINEROS,Tecnología,"Ingeniería, Industria y Construcción",Industria y Producción,Técnico de Nivel Superior,Carreras Técnicas,NO ACREDITADA
2024|I106S3C349J4V1,I106S3C349J4V1,TECNICO EN PROGRAMACION,Tecnología,Tecnología de la Información y la Comunicación (TIC),Tecnología de la Información y la Comunicación (TIC),Técnico de Nivel Superior,Carreras Técnicas,NO ACREDITADA
2025|I106S3C349J4V1,I106S3C349J4V1,TECNICO EN PROGRAMACION,Tecnología,Tecnología de la Información y la Comunicación (TIC),Tecnología de la Información y la Comunicación (TIC),Técnico de Nivel Superior,Carreras Técnicas,NO ACREDITADA
2026|I106S3C349J4V1,I106S3C349J4V1,TECNICO EN PROGRAMACION,Tecnología,Tecnología de la Información y la Comunicación (TIC),Tecnología de la Información y la Comunicación (TIC),Técnico de Nivel Superior,Carreras Técnicas,NO ACREDITADA
2023|I143S28C677J4V1,I143S28C677J4V1,TECNICO EN PROGRAMACION Y ANALISIS DE SISTEMAS,Tecnología,Tecnología de la Información y la Comunicación (TIC),Tecnología de la Información y la Comunicación (TIC),Técnico de Nivel Superior,Carreras Técnicas,NO ACREDITADA
2023|I162S2C57J4V1,I162S2C57J4V1,TECNICO EN PROGRAMACION Y ANALISIS DE SISTEMAS,Tecnología,Tecnología de la Información y la Comunicación (TIC),Tecnología de la Información y la Comunicación (TIC),Técnico de Nivel Superior,Carreras Técnicas,NO ACREDITADA
2024|I143S26C17J3V1,I143S26C17J3V1,TECNICO EN PROGRAMACION Y ANALISIS DE SISTEMAS,Tecnología,Tecnología de la Información y la Comunicación (TIC),Tecnología de la Información y la Comunicación (TIC),Técnico de Nivel Superior,Carreras Técnicas,NO ACREDITADA
2024|I143S28C677J4V1,I143S28C677J4V1,TECNICO EN PROGRAMACION Y ANALISIS DE SISTEMAS,Tecnología,Tecnología de la Información y la Comunicación (TIC),Tecnología de la Información y la Comunicación (TIC),Técnico de Nivel Superior,Carreras Técnicas,NO ACREDITADA
2024|I162S2C57J4V1,I162S2C57J4V1,TECNICO EN PROGRAMACION Y ANALISIS DE SISTEMAS,Tecnología,Tecnología de la Información y la Comunicación (TIC),Tecnología de la Información y la Comunicación (TIC),Técnico de Nivel Superior,Carreras Técnicas,NO ACREDITADA
2025|I143S28C677J4V1,I143S28C677J4V1,TECNICO EN PROGRAMACION Y ANALISIS DE SISTEMAS,Tecnología,Tecnología de la Información y la Comunicación (TIC),Tecnología de la Información y la Comunicación (TIC),Técnico de Nivel Superior,Carreras Técnicas,NO ACREDITADA
2025|I162S2C57J4V1,I162S2C57J4V1,TECNICO EN PROGRAMACION Y ANALISIS DE SISTEMAS,Tecnología,Tecnología de la Información y la Comunicación (TIC),Tecnología de la Información y la Comunicación (TIC),Técnico de Nivel Superior,Carreras Técnicas,NO ACREDITADA
2026|I162S2C57J4V1,I162S2C57J4V1,TECNICO EN PROGRAMACION Y ANALISIS DE SISTEMAS,Tecnología,Tecnología de la Información y la Comunicación (TIC),Tecnología de la Información y la Comunicación (TIC),Técnico de Nivel Superior,Carreras Técnicas,NO ACREDITADA
2023|I152S10C459J4V1,I152S10C459J4V1,TECNICO EN REDES E INFRAESTRUCTURA CLOUD,Tecnología,Tecnología de la Información y la Comunicación (TIC),Tecnología de la Información y la Comunicación (TIC),Técnico de Nivel Superior,Carreras Técnicas,NO ACREDITADA
2024|I152S10C459J4V1,I152S10C459J4V1,TECNICO EN REDES E INFRAESTRUCTURA CLOUD,Tecnología,Tecnología de la Información y la Comunicación (TIC),Tecnología de la Información y la Comunicación (TIC),Técnico de Nivel Superior,Carreras Técnicas,NO ACREDITADA
2025|I152S10C459J4V1,I152S10C459J4V1,TECNICO EN REDES E INFRAESTRUCTURA CLOUD,Tecnología,Tecnología de la Información y la Comunicación (TIC),Tecnología de la Información y la Comunicación (TIC),Técnico de Nivel Superior,Carreras Técnicas,NO ACREDITADA
2026|I152S10C459J4V1,I152S10C459J4V1,TECNICO EN REDES E INFRAESTRUCTURA CLOUD,Tecnología,Tecnología de la Información y la Comunicación (TIC),Tecnología de la Información y la Comunicación (TIC),Técnico de Nivel Superior,Carreras Técnicas,NO ACREDITADA
2024|I106S3C350J4V1,I106S3C350J4V1,TECNICO EN REDES INFORMATICAS,Tecnología,Tecnología de la Información y la Comunicación (TIC),Tecnología de la Información y la Comunicación (TIC),Técnico de Nivel Superior,Carreras Técnicas,NO ACREDITADA
2025|I106S3C350J4V1,I106S3C350J4V1,TECNICO EN REDES INFORMATICAS,Tecnología,Tecnología de la Información y la Comunicación (TIC),Tecnología de la Información y la Comunicación (TIC),Técnico de Nivel Superior,Carreras Técnicas,NO ACREDITADA
2026|I106S3C350J4V1,I106S3C350J4V1,TECNICO EN REDES INFORMATICAS,Tecnología,Tecnología de la Información y la Comunicación (TIC),Tecnología de la Información y la Comunicación (TIC),Técnico de Nivel Superior,Carreras Técnicas,NO ACREDITADA
2025|I435S2C195J3V1,I435S2C195J3V1,TECNICO EN RESTAURACION ECOLOGICA,Tecnología,"Ciencias naturales, matemáticas y estadística",Medio Ambiente,Técnico de Nivel Superior,Carreras Técnicas,NO ACREDITADA
2026|I435S2C195J3V1,I435S2C195J3V1,TECNICO EN RESTAURACION ECOLOGICA,Tecnología,"Ciencias naturales, matemáticas y estadística",Medio Ambiente,Técnico de Nivel Superior,Carreras Técnicas,NO ACREDITADA
2026|I117S1C103J4V1,I117S1C103J4V1,TECNICO EN TELECOMUNICACIONES,Tecnología,"Ingeniería, Industria y Construcción",Ingeniería y Profesiones Afines,Técnico de Nivel Superior,Carreras Técnicas,NO ACREDITADA
2026|I117S1C146J4V1,I117S1C146J4V1,TECNICO EN TELECOMUNICACIONES Y REDES INTELIGENTES,Tecnología,"Ingeniería, Industria y Construcción",Ingeniería y Profesiones Afines,Técnico de Nivel Superior,Carreras Técnicas,NO ACREDITADA
2023|I152S10C421J4V1,I152S10C421J4V1,TECNICO INDUSTRIAL,Tecnología,"Ingeniería, Industria y Construcción",Ingeniería y Profesiones Afines,Técnico de Nivel Superior,Carreras Técnicas,NO ACREDITADA
2024|I152S10C421J4V1,I152S10C421J4V1,TECNICO INDUSTRIAL,Tecnología,"Ingeniería, Industria y Construcción",Ingeniería y Profesiones Afines,Técnico de Nivel Superior,Carreras Técnicas,NO ACREDITADA
2025|I152S10C421J4V1,I152S10C421J4V1,TECNICO INDUSTRIAL,Tecnología,"Ingeniería, Industria y Construcción",Ingeniería y Profesiones Afines,Técnico de Nivel Superior,Carreras Técnicas,NO ACREDITADA
2026|I152S10C421J4V1,I152S10C421J4V1,TECNICO INDUSTRIAL,Tecnología,"Ingeniería, Industria y Construcción",Ingeniería y Profesiones Afines,Técnico de Nivel Superior,Carreras Técnicas,NO ACREDITADA
2026|I10S7C1005J4V1,I10S7C1005J4V1,TECNICO UNIVERSITARIO EN AUTOMATIZACION Y ROBOTICA INDUSTRIAL,Tecnología,"Ingeniería, Industria y Construcción",Ingeniería y Profesiones Afines,Técnico de Nivel Superior,Carreras Técnicas,NO ACREDITADA
2023|I10S7C801J4V1,I10S7C801J4V1,TECNICO UNIVERSITARIO EN CIBERSEGURIDAD,Tecnología,Tecnología de la Información y la Comunicación (TIC),Tecnología de la Información y la Comunicación (TIC),Técnico de Nivel Superior,Carreras Técnicas,NO ACREDITADA
2024|I10S7C801J4V1,I10S7C801J4V1,TECNICO UNIVERSITARIO EN CIBERSEGURIDAD,Tecnología,Tecnología de la Información y la Comunicación (TIC),Tecnología de la Información y la Comunicación (TIC),Técnico de Nivel Superior,Carreras Técnicas,NO ACREDITADA
2025|I10S7C801J4V1,I10S7C801J4V1,TECNICO UNIVERSITARIO EN CIBERSEGURIDAD,Tecnología,Tecnología de la Información y la Comunicación (TIC),Tecnología de la Información y la Comunicación (TIC),Técnico de Nivel Superior,Carreras Técnicas,NO ACREDITADA
2026|I10S7C801J4V1,I10S7C801J4V1,TECNICO UNIVERSITARIO EN CIBERSEGURIDAD,Tecnología,Tecnología de la Información y la Comunicación (TIC),Tecnología de la Información y la Comunicación (TIC),Técnico de Nivel Superior,Carreras Técnicas,NO ACREDITADA
2026|I71S1C77J3V2,I71S1C77J3V2,TECNICO UNIVERSITARIO EN CONSTRUCCIONES,Tecnología,"Ingeniería, Industria y Construcción",Arquitectura y Construcción,Técnico de Nivel Superior,Carreras Técnicas,NO ACREDITADA
2025|I10S7C942J4V1,I10S7C942J4V1,TECNICO UNIVERSITARIO EN INFORMATICA,Tecnología,Tecnología de la Información y la Comunicación (TIC),Tecnología de la Información y la Comunicación (TIC),Técnico de Nivel Superior,Carreras Técnicas,NO ACREDITADA
2026|I10S7C942J4V1,I10S7C942J4V1,TECNICO UNIVERSITARIO EN INFORMATICA,Tecnología,Tecnología de la Información y la Comunicación (TIC),Tecnología de la Información y la Comunicación (TIC),Técnico de Nivel Superior,Carreras Técnicas,NO ACREDITADA
2026|I71S1C451J2V2,I71S1C451J2V2,TECNICO UNIVERSITARIO EN INSTRUMENTACION Y AUTOMATIZACION,Tecnología,"Ingeniería, Industria y Construcción",Ingeniería y Profesiones Afines,Técnico de Nivel Superior,Carreras Técnicas,NO ACREDITADA
2026|I71S1C748J2V1,I71S1C748J2V1,TECNICO UNIVERSITARIO EN MANTENCION DE EQUIPOS INDUSTRIALES,Tecnología,"Ingeniería, Industria y Construcción",Ingeniería y Profesiones Afines,Técnico de Nivel Superior,Carreras Técnicas,NO ACREDITADA
2025|I10S7C944J4V1,I10S7C944J4V1,TECNICO UNIVERSITARIO EN MINERIA REMOTA INTELIGENTE,Tecnología,"Ingeniería, Industria y Construcción",Industria y Producción,Técnico de Nivel Superior,Carreras Técnicas,NO ACREDITADA
2026|I10S7C944J4V1,I10S7C944J4V1,TECNICO UNIVERSITARIO EN MINERIA REMOTA INTELIGENTE,Tecnología,"Ingeniería, Industria y Construcción",Industria y Producción,Técnico de Nivel Superior,Carreras Técnicas,NO ACREDITADA
2023|I10S7C861J4V1,I10S7C861J4V1,TECNICO UNIVERSITARIO EN PREVENCION DE RIESGOS,Tecnología,Servicios,Servicios de Higiene y Salud Ocupacional,Técnico de Nivel Superior,Carreras Técnicas,NO ACREDITADA
2023|I10S7C862J4V1,I10S7C862J4V1,TECNICO UNIVERSITARIO EN PROGRAMACION COMPUTACIONAL,Tecnología,Tecnología de la Información y la Comunicación (TIC),Tecnología de la Información y la Comunicación (TIC),Técnico de Nivel Superior,Carreras Técnicas,NO ACREDITADA
2024|I10S7C862J4V1,I10S7C862J4V1,TECNICO UNIVERSITARIO EN PROGRAMACION COMPUTACIONAL,Tecnología,Tecnología de la Información y la Comunicación (TIC),Tecnología de la Información y la Comunicación (TIC),Técnico de Nivel Superior,Carreras Técnicas,NO ACREDITADA
2025|I10S7C862J4V1,I10S7C862J4V1,TECNICO UNIVERSITARIO EN PROGRAMACION COMPUTACIONAL,Tecnología,Tecnología de la Información y la Comunicación (TIC),Tecnología de la Información y la Comunicación (TIC),Técnico de Nivel Superior,Carreras Técnicas,NO ACREDITADA
2026|I10S7C862J4V1,I10S7C862J4V1,TECNICO UNIVERSITARIO EN PROGRAMACION COMPUTACIONAL,Tecnología,Tecnología de la Información y la Comunicación (TIC),Tecnología de la Información y la Comunicación (TIC),Técnico de Nivel Superior,Carreras Técnicas,NO ACREDITADA
2023|I10S7C803J4V1,I10S7C803J4V1,TECNICO UNIVERSITARIO EN TECNOLOGIAS DE LA INFORMACION,Tecnología,Tecnología de la Información y la Comunicación (TIC),Tecnología de la Información y la Comunicación (TIC),Técnico de Nivel Superior,Carreras Técnicas,NO ACREDITADA
2024|I10S7C803J4V1,I10S7C803J4V1,TECNICO UNIVERSITARIO EN TECNOLOGIAS DE LA INFORMACION,Tecnología,Tecnología de la Información y la Comunicación (TIC),Tecnología de la Información y la Comunicación (TIC),Técnico de Nivel Superior,Carreras Técnicas,NO ACREDITADA
2025|I10S7C803J4V1,I10S7C803J4V1,TECNICO UNIVERSITARIO EN TECNOLOGIAS DE LA INFORMACION,Tecnología,Tecnología de la Información y la Comunicación (TIC),Tecnología de la Información y la Comunicación (TIC),Técnico de Nivel Superior,Carreras Técnicas,NO ACREDITADA
2023|I10S7C834J4V1,I10S7C834J4V1,"TECNICO UNIVERSITARIO EN TELECOMUNICACIONES, CONECTIVIDAD Y REDES",Tecnología,"Ingeniería, Industria y Construcción",Ingeniería y Profesiones Afines,Técnico de Nivel Superior,Carreras Técnicas,NO ACREDITADA
2024|I10S7C834J4V1,I10S7C834J4V1,"TECNICO UNIVERSITARIO EN TELECOMUNICACIONES, CONECTIVIDAD Y REDES",Tecnología,"Ingeniería, Industria y Construcción",Ingeniería y Profesiones Afines,Técnico de Nivel Superior,Carreras Técnicas,NO ACREDITADA
2025|I10S7C834J4V1,I10S7C834J4V1,"TECNICO UNIVERSITARIO EN TELECOMUNICACIONES, CONECTIVIDAD Y REDES",Tecnología,"Ingeniería, Industria y Construcción",Ingeniería y Profesiones Afines,Técnico de Nivel Superior,Carreras Técnicas,NO ACREDITADA
2026|I10S7C834J4V1,I10S7C834J4V1,"TECNICO UNIVERSITARIO EN TELECOMUNICACIONES, CONECTIVIDAD Y REDES",Tecnología,"Ingeniería, Industria y Construcción",Ingeniería y Profesiones Afines,Técnico de Nivel Superior,Carreras Técnicas,NO ACREDITADA
2024|I152S10C301J3V4,I152S10C301J3V4,TOPOGRAFIA,Tecnología,"Ingeniería, Industria y Construcción",Arquitectura y Construcción,Técnico de Nivel Superior,Carreras Técnicas,NO ACREDITADA
2025|I152S10C301J3V4,I152S10C301J3V4,TOPOGRAFIA,Tecnología,"Ingeniería, Industria y Construcción",Arquitectura y Construcción,Técnico de Nivel Superior,Carreras Técnicas,NO ACREDITADA
2026|I152S10C301J3V4,I152S10C301J3V4,TOPOGRAFIA,Tecnología,"Ingeniería, Industria y Construcción",Arquitectura y Construcción,Técnico de Nivel Superior,Carreras Técnicas,NO ACREDITADA
