Anio,InstitucionID,CarreraKey,Modalidad,Jornada,TipoPlan,Region,Provincia,Comuna,Sede,TotalMatricula,PrimerAnio
2026,1,2026|I1S1C10J4V1,No Presencial,A Distancia,Plan Regular,Metropolitana,SANTIAGO,PROVIDENCIA,CASA CENTRAL,69,13
2026,1,2026|I1S1C12J4V4,No Presencial,A Distancia,Plan Regular de Continuidad,Metropolitana,SANTIAGO,PROVIDENCIA,CASA CENTRAL,1318,0
2026,1,2026|I1S1C185J4V1,No Presencial,A Distancia,Plan Regular de Continuidad,Metropolitana,SANTIAGO,PROVIDENCIA,CASA CENTRAL,13,0
2026,1,2026|I1S1C20J4V3,No Presencial,A Distancia,Plan Regular de Continuidad,Metropolitana,SANTIAGO,PROVIDENCIA,CASA CENTRAL,80,0
2026,1,2026|I1S1C20J4V4,No Presencial,A Distancia,Plan Regular de Continuidad,Metropolitana,SANTIAGO,PROVIDENCIA,CASA CENTRAL,93,0
2026,1,2026|I1S1C227J4V2,No Presencial,A Distancia,Plan Regular de Continuidad,Metropolitana,SANTIAGO,PROVIDENCIA,CASA CENTRAL,104,0
2026,1,2026|I1S1C227J4V4,No Presencial,A Distancia,Plan Regular de Continuidad,Metropolitana,SANTIAGO,PROVIDENCIA,CASA CENTRAL,103,0
2026,1,2026|I1S1C232J4V3,No Presencial,A Distancia,Plan Regular de Continuidad,Metropolitana,SANTIAGO,PROVIDENCIA,CASA CENTRAL,43,0
2026,1,2026|I1S1C232J4V4,No Presencial,A Distancia,Plan Regular de Continuidad,Metropolitana,SANTIAGO,PROVIDENCIA,CASA CENTRAL,120,0
2026,1,2026|I1S1C242J3V2,Semipresencial,Semipresencial,Plan Regular,Metropolitana,SANTIAGO,PROVIDENCIA,CASA CENTRAL,37,0
2026,1,2026|I1S1C242J4V3,No Presencial,A Distancia,Plan Regular de Continuidad,Metropolitana,SANTIAGO,PROVIDENCIA,CASA CENTRAL,299,0
2026,1,2026|I1S1C242J4V4,No Presencial,A Distancia,Plan Regular de Continuidad,Metropolitana,SANTIAGO,PROVIDENCIA,CASA CENTRAL,81,0
2026,1,2026|I1S1C242J4V5,No Presencial,A Distancia,Plan Regular de Continuidad,Metropolitana,SANTIAGO,PROVIDENCIA,CASA CENTRAL,89,0
2026,1,2026|I1S1C250J4V2,No Presencial,A Distancia,Plan Regular de Continuidad,Metropolitana,SANTIAGO,PROVIDENCIA,CASA CENTRAL,81,0
2026,1,2026|I1S1C250J4V4,No Presencial,A Distancia,Plan Regular de Continuidad,Metropolitana,SANTIAGO,PROVIDENCIA,CASA CENTRAL,94,0
2026,1,2026|I1S1C251J4V2,No Presencial,A Distancia,Plan Regular de Continuidad,Metropolitana,SANTIAGO,PROVIDENCIA,CASA CENTRAL,66,0
2026,1,2026|I1S1C251J4V3,No Presencial,A Distancia,Plan Regular de Continuidad,Metropolitana,SANTIAGO,PROVIDENCIA,CASA CENTRAL,110,0
2026,1,2026|I1S1C252J4V1,No Presencial,A Distancia,Plan Regular de Continuidad,Metropolitana,SANTIAGO,PROVIDENCIA,CASA CENTRAL,213,0
2026,1,2026|I1S1C26J4V2,No Presencial,A Distancia,Plan Regular de Continuidad,Metropolitana,SANTIAGO,PROVIDENCIA,CASA CENTRAL,155,0
2026,1,2026|I1S1C26J4V5,No Presencial,A Distancia,Plan Regular de Continuidad,Metropolitana,SANTIAGO,PROVIDENCIA,CASA CENTRAL,75,0
2026,1,2026|I1S1C289J4V1,No Presencial,A Distancia,Plan Regular,Metropolitana,SANTIAGO,PROVIDENCIA,CASA CENTRAL,59,18
2026,1,2026|I1S1C7J4V3,No Presencial,A Distancia,Plan Regular de Continuidad,Metropolitana,SANTIAGO,PROVIDENCIA,CASA CENTRAL,64,0
2026,1,2026|I1S1C7J4V4,No Presencial,A Distancia,Plan Regular de Continuidad,Metropolitana,SANTIAGO,PROVIDENCIA,CASA CENTRAL,70,0
2026,1,2026|I1S1C9J4V1,No Presencial,A Distancia,Plan Regular,Metropolitana,SANTIAGO,PROVIDENCIA,CASA CENTRAL,60,7
2026,4,2026|I4S1C1116J4V1,No Presencial,A Distancia,Plan Regular de Continuidad,Metropolitana,SANTIAGO,SANTIAGO,SANTIAGO,5,0
2026,4,2026|I4S1C1117J4V1,No Presencial,A Distancia,Plan Regular de Continuidad,Metropolitana,SANTIAGO,SANTIAGO,SANTIAGO,7,0
2026,4,2026|I4S1C1118J4V1,No Presencial,A Distancia,Plan Regular de Continuidad,Metropolitana,SANTIAGO,SANTIAGO,SANTIAGO,14,0
2026,4,2026|I4S1C2J4V2,No Presencial,A Distancia,Plan Regular de Continuidad,Metropolitana,SANTIAGO,SANTIAGO,SANTIAGO,185,0
2026,4,2026|I4S1C2J4V3,No Presencial,A Distancia,Plan Regular de Continuidad,Metropolitana,SANTIAGO,SANTIAGO,SANTIAGO,152,0
2026,4,2026|I4S1C3J4V2,No Presencial,A Distancia,Plan Regular de Continuidad,Metropolitana,SANTIAGO,SANTIAGO,SANTIAGO,53,0
2026,4,2026|I4S1C3J4V3,No Presencial,A Distancia,Plan Regular,Metropolitana,SANTIAGO,SANTIAGO,SANTIAGO,22,0
2026,4,2026|I4S1C3J4V5,No Presencial,A Distancia,Plan Regular de Continuidad,Metropolitana,SANTIAGO,SANTIAGO,SANTIAGO,140,0
2026,4,2026|I4S1C505J4V1,No Presencial,A Distancia,Plan Regular de Continuidad,Metropolitana,SANTIAGO,SANTIAGO,SANTIAGO,95,0
2026,4,2026|I4S1C54J4V3,No Presencial,A Distancia,Plan Regular de Continuidad,Metropolitana,SANTIAGO,SANTIAGO,SANTIAGO,232,0
2026,4,2026|I4S1C54J4V4,No Presencial,A Distancia,Plan Regular de Continuidad,Metropolitana,SANTIAGO,SANTIAGO,SANTIAGO,512,0
2026,4,2026|I4S1C5J4V1,No Presencial,A Distancia,Plan Regular,Metropolitana,SANTIAGO,SANTIAGO,SANTIAGO,25,1
2026,4,2026|I4S1C5J4V2,No Presencial,A Distancia,Plan Regular de Continuidad,Metropolitana,SANTIAGO,SANTIAGO,SANTIAGO,96,0
2026,4,2026|I4S1C5J4V4,No Presencial,A Distancia,Plan Regular de Continuidad,Metropolitana,SANTIAGO,SANTIAGO,SANTIAGO,105,0
2026,4,2026|I4S1C648J3V2,Semipresencial,Semipresencial,Plan Regular de Continuidad,Metropolitana,SANTIAGO,SANTIAGO,SANTIAGO,84,0
2026,4,2026|I4S1C648J3V3,Semipresencial,Semipresencial,Plan Regular de Continuidad,Metropolitana,SANTIAGO,SANTIAGO,SANTIAGO,53,0
2026,4,2026|I4S1C857J4V1,No Presencial,A Distancia,Plan Regular,Metropolitana,SANTIAGO,SANTIAGO,SANTIAGO,7,0
2026,4,2026|I4S1C875J4V4,No Presencial,A Distancia,Plan Regular de Continuidad,Metropolitana,SANTIAGO,SANTIAGO,SANTIAGO,105,0
2026,4,2026|I4S1C875J4V6,No Presencial,A Distancia,Plan Regular de Continuidad,Metropolitana,SANTIAGO,SANTIAGO,SANTIAGO,78,0
2026,4,2026|I4S1C983J4V1,No Presencial,A Distancia,Plan Regular de Continuidad,Metropolitana,SANTIAGO,SANTIAGO,SANTIAGO,138,0
2026,4,2026|I4S1C983J4V2,No Presencial,A Distancia,Plan Regular de Continuidad,Metropolitana,SANTIAGO,SANTIAGO,SANTIAGO,41,0
2026,9,2026|I9S1C357J4V1,No Presencial,A Distancia,Plan Especial,Metropolitana,SANTIAGO,PROVIDENCIA,CASA CENTRAL (SANTIAGO - PROVIDENCIA),147,21
2026,9,2026|I9S1C359J4V1,No Presencial,A Distancia,Plan Especial,Metropolitana,SANTIAGO,PROVIDENCIA,CASA CENTRAL (SANTIAGO - PROVIDENCIA),145,21
2026,9,2026|I9S1C360J4V1,No Presencial,A Distancia,Plan Especial,Metropolitana,SANTIAGO,PROVIDENCIA,CASA CENTRAL (SANTIAGO - PROVIDENCIA),485,69
2026,9,2026|I9S1C7J4V2,No Presencial,A Distancia,Plan Especial,Metropolitana,SANTIAGO,PROVIDENCIA,CASA CENTRAL (SANTIAGO - PROVIDENCIA),1333,271
2026,10,2026|I10S12C31J3V1,Semipresencial,Semipresencial,Plan Regular,Metropolitana,SANTIAGO,SANTIAGO,SEDE ORIENTE,245,26
2026,10,2026|I10S7C1004J3V1,Semipresencial,Semipresencial,Plan Regular,Metropolitana,SANTIAGO,PROVIDENCIA,SEDE MANUEL MONTT,28,28
2026,10,2026|I10S7C1005J4V1,No Presencial,A Distancia,Plan Regular,Metropolitana,SANTIAGO,PROVIDENCIA,SEDE MANUEL MONTT,43,43
2026,10,2026|I10S7C156J4V1,No Presencial,A Distancia,Plan Regular de Continuidad,Metropolitana,SANTIAGO,PROVIDENCIA,SEDE MANUEL MONTT,11,0
2026,10,2026|I10S7C156J4V3,No Presencial,A Distancia,Plan Regular de Continuidad,Metropolitana,SANTIAGO,PROVIDENCIA,SEDE MANUEL MONTT,77,0
2026,10,2026|I10S7C156J4V4,No Presencial,A Distancia,Plan Regular de Continuidad,Metropolitana,SANTIAGO,PROVIDENCIA,SEDE MANUEL MONTT,175,0
2026,10,2026|I10S7C16J4V2,No Presencial,A Distancia,Plan Regular,Metropolitana,SANTIAGO,PROVIDENCIA,SEDE MANUEL MONTT,210,71
2026,10,2026|I10S7C16J4V3,No Presencial,A Distancia,Plan Regular de Continuidad,Metropolitana,SANTIAGO,PROVIDENCIA,SEDE MANUEL MONTT,53,0
2026,10,2026|I10S7C16J4V4,No Presencial,A Distancia,Plan Regular de Continuidad,Metropolitana,SANTIAGO,PROVIDENCIA,SEDE MANUEL MONTT,77,0
2026,10,2026|I10S7C178J4V3,No Presencial,A Distancia,Plan Regular de Continuidad,Metropolitana,SANTIAGO,PROVIDENCIA,SEDE MANUEL MONTT,28,0
2026,10,2026|I10S7C285J4V2,No Presencial,A Distancia,Plan Regular,Metropolitana,SANTIAGO,PROVIDENCIA,SEDE MANUEL MONTT,339,101
2026,10,2026|I10S7C286J4V3,No Presencial,A Distancia,Plan Regular,Metropolitana,SANTIAGO,PROVIDENCIA,SEDE MANUEL MONTT,384,75
2026,10,2026|I10S7C287J4V1,No Presencial,A Distancia,Plan Regular de Continuidad,Metropolitana,SANTIAGO,PROVIDENCIA,SEDE MANUEL MONTT,203,0
2026,10,2026|I10S7C289J3V1,Semipresencial,Semipresencial,Plan Regular,Metropolitana,SANTIAGO,PROVIDENCIA,SEDE MANUEL MONTT,8,0
2026,10,2026|I10S7C289J4V1,No Presencial,A Distancia,Plan Regular,Metropolitana,SANTIAGO,PROVIDENCIA,SEDE MANUEL MONTT,205,62
2026,10,2026|I10S7C289J4V2,No Presencial,A Distancia,Plan Regular de Continuidad,Metropolitana,SANTIAGO,PROVIDENCIA,SEDE MANUEL MONTT,245,0
2026,10,2026|I10S7C31J3V1,Semipresencial,Semipresencial,Plan Regular,Metropolitana,SANTIAGO,PROVIDENCIA,SEDE MANUEL MONTT,44,44
2026,10,2026|I10S7C375J4V2,No Presencial,A Distancia,Plan Regular,Metropolitana,SANTIAGO,PROVIDENCIA,SEDE MANUEL MONTT,82,24
2026,10,2026|I10S7C380J4V2,No Presencial,A Distancia,Plan Regular de Continuidad,Metropolitana,SANTIAGO,PROVIDENCIA,SEDE MANUEL MONTT,333,0
2026,10,2026|I10S7C380J4V3,No Presencial,A Distancia,Plan Regular,Metropolitana,SANTIAGO,PROVIDENCIA,SEDE MANUEL MONTT,51,0
2026,10,2026|I10S7C380J4V5,No Presencial,A Distancia,Plan Regular,Metropolitana,SANTIAGO,PROVIDENCIA,SEDE MANUEL MONTT,86,50
2026,10,2026|I10S7C501J4V1,No Presencial,A Distancia,Plan Regular,Metropolitana,SANTIAGO,PROVIDENCIA,SEDE MANUEL MONTT,110,47
2026,10,2026|I10S7C501J4V2,No Presencial,A Distancia,Plan Regular de Continuidad,Metropolitana,SANTIAGO,PROVIDENCIA,SEDE MANUEL MONTT,155,0
2026,10,2026|I10S7C603J4V1,No Presencial,A Distancia,Plan Regular de Continuidad,Metropolitana,SANTIAGO,PROVIDENCIA,SEDE MANUEL MONTT,75,0
2026,10,2026|I10S7C603J4V2,No Presencial,A Distancia,Plan Regular de Continuidad,Metropolitana,SANTIAGO,PROVIDENCIA,SEDE MANUEL MONTT,112,0
2026,10,2026|I10S7C766J4V2,No Presencial,A Distancia,Plan Regular de Continuidad,Metropolitana,SANTIAGO,PROVIDENCIA,SEDE MANUEL MONTT,183,0
2026,10,2026|I10S7C799J4V1,No Presencial,A Distancia,Plan Regular,Metropolitana,SANTIAGO,PROVIDENCIA,SEDE MANUEL MONTT,267,90
2026,10,2026|I10S7C800J4V1,No Presencial,A Distancia,Plan Regular,Metropolitana,SANTIAGO,PROVIDENCIA,SEDE MANUEL MONTT,139,56
2026,10,2026|I10S7C801J4V1,No Presencial,A Distancia,Plan Regular,Metropolitana,SANTIAGO,PROVIDENCIA,SEDE MANUEL MONTT,241,102
2026,10,2026|I10S7C802J4V1,No Presencial,A Distancia,Plan Regular,Metropolitana,SANTIAGO,PROVIDENCIA,SEDE MANUEL MONTT,165,67
2026,10,2026|I10S7C833J4V1,No Presencial,A Distancia,Plan Regular,Metropolitana,SANTIAGO,PROVIDENCIA,SEDE MANUEL MONTT,34,0
2026,10,2026|I10S7C834J4V1,No Presencial,A Distancia,Plan Regular,Metropolitana,SANTIAGO,PROVIDENCIA,SEDE MANUEL MONTT,65,22
2026,10,2026|I10S7C859J4V1,No Presencial,A Distancia,Plan Regular,Metropolitana,SANTIAGO,PROVIDENCIA,SEDE MANUEL MONTT,87,24
2026,10,2026|I10S7C860J4V1,No Presencial,A Distancia,Plan Regular,Metropolitana,SANTIAGO,PROVIDENCIA,SEDE MANUEL MONTT,228,101
2026,10,2026|I10S7C862J4V1,No Presencial,A Distancia,Plan Regular,Metropolitana,SANTIAGO,PROVIDENCIA,SEDE MANUEL MONTT,166,37
2026,10,2026|I10S7C930J3V1,Semipresencial,Semipresencial,Plan Regular,Metropolitana,SANTIAGO,PROVIDENCIA,SEDE MANUEL MONTT,49,25
2026,10,2026|I10S7C931J3V1,Semipresencial,Semipresencial,Plan Regular,Metropolitana,SANTIAGO,PROVIDENCIA,SEDE MANUEL MONTT,28,20
2026,10,2026|I10S7C932J3V1,Semipresencial,Semipresencial,Plan Regular,Metropolitana,SANTIAGO,PROVIDENCIA,SEDE MANUEL MONTT,69,48
2026,10,2026|I10S7C933J3V1,Semipresencial,Semipresencial,Plan Regular,Metropolitana,SANTIAGO,PROVIDENCIA,SEDE MANUEL MONTT,25,19
2026,10,2026|I10S7C939J4V1,No Presencial,A Distancia,Plan Regular,Metropolitana,SANTIAGO,PROVIDENCIA,SEDE MANUEL MONTT,36,18
2026,10,2026|I10S7C940J4V1,No Presencial,A Distancia,Plan Regular,Metropolitana,SANTIAGO,PROVIDENCIA,SEDE MANUEL MONTT,74,45
2026,10,2026|I10S7C941J4V1,No Presencial,A Distancia,Plan Regular,Metropolitana,SANTIAGO,PROVIDENCIA,SEDE MANUEL MONTT,113,59
2026,10,2026|I10S7C942J4V1,No Presencial,A Distancia,Plan Regular,Metropolitana,SANTIAGO,PROVIDENCIA,SEDE MANUEL MONTT,75,46
2026,10,2026|I10S7C944J4V1,No Presencial,A Distancia,Plan Regular,Metropolitana,SANTIAGO,PROVIDENCIA,SEDE MANUEL MONTT,69,42
2026,10,2026|I10S7C945J4V1,No Presencial,A Distancia,Plan Regular,Metropolitana,SANTIAGO,PROVIDENCIA,SEDE MANUEL MONTT,122,64
2026,10,2026|I10S7C946J4V1,No Presencial,A Distancia,Plan Regular,Metropolitana,SANTIAGO,PROVIDENCIA,SEDE MANUEL MONTT,58,28
2026,11,2026|I11S1C102J4V2,No Presencial,A Distancia,Plan Especial,Metropolitana,SANTIAGO,PROVIDENCIA,CASA CENTRAL (CONDELL),15,15
2026,11,2026|I11S1C280J3V1,Semipresencial,Semipresencial,Plan Especial,Metropolitana,SANTIAGO,PROVIDENCIA,CASA CENTRAL (CONDELL),24,13
2026,11,2026|I11S1C283J4V1,No Presencial,A Distancia,Plan Especial,Metropolitana,SANTIAGO,PROVIDENCIA,CASA CENTRAL (CONDELL),3,3
2026,11,2026|I11S2C260J4V2,No Presencial,A Distancia,Plan Especial,Metropolitana,SANTIAGO,SANTIAGO,CAMPUS REPUBLICA,83,83
2026,13,2026|I13S1C384J4V2,No Presencial,A Distancia,Plan Regular de Continuidad,Metropolitana,SANTIAGO,SANTIAGO,CASA CENTRAL (SANTIAGO),359,0
2026,13,2026|I13S1C408J4V2,No Presencial,A Distancia,Plan Regular de Continuidad,Metropolitana,SANTIAGO,SANTIAGO,CASA CENTRAL (SANTIAGO),74,0
2026,13,2026|I13S1C464J3V1,Semipresencial,Semipresencial,Plan Regular de Continuidad,Metropolitana,SANTIAGO,SANTIAGO,CASA CENTRAL (SANTIAGO),16,0
2026,13,2026|I13S1C464J4V1,No Presencial,A Distancia,Plan Regular de Continuidad,Metropolitana,SANTIAGO,SANTIAGO,CASA CENTRAL (SANTIAGO),67,0
2026,13,2026|I13S1C479J3V1,Semipresencial,Semipresencial,Plan Regular de Continuidad,Metropolitana,SANTIAGO,SANTIAGO,CASA CENTRAL (SANTIAGO),75,0
2026,13,2026|I13S4C408J3V2,Semipresencial,Semipresencial,Plan Regular de Continuidad,Antofagasta,ANTOFAGASTA,ANTOFAGASTA,SEDE ANTOFAGASTA,38,0
2026,13,2026|I13S5C464J3V1,Semipresencial,Semipresencial,Plan Regular de Continuidad,Coquimbo,ELQUI,LA SERENA,SEDE LA SERENA,11,0
2026,13,2026|I13S7C464J3V1,Semipresencial,Semipresencial,Plan Regular de Continuidad,Maule,TALCA,TALCA,SEDE TALCA,15,0
2026,13,2026|I13S7C479J3V1,Semipresencial,Semipresencial,Plan Regular de Continuidad,Maule,TALCA,TALCA,SEDE TALCA,76,0
2026,17,2026|I17S2C101J4V2,No Presencial,A Distancia,Plan Regular,Metropolitana,SANTIAGO,PROVIDENCIA,SEDE PROVIDENCIA,40,15
2026,17,2026|I17S2C101J4V3,No Presencial,A Distancia,Plan Regular de Continuidad,Metropolitana,SANTIAGO,PROVIDENCIA,SEDE PROVIDENCIA,1,0
2026,17,2026|I17S2C101J4V4,No Presencial,A Distancia,Plan Regular de Continuidad,Metropolitana,SANTIAGO,PROVIDENCIA,SEDE PROVIDENCIA,120,0
2026,17,2026|I17S2C115J3V1,Semipresencial,Semipresencial,Plan Regular,Metropolitana,SANTIAGO,PROVIDENCIA,SEDE PROVIDENCIA,3,0
2026,17,2026|I17S2C151J3V1,Semipresencial,Semipresencial,Plan Regular,Metropolitana,SANTIAGO,PROVIDENCIA,SEDE PROVIDENCIA,61,17
2026,17,2026|I17S2C180J4V1,No Presencial,A Distancia,Plan Regular,Metropolitana,SANTIAGO,PROVIDENCIA,SEDE PROVIDENCIA,19,11
2026,17,2026|I17S2C180J4V2,No Presencial,A Distancia,Plan Especial,Metropolitana,SANTIAGO,PROVIDENCIA,SEDE PROVIDENCIA,68,0
2026,17,2026|I17S2C182J4V2,No Presencial,A Distancia,Plan Especial,Metropolitana,SANTIAGO,PROVIDENCIA,SEDE PROVIDENCIA,39,20
2026,17,2026|I17S2C227J4V1,No Presencial,A Distancia,Plan Regular,Metropolitana,SANTIAGO,PROVIDENCIA,SEDE PROVIDENCIA,8,3
2026,17,2026|I17S2C227J4V4,No Presencial,A Distancia,Plan Regular de Continuidad,Metropolitana,SANTIAGO,PROVIDENCIA,SEDE PROVIDENCIA,17,0
2026,17,2026|I17S2C23J3V1,Semipresencial,Semipresencial,Plan Regular,Metropolitana,SANTIAGO,PROVIDENCIA,SEDE PROVIDENCIA,13,0
2026,17,2026|I17S2C23J3V2,Semipresencial,Semipresencial,Plan Regular de Continuidad,Metropolitana,SANTIAGO,PROVIDENCIA,SEDE PROVIDENCIA,8,0
2026,17,2026|I17S2C23J4V1,No Presencial,A Distancia,Plan Regular,Metropolitana,SANTIAGO,PROVIDENCIA,SEDE PROVIDENCIA,135,56
2026,17,2026|I17S2C23J4V2,No Presencial,A Distancia,Plan Regular de Continuidad,Metropolitana,SANTIAGO,PROVIDENCIA,SEDE PROVIDENCIA,440,0
2026,17,2026|I17S2C251J1V1,Semipresencial,Diurna,Plan Regular,Metropolitana,SANTIAGO,PROVIDENCIA,SEDE PROVIDENCIA,8,0
2026,17,2026|I17S2C251J2V1,Semipresencial,Vespertina,Plan Regular,Metropolitana,SANTIAGO,PROVIDENCIA,SEDE PROVIDENCIA,14,0
2026,17,2026|I17S2C298J4V1,No Presencial,A Distancia,Plan Regular,Metropolitana,SANTIAGO,PROVIDENCIA,SEDE PROVIDENCIA,23,6
2026,17,2026|I17S2C298J4V3,No Presencial,A Distancia,Plan Regular de Continuidad,Metropolitana,SANTIAGO,PROVIDENCIA,SEDE PROVIDENCIA,20,0
2026,17,2026|I17S2C298J5V1,Semipresencial,Otra,Plan Regular,Metropolitana,SANTIAGO,PROVIDENCIA,SEDE PROVIDENCIA,1,0
2026,17,2026|I17S2C334J4V1,No Presencial,A Distancia,Plan Regular,Metropolitana,SANTIAGO,PROVIDENCIA,SEDE PROVIDENCIA,128,59
2026,17,2026|I17S2C38J4V3,No Presencial,A Distancia,Plan Regular de Continuidad,Metropolitana,SANTIAGO,PROVIDENCIA,SEDE PROVIDENCIA,153,0
2026,17,2026|I17S2C38J4V4,No Presencial,A Distancia,Plan Regular de Continuidad,Metropolitana,SANTIAGO,PROVIDENCIA,SEDE PROVIDENCIA,47,0
2026,17,2026|I17S2C57J3V1,Semipresencial,Semipresencial,Plan Regular,Metropolitana,SANTIAGO,PROVIDENCIA,SEDE PROVIDENCIA,418,121
2026,17,2026|I17S2C58J3V1,Semipresencial,Semipresencial,Plan Regular,Metropolitana,SANTIAGO,PROVIDENCIA,SEDE PROVIDENCIA,28,14
2026,19,2026|I19S1C10J4V1,No Presencial,A Distancia,Plan Regular,Metropolitana,SANTIAGO,PROVIDENCIA,CAMPUS PROVIDENCIA,194,49
2026,19,2026|I19S1C10J4V2,No Presencial,A Distancia,Plan Regular de Continuidad,Metropolitana,SANTIAGO,PROVIDENCIA,CAMPUS PROVIDENCIA,284,0
2026,19,2026|I19S1C129J4V1,No Presencial,A Distancia,Plan Regular,Metropolitana,SANTIAGO,PROVIDENCIA,CAMPUS PROVIDENCIA,224,52
2026,19,2026|I19S1C129J4V2,No Presencial,A Distancia,Plan Regular de Continuidad,Metropolitana,SANTIAGO,PROVIDENCIA,CAMPUS PROVIDENCIA,104,0
2026,19,2026|I19S1C12J4V1,No Presencial,A Distancia,Plan Regular,Metropolitana,SANTIAGO,PROVIDENCIA,CAMPUS PROVIDENCIA,162,59
2026,19,2026|I19S1C12J4V3,No Presencial,A Distancia,Plan Regular de Continuidad,Metropolitana,SANTIAGO,PROVIDENCIA,CAMPUS PROVIDENCIA,69,0
2026,19,2026|I19S1C132J4V1,No Presencial,A Distancia,Plan Regular,Metropolitana,SANTIAGO,PROVIDENCIA,CAMPUS PROVIDENCIA,327,101
2026,19,2026|I19S1C132J4V2,No Presencial,A Distancia,Plan Regular de Continuidad,Metropolitana,SANTIAGO,PROVIDENCIA,CAMPUS PROVIDENCIA,72,0
2026,19,2026|I19S1C132J4V3,No Presencial,A Distancia,Plan Regular de Continuidad,Metropolitana,SANTIAGO,PROVIDENCIA,CAMPUS PROVIDENCIA,41,0
2026,19,2026|I19S1C132J4V4,No Presencial,A Distancia,Plan Regular de Continuidad,Metropolitana,SANTIAGO,PROVIDENCIA,CAMPUS PROVIDENCIA,19,0
2026,19,2026|I19S1C138J4V1,No Presencial,A Distancia,Plan Regular,Metropolitana,SANTIAGO,PROVIDENCIA,CAMPUS PROVIDENCIA,198,0
2026,19,2026|I19S1C138J4V2,No Presencial,A Distancia,Plan Regular de Continuidad,Metropolitana,SANTIAGO,PROVIDENCIA,CAMPUS PROVIDENCIA,249,0
2026,19,2026|I19S1C138J4V3,No Presencial,A Distancia,Plan Regular,Metropolitana,SANTIAGO,PROVIDENCIA,CAMPUS PROVIDENCIA,223,138
2026,19,2026|I19S1C138J4V4,No Presencial,A Distancia,Plan Regular de Continuidad,Metropolitana,SANTIAGO,PROVIDENCIA,CAMPUS PROVIDENCIA,431,0
2026,19,2026|I19S1C1J3V3,Semipresencial,Semipresencial,Plan Regular de Continuidad,Metropolitana,SANTIAGO,PROVIDENCIA,CAMPUS PROVIDENCIA,48,0
2026,19,2026|I19S1C226J4V1,No Presencial,A Distancia,Plan Regular,Metropolitana,SANTIAGO,PROVIDENCIA,CAMPUS PROVIDENCIA,647,279
2026,19,2026|I19S1C228J3V1,Semipresencial,Semipresencial,Plan Regular,Metropolitana,SANTIAGO,PROVIDENCIA,CAMPUS PROVIDENCIA,101,30
2026,19,2026|I19S1C229J3V1,Semipresencial,Semipresencial,Plan Regular,Metropolitana,SANTIAGO,PROVIDENCIA,CAMPUS PROVIDENCIA,45,11
2026,19,2026|I19S1C325J3V1,Semipresencial,Semipresencial,Plan Regular,Metropolitana,SANTIAGO,PROVIDENCIA,CAMPUS PROVIDENCIA,245,76
2026,19,2026|I19S1C334J4V2,No Presencial,A Distancia,Plan Regular de Continuidad,Metropolitana,SANTIAGO,PROVIDENCIA,CAMPUS PROVIDENCIA,2319,0
2026,19,2026|I19S1C334J4V3,No Presencial,A Distancia,Plan Regular de Continuidad,Metropolitana,SANTIAGO,PROVIDENCIA,CAMPUS PROVIDENCIA,110,0
2026,19,2026|I19S1C344J4V3,No Presencial,A Distancia,Plan Regular,Metropolitana,SANTIAGO,PROVIDENCIA,CAMPUS PROVIDENCIA,29,29
2026,19,2026|I19S1C453J4V2,No Presencial,A Distancia,Plan Regular de Continuidad,Metropolitana,SANTIAGO,PROVIDENCIA,CAMPUS PROVIDENCIA,106,0
2026,19,2026|I19S1C492J4V1,No Presencial,A Distancia,Plan Regular,Metropolitana,SANTIAGO,PROVIDENCIA,CAMPUS PROVIDENCIA,140,32
2026,19,2026|I19S1C493J4V2,No Presencial,A Distancia,Plan Regular de Continuidad,Metropolitana,SANTIAGO,PROVIDENCIA,CAMPUS PROVIDENCIA,13,0
2026,19,2026|I19S1C493J4V3,No Presencial,A Distancia,Plan Regular de Continuidad,Metropolitana,SANTIAGO,PROVIDENCIA,CAMPUS PROVIDENCIA,5,0
2026,19,2026|I19S1C512J3V1,Semipresencial,Semipresencial,Plan Regular,Metropolitana,SANTIAGO,PROVIDENCIA,CAMPUS PROVIDENCIA,74,21
2026,19,2026|I19S1C55J4V1,No Presencial,A Distancia,Plan Regular,Metropolitana,SANTIAGO,PROVIDENCIA,CAMPUS PROVIDENCIA,100,20
2026,19,2026|I19S1C8J4V1,No Presencial,A Distancia,Plan Regular,Metropolitana,SANTIAGO,PROVIDENCIA,CAMPUS PROVIDENCIA,138,19
2026,19,2026|I19S1C9J3V2,Semipresencial,Semipresencial,Plan Regular,Metropolitana,SANTIAGO,PROVIDENCIA,CAMPUS PROVIDENCIA,103,22
2026,19,2026|I19S2C154J3V1,Semipresencial,Semipresencial,Plan Regular,Metropolitana,SANTIAGO,LA FLORIDA,CAMPUS LA FLORIDA,36,15
2026,19,2026|I19S2C9J3V2,Semipresencial,Semipresencial,Plan Regular,Metropolitana,SANTIAGO,LA FLORIDA,CAMPUS LA FLORIDA,103,19
2026,19,2026|I19S3C154J3V1,Semipresencial,Semipresencial,Plan Regular,Metropolitana,SANTIAGO,MAIPU,CAMPUS MAIPU,15,0
2026,19,2026|I19S3C9J3V2,Semipresencial,Semipresencial,Plan Regular,Metropolitana,SANTIAGO,MAIPU,CAMPUS MAIPU,69,21
2026,19,2026|I19S4C104J3V1,Semipresencial,Semipresencial,Plan Regular,Metropolitana,SANTIAGO,SANTIAGO,CAMPUS SANTIAGO CENTRO,76,11
2026,19,2026|I19S4C148J3V1,Semipresencial,Semipresencial,Plan Regular,Metropolitana,SANTIAGO,SANTIAGO,CAMPUS SANTIAGO CENTRO,83,19
2026,19,2026|I19S4C154J3V1,Semipresencial,Semipresencial,Plan Regular,Metropolitana,SANTIAGO,SANTIAGO,CAMPUS SANTIAGO CENTRO,66,30
2026,19,2026|I19S4C226J3V1,Semipresencial,Semipresencial,Plan Regular,Metropolitana,SANTIAGO,SANTIAGO,CAMPUS SANTIAGO CENTRO,23,0
2026,19,2026|I19S4C226J3V2,Semipresencial,Semipresencial,Plan Regular,Metropolitana,SANTIAGO,SANTIAGO,CAMPUS SANTIAGO CENTRO,24,0
2026,19,2026|I19S4C325J3V1,Semipresencial,Semipresencial,Plan Regular,Metropolitana,SANTIAGO,SANTIAGO,CAMPUS SANTIAGO CENTRO,264,103
2026,19,2026|I19S4C344J4V2,No Presencial,A Distancia,Plan Regular de Continuidad,Metropolitana,SANTIAGO,SANTIAGO,CAMPUS SANTIAGO CENTRO,151,0
2026,19,2026|I19S4C37J3V1,Semipresencial,Semipresencial,Plan Regular,Metropolitana,SANTIAGO,SANTIAGO,CAMPUS SANTIAGO CENTRO,345,45
2026,19,2026|I19S4C9J3V2,Semipresencial,Semipresencial,Plan Regular,Metropolitana,SANTIAGO,SANTIAGO,CAMPUS SANTIAGO CENTRO,117,24
2026,19,2026|I19S5C325J3V1,Semipresencial,Semipresencial,Plan Regular,Biobío,CONCEPCION,CONCEPCION,SEDE CONCEPCION,71,24
2026,19,2026|I19S5C37J3V1,Semipresencial,Semipresencial,Plan Regular,Biobío,CONCEPCION,CONCEPCION,SEDE CONCEPCION,130,23
2026,19,2026|I19S5C9J3V2,Semipresencial,Semipresencial,Plan Regular,Biobío,CONCEPCION,CONCEPCION,SEDE CONCEPCION,220,39
2026,19,2026|I19S6C148J3V1,Semipresencial,Semipresencial,Plan Regular,Valparaíso,VALPARAISO,VIÑA DEL MAR,SEDE VIÑA DEL MAR,23,0
2026,19,2026|I19S6C228J3V1,Semipresencial,Semipresencial,Plan Regular,Valparaíso,VALPARAISO,VIÑA DEL MAR,SEDE VIÑA DEL MAR,36,0
2026,19,2026|I19S6C37J3V1,Semipresencial,Semipresencial,Plan Regular,Valparaíso,VALPARAISO,VIÑA DEL MAR,SEDE VIÑA DEL MAR,121,12
2026,19,2026|I19S6C9J3V2,Semipresencial,Semipresencial,Plan Regular,Valparaíso,VALPARAISO,VIÑA DEL MAR,SEDE VIÑA DEL MAR,153,37
2026,19,2026|I19S9C325J3V1,Semipresencial,Semipresencial,Plan Regular,Metropolitana,MELIPILLA,MELIPILLA,CAMPUS MELIPILLA,119,39
2026,19,2026|I19S9C37J3V1,Semipresencial,Semipresencial,Plan Regular,Metropolitana,MELIPILLA,MELIPILLA,CAMPUS MELIPILLA,70,8
2026,19,2026|I19S9C512J3V1,Semipresencial,Semipresencial,Plan Regular,Metropolitana,MELIPILLA,MELIPILLA,CAMPUS MELIPILLA,125,39
2026,20,2026|I20S1C115J3V3,Semipresencial,Semipresencial,Plan Regular de Continuidad,Metropolitana,SANTIAGO,SANTIAGO,CASA CENTRAL (SANTIAGO),177,0
2026,20,2026|I20S1C115J4V1,No Presencial,A Distancia,Plan Regular,Metropolitana,SANTIAGO,SANTIAGO,CASA CENTRAL (SANTIAGO),185,96
2026,20,2026|I20S1C115J4V3,No Presencial,A Distancia,Plan Regular de Continuidad,Metropolitana,SANTIAGO,SANTIAGO,CASA CENTRAL (SANTIAGO),2818,0
2026,20,2026|I20S1C116J4V2,No Presencial,A Distancia,Plan Regular de Continuidad,Metropolitana,SANTIAGO,SANTIAGO,CASA CENTRAL (SANTIAGO),319,0
2026,20,2026|I20S1C12J4V4,No Presencial,A Distancia,Plan Regular de Continuidad,Metropolitana,SANTIAGO,SANTIAGO,CASA CENTRAL (SANTIAGO),923,0
2026,20,2026|I20S1C1J4V4,No Presencial,A Distancia,Plan Regular de Continuidad,Metropolitana,SANTIAGO,SANTIAGO,CASA CENTRAL (SANTIAGO),1157,0
2026,20,2026|I20S1C39J3V1,Semipresencial,Semipresencial,Plan Regular de Continuidad,Metropolitana,SANTIAGO,SANTIAGO,CASA CENTRAL (SANTIAGO),90,0
2026,20,2026|I20S1C3J4V4,No Presencial,A Distancia,Plan Regular de Continuidad,Metropolitana,SANTIAGO,SANTIAGO,CASA CENTRAL (SANTIAGO),464,0
2026,20,2026|I20S1C495J3V1,Semipresencial,Semipresencial,Plan Regular de Continuidad,Metropolitana,SANTIAGO,SANTIAGO,CASA CENTRAL (SANTIAGO),13,0
2026,20,2026|I20S1C495J4V1,No Presencial,A Distancia,Plan Regular de Continuidad,Metropolitana,SANTIAGO,SANTIAGO,CASA CENTRAL (SANTIAGO),262,0
2026,20,2026|I20S1C539J4V1,No Presencial,A Distancia,Plan Regular de Continuidad,Metropolitana,SANTIAGO,SANTIAGO,CASA CENTRAL (SANTIAGO),389,0
2026,20,2026|I20S1C555J4V2,No Presencial,A Distancia,Plan Regular de Continuidad,Metropolitana,SANTIAGO,SANTIAGO,CASA CENTRAL (SANTIAGO),99,0
2026,20,2026|I20S1C661J4V1,No Presencial,A Distancia,Plan Regular de Continuidad,Metropolitana,SANTIAGO,SANTIAGO,CASA CENTRAL (SANTIAGO),263,0
2026,20,2026|I20S1C662J4V2,No Presencial,A Distancia,Plan Regular de Continuidad,Metropolitana,SANTIAGO,SANTIAGO,CASA CENTRAL (SANTIAGO),1,0
2026,20,2026|I20S1C67J4V4,No Presencial,A Distancia,Plan Regular de Continuidad,Metropolitana,SANTIAGO,SANTIAGO,CASA CENTRAL (SANTIAGO),40,0
2026,20,2026|I20S1C70J4V1,No Presencial,A Distancia,Plan Regular,Metropolitana,SANTIAGO,SANTIAGO,CASA CENTRAL (SANTIAGO),86,62
2026,20,2026|I20S1C70J4V2,No Presencial,A Distancia,Plan Regular de Continuidad,Metropolitana,SANTIAGO,SANTIAGO,CASA CENTRAL (SANTIAGO),504,0
2026,20,2026|I20S1C71J3V3,Semipresencial,Semipresencial,Plan Regular de Continuidad,Metropolitana,SANTIAGO,SANTIAGO,CASA CENTRAL (SANTIAGO),77,0
2026,20,2026|I20S1C71J4V1,No Presencial,A Distancia,Plan Regular,Metropolitana,SANTIAGO,SANTIAGO,CASA CENTRAL (SANTIAGO),63,44
2026,20,2026|I20S1C71J4V4,No Presencial,A Distancia,Plan Regular de Continuidad,Metropolitana,SANTIAGO,SANTIAGO,CASA CENTRAL (SANTIAGO),1473,0
2026,20,2026|I20S1C7J3V3,Semipresencial,Semipresencial,Plan Regular de Continuidad,Metropolitana,SANTIAGO,SANTIAGO,CASA CENTRAL (SANTIAGO),615,0
2026,20,2026|I20S1C821J4V1,No Presencial,A Distancia,Plan Regular de Continuidad,Metropolitana,SANTIAGO,SANTIAGO,CASA CENTRAL (SANTIAGO),95,0
2026,20,2026|I20S1C82J4V2,No Presencial,A Distancia,Plan Regular de Continuidad,Metropolitana,SANTIAGO,SANTIAGO,CASA CENTRAL (SANTIAGO),76,0
2026,20,2026|I20S1C894J4V1,No Presencial,A Distancia,Plan Regular de Continuidad,Metropolitana,SANTIAGO,SANTIAGO,CASA CENTRAL (SANTIAGO),235,0
2026,20,2026|I20S1C8J4V2,No Presencial,A Distancia,Plan Regular de Continuidad,Metropolitana,SANTIAGO,SANTIAGO,CASA CENTRAL (SANTIAGO),98,0
2026,20,2026|I20S1C920J4V1,No Presencial,A Distancia,Plan Regular de Continuidad,Metropolitana,SANTIAGO,SANTIAGO,CASA CENTRAL (SANTIAGO),213,0
2026,20,2026|I20S1C921J4V1,No Presencial,A Distancia,Plan Regular de Continuidad,Metropolitana,SANTIAGO,SANTIAGO,CASA CENTRAL (SANTIAGO),349,0
2026,20,2026|I20S1C922J4V1,No Presencial,A Distancia,Plan Regular de Continuidad,Metropolitana,SANTIAGO,SANTIAGO,CASA CENTRAL (SANTIAGO),20,0
2026,20,2026|I20S1C933J3V1,Semipresencial,Semipresencial,Plan Regular de Continuidad,Metropolitana,SANTIAGO,SANTIAGO,CASA CENTRAL (SANTIAGO),131,0
2026,20,2026|I20S2C33J4V2,No Presencial,A Distancia,Plan Regular de Continuidad,Metropolitana,SANTIAGO,LAS CONDES,SEDE CASONA DE LAS CONDES,247,0
2026,20,2026|I20S3C115J3V2,Semipresencial,Semipresencial,Plan Regular de Continuidad,Valparaíso,VALPARAISO,VIÑA DEL MAR,SEDE VIÑA DEL MAR,7,0
2026,20,2026|I20S3C33J4V2,No Presencial,A Distancia,Plan Regular de Continuidad,Valparaíso,VALPARAISO,VIÑA DEL MAR,SEDE VIÑA DEL MAR,59,0
2026,20,2026|I20S3C555J4V2,No Presencial,A Distancia,Plan Regular de Continuidad,Valparaíso,VALPARAISO,VIÑA DEL MAR,SEDE VIÑA DEL MAR,37,0
2026,20,2026|I20S3C7J3V3,Semipresencial,Semipresencial,Plan Regular de Continuidad,Valparaíso,VALPARAISO,VIÑA DEL MAR,SEDE VIÑA DEL MAR,389,0
2026,20,2026|I20S4C115J3V2,Semipresencial,Semipresencial,Plan Regular de Continuidad,Biobío,CONCEPCION,CONCEPCION,SEDE CONCEPCION,25,0
2026,20,2026|I20S4C33J4V2,No Presencial,A Distancia,Plan Regular de Continuidad,Biobío,CONCEPCION,CONCEPCION,SEDE CONCEPCION,30,0
2026,20,2026|I20S4C555J4V2,No Presencial,A Distancia,Plan Regular de Continuidad,Biobío,CONCEPCION,CONCEPCION,SEDE CONCEPCION,12,0
2026,20,2026|I20S4C7J3V3,Semipresencial,Semipresencial,Plan Regular de Continuidad,Biobío,CONCEPCION,CONCEPCION,SEDE CONCEPCION,260,0
2026,22,2026|I22S1C108J3V2,Semipresencial,Semipresencial,Plan Regular,Valparaíso,VALPARAISO,VIÑA DEL MAR,CASA CENTRAL (VIÑA DEL MAR),38,9
2026,22,2026|I22S1C111J3V1,Semipresencial,Semipresencial,Plan Regular,Valparaíso,VALPARAISO,VIÑA DEL MAR,CASA CENTRAL (VIÑA DEL MAR),4,4
2026,22,2026|I22S1C16J4V2,No Presencial,A Distancia,Plan Regular de Continuidad,Valparaíso,VALPARAISO,VIÑA DEL MAR,CASA CENTRAL (VIÑA DEL MAR),17,0
2026,22,2026|I22S1C17J2V1,Semipresencial,Vespertina,Plan Regular de Continuidad,Valparaíso,VALPARAISO,VIÑA DEL MAR,CASA CENTRAL (VIÑA DEL MAR),381,0
2026,22,2026|I22S1C17J3V1,Semipresencial,Semipresencial,Plan Regular de Continuidad,Valparaíso,VALPARAISO,VIÑA DEL MAR,CASA CENTRAL (VIÑA DEL MAR),254,0
2026,22,2026|I22S1C17J4V1,No Presencial,A Distancia,Plan Regular de Continuidad,Valparaíso,VALPARAISO,VIÑA DEL MAR,CASA CENTRAL (VIÑA DEL MAR),1432,0
2026,22,2026|I22S1C18J3V1,Semipresencial,Semipresencial,Plan Regular,Valparaíso,VALPARAISO,VIÑA DEL MAR,CASA CENTRAL (VIÑA DEL MAR),75,32
2026,22,2026|I22S1C1J2V3,Semipresencial,Vespertina,Plan Regular,Valparaíso,VALPARAISO,VIÑA DEL MAR,CASA CENTRAL (VIÑA DEL MAR),25,0
2026,22,2026|I22S1C1J2V4,Semipresencial,Vespertina,Plan Regular de Continuidad,Valparaíso,VALPARAISO,VIÑA DEL MAR,CASA CENTRAL (VIÑA DEL MAR),2,0
2026,22,2026|I22S1C1J4V1,No Presencial,A Distancia,Plan Regular,Valparaíso,VALPARAISO,VIÑA DEL MAR,CASA CENTRAL (VIÑA DEL MAR),55,21
2026,22,2026|I22S1C1J4V4,No Presencial,A Distancia,Plan Regular de Continuidad,Valparaíso,VALPARAISO,VIÑA DEL MAR,CASA CENTRAL (VIÑA DEL MAR),28,0
2026,22,2026|I22S1C1J4V5,No Presencial,A Distancia,Plan Regular de Continuidad,Valparaíso,VALPARAISO,VIÑA DEL MAR,CASA CENTRAL (VIÑA DEL MAR),23,0
2026,22,2026|I22S1C283J2V3,Semipresencial,Vespertina,Plan Regular,Valparaíso,VALPARAISO,VIÑA DEL MAR,CASA CENTRAL (VIÑA DEL MAR),21,0
2026,22,2026|I22S1C283J3V2,Semipresencial,Semipresencial,Plan Regular,Valparaíso,VALPARAISO,VIÑA DEL MAR,CASA CENTRAL (VIÑA DEL MAR),7,0
2026,22,2026|I22S1C283J4V4,No Presencial,A Distancia,Plan Regular de Continuidad,Valparaíso,VALPARAISO,VIÑA DEL MAR,CASA CENTRAL (VIÑA DEL MAR),19,0
2026,22,2026|I22S1C288J2V2,Semipresencial,Vespertina,Plan Regular,Valparaíso,VALPARAISO,VIÑA DEL MAR,CASA CENTRAL (VIÑA DEL MAR),10,0
2026,22,2026|I22S1C299J4V1,No Presencial,A Distancia,Plan Regular,Valparaíso,VALPARAISO,VIÑA DEL MAR,CASA CENTRAL (VIÑA DEL MAR),54,10
2026,22,2026|I22S1C336J4V2,No Presencial,A Distancia,Plan Regular de Continuidad,Valparaíso,VALPARAISO,VIÑA DEL MAR,CASA CENTRAL (VIÑA DEL MAR),51,0
2026,22,2026|I22S1C337J4V2,No Presencial,A Distancia,Plan Regular de Continuidad,Valparaíso,VALPARAISO,VIÑA DEL MAR,CASA CENTRAL (VIÑA DEL MAR),18,0
2026,22,2026|I22S1C338J2V1,Semipresencial,Vespertina,Plan Regular,Valparaíso,VALPARAISO,VIÑA DEL MAR,CASA CENTRAL (VIÑA DEL MAR),46,0
2026,22,2026|I22S1C338J3V1,Semipresencial,Semipresencial,Plan Regular,Valparaíso,VALPARAISO,VIÑA DEL MAR,CASA CENTRAL (VIÑA DEL MAR),36,9
2026,22,2026|I22S1C338J4V2,No Presencial,A Distancia,Plan Regular de Continuidad,Valparaíso,VALPARAISO,VIÑA DEL MAR,CASA CENTRAL (VIÑA DEL MAR),783,0
2026,22,2026|I22S1C338J4V3,No Presencial,A Distancia,Plan Regular de Continuidad,Valparaíso,VALPARAISO,VIÑA DEL MAR,CASA CENTRAL (VIÑA DEL MAR),589,0
2026,22,2026|I22S1C347J4V1,No Presencial,A Distancia,Plan Regular,Valparaíso,VALPARAISO,VIÑA DEL MAR,CASA CENTRAL (VIÑA DEL MAR),41,12
2026,22,2026|I22S1C347J4V3,No Presencial,A Distancia,Plan Regular de Continuidad,Valparaíso,VALPARAISO,VIÑA DEL MAR,CASA CENTRAL (VIÑA DEL MAR),34,0
2026,22,2026|I22S1C368J4V2,No Presencial,A Distancia,Plan Regular de Continuidad,Valparaíso,VALPARAISO,VIÑA DEL MAR,CASA CENTRAL (VIÑA DEL MAR),25,0
2026,22,2026|I22S1C379J4V1,No Presencial,A Distancia,Plan Regular de Continuidad,Valparaíso,VALPARAISO,VIÑA DEL MAR,CASA CENTRAL (VIÑA DEL MAR),210,0
2026,22,2026|I22S1C383J4V1,No Presencial,A Distancia,Plan Regular de Continuidad,Valparaíso,VALPARAISO,VIÑA DEL MAR,CASA CENTRAL (VIÑA DEL MAR),5,0
2026,22,2026|I22S1C4J3V2,Semipresencial,Semipresencial,Plan Regular,Valparaíso,VALPARAISO,VIÑA DEL MAR,CASA CENTRAL (VIÑA DEL MAR),11,11
2026,22,2026|I22S1C55J3V2,Semipresencial,Semipresencial,Plan Regular de Continuidad,Valparaíso,VALPARAISO,VIÑA DEL MAR,CASA CENTRAL (VIÑA DEL MAR),8,0
2026,22,2026|I22S1C55J4V4,No Presencial,A Distancia,Plan Regular de Continuidad,Valparaíso,VALPARAISO,VIÑA DEL MAR,CASA CENTRAL (VIÑA DEL MAR),123,0
2026,22,2026|I22S1C5J4V1,No Presencial,A Distancia,Plan Regular,Valparaíso,VALPARAISO,VIÑA DEL MAR,CASA CENTRAL (VIÑA DEL MAR),32,13
2026,22,2026|I22S1C5J4V3,No Presencial,A Distancia,Plan Regular de Continuidad,Valparaíso,VALPARAISO,VIÑA DEL MAR,CASA CENTRAL (VIÑA DEL MAR),17,0
2026,22,2026|I22S1C82J3V4,Semipresencial,Semipresencial,Plan Regular de Continuidad,Valparaíso,VALPARAISO,VIÑA DEL MAR,CASA CENTRAL (VIÑA DEL MAR),103,0
2026,22,2026|I22S1C8J2V3,Semipresencial,Vespertina,Plan Regular,Valparaíso,VALPARAISO,VIÑA DEL MAR,CASA CENTRAL (VIÑA DEL MAR),10,0
2026,22,2026|I22S1C8J4V1,No Presencial,A Distancia,Plan Regular,Valparaíso,VALPARAISO,VIÑA DEL MAR,CASA CENTRAL (VIÑA DEL MAR),74,22
2026,22,2026|I22S1C8J4V2,No Presencial,A Distancia,Plan Regular de Continuidad,Valparaíso,VALPARAISO,VIÑA DEL MAR,CASA CENTRAL (VIÑA DEL MAR),34,0
2026,22,2026|I22S1C8J4V3,No Presencial,A Distancia,Plan Regular de Continuidad,Valparaíso,VALPARAISO,VIÑA DEL MAR,CASA CENTRAL (VIÑA DEL MAR),137,0
2026,26,2026|I26S1C100J4V2,No Presencial,A Distancia,Plan Regular,Metropolitana,SANTIAGO,PROVIDENCIA,CASA CENTRAL (SANTIAGO),15,0
2026,26,2026|I26S1C100J4V3,No Presencial,A Distancia,Plan Regular de Continuidad,Metropolitana,SANTIAGO,PROVIDENCIA,CASA CENTRAL (SANTIAGO),2,0
2026,26,2026|I26S1C100J4V4,No Presencial,A Distancia,Plan Regular de Continuidad,Metropolitana,SANTIAGO,PROVIDENCIA,CASA CENTRAL (SANTIAGO),5,0
2026,26,2026|I26S1C100J4V5,No Presencial,A Distancia,Plan Regular,Metropolitana,SANTIAGO,PROVIDENCIA,CASA CENTRAL (SANTIAGO),14,0
2026,26,2026|I26S1C155J4V1,No Presencial,A Distancia,Plan Especial,Metropolitana,SANTIAGO,PROVIDENCIA,CASA CENTRAL (SANTIAGO),1,0
2026,26,2026|I26S1C155J4V3,No Presencial,A Distancia,Plan Regular de Continuidad,Metropolitana,SANTIAGO,PROVIDENCIA,CASA CENTRAL (SANTIAGO),3,0
2026,26,2026|I26S1C155J4V4,No Presencial,A Distancia,Plan Regular,Metropolitana,SANTIAGO,PROVIDENCIA,CASA CENTRAL (SANTIAGO),109,40
2026,26,2026|I26S1C155J4V5,No Presencial,A Distancia,Plan Regular de Continuidad,Metropolitana,SANTIAGO,PROVIDENCIA,CASA CENTRAL (SANTIAGO),112,0
2026,26,2026|I26S1C174J4V2,No Presencial,A Distancia,Plan Regular de Continuidad,Metropolitana,SANTIAGO,PROVIDENCIA,CASA CENTRAL (SANTIAGO),118,0
2026,26,2026|I26S1C176J4V1,No Presencial,A Distancia,Plan Especial,Metropolitana,SANTIAGO,PROVIDENCIA,CASA CENTRAL (SANTIAGO),1,0
2026,26,2026|I26S1C178J4V2,No Presencial,A Distancia,Plan Regular de Continuidad,Metropolitana,SANTIAGO,PROVIDENCIA,CASA CENTRAL (SANTIAGO),10,0
2026,26,2026|I26S1C178J4V3,No Presencial,A Distancia,Plan Regular de Continuidad,Metropolitana,SANTIAGO,PROVIDENCIA,CASA CENTRAL (SANTIAGO),13,0
2026,26,2026|I26S1C179J4V2,No Presencial,A Distancia,Plan Regular de Continuidad,Metropolitana,SANTIAGO,PROVIDENCIA,CASA CENTRAL (SANTIAGO),9,0
2026,26,2026|I26S1C179J4V3,No Presencial,A Distancia,Plan Regular de Continuidad,Metropolitana,SANTIAGO,PROVIDENCIA,CASA CENTRAL (SANTIAGO),55,0
2026,26,2026|I26S1C182J4V1,No Presencial,A Distancia,Plan Regular,Metropolitana,SANTIAGO,PROVIDENCIA,CASA CENTRAL (SANTIAGO),65,18
2026,26,2026|I26S1C182J4V3,No Presencial,A Distancia,Plan Regular de Continuidad,Metropolitana,SANTIAGO,PROVIDENCIA,CASA CENTRAL (SANTIAGO),40,0
2026,26,2026|I26S1C182J4V4,No Presencial,A Distancia,Plan Regular de Continuidad,Metropolitana,SANTIAGO,PROVIDENCIA,CASA CENTRAL (SANTIAGO),61,0
2026,26,2026|I26S1C199J3V1,Semipresencial,Semipresencial,Plan Regular,Metropolitana,SANTIAGO,PROVIDENCIA,CASA CENTRAL (SANTIAGO),53,0
2026,26,2026|I26S1C199J3V2,Semipresencial,Semipresencial,Plan Regular,Metropolitana,SANTIAGO,PROVIDENCIA,CASA CENTRAL (SANTIAGO),59,17
2026,26,2026|I26S1C219J4V1,No Presencial,A Distancia,Plan Regular,Metropolitana,SANTIAGO,PROVIDENCIA,CASA CENTRAL (SANTIAGO),17,0
2026,26,2026|I26S1C2J3V1,Semipresencial,Semipresencial,Plan Regular,Metropolitana,SANTIAGO,PROVIDENCIA,CASA CENTRAL (SANTIAGO),208,31
2026,26,2026|I26S1C4J3V1,Semipresencial,Semipresencial,Plan Regular,Metropolitana,SANTIAGO,PROVIDENCIA,CASA CENTRAL (SANTIAGO),23,0
2026,26,2026|I26S1C4J3V2,Semipresencial,Semipresencial,Plan Regular,Metropolitana,SANTIAGO,PROVIDENCIA,CASA CENTRAL (SANTIAGO),55,34
2026,26,2026|I26S1C60J4V2,No Presencial,A Distancia,Plan Regular,Metropolitana,SANTIAGO,PROVIDENCIA,CASA CENTRAL (SANTIAGO),79,21
2026,26,2026|I26S1C82J4V2,No Presencial,A Distancia,Plan Regular,Metropolitana,SANTIAGO,PROVIDENCIA,CASA CENTRAL (SANTIAGO),119,40
2026,26,2026|I26S1C82J4V3,No Presencial,A Distancia,Plan Regular de Continuidad,Metropolitana,SANTIAGO,PROVIDENCIA,CASA CENTRAL (SANTIAGO),90,0
2026,26,2026|I26S1C82J4V4,No Presencial,A Distancia,Plan Regular de Continuidad,Metropolitana,SANTIAGO,PROVIDENCIA,CASA CENTRAL (SANTIAGO),75,0
2026,26,2026|I26S1C82J4V5,No Presencial,A Distancia,Plan Regular de Continuidad,Metropolitana,SANTIAGO,PROVIDENCIA,CASA CENTRAL (SANTIAGO),40,0
2026,26,2026|I26S1C83J4V2,No Presencial,A Distancia,Plan Regular,Metropolitana,SANTIAGO,PROVIDENCIA,CASA CENTRAL (SANTIAGO),11,0
2026,26,2026|I26S1C83J4V3,No Presencial,A Distancia,Plan Regular,Metropolitana,SANTIAGO,PROVIDENCIA,CASA CENTRAL (SANTIAGO),7,0
2026,26,2026|I26S1C84J3V2,Semipresencial,Semipresencial,Plan Regular,Metropolitana,SANTIAGO,PROVIDENCIA,CASA CENTRAL (SANTIAGO),1099,194
2026,31,2026|I31S1C101J4V2,No Presencial,A Distancia,Plan Regular de Continuidad,La Araucanía,CAUTIN,TEMUCO,CASA CENTRAL (TEMUCO),174,0
2026,31,2026|I31S1C13J4V4,No Presencial,A Distancia,Plan Regular,La Araucanía,CAUTIN,TEMUCO,CASA CENTRAL (TEMUCO),74,0
2026,31,2026|I31S1C13J4V5,No Presencial,A Distancia,Plan Regular,La Araucanía,CAUTIN,TEMUCO,CASA CENTRAL (TEMUCO),53,47
2026,31,2026|I31S1C1J4V2,No Presencial,A Distancia,Plan Regular de Continuidad,La Araucanía,CAUTIN,TEMUCO,CASA CENTRAL (TEMUCO),258,0
2026,31,2026|I31S1C409J4V1,No Presencial,A Distancia,Plan Regular,La Araucanía,CAUTIN,TEMUCO,CASA CENTRAL (TEMUCO),54,0
2026,31,2026|I31S1C409J4V2,No Presencial,A Distancia,Plan Regular,La Araucanía,CAUTIN,TEMUCO,CASA CENTRAL (TEMUCO),42,40
2026,31,2026|I31S1C5J3V3,Semipresencial,Semipresencial,Plan Regular de Continuidad,La Araucanía,CAUTIN,TEMUCO,CASA CENTRAL (TEMUCO),25,0
2026,31,2026|I31S2C5J3V3,Semipresencial,Semipresencial,Plan Regular de Continuidad,Maule,TALCA,TALCA,SEDE TALCA,61,0
2026,31,2026|I31S3C5J3V3,Semipresencial,Semipresencial,Plan Regular de Continuidad,Metropolitana,SANTIAGO,SAN MIGUEL,CAMPUS EL LLANO,22,0
2026,38,2026|I38S1C198J4V1,No Presencial,A Distancia,Plan Especial,Ñuble,DIGUILLIN,CHILLAN,CASA CENTRAL (CHILLAN),82,73
2026,38,2026|I38S1C34J4V1,No Presencial,A Distancia,Plan Regular,Ñuble,DIGUILLIN,CHILLAN,CASA CENTRAL (CHILLAN),3,0
2026,39,2026|I39S2C167J3V1,Semipresencial,Semipresencial,Plan Regular de Continuidad,Biobío,CONCEPCION,CONCEPCION,SEDE CONCEPCION,12,0
2026,39,2026|I39S2C180J3V2,Semipresencial,Semipresencial,Plan Regular de Continuidad,Biobío,CONCEPCION,CONCEPCION,SEDE CONCEPCION,39,0
2026,39,2026|I39S2C2J3V1,Semipresencial,Semipresencial,Plan Regular de Continuidad,Biobío,CONCEPCION,CONCEPCION,SEDE CONCEPCION,15,0
2026,39,2026|I39S2C6J3V2,Semipresencial,Semipresencial,Plan Regular de Continuidad,Biobío,CONCEPCION,CONCEPCION,SEDE CONCEPCION,41,0
2026,39,2026|I39S2C87J3V2,Semipresencial,Semipresencial,Plan Regular de Continuidad,Biobío,CONCEPCION,CONCEPCION,SEDE CONCEPCION,24,0
2026,39,2026|I39S6C167J3V1,Semipresencial,Semipresencial,Plan Regular de Continuidad,Metropolitana,SANTIAGO,SANTIAGO,SEDE SANTIAGO,27,0
2026,39,2026|I39S6C167J4V1,No Presencial,A Distancia,Plan Regular de Continuidad,Metropolitana,SANTIAGO,SANTIAGO,SEDE SANTIAGO,158,0
2026,39,2026|I39S6C180J3V2,Semipresencial,Semipresencial,Plan Regular de Continuidad,Metropolitana,SANTIAGO,SANTIAGO,SEDE SANTIAGO,136,0
2026,39,2026|I39S6C180J4V1,No Presencial,A Distancia,Plan Regular de Continuidad,Metropolitana,SANTIAGO,SANTIAGO,SEDE SANTIAGO,509,0
2026,39,2026|I39S6C180J4V2,No Presencial,A Distancia,Plan Regular de Continuidad,Metropolitana,SANTIAGO,SANTIAGO,SEDE SANTIAGO,77,0
2026,39,2026|I39S6C1J3V2,Semipresencial,Semipresencial,Plan Regular de Continuidad,Metropolitana,SANTIAGO,SANTIAGO,SEDE SANTIAGO,54,0
2026,39,2026|I39S6C1J4V1,No Presencial,A Distancia,Plan Regular de Continuidad,Metropolitana,SANTIAGO,SANTIAGO,SEDE SANTIAGO,250,0
2026,39,2026|I39S6C1J4V2,No Presencial,A Distancia,Plan Regular de Continuidad,Metropolitana,SANTIAGO,SANTIAGO,SEDE SANTIAGO,11,0
2026,39,2026|I39S6C29J4V4,No Presencial,A Distancia,Plan Regular de Continuidad,Metropolitana,SANTIAGO,SANTIAGO,SEDE SANTIAGO,148,0
2026,39,2026|I39S6C2J3V1,Semipresencial,Semipresencial,Plan Regular de Continuidad,Metropolitana,SANTIAGO,SANTIAGO,SEDE SANTIAGO,27,0
2026,39,2026|I39S6C435J4V3,No Presencial,A Distancia,Plan Regular de Continuidad,Metropolitana,SANTIAGO,SANTIAGO,SEDE SANTIAGO,150,0
2026,39,2026|I39S6C45J3V2,Semipresencial,Semipresencial,Plan Regular de Continuidad,Metropolitana,SANTIAGO,SANTIAGO,SEDE SANTIAGO,86,0
2026,39,2026|I39S6C45J4V1,No Presencial,A Distancia,Plan Regular de Continuidad,Metropolitana,SANTIAGO,SANTIAGO,SEDE SANTIAGO,919,0
2026,39,2026|I39S6C45J4V2,No Presencial,A Distancia,Plan Regular de Continuidad,Metropolitana,SANTIAGO,SANTIAGO,SEDE SANTIAGO,186,0
2026,39,2026|I39S6C55J3V2,Semipresencial,Semipresencial,Plan Regular de Continuidad,Metropolitana,SANTIAGO,SANTIAGO,SEDE SANTIAGO,51,0
2026,39,2026|I39S6C55J4V2,No Presencial,A Distancia,Plan Regular de Continuidad,Metropolitana,SANTIAGO,SANTIAGO,SEDE SANTIAGO,155,0
2026,39,2026|I39S6C583J4V1,No Presencial,A Distancia,Plan Regular de Continuidad,Metropolitana,SANTIAGO,SANTIAGO,SEDE SANTIAGO,143,0
2026,39,2026|I39S6C584J4V1,No Presencial,A Distancia,Plan Regular de Continuidad,Metropolitana,SANTIAGO,SANTIAGO,SEDE SANTIAGO,93,0
2026,39,2026|I39S6C6J3V2,Semipresencial,Semipresencial,Plan Regular de Continuidad,Metropolitana,SANTIAGO,SANTIAGO,SEDE SANTIAGO,59,0
2026,39,2026|I39S6C6J4V2,No Presencial,A Distancia,Plan Regular de Continuidad,Metropolitana,SANTIAGO,SANTIAGO,SEDE SANTIAGO,162,0
2026,39,2026|I39S6C78J3V1,Semipresencial,Semipresencial,Plan Regular de Continuidad,Metropolitana,SANTIAGO,SANTIAGO,SEDE SANTIAGO,31,0
2026,39,2026|I39S6C78J4V1,No Presencial,A Distancia,Plan Regular de Continuidad,Metropolitana,SANTIAGO,SANTIAGO,SEDE SANTIAGO,244,0
2026,39,2026|I39S6C78J4V2,No Presencial,A Distancia,Plan Regular de Continuidad,Metropolitana,SANTIAGO,SANTIAGO,SEDE SANTIAGO,9,0
2026,39,2026|I39S6C87J3V2,Semipresencial,Semipresencial,Plan Regular de Continuidad,Metropolitana,SANTIAGO,SANTIAGO,SEDE SANTIAGO,85,0
2026,39,2026|I39S6C87J4V1,No Presencial,A Distancia,Plan Regular de Continuidad,Metropolitana,SANTIAGO,SANTIAGO,SEDE SANTIAGO,620,0
2026,39,2026|I39S6C87J4V2,No Presencial,A Distancia,Plan Regular de Continuidad,Metropolitana,SANTIAGO,SANTIAGO,SEDE SANTIAGO,121,0
2026,39,2026|I39S7C180J3V2,Semipresencial,Semipresencial,Plan Regular de Continuidad,Los Ríos,VALDIVIA,VALDIVIA,SEDE VALDIVIA,22,0
2026,39,2026|I39S7C2J3V1,Semipresencial,Semipresencial,Plan Regular de Continuidad,Los Ríos,VALDIVIA,VALDIVIA,SEDE VALDIVIA,16,0
2026,39,2026|I39S7C6J3V2,Semipresencial,Semipresencial,Plan Regular de Continuidad,Los Ríos,VALDIVIA,VALDIVIA,SEDE VALDIVIA,7,0
2026,39,2026|I39S8C180J3V2,Semipresencial,Semipresencial,Plan Regular de Continuidad,Los Lagos,LLANQUIHUE,PUERTO MONTT,SEDE PATAGONIA (PUERTO MONTT),32,0
2026,39,2026|I39S8C2J3V1,Semipresencial,Semipresencial,Plan Regular de Continuidad,Los Lagos,LLANQUIHUE,PUERTO MONTT,SEDE PATAGONIA (PUERTO MONTT),13,0
2026,39,2026|I39S8C6J3V2,Semipresencial,Semipresencial,Plan Regular de Continuidad,Los Lagos,LLANQUIHUE,PUERTO MONTT,SEDE PATAGONIA (PUERTO MONTT),12,0
2026,42,2026|I42S1C11J4V3,No Presencial,A Distancia,Plan Regular de Continuidad,Metropolitana,SANTIAGO,SANTIAGO,CASA CENTRAL (SANTIAGO),21,0
2026,42,2026|I42S1C20J4V2,No Presencial,A Distancia,Plan Regular de Continuidad,Metropolitana,SANTIAGO,SANTIAGO,CASA CENTRAL (SANTIAGO),235,0
2026,42,2026|I42S1C367J4V3,No Presencial,A Distancia,Plan Regular de Continuidad,Metropolitana,SANTIAGO,SANTIAGO,CASA CENTRAL (SANTIAGO),8,0
2026,45,2026|I45S4C1259J3V1,Semipresencial,Semipresencial,Plan Regular de Continuidad,Metropolitana,SANTIAGO,LAS CONDES,SEDE SANTIAGO (S.C. APOQUINDO),29,0
2026,50,2026|I50S1C311J4V2,No Presencial,A Distancia,Plan Regular de Continuidad,Metropolitana,SANTIAGO,SANTIAGO,CASA CENTRAL (SANTIAGO),108,0
2026,50,2026|I50S1C324J4V2,No Presencial,A Distancia,Plan Regular de Continuidad,Metropolitana,SANTIAGO,SANTIAGO,CASA CENTRAL (SANTIAGO),156,0
2026,50,2026|I50S1C350J4V1,No Presencial,A Distancia,Plan Regular de Continuidad,Metropolitana,SANTIAGO,SANTIAGO,CASA CENTRAL (SANTIAGO),98,0
2026,50,2026|I50S1C463J4V1,No Presencial,A Distancia,Plan Regular de Continuidad,Metropolitana,SANTIAGO,SANTIAGO,CASA CENTRAL (SANTIAGO),79,0
2026,68,2026|I68S1C121J4V1,No Presencial,A Distancia,Plan Especial,Metropolitana,SANTIAGO,SANTIAGO,CASA CENTRAL (SANTIAGO),42,40
2026,68,2026|I68S1C132J4V2,No Presencial,A Distancia,Plan Especial,Metropolitana,SANTIAGO,SANTIAGO,CASA CENTRAL (SANTIAGO),26,26
2026,68,2026|I68S1C151J4V1,No Presencial,A Distancia,Plan Regular,Metropolitana,SANTIAGO,SANTIAGO,CASA CENTRAL (SANTIAGO),59,37
2026,68,2026|I68S1C26J4V1,No Presencial,A Distancia,Plan Regular,Metropolitana,SANTIAGO,SANTIAGO,CASA CENTRAL (SANTIAGO),96,28
2026,68,2026|I68S1C28J4V1,No Presencial,A Distancia,Plan Regular,Metropolitana,SANTIAGO,SANTIAGO,CASA CENTRAL (SANTIAGO),45,16
2026,68,2026|I68S1C40J4V1,No Presencial,A Distancia,Plan Regular,Metropolitana,SANTIAGO,SANTIAGO,CASA CENTRAL (SANTIAGO),40,38
2026,68,2026|I68S1C4J4V1,No Presencial,A Distancia,Plan Regular,Metropolitana,SANTIAGO,SANTIAGO,CASA CENTRAL (SANTIAGO),41,12
2026,68,2026|I68S1C85J4V1,No Presencial,A Distancia,Plan Regular,Metropolitana,SANTIAGO,SANTIAGO,CASA CENTRAL (SANTIAGO),50,15
2026,69,2026|I69S1C102J4V1,No Presencial,A Distancia,Plan Regular de Continuidad,Metropolitana,SANTIAGO,SANTIAGO,CASA CENTRAL (SANTIAGO),17,0
2026,69,2026|I69S1C281J4V2,No Presencial,A Distancia,Plan Regular de Continuidad,Metropolitana,SANTIAGO,SANTIAGO,CASA CENTRAL (SANTIAGO),14,0
2026,69,2026|I69S1C608J4V3,No Presencial,A Distancia,Plan Regular de Continuidad,Metropolitana,SANTIAGO,SANTIAGO,CASA CENTRAL (SANTIAGO),177,0
2026,69,2026|I69S1C624J4V1,No Presencial,A Distancia,Plan Regular de Continuidad,Metropolitana,SANTIAGO,SANTIAGO,CASA CENTRAL (SANTIAGO),46,0
2026,69,2026|I69S1C625J4V1,No Presencial,A Distancia,Plan Regular de Continuidad,Metropolitana,SANTIAGO,SANTIAGO,CASA CENTRAL (SANTIAGO),21,0
2026,69,2026|I69S1C626J4V1,No Presencial,A Distancia,Plan Regular de Continuidad,Metropolitana,SANTIAGO,SANTIAGO,CASA CENTRAL (SANTIAGO),27,0
2026,69,2026|I69S1C627J4V1,No Presencial,A Distancia,Plan Regular de Continuidad,Metropolitana,SANTIAGO,SANTIAGO,CASA CENTRAL (SANTIAGO),29,0
2026,69,2026|I69S1C645J4V1,No Presencial,A Distancia,Plan Regular de Continuidad,Metropolitana,SANTIAGO,SANTIAGO,CASA CENTRAL (SANTIAGO),11,0
2026,69,2026|I69S1C646J4V1,No Presencial,A Distancia,Plan Regular de Continuidad,Metropolitana,SANTIAGO,SANTIAGO,CASA CENTRAL (SANTIAGO),5,0
2026,69,2026|I69S1C647J4V1,No Presencial,A Distancia,Plan Regular de Continuidad,Metropolitana,SANTIAGO,SANTIAGO,CASA CENTRAL (SANTIAGO),32,0
2026,71,2026|I71S1C1090J4V1,No Presencial,A Distancia,Plan Especial,Metropolitana,SANTIAGO,ESTACION CENTRAL,CASA CENTRAL (SANTIAGO),27,27
2026,71,2026|I71S1C120J4V1,No Presencial,A Distancia,Plan Especial,Metropolitana,SANTIAGO,ESTACION CENTRAL,CASA CENTRAL (SANTIAGO),69,0
2026,71,2026|I71S1C120J4V2,No Presencial,A Distancia,Plan Especial,Metropolitana,SANTIAGO,ESTACION CENTRAL,CASA CENTRAL (SANTIAGO),429,184
2026,71,2026|I71S1C127J4V1,No Presencial,A Distancia,Plan Especial,Metropolitana,SANTIAGO,ESTACION CENTRAL,CASA CENTRAL (SANTIAGO),111,43
2026,71,2026|I71S1C451J2V2,Semipresencial,Vespertina,Plan Regular,Metropolitana,SANTIAGO,ESTACION CENTRAL,CASA CENTRAL (SANTIAGO),1,0
2026,71,2026|I71S1C560J4V4,No Presencial,A Distancia,Plan Especial,Metropolitana,SANTIAGO,ESTACION CENTRAL,CASA CENTRAL (SANTIAGO),44,15
2026,71,2026|I71S1C748J2V1,Semipresencial,Vespertina,Plan Regular,Metropolitana,SANTIAGO,ESTACION CENTRAL,CASA CENTRAL (SANTIAGO),1,0
2026,71,2026|I71S1C77J3V2,Semipresencial,Semipresencial,Plan Especial,Metropolitana,SANTIAGO,ESTACION CENTRAL,CASA CENTRAL (SANTIAGO),3,3
2026,71,2026|I71S1C912J3V1,Semipresencial,Semipresencial,Plan Especial,Metropolitana,SANTIAGO,ESTACION CENTRAL,CASA CENTRAL (SANTIAGO),25,10
2026,72,2026|I72S1C652J3V1,Semipresencial,Semipresencial,Plan Especial,Valparaíso,VALPARAISO,VALPARAISO,CASA CENTRAL (VALPARAISO),4,1
2026,78,2026|I78S3C378J3V1,Semipresencial,Semipresencial,Plan Regular de Continuidad,Maule,CURICO,CURICO,CAMPUS CURICO,21,0
2026,78,2026|I78S5C341J3V2,Semipresencial,Semipresencial,Plan Regular de Continuidad,Metropolitana,SANTIAGO,SAN JOAQUIN,CAMPUS SANTIAGO,8,0
2026,78,2026|I78S8C429J3V1,Semipresencial,Semipresencial,Plan Regular de Continuidad,Maule,LINARES,LINARES,CAMPUS LINARES,91,0
2026,81,2026|I81S1C101J4V2,No Presencial,A Distancia,Plan Regular de Continuidad,Tarapacá,IQUIQUE,IQUIQUE,CASA CENTRAL (IQUIQUE),40,0
2026,82,2026|I82S1C213J3V1,Semipresencial,Semipresencial,Plan Regular de Continuidad,Metropolitana,SANTIAGO,ÑUÑOA,CASA CENTRAL (SANTIAGO),1,0
2026,82,2026|I82S1C260J3V1,Semipresencial,Semipresencial,Plan Regular de Continuidad,Metropolitana,SANTIAGO,ÑUÑOA,CASA CENTRAL (SANTIAGO),159,0
2026,82,2026|I82S1C277J3V1,Semipresencial,Semipresencial,Plan Regular de Continuidad,Metropolitana,SANTIAGO,ÑUÑOA,CASA CENTRAL (SANTIAGO),21,0
2026,83,2026|I83S1C374J4V1,No Presencial,A Distancia,Plan Regular,Valparaíso,VALPARAISO,VALPARAISO,CASA CENTRAL (VALPARAISO),19,0
2026,83,2026|I83S1C374J4V2,No Presencial,A Distancia,Plan Regular,Valparaíso,VALPARAISO,VALPARAISO,CASA CENTRAL (VALPARAISO),18,18
2026,85,2026|I85S4C230J4V3,No Presencial,A Distancia,Plan Regular de Continuidad,Metropolitana,SANTIAGO,ÑUÑOA,SEDE MACUL,22,0
2026,91,2026|I91S1C2J3V2,Semipresencial,Semipresencial,Plan Especial,Antofagasta,ANTOFAGASTA,ANTOFAGASTA,CASA CENTRAL,12,12
2026,91,2026|I91S1C518J3V2,Semipresencial,Semipresencial,Plan Especial,Antofagasta,ANTOFAGASTA,ANTOFAGASTA,CASA CENTRAL,14,14
2026,91,2026|I91S1C519J3V1,Semipresencial,Semipresencial,Plan Especial,Antofagasta,ANTOFAGASTA,ANTOFAGASTA,CASA CENTRAL,7,7
2026,91,2026|I91S1C520J4V1,No Presencial,A Distancia,Plan Especial,Antofagasta,ANTOFAGASTA,ANTOFAGASTA,CASA CENTRAL,1,1
2026,91,2026|I91S1C521J4V1,No Presencial,A Distancia,Plan Especial,Antofagasta,ANTOFAGASTA,ANTOFAGASTA,CASA CENTRAL,3,3
2026,91,2026|I91S1C522J4V1,No Presencial,A Distancia,Plan Especial,Antofagasta,ANTOFAGASTA,ANTOFAGASTA,CASA CENTRAL,5,5
2026,91,2026|I91S1C646J4V1,No Presencial,A Distancia,Plan Regular,Antofagasta,ANTOFAGASTA,ANTOFAGASTA,CASA CENTRAL,30,30
2026,93,2026|I93S1C10J4V3,No Presencial,A Distancia,Plan Regular de Continuidad,Biobío,CONCEPCION,CONCEPCION,CASA CENTRAL (CONCEPCION),74,0
2026,93,2026|I93S1C10J4V4,No Presencial,A Distancia,Plan Regular de Continuidad,Biobío,CONCEPCION,CONCEPCION,CASA CENTRAL (CONCEPCION),40,0
2026,93,2026|I93S1C114J4V2,No Presencial,A Distancia,Plan Regular de Continuidad,Biobío,CONCEPCION,CONCEPCION,CASA CENTRAL (CONCEPCION),81,0
2026,93,2026|I93S1C216J4V2,No Presencial,A Distancia,Plan Regular,Biobío,CONCEPCION,CONCEPCION,CASA CENTRAL (CONCEPCION),31,19
2026,93,2026|I93S1C24J4V3,No Presencial,A Distancia,Plan Regular de Continuidad,Biobío,CONCEPCION,CONCEPCION,CASA CENTRAL (CONCEPCION),21,0
2026,93,2026|I93S1C305J4V3,No Presencial,A Distancia,Plan Regular de Continuidad,Biobío,CONCEPCION,CONCEPCION,CASA CENTRAL (CONCEPCION),14,0
2026,93,2026|I93S1C386J3V2,Semipresencial,Semipresencial,Plan Regular de Continuidad,Biobío,CONCEPCION,CONCEPCION,CASA CENTRAL (CONCEPCION),74,0
2026,93,2026|I93S1C387J4V1,No Presencial,A Distancia,Plan Regular,Biobío,CONCEPCION,CONCEPCION,CASA CENTRAL (CONCEPCION),29,23
2026,93,2026|I93S1C3J3V2,Semipresencial,Semipresencial,Plan Especial,Biobío,CONCEPCION,CONCEPCION,CASA CENTRAL (CONCEPCION),1,0
2026,93,2026|I93S1C3J4V3,No Presencial,A Distancia,Plan Regular de Continuidad,Biobío,CONCEPCION,CONCEPCION,CASA CENTRAL (CONCEPCION),29,0
2026,93,2026|I93S1C3J4V4,No Presencial,A Distancia,Plan Regular de Continuidad,Biobío,CONCEPCION,CONCEPCION,CASA CENTRAL (CONCEPCION),43,0
2026,93,2026|I93S1C53J4V2,No Presencial,A Distancia,Plan Regular de Continuidad,Biobío,CONCEPCION,CONCEPCION,CASA CENTRAL (CONCEPCION),62,0
2026,93,2026|I93S1C61J4V2,No Presencial,A Distancia,Plan Regular de Continuidad,Biobío,CONCEPCION,CONCEPCION,CASA CENTRAL (CONCEPCION),15,0
2026,93,2026|I93S1C9J3V2,Semipresencial,Semipresencial,Plan Especial,Biobío,CONCEPCION,CONCEPCION,CASA CENTRAL (CONCEPCION),3,0
2026,93,2026|I93S1C9J4V3,No Presencial,A Distancia,Plan Regular de Continuidad,Biobío,CONCEPCION,CONCEPCION,CASA CENTRAL (CONCEPCION),225,0
2026,100,2026|I100S10C111J4V1,No Presencial,A Distancia,Plan Especial,Magallanes,MAGALLANES,PUNTA ARENAS,SEDE PUNTA ARENAS,3,0
2026,100,2026|I100S14C111J4V1,No Presencial,A Distancia,Plan Especial,Arica y Parinacota,ARICA,ARICA,SEDE ARICA,4,0
2026,100,2026|I100S15C111J4V1,No Presencial,A Distancia,Plan Especial,Tarapacá,IQUIQUE,IQUIQUE,SEDE IQUIQUE,10,0
2026,100,2026|I100S15C302J4V2,No Presencial,A Distancia,Plan Especial,Tarapacá,IQUIQUE,IQUIQUE,SEDE IQUIQUE,1,0
2026,100,2026|I100S16C302J4V2,No Presencial,A Distancia,Plan Especial,Atacama,COPIAPO,COPIAPO,SEDE COPIAPO,8,0
2026,100,2026|I100S20C111J4V1,No Presencial,A Distancia,Plan Especial,Metropolitana,SANTIAGO,RENCA,SEDE RENCA,1,0
2026,100,2026|I100S21C302J4V2,No Presencial,A Distancia,Plan Especial,Los Lagos,LLANQUIHUE,PUERTO MONTT,SEDE PUERTO MONTT,3,0
2026,100,2026|I100S23C111J4V1,No Presencial,A Distancia,Plan Especial,Lib. Gral. B. O'Higgins,CACHAPOAL,RANCAGUA,SEDE RANCAGUA,8,0
2026,100,2026|I100S23C302J4V2,No Presencial,A Distancia,Plan Especial,Lib. Gral. B. O'Higgins,CACHAPOAL,RANCAGUA,SEDE RANCAGUA,5,0
2026,100,2026|I100S24C111J4V1,No Presencial,A Distancia,Plan Especial,Valparaíso,VALPARAISO,VALPARAISO,SEDE VALPARAISO,2,0
2026,100,2026|I100S24C302J4V2,No Presencial,A Distancia,Plan Especial,Valparaíso,VALPARAISO,VALPARAISO,SEDE VALPARAISO,3,0
2026,100,2026|I100S29C111J4V1,No Presencial,A Distancia,Plan Especial,Maule,TALCA,TALCA,SEDE TALCA,7,0
2026,100,2026|I100S29C302J4V2,No Presencial,A Distancia,Plan Especial,Maule,TALCA,TALCA,SEDE TALCA,2,0
2026,100,2026|I100S30C302J4V2,No Presencial,A Distancia,Plan Especial,Coquimbo,ELQUI,LA SERENA,SEDE LA SERENA,3,0
2026,100,2026|I100S31C111J4V1,No Presencial,A Distancia,Plan Especial,Ñuble,DIGUILLIN,CHILLAN,SEDE CHILLAN,3,0
2026,100,2026|I100S32C111J4V1,No Presencial,A Distancia,Plan Especial,La Araucanía,CAUTIN,TEMUCO,SEDE TEMUCO,5,0
2026,100,2026|I100S33C111J4V1,No Presencial,A Distancia,Plan Especial,Biobío,CONCEPCION,TALCAHUANO,SEDE CONCEPCION - TALCAHUANO,1,0
2026,100,2026|I100S34C302J4V2,No Presencial,A Distancia,Plan Especial,Metropolitana,SANTIAGO,SANTIAGO,SEDE SANTIAGO CENTRO,7,0
2026,100,2026|I100S35C111J4V1,No Presencial,A Distancia,Plan Especial,Maule,CURICO,CURICO,SEDE CURICO,2,0
2026,100,2026|I100S37C111J4V1,No Presencial,A Distancia,Plan Especial,Biobío,BIOBIO,LOS ANGELES,SEDE LOS ANGELES,2,0
2026,100,2026|I100S37C302J4V2,No Presencial,A Distancia,Plan Especial,Biobío,BIOBIO,LOS ANGELES,SEDE LOS ANGELES,1,0
2026,100,2026|I100S38C302J4V2,No Presencial,A Distancia,Plan Especial,Metropolitana,SANTIAGO,MACUL,SEDE SANTIAGO SUR,4,0
2026,100,2026|I100S39C302J4V2,No Presencial,A Distancia,Plan Especial,Metropolitana,SANTIAGO,ÑUÑOA,SEDE ÑUÑOA,2,0
2026,100,2026|I100S43C273J4V1,No Presencial,A Distancia,Plan Regular,Metropolitana,SANTIAGO,VITACURA,SEDE ONLINE,151,80
2026,100,2026|I100S43C300J4V1,No Presencial,A Distancia,Plan Regular,Metropolitana,SANTIAGO,VITACURA,SEDE ONLINE,344,160
2026,100,2026|I100S43C335J4V1,No Presencial,A Distancia,Plan Regular,Metropolitana,SANTIAGO,VITACURA,SEDE ONLINE,114,66
2026,100,2026|I100S43C350J4V1,No Presencial,A Distancia,Plan Regular,Metropolitana,SANTIAGO,VITACURA,SEDE ONLINE,796,398
2026,100,2026|I100S43C353J4V1,No Presencial,A Distancia,Plan Regular,Metropolitana,SANTIAGO,VITACURA,SEDE ONLINE,237,135
2026,100,2026|I100S43C363J4V1,No Presencial,A Distancia,Plan Regular,Metropolitana,SANTIAGO,VITACURA,SEDE ONLINE,157,98
2026,100,2026|I100S5C302J4V2,No Presencial,A Distancia,Plan Especial,Antofagasta,EL LOA,CALAMA,SEDE CALAMA,2,0
2026,100,2026|I100S9C111J4V1,No Presencial,A Distancia,Plan Especial,Los Ríos,VALDIVIA,VALDIVIA,SEDE VALDIVIA,16,0
2026,100,2026|I100S9C302J4V2,No Presencial,A Distancia,Plan Especial,Los Ríos,VALDIVIA,VALDIVIA,SEDE VALDIVIA,1,0
2026,106,2026|I106S3C349J4V1,No Presencial,A Distancia,Plan Regular,Metropolitana,SANTIAGO,MACUL,CASA CENTRAL (SANTIAGO VICUÑA MACKENNA 3030),245,145
2026,106,2026|I106S3C350J4V1,No Presencial,A Distancia,Plan Regular,Metropolitana,SANTIAGO,MACUL,CASA CENTRAL (SANTIAGO VICUÑA MACKENNA 3030),74,32
2026,106,2026|I106S6C10J4V4,No Presencial,A Distancia,Plan Regular,Metropolitana,SANTIAGO,PROVIDENCIA,SEDE VICUÑA MACKENNA (SANTIAGO VICUÑA MACKENNA 380),421,120
2026,106,2026|I106S6C10J4V5,No Presencial,A Distancia,Plan Especial,Metropolitana,SANTIAGO,PROVIDENCIA,SEDE VICUÑA MACKENNA (SANTIAGO VICUÑA MACKENNA 380),35,18
2026,106,2026|I106S6C15J4V2,No Presencial,A Distancia,Plan Especial,Metropolitana,SANTIAGO,PROVIDENCIA,SEDE VICUÑA MACKENNA (SANTIAGO VICUÑA MACKENNA 380),94,50
2026,106,2026|I106S6C20J4V3,No Presencial,A Distancia,Plan Regular,Metropolitana,SANTIAGO,PROVIDENCIA,SEDE VICUÑA MACKENNA (SANTIAGO VICUÑA MACKENNA 380),563,127
2026,106,2026|I106S6C20J4V4,No Presencial,A Distancia,Plan Especial,Metropolitana,SANTIAGO,PROVIDENCIA,SEDE VICUÑA MACKENNA (SANTIAGO VICUÑA MACKENNA 380),128,47
2026,106,2026|I106S6C231J4V2,No Presencial,A Distancia,Plan Regular,Metropolitana,SANTIAGO,PROVIDENCIA,SEDE VICUÑA MACKENNA (SANTIAGO VICUÑA MACKENNA 380),122,59
2026,106,2026|I106S6C250J4V1,No Presencial,A Distancia,Plan Regular,Metropolitana,SANTIAGO,PROVIDENCIA,SEDE VICUÑA MACKENNA (SANTIAGO VICUÑA MACKENNA 380),307,129
2026,106,2026|I106S6C262J4V1,No Presencial,A Distancia,Plan Regular,Metropolitana,SANTIAGO,PROVIDENCIA,SEDE VICUÑA MACKENNA (SANTIAGO VICUÑA MACKENNA 380),691,198
2026,106,2026|I106S6C263J4V1,No Presencial,A Distancia,Plan Regular,Metropolitana,SANTIAGO,PROVIDENCIA,SEDE VICUÑA MACKENNA (SANTIAGO VICUÑA MACKENNA 380),1,0
2026,106,2026|I106S6C263J4V4,No Presencial,A Distancia,Plan Regular,Metropolitana,SANTIAGO,PROVIDENCIA,SEDE VICUÑA MACKENNA (SANTIAGO VICUÑA MACKENNA 380),174,44
2026,106,2026|I106S6C263J4V5,No Presencial,A Distancia,Plan Especial,Metropolitana,SANTIAGO,PROVIDENCIA,SEDE VICUÑA MACKENNA (SANTIAGO VICUÑA MACKENNA 380),15,4
2026,106,2026|I106S6C265J4V3,No Presencial,A Distancia,Plan Regular,Metropolitana,SANTIAGO,PROVIDENCIA,SEDE VICUÑA MACKENNA (SANTIAGO VICUÑA MACKENNA 380),99,46
2026,106,2026|I106S6C266J4V2,No Presencial,A Distancia,Plan Regular,Metropolitana,SANTIAGO,PROVIDENCIA,SEDE VICUÑA MACKENNA (SANTIAGO VICUÑA MACKENNA 380),511,209
2026,106,2026|I106S6C268J4V2,No Presencial,A Distancia,Plan Regular,Metropolitana,SANTIAGO,PROVIDENCIA,SEDE VICUÑA MACKENNA (SANTIAGO VICUÑA MACKENNA 380),97,38
2026,106,2026|I106S6C269J4V2,No Presencial,A Distancia,Plan Regular,Metropolitana,SANTIAGO,PROVIDENCIA,SEDE VICUÑA MACKENNA (SANTIAGO VICUÑA MACKENNA 380),384,272
2026,106,2026|I106S6C284J4V2,No Presencial,A Distancia,Plan Regular,Metropolitana,SANTIAGO,PROVIDENCIA,SEDE VICUÑA MACKENNA (SANTIAGO VICUÑA MACKENNA 380),247,103
2026,106,2026|I106S6C285J4V2,No Presencial,A Distancia,Plan Regular,Metropolitana,SANTIAGO,PROVIDENCIA,SEDE VICUÑA MACKENNA (SANTIAGO VICUÑA MACKENNA 380),515,132
2026,106,2026|I106S6C286J4V2,No Presencial,A Distancia,Plan Regular,Metropolitana,SANTIAGO,PROVIDENCIA,SEDE VICUÑA MACKENNA (SANTIAGO VICUÑA MACKENNA 380),33,0
2026,106,2026|I106S6C287J4V4,No Presencial,A Distancia,Plan Regular,Metropolitana,SANTIAGO,PROVIDENCIA,SEDE VICUÑA MACKENNA (SANTIAGO VICUÑA MACKENNA 380),372,103
2026,106,2026|I106S6C287J4V5,No Presencial,A Distancia,Plan Especial,Metropolitana,SANTIAGO,PROVIDENCIA,SEDE VICUÑA MACKENNA (SANTIAGO VICUÑA MACKENNA 380),28,12
2026,106,2026|I106S6C292J4V2,No Presencial,A Distancia,Plan Regular,Metropolitana,SANTIAGO,PROVIDENCIA,SEDE VICUÑA MACKENNA (SANTIAGO VICUÑA MACKENNA 380),7,0
2026,106,2026|I106S6C293J4V2,No Presencial,A Distancia,Plan Regular,Metropolitana,SANTIAGO,PROVIDENCIA,SEDE VICUÑA MACKENNA (SANTIAGO VICUÑA MACKENNA 380),120,36
2026,106,2026|I106S6C294J4V2,No Presencial,A Distancia,Plan Regular,Metropolitana,SANTIAGO,PROVIDENCIA,SEDE VICUÑA MACKENNA (SANTIAGO VICUÑA MACKENNA 380),822,358
2026,106,2026|I106S6C295J4V2,No Presencial,A Distancia,Plan Regular,Metropolitana,SANTIAGO,PROVIDENCIA,SEDE VICUÑA MACKENNA (SANTIAGO VICUÑA MACKENNA 380),153,58
2026,106,2026|I106S6C296J4V2,No Presencial,A Distancia,Plan Regular,Metropolitana,SANTIAGO,PROVIDENCIA,SEDE VICUÑA MACKENNA (SANTIAGO VICUÑA MACKENNA 380),598,290
2026,106,2026|I106S6C297J4V1,No Presencial,A Distancia,Plan Regular,Metropolitana,SANTIAGO,PROVIDENCIA,SEDE VICUÑA MACKENNA (SANTIAGO VICUÑA MACKENNA 380),1,0
2026,106,2026|I106S6C297J4V3,No Presencial,A Distancia,Plan Regular,Metropolitana,SANTIAGO,PROVIDENCIA,SEDE VICUÑA MACKENNA (SANTIAGO VICUÑA MACKENNA 380),707,180
2026,106,2026|I106S6C297J4V4,No Presencial,A Distancia,Plan Especial,Metropolitana,SANTIAGO,PROVIDENCIA,SEDE VICUÑA MACKENNA (SANTIAGO VICUÑA MACKENNA 380),55,29
2026,106,2026|I106S6C303J4V2,No Presencial,A Distancia,Plan Regular,Metropolitana,SANTIAGO,PROVIDENCIA,SEDE VICUÑA MACKENNA (SANTIAGO VICUÑA MACKENNA 380),327,95
2026,106,2026|I106S6C304J4V4,No Presencial,A Distancia,Plan Especial,Metropolitana,SANTIAGO,PROVIDENCIA,SEDE VICUÑA MACKENNA (SANTIAGO VICUÑA MACKENNA 380),49,24
2026,106,2026|I106S6C305J4V4,No Presencial,A Distancia,Plan Especial,Metropolitana,SANTIAGO,PROVIDENCIA,SEDE VICUÑA MACKENNA (SANTIAGO VICUÑA MACKENNA 380),27,19
2026,106,2026|I106S6C306J4V4,No Presencial,A Distancia,Plan Especial,Metropolitana,SANTIAGO,PROVIDENCIA,SEDE VICUÑA MACKENNA (SANTIAGO VICUÑA MACKENNA 380),98,40
2026,106,2026|I106S6C307J4V2,No Presencial,A Distancia,Plan Regular,Metropolitana,SANTIAGO,PROVIDENCIA,SEDE VICUÑA MACKENNA (SANTIAGO VICUÑA MACKENNA 380),13,0
2026,106,2026|I106S6C309J4V2,No Presencial,A Distancia,Plan Regular,Metropolitana,SANTIAGO,PROVIDENCIA,SEDE VICUÑA MACKENNA (SANTIAGO VICUÑA MACKENNA 380),196,90
2026,106,2026|I106S6C310J4V2,No Presencial,A Distancia,Plan Regular,Metropolitana,SANTIAGO,PROVIDENCIA,SEDE VICUÑA MACKENNA (SANTIAGO VICUÑA MACKENNA 380),361,215
2026,106,2026|I106S6C314J4V3,No Presencial,A Distancia,Plan Regular,Metropolitana,SANTIAGO,PROVIDENCIA,SEDE VICUÑA MACKENNA (SANTIAGO VICUÑA MACKENNA 380),391,178
2026,106,2026|I106S6C315J4V3,No Presencial,A Distancia,Plan Regular,Metropolitana,SANTIAGO,PROVIDENCIA,SEDE VICUÑA MACKENNA (SANTIAGO VICUÑA MACKENNA 380),174,78
2026,106,2026|I106S6C316J4V3,No Presencial,A Distancia,Plan Regular,Metropolitana,SANTIAGO,PROVIDENCIA,SEDE VICUÑA MACKENNA (SANTIAGO VICUÑA MACKENNA 380),479,190
2026,106,2026|I106S6C317J4V2,No Presencial,A Distancia,Plan Regular,Metropolitana,SANTIAGO,PROVIDENCIA,SEDE VICUÑA MACKENNA (SANTIAGO VICUÑA MACKENNA 380),18,7
2026,106,2026|I106S6C318J4V2,No Presencial,A Distancia,Plan Regular,Metropolitana,SANTIAGO,PROVIDENCIA,SEDE VICUÑA MACKENNA (SANTIAGO VICUÑA MACKENNA 380),303,193
2026,106,2026|I106S6C328J4V2,No Presencial,A Distancia,Plan Regular,Metropolitana,SANTIAGO,PROVIDENCIA,SEDE VICUÑA MACKENNA (SANTIAGO VICUÑA MACKENNA 380),20,6
2026,106,2026|I106S6C329J4V2,No Presencial,A Distancia,Plan Regular,Metropolitana,SANTIAGO,PROVIDENCIA,SEDE VICUÑA MACKENNA (SANTIAGO VICUÑA MACKENNA 380),3,0
2026,106,2026|I106S6C330J4V2,No Presencial,A Distancia,Plan Regular,Metropolitana,SANTIAGO,PROVIDENCIA,SEDE VICUÑA MACKENNA (SANTIAGO VICUÑA MACKENNA 380),305,181
2026,106,2026|I106S6C331J4V2,No Presencial,A Distancia,Plan Regular,Metropolitana,SANTIAGO,PROVIDENCIA,SEDE VICUÑA MACKENNA (SANTIAGO VICUÑA MACKENNA 380),14,5
2026,106,2026|I106S6C335J4V2,No Presencial,A Distancia,Plan Regular,Metropolitana,SANTIAGO,PROVIDENCIA,SEDE VICUÑA MACKENNA (SANTIAGO VICUÑA MACKENNA 380),91,38
2026,106,2026|I106S6C340J4V1,No Presencial,A Distancia,Plan Regular,Metropolitana,SANTIAGO,PROVIDENCIA,SEDE VICUÑA MACKENNA (SANTIAGO VICUÑA MACKENNA 380),16,9
2026,106,2026|I106S6C341J4V2,No Presencial,A Distancia,Plan Regular,Metropolitana,SANTIAGO,PROVIDENCIA,SEDE VICUÑA MACKENNA (SANTIAGO VICUÑA MACKENNA 380),13,4
2026,106,2026|I106S6C342J4V2,No Presencial,A Distancia,Plan Regular,Metropolitana,SANTIAGO,PROVIDENCIA,SEDE VICUÑA MACKENNA (SANTIAGO VICUÑA MACKENNA 380),22,9
2026,106,2026|I106S6C343J4V2,No Presencial,A Distancia,Plan Regular,Metropolitana,SANTIAGO,PROVIDENCIA,SEDE VICUÑA MACKENNA (SANTIAGO VICUÑA MACKENNA 380),34,15
2026,106,2026|I106S6C64J4V3,No Presencial,A Distancia,Plan Regular,Metropolitana,SANTIAGO,PROVIDENCIA,SEDE VICUÑA MACKENNA (SANTIAGO VICUÑA MACKENNA 380),496,247
2026,108,2026|I108S1C23J4V1,No Presencial,A Distancia,Plan Regular,Metropolitana,SANTIAGO,SANTIAGO,CASA CENTRAL (SANTIAGO),38,14
2026,108,2026|I108S1C28J4V1,No Presencial,A Distancia,Plan Regular,Metropolitana,SANTIAGO,SANTIAGO,CASA CENTRAL (SANTIAGO),18,12
2026,108,2026|I108S1C31J4V1,No Presencial,A Distancia,Plan Regular,Metropolitana,SANTIAGO,SANTIAGO,CASA CENTRAL (SANTIAGO),7,0
2026,108,2026|I108S1C35J4V1,No Presencial,A Distancia,Plan Regular,Metropolitana,SANTIAGO,SANTIAGO,CASA CENTRAL (SANTIAGO),5,3
2026,108,2026|I108S1C39J4V1,No Presencial,A Distancia,Plan Regular,Metropolitana,SANTIAGO,SANTIAGO,CASA CENTRAL (SANTIAGO),4,3
2026,108,2026|I108S1C40J4V1,No Presencial,A Distancia,Plan Regular,Metropolitana,SANTIAGO,SANTIAGO,CASA CENTRAL (SANTIAGO),2,1
2026,111,2026|I111S15C281J2V1,Semipresencial,Vespertina,Plan Regular,Metropolitana,SANTIAGO,MAIPU,SEDE MAIPU,1,0
2026,111,2026|I111S27C23J4V1,No Presencial,A Distancia,Plan Regular,Metropolitana,SANTIAGO,PROVIDENCIA,CASA CENTRAL,694,286
2026,111,2026|I111S27C24J4V2,No Presencial,A Distancia,Plan Regular,Metropolitana,SANTIAGO,PROVIDENCIA,CASA CENTRAL,23,23
2026,111,2026|I111S27C405J4V1,No Presencial,A Distancia,Plan Regular,Metropolitana,SANTIAGO,PROVIDENCIA,CASA CENTRAL,63,37
2026,111,2026|I111S27C477J4V2,No Presencial,A Distancia,Plan Regular,Metropolitana,SANTIAGO,PROVIDENCIA,CASA CENTRAL,60,25
2026,111,2026|I111S27C513J4V2,No Presencial,A Distancia,Plan Regular,Metropolitana,SANTIAGO,PROVIDENCIA,CASA CENTRAL,410,124
2026,111,2026|I111S27C518J4V1,No Presencial,A Distancia,Plan Regular,Metropolitana,SANTIAGO,PROVIDENCIA,CASA CENTRAL,455,224
2026,111,2026|I111S27C519J4V1,No Presencial,A Distancia,Plan Regular,Metropolitana,SANTIAGO,PROVIDENCIA,CASA CENTRAL,100,36
2026,111,2026|I111S27C520J4V1,No Presencial,A Distancia,Plan Regular,Metropolitana,SANTIAGO,PROVIDENCIA,CASA CENTRAL,52,25
2026,111,2026|I111S27C528J4V1,No Presencial,A Distancia,Plan Regular de Continuidad,Metropolitana,SANTIAGO,PROVIDENCIA,CASA CENTRAL,134,0
2026,111,2026|I111S27C535J4V1,No Presencial,A Distancia,Plan Regular,Metropolitana,SANTIAGO,PROVIDENCIA,CASA CENTRAL,103,48
2026,111,2026|I111S27C537J4V1,No Presencial,A Distancia,Plan Regular,Metropolitana,SANTIAGO,PROVIDENCIA,CASA CENTRAL,164,88
2026,111,2026|I111S27C538J4V2,No Presencial,A Distancia,Plan Regular,Metropolitana,SANTIAGO,PROVIDENCIA,CASA CENTRAL,28,28
2026,111,2026|I111S27C539J4V1,No Presencial,A Distancia,Plan Regular,Metropolitana,SANTIAGO,PROVIDENCIA,CASA CENTRAL,76,42
2026,111,2026|I111S27C547J4V1,No Presencial,A Distancia,Plan Regular,Metropolitana,SANTIAGO,PROVIDENCIA,CASA CENTRAL,27,27
2026,111,2026|I111S27C550J4V1,No Presencial,A Distancia,Plan Regular,Metropolitana,SANTIAGO,PROVIDENCIA,CASA CENTRAL,66,66
2026,111,2026|I111S27C551J4V1,No Presencial,A Distancia,Plan Regular,Metropolitana,SANTIAGO,PROVIDENCIA,CASA CENTRAL,40,20
2026,111,2026|I111S27C552J4V1,No Presencial,A Distancia,Plan Regular de Continuidad,Metropolitana,SANTIAGO,PROVIDENCIA,CASA CENTRAL,54,0
2026,111,2026|I111S27C553J4V1,No Presencial,A Distancia,Plan Regular,Metropolitana,SANTIAGO,PROVIDENCIA,CASA CENTRAL,72,63
2026,111,2026|I111S27C554J4V1,No Presencial,A Distancia,Plan Regular,Metropolitana,SANTIAGO,PROVIDENCIA,CASA CENTRAL,127,127
2026,111,2026|I111S27C555J4V1,No Presencial,A Distancia,Plan Regular,Metropolitana,SANTIAGO,PROVIDENCIA,CASA CENTRAL,35,35
2026,111,2026|I111S5C139J2V1,Semipresencial,Vespertina,Plan Regular,Metropolitana,SANTIAGO,PROVIDENCIA,SEDE ANTONIO VARAS,1,0
2026,111,2026|I111S5C281J2V1,Semipresencial,Vespertina,Plan Regular,Metropolitana,SANTIAGO,PROVIDENCIA,SEDE ANTONIO VARAS,1,0
2026,111,2026|I111S5C455J2V1,Semipresencial,Vespertina,Plan Regular,Metropolitana,SANTIAGO,PROVIDENCIA,SEDE ANTONIO VARAS,2,0
2026,111,2026|I111S6C484J3V1,Semipresencial,Semipresencial,Plan Regular,Metropolitana,SANTIAGO,LAS CONDES,SEDE SAN CARLOS DE APOQUINDO,9,0
2026,111,2026|I111S6C486J3V3,Semipresencial,Semipresencial,Plan Regular,Metropolitana,SANTIAGO,LAS CONDES,SEDE SAN CARLOS DE APOQUINDO,1,0
2026,111,2026|I111S9C139J2V1,Semipresencial,Vespertina,Plan Regular,Metropolitana,SANTIAGO,LA FLORIDA,SEDE PLAZA VESPUCIO,1,0
2026,111,2026|I111S9C204J2V1,Semipresencial,Vespertina,Plan Regular,Metropolitana,SANTIAGO,LA FLORIDA,SEDE PLAZA VESPUCIO,1,0
2026,111,2026|I111S9C259J2V1,Semipresencial,Vespertina,Plan Regular,Metropolitana,SANTIAGO,LA FLORIDA,SEDE PLAZA VESPUCIO,1,0
2026,111,2026|I111S9C410J2V1,Semipresencial,Vespertina,Plan Regular,Metropolitana,SANTIAGO,LA FLORIDA,SEDE PLAZA VESPUCIO,1,0
2026,111,2026|I111S9C441J2V1,Semipresencial,Vespertina,Plan Regular,Metropolitana,SANTIAGO,LA FLORIDA,SEDE PLAZA VESPUCIO,1,0
2026,111,2026|I111S9C484J3V1,Semipresencial,Semipresencial,Plan Regular,Metropolitana,SANTIAGO,LA FLORIDA,SEDE PLAZA VESPUCIO,4,0
2026,113,2026|I113S13C259J4V1,No Presencial,A Distancia,Plan Regular,Metropolitana,SANTIAGO,SANTIAGO,SEDE SANTIAGO,1,1
2026,113,2026|I113S13C316J4V1,No Presencial,A Distancia,Plan Regular,Metropolitana,SANTIAGO,SANTIAGO,SEDE SANTIAGO,7,0
2026,113,2026|I113S13C330J4V2,No Presencial,A Distancia,Plan Regular,Metropolitana,SANTIAGO,SANTIAGO,SEDE SANTIAGO,4,2
2026,113,2026|I113S13C372J4V3,No Presencial,A Distancia,Plan Regular,Metropolitana,SANTIAGO,SANTIAGO,SEDE SANTIAGO,1,1
2026,113,2026|I113S13C411J4V2,No Presencial,A Distancia,Plan Regular,Metropolitana,SANTIAGO,SANTIAGO,SEDE SANTIAGO,31,0
2026,113,2026|I113S13C411J4V3,No Presencial,A Distancia,Plan Regular de Continuidad,Metropolitana,SANTIAGO,SANTIAGO,SEDE SANTIAGO,10,0
2026,113,2026|I113S13C412J4V2,No Presencial,A Distancia,Plan Regular,Metropolitana,SANTIAGO,SANTIAGO,SEDE SANTIAGO,5,0
2026,113,2026|I113S13C433J4V1,No Presencial,A Distancia,Plan Regular de Continuidad,Metropolitana,SANTIAGO,SANTIAGO,SEDE SANTIAGO,5,0
2026,113,2026|I113S13C433J4V3,No Presencial,A Distancia,Plan Regular,Metropolitana,SANTIAGO,SANTIAGO,SEDE SANTIAGO,6,5
2026,113,2026|I113S13C436J4V1,No Presencial,A Distancia,Plan Regular,Metropolitana,SANTIAGO,SANTIAGO,SEDE SANTIAGO,5,0
2026,113,2026|I113S13C459J4V1,No Presencial,A Distancia,Plan Regular,Metropolitana,SANTIAGO,SANTIAGO,SEDE SANTIAGO,2,1
2026,113,2026|I113S13C496J4V1,No Presencial,A Distancia,Plan Regular,Metropolitana,SANTIAGO,SANTIAGO,SEDE SANTIAGO,1,1
2026,113,2026|I113S13C505J4V1,No Presencial,A Distancia,Plan Regular,Metropolitana,SANTIAGO,SANTIAGO,SEDE SANTIAGO,5,3
2026,113,2026|I113S13C506J4V1,No Presencial,A Distancia,Plan Regular,Metropolitana,SANTIAGO,SANTIAGO,SEDE SANTIAGO,3,2
2026,113,2026|I113S13C511J4V1,No Presencial,A Distancia,Plan Regular de Continuidad,Metropolitana,SANTIAGO,SANTIAGO,SEDE SANTIAGO,2,0
2026,113,2026|I113S13C540J4V1,No Presencial,A Distancia,Plan Regular,Metropolitana,SANTIAGO,SANTIAGO,SEDE SANTIAGO,1,0
2026,113,2026|I113S13C543J4V3,No Presencial,A Distancia,Plan Regular,Metropolitana,SANTIAGO,SANTIAGO,SEDE SANTIAGO,1,1
2026,113,2026|I113S13C548J4V2,No Presencial,A Distancia,Plan Regular,Metropolitana,SANTIAGO,SANTIAGO,SEDE SANTIAGO,2,2
2026,113,2026|I113S13C553J4V1,No Presencial,A Distancia,Plan Regular de Continuidad,Metropolitana,SANTIAGO,SANTIAGO,SEDE SANTIAGO,3,0
2026,113,2026|I113S13C553J4V2,No Presencial,A Distancia,Plan Regular,Metropolitana,SANTIAGO,SANTIAGO,SEDE SANTIAGO,1,1
2026,113,2026|I113S13C566J4V1,No Presencial,A Distancia,Plan Regular,Metropolitana,SANTIAGO,SANTIAGO,SEDE SANTIAGO,1,1
2026,113,2026|I113S13C567J4V1,No Presencial,A Distancia,Plan Regular,Metropolitana,SANTIAGO,SANTIAGO,SEDE SANTIAGO,2,1
2026,113,2026|I113S13C568J4V1,No Presencial,A Distancia,Plan Regular,Metropolitana,SANTIAGO,SANTIAGO,SEDE SANTIAGO,3,0
2026,113,2026|I113S13C575J4V1,No Presencial,A Distancia,Plan Regular,Metropolitana,SANTIAGO,SANTIAGO,SEDE SANTIAGO,1,0
2026,113,2026|I113S13C575J4V2,No Presencial,A Distancia,Plan Regular de Continuidad,Metropolitana,SANTIAGO,SANTIAGO,SEDE SANTIAGO,8,0
2026,113,2026|I113S13C581J4V1,No Presencial,A Distancia,Plan Regular,Metropolitana,SANTIAGO,SANTIAGO,SEDE SANTIAGO,2,1
2026,113,2026|I113S13C582J4V1,No Presencial,A Distancia,Plan Regular,Metropolitana,SANTIAGO,SANTIAGO,SEDE SANTIAGO,3,0
2026,113,2026|I113S13C583J4V1,No Presencial,A Distancia,Plan Regular,Metropolitana,SANTIAGO,SANTIAGO,SEDE SANTIAGO,1,0
2026,113,2026|I113S13C585J4V2,No Presencial,A Distancia,Plan Regular de Continuidad,Metropolitana,SANTIAGO,SANTIAGO,SEDE SANTIAGO,2,0
2026,113,2026|I113S13C586J4V1,No Presencial,A Distancia,Plan Regular,Metropolitana,SANTIAGO,SANTIAGO,SEDE SANTIAGO,1,1
2026,113,2026|I113S13C586J4V2,No Presencial,A Distancia,Plan Regular de Continuidad,Metropolitana,SANTIAGO,SANTIAGO,SEDE SANTIAGO,2,0
2026,113,2026|I113S13C591J4V1,No Presencial,A Distancia,Plan Regular,Metropolitana,SANTIAGO,SANTIAGO,SEDE SANTIAGO,3,1
2026,113,2026|I113S13C591J4V2,No Presencial,A Distancia,Plan Regular de Continuidad,Metropolitana,SANTIAGO,SANTIAGO,SEDE SANTIAGO,2,0
2026,113,2026|I113S13C592J4V1,No Presencial,A Distancia,Plan Regular,Metropolitana,SANTIAGO,SANTIAGO,SEDE SANTIAGO,1,0
2026,113,2026|I113S13C594J4V1,No Presencial,A Distancia,Plan Regular,Metropolitana,SANTIAGO,SANTIAGO,SEDE SANTIAGO,1,0
2026,113,2026|I113S13C602J4V1,No Presencial,A Distancia,Plan Regular,Metropolitana,SANTIAGO,SANTIAGO,SEDE SANTIAGO,1,1
2026,113,2026|I113S13C603J4V1,No Presencial,A Distancia,Plan Regular,Metropolitana,SANTIAGO,SANTIAGO,SEDE SANTIAGO,1,1
2026,113,2026|I113S13C603J4V2,No Presencial,A Distancia,Plan Regular de Continuidad,Metropolitana,SANTIAGO,SANTIAGO,SEDE SANTIAGO,9,0
2026,113,2026|I113S13C604J4V2,No Presencial,A Distancia,Plan Regular de Continuidad,Metropolitana,SANTIAGO,SANTIAGO,SEDE SANTIAGO,1,0
2026,113,2026|I113S13C61J4V1,No Presencial,A Distancia,Plan Regular,Metropolitana,SANTIAGO,SANTIAGO,SEDE SANTIAGO,4,2
2026,113,2026|I113S13C67J4V1,No Presencial,A Distancia,Plan Regular,Metropolitana,SANTIAGO,SANTIAGO,SEDE SANTIAGO,3,1
2026,113,2026|I113S7C126J4V1,No Presencial,A Distancia,Plan Regular,Metropolitana,SANTIAGO,PROVIDENCIA,SEDE PROVIDENCIA,243,241
2026,113,2026|I113S7C178J4V1,No Presencial,A Distancia,Plan Regular,Metropolitana,SANTIAGO,PROVIDENCIA,SEDE PROVIDENCIA,265,101
2026,113,2026|I113S7C193J4V1,No Presencial,A Distancia,Plan Regular de Continuidad,Metropolitana,SANTIAGO,PROVIDENCIA,SEDE PROVIDENCIA,1,0
2026,113,2026|I113S7C259J4V1,No Presencial,A Distancia,Plan Regular,Metropolitana,SANTIAGO,PROVIDENCIA,SEDE PROVIDENCIA,192,61
2026,113,2026|I113S7C304J4V1,No Presencial,A Distancia,Plan Regular,Metropolitana,SANTIAGO,PROVIDENCIA,SEDE PROVIDENCIA,2,0
2026,113,2026|I113S7C316J4V1,No Presencial,A Distancia,Plan Regular,Metropolitana,SANTIAGO,PROVIDENCIA,SEDE PROVIDENCIA,12,0
2026,113,2026|I113S7C330J4V2,No Presencial,A Distancia,Plan Regular,Metropolitana,SANTIAGO,PROVIDENCIA,SEDE PROVIDENCIA,181,76
2026,113,2026|I113S7C372J4V3,No Presencial,A Distancia,Plan Regular,Metropolitana,SANTIAGO,PROVIDENCIA,SEDE PROVIDENCIA,98,31
2026,113,2026|I113S7C372J4V4,No Presencial,A Distancia,Plan Regular de Continuidad,Metropolitana,SANTIAGO,PROVIDENCIA,SEDE PROVIDENCIA,41,0
2026,113,2026|I113S7C392J4V3,No Presencial,A Distancia,Plan Regular,Metropolitana,SANTIAGO,PROVIDENCIA,SEDE PROVIDENCIA,1,0
2026,113,2026|I113S7C411J4V2,No Presencial,A Distancia,Plan Regular,Metropolitana,SANTIAGO,PROVIDENCIA,SEDE PROVIDENCIA,1,0
2026,113,2026|I113S7C412J4V2,No Presencial,A Distancia,Plan Regular,Metropolitana,SANTIAGO,PROVIDENCIA,SEDE PROVIDENCIA,12,0
2026,113,2026|I113S7C413J4V2,No Presencial,A Distancia,Plan Regular,Metropolitana,SANTIAGO,PROVIDENCIA,SEDE PROVIDENCIA,2,0
2026,113,2026|I113S7C430J4V1,No Presencial,A Distancia,Plan Regular de Continuidad,Metropolitana,SANTIAGO,PROVIDENCIA,SEDE PROVIDENCIA,2,0
2026,113,2026|I113S7C433J4V1,No Presencial,A Distancia,Plan Regular de Continuidad,Metropolitana,SANTIAGO,PROVIDENCIA,SEDE PROVIDENCIA,831,0
2026,113,2026|I113S7C433J4V3,No Presencial,A Distancia,Plan Regular,Metropolitana,SANTIAGO,PROVIDENCIA,SEDE PROVIDENCIA,272,114
2026,113,2026|I113S7C435J4V1,No Presencial,A Distancia,Plan Regular,Metropolitana,SANTIAGO,PROVIDENCIA,SEDE PROVIDENCIA,1,0
2026,113,2026|I113S7C436J4V1,No Presencial,A Distancia,Plan Regular,Metropolitana,SANTIAGO,PROVIDENCIA,SEDE PROVIDENCIA,13,0
2026,113,2026|I113S7C459J4V1,No Presencial,A Distancia,Plan Regular,Metropolitana,SANTIAGO,PROVIDENCIA,SEDE PROVIDENCIA,311,106
2026,113,2026|I113S7C495J4V1,No Presencial,A Distancia,Plan Regular de Continuidad,Metropolitana,SANTIAGO,PROVIDENCIA,SEDE PROVIDENCIA,12,0
2026,113,2026|I113S7C495J4V2,No Presencial,A Distancia,Plan Regular,Metropolitana,SANTIAGO,PROVIDENCIA,SEDE PROVIDENCIA,2,0
2026,113,2026|I113S7C496J4V1,No Presencial,A Distancia,Plan Regular,Metropolitana,SANTIAGO,PROVIDENCIA,SEDE PROVIDENCIA,232,88
2026,113,2026|I113S7C505J4V1,No Presencial,A Distancia,Plan Regular,Metropolitana,SANTIAGO,PROVIDENCIA,SEDE PROVIDENCIA,247,124
2026,113,2026|I113S7C506J4V1,No Presencial,A Distancia,Plan Regular,Metropolitana,SANTIAGO,PROVIDENCIA,SEDE PROVIDENCIA,145,66
2026,113,2026|I113S7C507J4V1,No Presencial,A Distancia,Plan Regular,Metropolitana,SANTIAGO,PROVIDENCIA,SEDE PROVIDENCIA,2,0
2026,113,2026|I113S7C511J4V1,No Presencial,A Distancia,Plan Regular de Continuidad,Metropolitana,SANTIAGO,PROVIDENCIA,SEDE PROVIDENCIA,115,0
2026,113,2026|I113S7C511J4V3,No Presencial,A Distancia,Plan Regular,Metropolitana,SANTIAGO,PROVIDENCIA,SEDE PROVIDENCIA,117,117
2026,113,2026|I113S7C533J4V1,No Presencial,A Distancia,Plan Regular,Metropolitana,SANTIAGO,PROVIDENCIA,SEDE PROVIDENCIA,41,12
2026,113,2026|I113S7C540J4V1,No Presencial,A Distancia,Plan Regular,Metropolitana,SANTIAGO,PROVIDENCIA,SEDE PROVIDENCIA,4,0
2026,113,2026|I113S7C542J4V2,No Presencial,A Distancia,Plan Regular,Metropolitana,SANTIAGO,PROVIDENCIA,SEDE PROVIDENCIA,86,30
2026,113,2026|I113S7C543J4V3,No Presencial,A Distancia,Plan Regular,Metropolitana,SANTIAGO,PROVIDENCIA,SEDE PROVIDENCIA,81,38
2026,113,2026|I113S7C548J4V1,No Presencial,A Distancia,Plan Regular de Continuidad,Metropolitana,SANTIAGO,PROVIDENCIA,SEDE PROVIDENCIA,71,0
2026,113,2026|I113S7C548J4V2,No Presencial,A Distancia,Plan Regular,Metropolitana,SANTIAGO,PROVIDENCIA,SEDE PROVIDENCIA,98,55
2026,113,2026|I113S7C553J4V1,No Presencial,A Distancia,Plan Regular de Continuidad,Metropolitana,SANTIAGO,PROVIDENCIA,SEDE PROVIDENCIA,191,0
2026,113,2026|I113S7C553J4V2,No Presencial,A Distancia,Plan Regular,Metropolitana,SANTIAGO,PROVIDENCIA,SEDE PROVIDENCIA,145,67
2026,113,2026|I113S7C566J4V1,No Presencial,A Distancia,Plan Regular,Metropolitana,SANTIAGO,PROVIDENCIA,SEDE PROVIDENCIA,92,64
2026,113,2026|I113S7C567J4V1,No Presencial,A Distancia,Plan Regular,Metropolitana,SANTIAGO,PROVIDENCIA,SEDE PROVIDENCIA,100,57
2026,113,2026|I113S7C568J4V1,No Presencial,A Distancia,Plan Regular,Metropolitana,SANTIAGO,PROVIDENCIA,SEDE PROVIDENCIA,180,81
2026,113,2026|I113S7C575J4V1,No Presencial,A Distancia,Plan Regular,Metropolitana,SANTIAGO,PROVIDENCIA,SEDE PROVIDENCIA,114,70
2026,113,2026|I113S7C575J4V2,No Presencial,A Distancia,Plan Regular de Continuidad,Metropolitana,SANTIAGO,PROVIDENCIA,SEDE PROVIDENCIA,284,0
2026,113,2026|I113S7C581J4V1,No Presencial,A Distancia,Plan Regular,Metropolitana,SANTIAGO,PROVIDENCIA,SEDE PROVIDENCIA,178,76
2026,113,2026|I113S7C581J4V2,No Presencial,A Distancia,Plan Regular de Continuidad,Metropolitana,SANTIAGO,PROVIDENCIA,SEDE PROVIDENCIA,166,0
2026,113,2026|I113S7C582J4V1,No Presencial,A Distancia,Plan Regular,Metropolitana,SANTIAGO,PROVIDENCIA,SEDE PROVIDENCIA,12,0
2026,113,2026|I113S7C583J4V1,No Presencial,A Distancia,Plan Regular,Metropolitana,SANTIAGO,PROVIDENCIA,SEDE PROVIDENCIA,14,0
2026,113,2026|I113S7C584J4V1,No Presencial,A Distancia,Plan Regular,Metropolitana,SANTIAGO,PROVIDENCIA,SEDE PROVIDENCIA,38,0
2026,113,2026|I113S7C585J4V1,No Presencial,A Distancia,Plan Regular,Metropolitana,SANTIAGO,PROVIDENCIA,SEDE PROVIDENCIA,83,31
2026,113,2026|I113S7C585J4V2,No Presencial,A Distancia,Plan Regular de Continuidad,Metropolitana,SANTIAGO,PROVIDENCIA,SEDE PROVIDENCIA,58,0
2026,113,2026|I113S7C586J4V1,No Presencial,A Distancia,Plan Regular,Metropolitana,SANTIAGO,PROVIDENCIA,SEDE PROVIDENCIA,94,31
2026,113,2026|I113S7C586J4V2,No Presencial,A Distancia,Plan Regular de Continuidad,Metropolitana,SANTIAGO,PROVIDENCIA,SEDE PROVIDENCIA,100,0
2026,113,2026|I113S7C587J4V1,No Presencial,A Distancia,Plan Regular,Metropolitana,SANTIAGO,PROVIDENCIA,SEDE PROVIDENCIA,72,34
2026,113,2026|I113S7C587J4V2,No Presencial,A Distancia,Plan Regular de Continuidad,Metropolitana,SANTIAGO,PROVIDENCIA,SEDE PROVIDENCIA,32,0
2026,113,2026|I113S7C588J4V1,No Presencial,A Distancia,Plan Regular,Metropolitana,SANTIAGO,PROVIDENCIA,SEDE PROVIDENCIA,32,18
2026,113,2026|I113S7C588J4V2,No Presencial,A Distancia,Plan Regular de Continuidad,Metropolitana,SANTIAGO,PROVIDENCIA,SEDE PROVIDENCIA,8,0
2026,113,2026|I113S7C591J4V1,No Presencial,A Distancia,Plan Regular,Metropolitana,SANTIAGO,PROVIDENCIA,SEDE PROVIDENCIA,313,113
2026,113,2026|I113S7C591J4V2,No Presencial,A Distancia,Plan Regular de Continuidad,Metropolitana,SANTIAGO,PROVIDENCIA,SEDE PROVIDENCIA,355,0
2026,113,2026|I113S7C592J4V1,No Presencial,A Distancia,Plan Regular,Metropolitana,SANTIAGO,PROVIDENCIA,SEDE PROVIDENCIA,40,22
2026,113,2026|I113S7C593J4V1,No Presencial,A Distancia,Plan Regular,Metropolitana,SANTIAGO,PROVIDENCIA,SEDE PROVIDENCIA,87,20
2026,113,2026|I113S7C594J4V1,No Presencial,A Distancia,Plan Regular,Metropolitana,SANTIAGO,PROVIDENCIA,SEDE PROVIDENCIA,206,78
2026,113,2026|I113S7C602J4V1,No Presencial,A Distancia,Plan Regular,Metropolitana,SANTIAGO,PROVIDENCIA,SEDE PROVIDENCIA,74,46
2026,113,2026|I113S7C603J4V1,No Presencial,A Distancia,Plan Regular,Metropolitana,SANTIAGO,PROVIDENCIA,SEDE PROVIDENCIA,29,23
2026,113,2026|I113S7C603J4V2,No Presencial,A Distancia,Plan Regular de Continuidad,Metropolitana,SANTIAGO,PROVIDENCIA,SEDE PROVIDENCIA,334,0
2026,113,2026|I113S7C604J4V1,No Presencial,A Distancia,Plan Regular,Metropolitana,SANTIAGO,PROVIDENCIA,SEDE PROVIDENCIA,43,37
2026,113,2026|I113S7C604J4V2,No Presencial,A Distancia,Plan Regular de Continuidad,Metropolitana,SANTIAGO,PROVIDENCIA,SEDE PROVIDENCIA,10,0
2026,113,2026|I113S7C610J4V1,No Presencial,A Distancia,Plan Regular,Metropolitana,SANTIAGO,PROVIDENCIA,SEDE PROVIDENCIA,28,27
2026,113,2026|I113S7C610J4V2,No Presencial,A Distancia,Plan Regular de Continuidad,Metropolitana,SANTIAGO,PROVIDENCIA,SEDE PROVIDENCIA,6,0
2026,113,2026|I113S7C611J4V1,No Presencial,A Distancia,Plan Regular,Metropolitana,SANTIAGO,PROVIDENCIA,SEDE PROVIDENCIA,29,29
2026,113,2026|I113S7C613J4V1,No Presencial,A Distancia,Plan Regular,Metropolitana,SANTIAGO,PROVIDENCIA,SEDE PROVIDENCIA,85,85
2026,113,2026|I113S7C614J4V1,No Presencial,A Distancia,Plan Regular,Metropolitana,SANTIAGO,PROVIDENCIA,SEDE PROVIDENCIA,114,113
2026,113,2026|I113S7C61J4V1,No Presencial,A Distancia,Plan Regular,Metropolitana,SANTIAGO,PROVIDENCIA,SEDE PROVIDENCIA,297,149
2026,113,2026|I113S7C67J4V1,No Presencial,A Distancia,Plan Regular,Metropolitana,SANTIAGO,PROVIDENCIA,SEDE PROVIDENCIA,280,130
2026,113,2026|I113S7C99J4V2,No Presencial,A Distancia,Plan Regular,Metropolitana,SANTIAGO,PROVIDENCIA,SEDE PROVIDENCIA,177,177
2026,113,2026|I113S7C99J4V3,No Presencial,A Distancia,Plan Regular de Continuidad,Metropolitana,SANTIAGO,PROVIDENCIA,SEDE PROVIDENCIA,294,0
2026,116,2026|I116S10C201J2V1,Semipresencial,Vespertina,Plan Regular de Continuidad,Antofagasta,ANTOFAGASTA,ANTOFAGASTA,SEDE ANTOFAGASTA,28,0
2026,116,2026|I116S31C175J2V1,Semipresencial,Vespertina,Plan Regular de Continuidad,Metropolitana,SANTIAGO,SANTIAGO,SEDE SANTIAGO,3,0
2026,116,2026|I116S31C201J2V1,Semipresencial,Vespertina,Plan Regular de Continuidad,Metropolitana,SANTIAGO,SANTIAGO,SEDE SANTIAGO,1,0
2026,116,2026|I116S40C141J4V1,No Presencial,A Distancia,Plan Regular,Metropolitana,SANTIAGO,SAN JOAQUIN,SEDE VIRTUAL,227,83
2026,116,2026|I116S40C141J4V2,No Presencial,A Distancia,Plan Regular de Continuidad,Metropolitana,SANTIAGO,SAN JOAQUIN,SEDE VIRTUAL,66,0
2026,116,2026|I116S40C144J4V1,No Presencial,A Distancia,Plan Regular,Metropolitana,SANTIAGO,SAN JOAQUIN,SEDE VIRTUAL,23,23
2026,116,2026|I116S40C148J4V1,No Presencial,A Distancia,Plan Regular,Metropolitana,SANTIAGO,SAN JOAQUIN,SEDE VIRTUAL,351,125
2026,116,2026|I116S40C148J4V2,No Presencial,A Distancia,Plan Regular de Continuidad,Metropolitana,SANTIAGO,SAN JOAQUIN,SEDE VIRTUAL,93,0
2026,116,2026|I116S40C17J4V1,No Presencial,A Distancia,Plan Regular,Metropolitana,SANTIAGO,SAN JOAQUIN,SEDE VIRTUAL,382,132
2026,116,2026|I116S40C183J4V1,No Presencial,A Distancia,Plan Regular de Continuidad,Metropolitana,SANTIAGO,SAN JOAQUIN,SEDE VIRTUAL,82,0
2026,116,2026|I116S40C196J4V1,No Presencial,A Distancia,Plan Regular,Metropolitana,SANTIAGO,SAN JOAQUIN,SEDE VIRTUAL,425,137
2026,116,2026|I116S40C201J4V1,No Presencial,A Distancia,Plan Regular de Continuidad,Metropolitana,SANTIAGO,SAN JOAQUIN,SEDE VIRTUAL,53,0
2026,116,2026|I116S40C201J4V2,No Presencial,A Distancia,Plan Regular,Metropolitana,SANTIAGO,SAN JOAQUIN,SEDE VIRTUAL,266,107
2026,116,2026|I116S40C212J4V1,No Presencial,A Distancia,Plan Regular,Metropolitana,SANTIAGO,SAN JOAQUIN,SEDE VIRTUAL,188,100
2026,116,2026|I116S40C214J4V1,No Presencial,A Distancia,Plan Regular,Metropolitana,SANTIAGO,SAN JOAQUIN,SEDE VIRTUAL,277,166
2026,116,2026|I116S40C221J4V1,No Presencial,A Distancia,Plan Regular,Metropolitana,SANTIAGO,SAN JOAQUIN,SEDE VIRTUAL,319,98
2026,116,2026|I116S40C221J4V2,No Presencial,A Distancia,Plan Regular de Continuidad,Metropolitana,SANTIAGO,SAN JOAQUIN,SEDE VIRTUAL,149,0
2026,116,2026|I116S40C228J4V1,No Presencial,A Distancia,Plan Regular,Metropolitana,SANTIAGO,SAN JOAQUIN,SEDE VIRTUAL,177,75
2026,116,2026|I116S40C292J4V1,No Presencial,A Distancia,Plan Regular,Metropolitana,SANTIAGO,SAN JOAQUIN,SEDE VIRTUAL,151,84
2026,116,2026|I116S40C4J4V1,No Presencial,A Distancia,Plan Regular,Metropolitana,SANTIAGO,SAN JOAQUIN,SEDE VIRTUAL,289,93
2026,116,2026|I116S40C4J4V2,No Presencial,A Distancia,Plan Regular de Continuidad,Metropolitana,SANTIAGO,SAN JOAQUIN,SEDE VIRTUAL,124,0
2026,116,2026|I116S40C57J4V1,No Presencial,A Distancia,Plan Regular,Metropolitana,SANTIAGO,SAN JOAQUIN,SEDE VIRTUAL,157,102
2026,116,2026|I116S40C8J4V1,No Presencial,A Distancia,Plan Regular,Metropolitana,SANTIAGO,SAN JOAQUIN,SEDE VIRTUAL,186,105
2026,116,2026|I116S40C9J4V1,No Presencial,A Distancia,Plan Regular,Metropolitana,SANTIAGO,SAN JOAQUIN,SEDE VIRTUAL,359,126
2026,116,2026|I116S40C9J4V2,No Presencial,A Distancia,Plan Regular de Continuidad,Metropolitana,SANTIAGO,SAN JOAQUIN,SEDE VIRTUAL,41,0
2026,117,2026|I117S1C101J4V1,No Presencial,A Distancia,Plan Regular,Metropolitana,SANTIAGO,PROVIDENCIA,CASA CENTRAL (SANTIAGO),787,251
2026,117,2026|I117S1C102J4V1,No Presencial,A Distancia,Plan Regular,Metropolitana,SANTIAGO,PROVIDENCIA,CASA CENTRAL (SANTIAGO),100,59
2026,117,2026|I117S1C103J4V1,No Presencial,A Distancia,Plan Regular,Metropolitana,SANTIAGO,PROVIDENCIA,CASA CENTRAL (SANTIAGO),47,0
2026,117,2026|I117S1C107J4V1,No Presencial,A Distancia,Plan Regular,Metropolitana,SANTIAGO,PROVIDENCIA,CASA CENTRAL (SANTIAGO),1129,256
2026,117,2026|I117S1C108J4V1,No Presencial,A Distancia,Plan Regular,Metropolitana,SANTIAGO,PROVIDENCIA,CASA CENTRAL (SANTIAGO),754,254
2026,117,2026|I117S1C112J4V1,No Presencial,A Distancia,Plan Regular,Metropolitana,SANTIAGO,PROVIDENCIA,CASA CENTRAL (SANTIAGO),384,105
2026,117,2026|I117S1C114J4V1,No Presencial,A Distancia,Plan Regular,Metropolitana,SANTIAGO,PROVIDENCIA,CASA CENTRAL (SANTIAGO),5,0
2026,117,2026|I117S1C115J4V1,No Presencial,A Distancia,Plan Regular,Metropolitana,SANTIAGO,PROVIDENCIA,CASA CENTRAL (SANTIAGO),2231,839
2026,117,2026|I117S1C120J4V1,No Presencial,A Distancia,Plan Regular,Metropolitana,SANTIAGO,PROVIDENCIA,CASA CENTRAL (SANTIAGO),197,75
2026,117,2026|I117S1C121J4V1,No Presencial,A Distancia,Plan Regular,Metropolitana,SANTIAGO,PROVIDENCIA,CASA CENTRAL (SANTIAGO),229,97
2026,117,2026|I117S1C122J4V1,No Presencial,A Distancia,Plan Regular,Metropolitana,SANTIAGO,PROVIDENCIA,CASA CENTRAL (SANTIAGO),131,0
2026,117,2026|I117S1C126J4V1,No Presencial,A Distancia,Plan Regular,Metropolitana,SANTIAGO,PROVIDENCIA,CASA CENTRAL (SANTIAGO),954,523
2026,117,2026|I117S1C133J4V1,No Presencial,A Distancia,Plan Regular,Metropolitana,SANTIAGO,PROVIDENCIA,CASA CENTRAL (SANTIAGO),285,211
2026,117,2026|I117S1C135J4V1,No Presencial,A Distancia,Plan Regular,Metropolitana,SANTIAGO,PROVIDENCIA,CASA CENTRAL (SANTIAGO),112,112
2026,117,2026|I117S1C140J4V1,No Presencial,A Distancia,Plan Regular,Metropolitana,SANTIAGO,PROVIDENCIA,CASA CENTRAL (SANTIAGO),254,254
2026,117,2026|I117S1C143J4V1,No Presencial,A Distancia,Plan Regular,Metropolitana,SANTIAGO,PROVIDENCIA,CASA CENTRAL (SANTIAGO),196,196
2026,117,2026|I117S1C144J4V1,No Presencial,A Distancia,Plan Regular,Metropolitana,SANTIAGO,PROVIDENCIA,CASA CENTRAL (SANTIAGO),314,314
2026,117,2026|I117S1C145J4V1,No Presencial,A Distancia,Plan Regular,Metropolitana,SANTIAGO,PROVIDENCIA,CASA CENTRAL (SANTIAGO),71,71
2026,117,2026|I117S1C146J4V1,No Presencial,A Distancia,Plan Regular,Metropolitana,SANTIAGO,PROVIDENCIA,CASA CENTRAL (SANTIAGO),43,43
2026,117,2026|I117S1C17J4V1,No Presencial,A Distancia,Plan Regular,Metropolitana,SANTIAGO,PROVIDENCIA,CASA CENTRAL (SANTIAGO),512,149
2026,117,2026|I117S1C1J4V1,No Presencial,A Distancia,Plan Regular,Metropolitana,SANTIAGO,PROVIDENCIA,CASA CENTRAL (SANTIAGO),1788,548
2026,117,2026|I117S1C27J4V1,No Presencial,A Distancia,Plan Regular,Metropolitana,SANTIAGO,PROVIDENCIA,CASA CENTRAL (SANTIAGO),1873,586
2026,117,2026|I117S1C29J4V1,No Presencial,A Distancia,Plan Regular,Metropolitana,SANTIAGO,PROVIDENCIA,CASA CENTRAL (SANTIAGO),760,195
2026,117,2026|I117S1C2J4V1,No Presencial,A Distancia,Plan Regular,Metropolitana,SANTIAGO,PROVIDENCIA,CASA CENTRAL (SANTIAGO),1768,526
2026,117,2026|I117S1C30J4V1,No Presencial,A Distancia,Plan Regular,Metropolitana,SANTIAGO,PROVIDENCIA,CASA CENTRAL (SANTIAGO),780,263
2026,117,2026|I117S1C31J4V1,No Presencial,A Distancia,Plan Regular,Metropolitana,SANTIAGO,PROVIDENCIA,CASA CENTRAL (SANTIAGO),512,188
2026,117,2026|I117S1C32J4V1,No Presencial,A Distancia,Plan Regular,Metropolitana,SANTIAGO,PROVIDENCIA,CASA CENTRAL (SANTIAGO),1,0
2026,117,2026|I117S1C35J4V1,No Presencial,A Distancia,Plan Regular,Metropolitana,SANTIAGO,PROVIDENCIA,CASA CENTRAL (SANTIAGO),974,352
2026,117,2026|I117S1C45J4V1,No Presencial,A Distancia,Plan Regular,Metropolitana,SANTIAGO,PROVIDENCIA,CASA CENTRAL (SANTIAGO),1,0
2026,117,2026|I117S1C46J4V1,No Presencial,A Distancia,Plan Regular,Metropolitana,SANTIAGO,PROVIDENCIA,CASA CENTRAL (SANTIAGO),377,145
2026,117,2026|I117S1C57J4V1,No Presencial,A Distancia,Plan Regular,Metropolitana,SANTIAGO,PROVIDENCIA,CASA CENTRAL (SANTIAGO),1032,239
2026,117,2026|I117S1C59J4V1,No Presencial,A Distancia,Plan Regular,Metropolitana,SANTIAGO,PROVIDENCIA,CASA CENTRAL (SANTIAGO),508,160
2026,117,2026|I117S1C60J4V1,No Presencial,A Distancia,Plan Regular,Metropolitana,SANTIAGO,PROVIDENCIA,CASA CENTRAL (SANTIAGO),1248,414
2026,117,2026|I117S1C61J4V1,No Presencial,A Distancia,Plan Regular,Metropolitana,SANTIAGO,PROVIDENCIA,CASA CENTRAL (SANTIAGO),727,209
2026,117,2026|I117S1C62J4V1,No Presencial,A Distancia,Plan Regular,Metropolitana,SANTIAGO,PROVIDENCIA,CASA CENTRAL (SANTIAGO),485,141
2026,117,2026|I117S1C63J4V1,No Presencial,A Distancia,Plan Regular,Metropolitana,SANTIAGO,PROVIDENCIA,CASA CENTRAL (SANTIAGO),423,186
2026,117,2026|I117S1C65J4V1,No Presencial,A Distancia,Plan Regular,Metropolitana,SANTIAGO,PROVIDENCIA,CASA CENTRAL (SANTIAGO),638,172
2026,117,2026|I117S1C67J4V1,No Presencial,A Distancia,Plan Regular,Metropolitana,SANTIAGO,PROVIDENCIA,CASA CENTRAL (SANTIAGO),4708,1556
2026,117,2026|I117S1C68J4V1,No Presencial,A Distancia,Plan Regular,Metropolitana,SANTIAGO,PROVIDENCIA,CASA CENTRAL (SANTIAGO),15,0
2026,117,2026|I117S1C69J4V1,No Presencial,A Distancia,Plan Regular,Metropolitana,SANTIAGO,PROVIDENCIA,CASA CENTRAL (SANTIAGO),1418,415
2026,117,2026|I117S1C70J4V1,No Presencial,A Distancia,Plan Regular,Metropolitana,SANTIAGO,PROVIDENCIA,CASA CENTRAL (SANTIAGO),470,132
2026,117,2026|I117S1C71J4V1,No Presencial,A Distancia,Plan Regular,Metropolitana,SANTIAGO,PROVIDENCIA,CASA CENTRAL (SANTIAGO),514,144
2026,117,2026|I117S1C73J4V1,No Presencial,A Distancia,Plan Regular,Metropolitana,SANTIAGO,PROVIDENCIA,CASA CENTRAL (SANTIAGO),1978,723
2026,117,2026|I117S1C83J4V1,No Presencial,A Distancia,Plan Regular,Metropolitana,SANTIAGO,PROVIDENCIA,CASA CENTRAL (SANTIAGO),543,211
2026,117,2026|I117S1C90J4V1,No Presencial,A Distancia,Plan Regular,Metropolitana,SANTIAGO,PROVIDENCIA,CASA CENTRAL (SANTIAGO),1151,432
2026,117,2026|I117S1C91J4V1,No Presencial,A Distancia,Plan Regular,Metropolitana,SANTIAGO,PROVIDENCIA,CASA CENTRAL (SANTIAGO),690,128
2026,117,2026|I117S1C96J4V1,No Presencial,A Distancia,Plan Regular,Metropolitana,SANTIAGO,PROVIDENCIA,CASA CENTRAL (SANTIAGO),812,201
2026,117,2026|I117S1C97J4V1,No Presencial,A Distancia,Plan Regular,Metropolitana,SANTIAGO,PROVIDENCIA,CASA CENTRAL (SANTIAGO),370,148
2026,120,2026|I120S1C101J4V1,No Presencial,A Distancia,Plan Regular,Biobío,CONCEPCION,CONCEPCION,CASA CENTRAL (CONCEPCION),21,0
2026,120,2026|I120S1C104J4V1,No Presencial,A Distancia,Plan Regular,Biobío,CONCEPCION,CONCEPCION,CASA CENTRAL (CONCEPCION),58,6
2026,120,2026|I120S1C105J4V1,No Presencial,A Distancia,Plan Regular,Biobío,CONCEPCION,CONCEPCION,CASA CENTRAL (CONCEPCION),62,7
2026,120,2026|I120S1C110J2V2,Semipresencial,Vespertina,Plan Especial,Biobío,CONCEPCION,CONCEPCION,CASA CENTRAL (CONCEPCION),22,15
2026,120,2026|I120S1C114J4V1,No Presencial,A Distancia,Plan Regular,Biobío,CONCEPCION,CONCEPCION,CASA CENTRAL (CONCEPCION),88,4
2026,120,2026|I120S1C16J3V1,Semipresencial,Semipresencial,Plan Regular,Biobío,CONCEPCION,CONCEPCION,CASA CENTRAL (CONCEPCION),51,5
2026,120,2026|I120S1C173J3V1,Semipresencial,Semipresencial,Plan Regular,Biobío,CONCEPCION,CONCEPCION,CASA CENTRAL (CONCEPCION),3,0
2026,120,2026|I120S1C1J3V1,Semipresencial,Semipresencial,Plan Regular,Biobío,CONCEPCION,CONCEPCION,CASA CENTRAL (CONCEPCION),49,11
2026,120,2026|I120S1C214J3V1,Semipresencial,Semipresencial,Plan Regular,Biobío,CONCEPCION,CONCEPCION,CASA CENTRAL (CONCEPCION),42,13
2026,120,2026|I120S1C235J4V1,No Presencial,A Distancia,Plan Regular,Biobío,CONCEPCION,CONCEPCION,CASA CENTRAL (CONCEPCION),56,4
2026,120,2026|I120S1C241J4V1,No Presencial,A Distancia,Plan Regular,Biobío,CONCEPCION,CONCEPCION,CASA CENTRAL (CONCEPCION),13,2
2026,120,2026|I120S1C244J3V2,Semipresencial,Semipresencial,Plan Especial,Biobío,CONCEPCION,CONCEPCION,CASA CENTRAL (CONCEPCION),2,0
2026,120,2026|I120S1C250J4V1,No Presencial,A Distancia,Plan Regular,Biobío,CONCEPCION,CONCEPCION,CASA CENTRAL (CONCEPCION),9,3
2026,120,2026|I120S1C251J3V1,Semipresencial,Semipresencial,Plan Regular,Biobío,CONCEPCION,CONCEPCION,CASA CENTRAL (CONCEPCION),1,0
2026,120,2026|I120S1C260J3V2,Semipresencial,Semipresencial,Plan Especial,Biobío,CONCEPCION,CONCEPCION,CASA CENTRAL (CONCEPCION),55,28
2026,120,2026|I120S1C268J3V2,Semipresencial,Semipresencial,Plan Especial,Biobío,CONCEPCION,CONCEPCION,CASA CENTRAL (CONCEPCION),1,0
2026,120,2026|I120S1C26J3V2,Semipresencial,Semipresencial,Plan Especial,Biobío,CONCEPCION,CONCEPCION,CASA CENTRAL (CONCEPCION),3,0
2026,120,2026|I120S1C272J4V1,No Presencial,A Distancia,Plan Regular,Biobío,CONCEPCION,CONCEPCION,CASA CENTRAL (CONCEPCION),11,2
2026,120,2026|I120S1C288J3V2,Semipresencial,Semipresencial,Plan Especial,Biobío,CONCEPCION,CONCEPCION,CASA CENTRAL (CONCEPCION),1,1
2026,120,2026|I120S1C30J3V1,Semipresencial,Semipresencial,Plan Regular,Biobío,CONCEPCION,CONCEPCION,CASA CENTRAL (CONCEPCION),15,0
2026,120,2026|I120S1C310J4V1,No Presencial,A Distancia,Plan Regular,Biobío,CONCEPCION,CONCEPCION,CASA CENTRAL (CONCEPCION),17,2
2026,120,2026|I120S1C319J3V1,Semipresencial,Semipresencial,Plan Especial,Biobío,CONCEPCION,CONCEPCION,CASA CENTRAL (CONCEPCION),1,0
2026,120,2026|I120S1C333J3V1,Semipresencial,Semipresencial,Plan Regular,Biobío,CONCEPCION,CONCEPCION,CASA CENTRAL (CONCEPCION),24,1
2026,120,2026|I120S1C7J3V1,Semipresencial,Semipresencial,Plan Regular,Biobío,CONCEPCION,CONCEPCION,CASA CENTRAL (CONCEPCION),2,0
2026,120,2026|I120S1C9J3V1,Semipresencial,Semipresencial,Plan Regular,Biobío,CONCEPCION,CONCEPCION,CASA CENTRAL (CONCEPCION),10,1
2026,120,2026|I120S2C101J4V1,No Presencial,A Distancia,Plan Regular,Valparaíso,VALPARAISO,VIÑA DEL MAR,SEDE VIÑA DEL MAR,3,0
2026,120,2026|I120S2C104J4V1,No Presencial,A Distancia,Plan Regular,Valparaíso,VALPARAISO,VIÑA DEL MAR,SEDE VIÑA DEL MAR,2,1
2026,120,2026|I120S2C105J4V1,No Presencial,A Distancia,Plan Regular,Valparaíso,VALPARAISO,VIÑA DEL MAR,SEDE VIÑA DEL MAR,10,2
2026,120,2026|I120S2C114J4V1,No Presencial,A Distancia,Plan Regular,Valparaíso,VALPARAISO,VIÑA DEL MAR,SEDE VIÑA DEL MAR,46,2
2026,120,2026|I120S2C14J3V1,Semipresencial,Semipresencial,Plan Regular,Valparaíso,VALPARAISO,VIÑA DEL MAR,SEDE VIÑA DEL MAR,3,0
2026,120,2026|I120S2C16J3V1,Semipresencial,Semipresencial,Plan Regular,Valparaíso,VALPARAISO,VIÑA DEL MAR,SEDE VIÑA DEL MAR,50,28
2026,120,2026|I120S2C214J3V1,Semipresencial,Semipresencial,Plan Regular,Valparaíso,VALPARAISO,VIÑA DEL MAR,SEDE VIÑA DEL MAR,42,28
2026,120,2026|I120S2C235J4V1,No Presencial,A Distancia,Plan Regular,Valparaíso,VALPARAISO,VIÑA DEL MAR,SEDE VIÑA DEL MAR,8,0
2026,120,2026|I120S2C241J4V1,No Presencial,A Distancia,Plan Regular,Valparaíso,VALPARAISO,VIÑA DEL MAR,SEDE VIÑA DEL MAR,9,3
2026,120,2026|I120S2C244J3V1,Semipresencial,Semipresencial,Plan Regular,Valparaíso,VALPARAISO,VIÑA DEL MAR,SEDE VIÑA DEL MAR,8,0
2026,120,2026|I120S2C250J4V1,No Presencial,A Distancia,Plan Regular,Valparaíso,VALPARAISO,VIÑA DEL MAR,SEDE VIÑA DEL MAR,4,1
2026,120,2026|I120S2C251J3V1,Semipresencial,Semipresencial,Plan Regular,Valparaíso,VALPARAISO,VIÑA DEL MAR,SEDE VIÑA DEL MAR,1,1
2026,120,2026|I120S2C260J3V2,Semipresencial,Semipresencial,Plan Especial,Valparaíso,VALPARAISO,VIÑA DEL MAR,SEDE VIÑA DEL MAR,34,18
2026,120,2026|I120S2C26J3V2,Semipresencial,Semipresencial,Plan Especial,Valparaíso,VALPARAISO,VIÑA DEL MAR,SEDE VIÑA DEL MAR,1,0
2026,120,2026|I120S2C272J4V1,No Presencial,A Distancia,Plan Regular,Valparaíso,VALPARAISO,VIÑA DEL MAR,SEDE VIÑA DEL MAR,5,2
2026,120,2026|I120S2C30J3V1,Semipresencial,Semipresencial,Plan Regular,Valparaíso,VALPARAISO,VIÑA DEL MAR,SEDE VIÑA DEL MAR,15,3
2026,120,2026|I120S2C310J4V1,No Presencial,A Distancia,Plan Regular,Valparaíso,VALPARAISO,VIÑA DEL MAR,SEDE VIÑA DEL MAR,5,0
2026,120,2026|I120S2C7J3V1,Semipresencial,Semipresencial,Plan Regular,Valparaíso,VALPARAISO,VIÑA DEL MAR,SEDE VIÑA DEL MAR,1,0
2026,120,2026|I120S2C9J3V1,Semipresencial,Semipresencial,Plan Regular,Valparaíso,VALPARAISO,VIÑA DEL MAR,SEDE VIÑA DEL MAR,11,1
2026,120,2026|I120S3C101J4V1,No Presencial,A Distancia,Plan Regular,Ñuble,DIGUILLIN,CHILLAN,SEDE CHILLAN,9,0
2026,120,2026|I120S3C104J4V1,No Presencial,A Distancia,Plan Regular,Ñuble,DIGUILLIN,CHILLAN,SEDE CHILLAN,28,7
2026,120,2026|I120S3C105J4V1,No Presencial,A Distancia,Plan Regular,Ñuble,DIGUILLIN,CHILLAN,SEDE CHILLAN,10,0
2026,120,2026|I120S3C114J4V1,No Presencial,A Distancia,Plan Regular,Ñuble,DIGUILLIN,CHILLAN,SEDE CHILLAN,81,7
2026,120,2026|I120S3C12J3V1,Semipresencial,Semipresencial,Plan Regular,Ñuble,DIGUILLIN,CHILLAN,SEDE CHILLAN,12,3
2026,120,2026|I120S3C14J3V1,Semipresencial,Semipresencial,Plan Regular,Ñuble,DIGUILLIN,CHILLAN,SEDE CHILLAN,12,2
2026,120,2026|I120S3C16J3V1,Semipresencial,Semipresencial,Plan Regular,Ñuble,DIGUILLIN,CHILLAN,SEDE CHILLAN,28,6
2026,120,2026|I120S3C1J3V1,Semipresencial,Semipresencial,Plan Regular,Ñuble,DIGUILLIN,CHILLAN,SEDE CHILLAN,29,3
2026,120,2026|I120S3C214J3V1,Semipresencial,Semipresencial,Plan Regular,Ñuble,DIGUILLIN,CHILLAN,SEDE CHILLAN,49,8
2026,120,2026|I120S3C224J3V1,Semipresencial,Semipresencial,Plan Regular,Ñuble,DIGUILLIN,CHILLAN,SEDE CHILLAN,20,2
2026,120,2026|I120S3C235J4V1,No Presencial,A Distancia,Plan Regular,Ñuble,DIGUILLIN,CHILLAN,SEDE CHILLAN,15,4
2026,120,2026|I120S3C241J4V1,No Presencial,A Distancia,Plan Regular,Ñuble,DIGUILLIN,CHILLAN,SEDE CHILLAN,6,1
2026,120,2026|I120S3C244J3V1,Semipresencial,Semipresencial,Plan Regular,Ñuble,DIGUILLIN,CHILLAN,SEDE CHILLAN,16,1
2026,120,2026|I120S3C250J4V1,No Presencial,A Distancia,Plan Regular,Ñuble,DIGUILLIN,CHILLAN,SEDE CHILLAN,7,3
2026,120,2026|I120S3C260J3V2,Semipresencial,Semipresencial,Plan Especial,Ñuble,DIGUILLIN,CHILLAN,SEDE CHILLAN,36,9
2026,120,2026|I120S3C272J4V1,No Presencial,A Distancia,Plan Regular,Ñuble,DIGUILLIN,CHILLAN,SEDE CHILLAN,3,1
2026,120,2026|I120S3C30J3V1,Semipresencial,Semipresencial,Plan Regular,Ñuble,DIGUILLIN,CHILLAN,SEDE CHILLAN,36,0
2026,120,2026|I120S3C310J4V1,No Presencial,A Distancia,Plan Regular,Ñuble,DIGUILLIN,CHILLAN,SEDE CHILLAN,9,1
2026,120,2026|I120S3C7J3V1,Semipresencial,Semipresencial,Plan Regular,Ñuble,DIGUILLIN,CHILLAN,SEDE CHILLAN,11,1
2026,120,2026|I120S3C9J3V1,Semipresencial,Semipresencial,Plan Regular,Ñuble,DIGUILLIN,CHILLAN,SEDE CHILLAN,39,2
2026,120,2026|I120S4C101J4V1,No Presencial,A Distancia,Plan Regular,Metropolitana,SANTIAGO,ÑUÑOA,SEDE SANTIAGO - ÑUÑOA,5,0
2026,120,2026|I120S4C104J4V1,No Presencial,A Distancia,Plan Regular,Metropolitana,SANTIAGO,ÑUÑOA,SEDE SANTIAGO - ÑUÑOA,14,0
2026,120,2026|I120S4C105J4V1,No Presencial,A Distancia,Plan Regular,Metropolitana,SANTIAGO,ÑUÑOA,SEDE SANTIAGO - ÑUÑOA,17,1
2026,120,2026|I120S4C114J4V1,No Presencial,A Distancia,Plan Regular,Metropolitana,SANTIAGO,ÑUÑOA,SEDE SANTIAGO - ÑUÑOA,38,1
2026,120,2026|I120S4C14J3V1,Semipresencial,Semipresencial,Plan Regular,Metropolitana,SANTIAGO,ÑUÑOA,SEDE SANTIAGO - ÑUÑOA,2,0
2026,120,2026|I120S4C16J3V1,Semipresencial,Semipresencial,Plan Regular,Metropolitana,SANTIAGO,ÑUÑOA,SEDE SANTIAGO - ÑUÑOA,4,2
2026,120,2026|I120S4C214J3V2,Semipresencial,Semipresencial,Plan Regular,Metropolitana,SANTIAGO,ÑUÑOA,SEDE SANTIAGO - ÑUÑOA,25,12
2026,120,2026|I120S4C235J4V1,No Presencial,A Distancia,Plan Regular,Metropolitana,SANTIAGO,ÑUÑOA,SEDE SANTIAGO - ÑUÑOA,15,1
2026,120,2026|I120S4C241J4V1,No Presencial,A Distancia,Plan Regular,Metropolitana,SANTIAGO,ÑUÑOA,SEDE SANTIAGO - ÑUÑOA,7,0
2026,120,2026|I120S4C244J3V2,Semipresencial,Semipresencial,Plan Regular,Metropolitana,SANTIAGO,ÑUÑOA,SEDE SANTIAGO - ÑUÑOA,6,0
2026,120,2026|I120S4C250J4V1,No Presencial,A Distancia,Plan Regular,Metropolitana,SANTIAGO,ÑUÑOA,SEDE SANTIAGO - ÑUÑOA,8,2
2026,120,2026|I120S4C251J3V1,Semipresencial,Semipresencial,Plan Regular,Metropolitana,SANTIAGO,ÑUÑOA,SEDE SANTIAGO - ÑUÑOA,14,2
2026,120,2026|I120S4C260J3V2,Semipresencial,Semipresencial,Plan Especial,Metropolitana,SANTIAGO,ÑUÑOA,SEDE SANTIAGO - ÑUÑOA,23,14
2026,120,2026|I120S4C268J1V1,Semipresencial,Diurna,Plan Especial,Metropolitana,SANTIAGO,ÑUÑOA,SEDE SANTIAGO - ÑUÑOA,6,5
2026,120,2026|I120S4C272J4V1,No Presencial,A Distancia,Plan Regular,Metropolitana,SANTIAGO,ÑUÑOA,SEDE SANTIAGO - ÑUÑOA,5,0
2026,120,2026|I120S4C30J3V1,Semipresencial,Semipresencial,Plan Regular,Metropolitana,SANTIAGO,ÑUÑOA,SEDE SANTIAGO - ÑUÑOA,70,15
2026,120,2026|I120S4C310J4V1,No Presencial,A Distancia,Plan Regular,Metropolitana,SANTIAGO,ÑUÑOA,SEDE SANTIAGO - ÑUÑOA,4,1
2026,120,2026|I120S4C7J3V1,Semipresencial,Semipresencial,Plan Regular,Metropolitana,SANTIAGO,ÑUÑOA,SEDE SANTIAGO - ÑUÑOA,3,0
2026,120,2026|I120S4C9J3V1,Semipresencial,Semipresencial,Plan Regular,Metropolitana,SANTIAGO,ÑUÑOA,SEDE SANTIAGO - ÑUÑOA,2,0
2026,123,2026|I123S1C192J4V1,No Presencial,A Distancia,Plan Regular,Coquimbo,ELQUI,LA SERENA,SEDE LA SERENA,2,1
2026,123,2026|I123S1C198J4V1,No Presencial,A Distancia,Plan Regular,Coquimbo,ELQUI,LA SERENA,SEDE LA SERENA,2,0
2026,123,2026|I123S1C201J4V1,No Presencial,A Distancia,Plan Regular,Coquimbo,ELQUI,LA SERENA,SEDE LA SERENA,2,0
2026,123,2026|I123S1C41J4V1,No Presencial,A Distancia,Plan Regular,Coquimbo,ELQUI,LA SERENA,SEDE LA SERENA,2,0
2026,123,2026|I123S2C128J4V1,No Presencial,A Distancia,Plan Regular,Metropolitana,SANTIAGO,SANTIAGO,CASA CENTRAL (SANTIAGO),90,38
2026,123,2026|I123S2C151J4V1,No Presencial,A Distancia,Plan Regular,Metropolitana,SANTIAGO,SANTIAGO,CASA CENTRAL (SANTIAGO),125,45
2026,123,2026|I123S2C16J4V1,No Presencial,A Distancia,Plan Regular,Metropolitana,SANTIAGO,SANTIAGO,CASA CENTRAL (SANTIAGO),2,0
2026,123,2026|I123S2C17J4V3,No Presencial,A Distancia,Plan Regular de Continuidad,Metropolitana,SANTIAGO,SANTIAGO,CASA CENTRAL (SANTIAGO),301,0
2026,123,2026|I123S2C18J4V1,No Presencial,A Distancia,Plan Regular,Metropolitana,SANTIAGO,SANTIAGO,CASA CENTRAL (SANTIAGO),406,68
2026,123,2026|I123S2C192J4V1,No Presencial,A Distancia,Plan Regular,Metropolitana,SANTIAGO,SANTIAGO,CASA CENTRAL (SANTIAGO),186,84
2026,123,2026|I123S2C198J4V1,No Presencial,A Distancia,Plan Regular,Metropolitana,SANTIAGO,SANTIAGO,CASA CENTRAL (SANTIAGO),178,45
2026,123,2026|I123S2C198J4V3,No Presencial,A Distancia,Plan Regular de Continuidad,Metropolitana,SANTIAGO,SANTIAGO,CASA CENTRAL (SANTIAGO),56,0
2026,123,2026|I123S2C199J4V1,No Presencial,A Distancia,Plan Regular,Metropolitana,SANTIAGO,SANTIAGO,CASA CENTRAL (SANTIAGO),7,0
2026,123,2026|I123S2C201J4V1,No Presencial,A Distancia,Plan Regular,Metropolitana,SANTIAGO,SANTIAGO,CASA CENTRAL (SANTIAGO),80,38
2026,123,2026|I123S2C203J4V1,No Presencial,A Distancia,Plan Regular,Metropolitana,SANTIAGO,SANTIAGO,CASA CENTRAL (SANTIAGO),60,26
2026,123,2026|I123S2C210J4V2,No Presencial,A Distancia,Plan Regular de Continuidad,Metropolitana,SANTIAGO,SANTIAGO,CASA CENTRAL (SANTIAGO),210,0
2026,123,2026|I123S2C211J4V1,No Presencial,A Distancia,Plan Regular,Metropolitana,SANTIAGO,SANTIAGO,CASA CENTRAL (SANTIAGO),51,28
2026,123,2026|I123S2C218J4V1,No Presencial,A Distancia,Plan Regular,Metropolitana,SANTIAGO,SANTIAGO,CASA CENTRAL (SANTIAGO),66,18
2026,123,2026|I123S2C218J4V2,No Presencial,A Distancia,Plan Regular de Continuidad,Metropolitana,SANTIAGO,SANTIAGO,CASA CENTRAL (SANTIAGO),24,0
2026,123,2026|I123S2C219J4V1,No Presencial,A Distancia,Plan Regular,Metropolitana,SANTIAGO,SANTIAGO,CASA CENTRAL (SANTIAGO),103,30
2026,123,2026|I123S2C219J4V2,No Presencial,A Distancia,Plan Regular de Continuidad,Metropolitana,SANTIAGO,SANTIAGO,CASA CENTRAL (SANTIAGO),57,0
2026,123,2026|I123S2C220J4V1,No Presencial,A Distancia,Plan Regular,Metropolitana,SANTIAGO,SANTIAGO,CASA CENTRAL (SANTIAGO),102,32
2026,123,2026|I123S2C220J4V2,No Presencial,A Distancia,Plan Regular de Continuidad,Metropolitana,SANTIAGO,SANTIAGO,CASA CENTRAL (SANTIAGO),7,0
2026,123,2026|I123S2C221J4V1,No Presencial,A Distancia,Plan Regular,Metropolitana,SANTIAGO,SANTIAGO,CASA CENTRAL (SANTIAGO),48,17
2026,123,2026|I123S2C222J4V1,No Presencial,A Distancia,Plan Regular,Metropolitana,SANTIAGO,SANTIAGO,CASA CENTRAL (SANTIAGO),47,20
2026,123,2026|I123S2C223J4V1,No Presencial,A Distancia,Plan Regular,Metropolitana,SANTIAGO,SANTIAGO,CASA CENTRAL (SANTIAGO),153,74
2026,123,2026|I123S2C224J4V1,No Presencial,A Distancia,Plan Regular,Metropolitana,SANTIAGO,SANTIAGO,CASA CENTRAL (SANTIAGO),134,56
2026,123,2026|I123S2C229J4V1,No Presencial,A Distancia,Plan Regular,Metropolitana,SANTIAGO,SANTIAGO,CASA CENTRAL (SANTIAGO),47,27
2026,123,2026|I123S2C230J4V1,No Presencial,A Distancia,Plan Regular,Metropolitana,SANTIAGO,SANTIAGO,CASA CENTRAL (SANTIAGO),53,18
2026,123,2026|I123S2C230J4V2,No Presencial,A Distancia,Plan Regular de Continuidad,Metropolitana,SANTIAGO,SANTIAGO,CASA CENTRAL (SANTIAGO),2,0
2026,123,2026|I123S2C231J4V1,No Presencial,A Distancia,Plan Regular,Metropolitana,SANTIAGO,SANTIAGO,CASA CENTRAL (SANTIAGO),133,65
2026,123,2026|I123S2C236J4V1,No Presencial,A Distancia,Plan Regular,Metropolitana,SANTIAGO,SANTIAGO,CASA CENTRAL (SANTIAGO),22,21
2026,123,2026|I123S2C240J4V1,No Presencial,A Distancia,Plan Regular,Metropolitana,SANTIAGO,SANTIAGO,CASA CENTRAL (SANTIAGO),13,13
2026,123,2026|I123S2C27J4V2,No Presencial,A Distancia,Plan Regular de Continuidad,Metropolitana,SANTIAGO,SANTIAGO,CASA CENTRAL (SANTIAGO),55,0
2026,123,2026|I123S2C28J4V3,No Presencial,A Distancia,Plan Regular de Continuidad,Metropolitana,SANTIAGO,SANTIAGO,CASA CENTRAL (SANTIAGO),1734,0
2026,123,2026|I123S2C31J4V2,No Presencial,A Distancia,Plan Regular de Continuidad,Metropolitana,SANTIAGO,SANTIAGO,CASA CENTRAL (SANTIAGO),203,0
2026,123,2026|I123S2C31J4V3,No Presencial,A Distancia,Plan Regular,Metropolitana,SANTIAGO,SANTIAGO,CASA CENTRAL (SANTIAGO),148,43
2026,123,2026|I123S2C36J4V1,No Presencial,A Distancia,Plan Regular,Metropolitana,SANTIAGO,SANTIAGO,CASA CENTRAL (SANTIAGO),21,8
2026,123,2026|I123S2C36J4V2,No Presencial,A Distancia,Plan Regular de Continuidad,Metropolitana,SANTIAGO,SANTIAGO,CASA CENTRAL (SANTIAGO),3,0
2026,123,2026|I123S2C37J4V1,No Presencial,A Distancia,Plan Regular,Metropolitana,SANTIAGO,SANTIAGO,CASA CENTRAL (SANTIAGO),1,0
2026,123,2026|I123S2C37J4V2,No Presencial,A Distancia,Plan Regular,Metropolitana,SANTIAGO,SANTIAGO,CASA CENTRAL (SANTIAGO),127,38
2026,123,2026|I123S2C37J4V3,No Presencial,A Distancia,Plan Regular de Continuidad,Metropolitana,SANTIAGO,SANTIAGO,CASA CENTRAL (SANTIAGO),80,0
2026,123,2026|I123S2C41J4V1,No Presencial,A Distancia,Plan Regular,Metropolitana,SANTIAGO,SANTIAGO,CASA CENTRAL (SANTIAGO),151,37
2026,123,2026|I123S2C41J4V3,No Presencial,A Distancia,Plan Regular de Continuidad,Metropolitana,SANTIAGO,SANTIAGO,CASA CENTRAL (SANTIAGO),71,0
2026,123,2026|I123S2C42J4V1,No Presencial,A Distancia,Plan Regular,Metropolitana,SANTIAGO,SANTIAGO,CASA CENTRAL (SANTIAGO),151,27
2026,123,2026|I123S2C42J4V2,No Presencial,A Distancia,Plan Regular de Continuidad,Metropolitana,SANTIAGO,SANTIAGO,CASA CENTRAL (SANTIAGO),77,0
2026,123,2026|I123S2C45J4V1,No Presencial,A Distancia,Plan Regular,Metropolitana,SANTIAGO,SANTIAGO,CASA CENTRAL (SANTIAGO),100,31
2026,123,2026|I123S2C45J4V3,No Presencial,A Distancia,Plan Regular de Continuidad,Metropolitana,SANTIAGO,SANTIAGO,CASA CENTRAL (SANTIAGO),87,0
2026,123,2026|I123S2C48J4V1,No Presencial,A Distancia,Plan Regular,Metropolitana,SANTIAGO,SANTIAGO,CASA CENTRAL (SANTIAGO),242,101
2026,123,2026|I123S2C49J4V1,No Presencial,A Distancia,Plan Regular,Metropolitana,SANTIAGO,SANTIAGO,CASA CENTRAL (SANTIAGO),95,42
2026,123,2026|I123S2C50J4V3,No Presencial,A Distancia,Plan Regular de Continuidad,Metropolitana,SANTIAGO,SANTIAGO,CASA CENTRAL (SANTIAGO),235,0
2026,123,2026|I123S2C51J4V1,No Presencial,A Distancia,Plan Regular,Metropolitana,SANTIAGO,SANTIAGO,CASA CENTRAL (SANTIAGO),137,40
2026,123,2026|I123S2C52J4V1,No Presencial,A Distancia,Plan Regular,Metropolitana,SANTIAGO,SANTIAGO,CASA CENTRAL (SANTIAGO),52,16
2026,123,2026|I123S2C55J4V1,No Presencial,A Distancia,Plan Regular,Metropolitana,SANTIAGO,SANTIAGO,CASA CENTRAL (SANTIAGO),54,13
2026,123,2026|I123S2C56J4V1,No Presencial,A Distancia,Plan Regular,Metropolitana,SANTIAGO,SANTIAGO,CASA CENTRAL (SANTIAGO),140,53
2026,123,2026|I123S2C7J4V3,No Presencial,A Distancia,Plan Regular de Continuidad,Metropolitana,SANTIAGO,SANTIAGO,CASA CENTRAL (SANTIAGO),13,0
2026,123,2026|I123S2C9J4V1,No Presencial,A Distancia,Plan Regular,Metropolitana,SANTIAGO,SANTIAGO,CASA CENTRAL (SANTIAGO),115,33
2026,123,2026|I123S2C9J4V3,No Presencial,A Distancia,Plan Regular de Continuidad,Metropolitana,SANTIAGO,SANTIAGO,CASA CENTRAL (SANTIAGO),27,0
2026,123,2026|I123S3C198J4V1,No Presencial,A Distancia,Plan Regular,Lib. Gral. B. O'Higgins,CACHAPOAL,RANCAGUA,SEDE RANCAGUA,3,0
2026,123,2026|I123S3C37J4V1,No Presencial,A Distancia,Plan Regular,Lib. Gral. B. O'Higgins,CACHAPOAL,RANCAGUA,SEDE RANCAGUA,1,0
2026,123,2026|I123S5C151J4V1,No Presencial,A Distancia,Plan Regular,La Araucanía,CAUTIN,TEMUCO,SEDE TEMUCO,1,0
2026,123,2026|I123S5C18J4V1,No Presencial,A Distancia,Plan Regular,La Araucanía,CAUTIN,TEMUCO,SEDE TEMUCO,6,0
2026,123,2026|I123S5C198J4V1,No Presencial,A Distancia,Plan Regular,La Araucanía,CAUTIN,TEMUCO,SEDE TEMUCO,2,0
2026,123,2026|I123S5C41J4V1,No Presencial,A Distancia,Plan Regular,La Araucanía,CAUTIN,TEMUCO,SEDE TEMUCO,2,0
2026,123,2026|I123S5C9J4V1,No Presencial,A Distancia,Plan Regular,La Araucanía,CAUTIN,TEMUCO,SEDE TEMUCO,1,0
2026,129,2026|I129S1C30J4V2,No Presencial,A Distancia,Plan Regular,Metropolitana,SANTIAGO,VITACURA,CASA CENTRAL (SANTIAGO),46,18
2026,137,2026|I137S1C11J4V1,No Presencial,A Distancia,Plan Regular,Metropolitana,SANTIAGO,PROVIDENCIA,CASA CENTRAL,27,0
2026,137,2026|I137S1C2J4V2,No Presencial,A Distancia,Plan Regular,Metropolitana,SANTIAGO,PROVIDENCIA,CASA CENTRAL,95,0
2026,137,2026|I137S1C40J4V1,No Presencial,A Distancia,Plan Regular,Metropolitana,SANTIAGO,PROVIDENCIA,CASA CENTRAL,70,38
2026,137,2026|I137S1C45J4V1,No Presencial,A Distancia,Plan Regular,Metropolitana,SANTIAGO,PROVIDENCIA,CASA CENTRAL,146,72
2026,139,2026|I139S3C178J4V1,No Presencial,A Distancia,Plan Regular,Biobío,CONCEPCION,CONCEPCION,CASA CENTRAL (CONCEPCION),30,20
2026,139,2026|I139S3C199J4V1,No Presencial,A Distancia,Plan Regular,Biobío,CONCEPCION,CONCEPCION,CASA CENTRAL (CONCEPCION),28,16
2026,139,2026|I139S3C49J4V1,No Presencial,A Distancia,Plan Especial,Biobío,CONCEPCION,CONCEPCION,CASA CENTRAL (CONCEPCION),96,27
2026,143,2026|I143S12C34J3V1,Semipresencial,Semipresencial,Plan Regular,Los Lagos,LLANQUIHUE,PUERTO MONTT,SEDE PUERTO MONTT,29,10
2026,143,2026|I143S12C53J3V1,Semipresencial,Semipresencial,Plan Regular,Los Lagos,LLANQUIHUE,PUERTO MONTT,SEDE PUERTO MONTT,3,0
2026,143,2026|I143S12C62J3V1,Semipresencial,Semipresencial,Plan Regular,Los Lagos,LLANQUIHUE,PUERTO MONTT,SEDE PUERTO MONTT,12,12
2026,143,2026|I143S13C62J3V1,Semipresencial,Semipresencial,Plan Regular,Biobío,CONCEPCION,CONCEPCION,SEDE CONCEPCION,62,24
2026,143,2026|I143S13C730J3V1,Semipresencial,Semipresencial,Plan Regular,Biobío,CONCEPCION,CONCEPCION,SEDE CONCEPCION,8,4
2026,143,2026|I143S15C15J3V2,Semipresencial,Semipresencial,Plan Regular,Metropolitana,SANTIAGO,SANTIAGO,SEDE BARRIO UNIVERSITARIO,36,19
2026,143,2026|I143S15C730J3V1,Semipresencial,Semipresencial,Plan Regular,Metropolitana,SANTIAGO,SANTIAGO,SEDE BARRIO UNIVERSITARIO,20,12
2026,143,2026|I143S15C77J3V1,Semipresencial,Semipresencial,Plan Regular,Metropolitana,SANTIAGO,SANTIAGO,SEDE BARRIO UNIVERSITARIO,22,19
2026,143,2026|I143S17C124J3V2,Semipresencial,Semipresencial,Plan Regular,Coquimbo,ELQUI,LA SERENA,SEDE LA SERENA,15,13
2026,143,2026|I143S17C62J3V1,Semipresencial,Semipresencial,Plan Regular,Coquimbo,ELQUI,LA SERENA,SEDE LA SERENA,34,34
2026,143,2026|I143S22C34J3V1,Semipresencial,Semipresencial,Plan Regular,Maule,TALCA,TALCA,SEDE TALCA,32,9
2026,143,2026|I143S22C62J3V1,Semipresencial,Semipresencial,Plan Regular,Maule,TALCA,TALCA,SEDE TALCA,45,22
2026,143,2026|I143S23C34J3V1,Semipresencial,Semipresencial,Plan Regular,Metropolitana,SANTIAGO,SAN JOAQUIN,SEDE SAN JOAQUIN,12,12
2026,143,2026|I143S23C59J3V1,Semipresencial,Semipresencial,Plan Regular,Metropolitana,SANTIAGO,SAN JOAQUIN,SEDE SAN JOAQUIN,18,11
2026,143,2026|I143S23C609J3V2,Semipresencial,Semipresencial,Plan Regular,Metropolitana,SANTIAGO,SAN JOAQUIN,SEDE SAN JOAQUIN,2,0
2026,143,2026|I143S23C645J3V1,Semipresencial,Semipresencial,Plan Regular,Metropolitana,SANTIAGO,SAN JOAQUIN,SEDE SAN JOAQUIN,14,14
2026,143,2026|I143S23C664J3V1,Semipresencial,Semipresencial,Plan Regular,Metropolitana,SANTIAGO,SAN JOAQUIN,SEDE SAN JOAQUIN,43,24
2026,143,2026|I143S26C115J3V1,Semipresencial,Semipresencial,Plan Regular,Metropolitana,SANTIAGO,SANTIAGO,SEDE BELLAVISTA,1,0
2026,143,2026|I143S26C124J3V2,Semipresencial,Semipresencial,Plan Regular,Metropolitana,SANTIAGO,SANTIAGO,SEDE BELLAVISTA,11,11
2026,143,2026|I143S26C15J3V2,Semipresencial,Semipresencial,Plan Regular,Metropolitana,SANTIAGO,SANTIAGO,SEDE BELLAVISTA,13,13
2026,143,2026|I143S26C219J3V1,Semipresencial,Semipresencial,Plan Regular,Metropolitana,SANTIAGO,SANTIAGO,SEDE BELLAVISTA,1,0
2026,143,2026|I143S26C24J3V1,Semipresencial,Semipresencial,Plan Regular,Metropolitana,SANTIAGO,SANTIAGO,SEDE BELLAVISTA,5,2
2026,143,2026|I143S26C609J3V2,Semipresencial,Semipresencial,Plan Regular,Metropolitana,SANTIAGO,SANTIAGO,SEDE BELLAVISTA,16,10
2026,143,2026|I143S26C616J3V2,Semipresencial,Semipresencial,Plan Regular,Metropolitana,SANTIAGO,SANTIAGO,SEDE BELLAVISTA,51,32
2026,143,2026|I143S26C654J3V1,Semipresencial,Semipresencial,Plan Regular,Metropolitana,SANTIAGO,SANTIAGO,SEDE BELLAVISTA,10,10
2026,143,2026|I143S26C707J3V1,Semipresencial,Semipresencial,Plan Regular,Metropolitana,SANTIAGO,SANTIAGO,SEDE BELLAVISTA,3,0
2026,143,2026|I143S26C715J3V1,Semipresencial,Semipresencial,Plan Regular,Metropolitana,SANTIAGO,SANTIAGO,SEDE BELLAVISTA,13,13
2026,143,2026|I143S27C26J3V1,Semipresencial,Semipresencial,Plan Regular,Metropolitana,SANTIAGO,CONCHALI,SEDE SANTIAGO NORTE,1,0
2026,143,2026|I143S28C100J4V1,No Presencial,A Distancia,Plan Regular,Metropolitana,SANTIAGO,CONCHALI,SEDE ONLINE,486,199
2026,143,2026|I143S28C111J4V1,No Presencial,A Distancia,Plan Regular,Metropolitana,SANTIAGO,CONCHALI,SEDE ONLINE,300,3
2026,143,2026|I143S28C112J4V1,No Presencial,A Distancia,Plan Regular,Metropolitana,SANTIAGO,CONCHALI,SEDE ONLINE,138,2
2026,143,2026|I143S28C113J4V1,No Presencial,A Distancia,Plan Regular,Metropolitana,SANTIAGO,CONCHALI,SEDE ONLINE,463,4
2026,143,2026|I143S28C115J4V1,No Presencial,A Distancia,Plan Regular,Metropolitana,SANTIAGO,CONCHALI,SEDE ONLINE,292,110
2026,143,2026|I143S28C117J4V1,No Presencial,A Distancia,Plan Regular,Metropolitana,SANTIAGO,CONCHALI,SEDE ONLINE,175,65
2026,143,2026|I143S28C118J4V1,No Presencial,A Distancia,Plan Regular,Metropolitana,SANTIAGO,CONCHALI,SEDE ONLINE,417,159
2026,143,2026|I143S28C15J4V2,No Presencial,A Distancia,Plan Regular,Metropolitana,SANTIAGO,CONCHALI,SEDE ONLINE,383,209
2026,143,2026|I143S28C219J4V1,No Presencial,A Distancia,Plan Regular,Metropolitana,SANTIAGO,CONCHALI,SEDE ONLINE,564,29
2026,143,2026|I143S28C23J3V1,Semipresencial,Semipresencial,Plan Regular,Metropolitana,SANTIAGO,CONCHALI,SEDE ONLINE,56,53
2026,143,2026|I143S28C26J3V1,Semipresencial,Semipresencial,Plan Regular,Metropolitana,SANTIAGO,CONCHALI,SEDE ONLINE,68,66
2026,143,2026|I143S28C27J4V1,No Presencial,A Distancia,Plan Regular,Metropolitana,SANTIAGO,CONCHALI,SEDE ONLINE,568,235
2026,143,2026|I143S28C28J4V1,No Presencial,A Distancia,Plan Regular,Metropolitana,SANTIAGO,CONCHALI,SEDE ONLINE,1579,290
2026,143,2026|I143S28C29J4V1,No Presencial,A Distancia,Plan Regular,Metropolitana,SANTIAGO,CONCHALI,SEDE ONLINE,221,0
2026,143,2026|I143S28C30J4V1,No Presencial,A Distancia,Plan Regular,Metropolitana,SANTIAGO,CONCHALI,SEDE ONLINE,481,197
2026,143,2026|I143S28C34J3V1,Semipresencial,Semipresencial,Plan Regular,Metropolitana,SANTIAGO,CONCHALI,SEDE ONLINE,189,100
2026,143,2026|I143S28C39J4V1,No Presencial,A Distancia,Plan Regular,Metropolitana,SANTIAGO,CONCHALI,SEDE ONLINE,153,54
2026,143,2026|I143S28C469J4V1,No Presencial,A Distancia,Plan Regular,Metropolitana,SANTIAGO,CONCHALI,SEDE ONLINE,289,118
2026,143,2026|I143S28C53J3V1,Semipresencial,Semipresencial,Plan Regular,Metropolitana,SANTIAGO,CONCHALI,SEDE ONLINE,10,0
2026,143,2026|I143S28C614J4V1,No Presencial,A Distancia,Plan Regular,Metropolitana,SANTIAGO,CONCHALI,SEDE ONLINE,4,0
2026,143,2026|I143S28C614J4V2,No Presencial,A Distancia,Plan Regular,Metropolitana,SANTIAGO,CONCHALI,SEDE ONLINE,115,69
2026,143,2026|I143S28C616J3V2,Semipresencial,Semipresencial,Plan Regular,Metropolitana,SANTIAGO,CONCHALI,SEDE ONLINE,14,0
2026,143,2026|I143S28C62J3V1,Semipresencial,Semipresencial,Plan Regular,Metropolitana,SANTIAGO,CONCHALI,SEDE ONLINE,76,34
2026,143,2026|I143S28C645J4V1,No Presencial,A Distancia,Plan Regular,Metropolitana,SANTIAGO,CONCHALI,SEDE ONLINE,783,291
2026,143,2026|I143S28C650J4V2,No Presencial,A Distancia,Plan Regular,Metropolitana,SANTIAGO,CONCHALI,SEDE ONLINE,513,144
2026,143,2026|I143S28C651J4V1,No Presencial,A Distancia,Plan Regular,Metropolitana,SANTIAGO,CONCHALI,SEDE ONLINE,1030,357
2026,143,2026|I143S28C653J4V1,No Presencial,A Distancia,Plan Regular,Metropolitana,SANTIAGO,CONCHALI,SEDE ONLINE,214,85
2026,143,2026|I143S28C654J4V1,No Presencial,A Distancia,Plan Regular,Metropolitana,SANTIAGO,CONCHALI,SEDE ONLINE,597,274
2026,143,2026|I143S28C655J4V1,No Presencial,A Distancia,Plan Regular,Metropolitana,SANTIAGO,CONCHALI,SEDE ONLINE,362,152
2026,143,2026|I143S28C660J4V1,No Presencial,A Distancia,Plan Regular,Metropolitana,SANTIAGO,CONCHALI,SEDE ONLINE,670,126
2026,143,2026|I143S28C665J4V1,No Presencial,A Distancia,Plan Regular,Metropolitana,SANTIAGO,CONCHALI,SEDE ONLINE,1002,235
2026,143,2026|I143S28C667J4V1,No Presencial,A Distancia,Plan Regular,Metropolitana,SANTIAGO,CONCHALI,SEDE ONLINE,12,0
2026,143,2026|I143S28C668J4V1,No Presencial,A Distancia,Plan Regular,Metropolitana,SANTIAGO,CONCHALI,SEDE ONLINE,8,0
2026,143,2026|I143S28C677J4V1,No Presencial,A Distancia,Plan Regular,Metropolitana,SANTIAGO,CONCHALI,SEDE ONLINE,492,169
2026,143,2026|I143S28C700J4V1,No Presencial,A Distancia,Plan Regular,Metropolitana,SANTIAGO,CONCHALI,SEDE ONLINE,180,87
2026,143,2026|I143S28C701J4V1,No Presencial,A Distancia,Plan Regular,Metropolitana,SANTIAGO,CONCHALI,SEDE ONLINE,137,67
2026,143,2026|I143S28C702J4V1,No Presencial,A Distancia,Plan Regular,Metropolitana,SANTIAGO,CONCHALI,SEDE ONLINE,853,263
2026,143,2026|I143S28C703J4V1,No Presencial,A Distancia,Plan Regular,Metropolitana,SANTIAGO,CONCHALI,SEDE ONLINE,226,46
2026,143,2026|I143S28C707J4V1,No Presencial,A Distancia,Plan Regular,Metropolitana,SANTIAGO,CONCHALI,SEDE ONLINE,1660,615
2026,143,2026|I143S28C708J4V1,No Presencial,A Distancia,Plan Regular,Metropolitana,SANTIAGO,CONCHALI,SEDE ONLINE,279,117
2026,143,2026|I143S28C709J4V1,No Presencial,A Distancia,Plan Regular,Metropolitana,SANTIAGO,CONCHALI,SEDE ONLINE,254,133
2026,143,2026|I143S28C711J4V1,No Presencial,A Distancia,Plan Regular,Metropolitana,SANTIAGO,CONCHALI,SEDE ONLINE,202,60
2026,143,2026|I143S28C712J4V1,No Presencial,A Distancia,Plan Regular,Metropolitana,SANTIAGO,CONCHALI,SEDE ONLINE,68,22
2026,143,2026|I143S28C713J4V1,No Presencial,A Distancia,Plan Regular,Metropolitana,SANTIAGO,CONCHALI,SEDE ONLINE,157,44
2026,143,2026|I143S28C714J4V1,No Presencial,A Distancia,Plan Regular,Metropolitana,SANTIAGO,CONCHALI,SEDE ONLINE,65,23
2026,143,2026|I143S28C728J4V1,No Presencial,A Distancia,Plan Regular,Metropolitana,SANTIAGO,CONCHALI,SEDE ONLINE,91,42
2026,143,2026|I143S28C730J3V1,Semipresencial,Semipresencial,Plan Regular,Metropolitana,SANTIAGO,CONCHALI,SEDE ONLINE,8,0
2026,143,2026|I143S28C730J4V1,No Presencial,A Distancia,Plan Regular,Metropolitana,SANTIAGO,CONCHALI,SEDE ONLINE,157,152
2026,143,2026|I143S28C731J4V1,No Presencial,A Distancia,Plan Regular,Metropolitana,SANTIAGO,CONCHALI,SEDE ONLINE,44,0
2026,143,2026|I143S28C736J4V1,No Presencial,A Distancia,Plan Regular,Metropolitana,SANTIAGO,CONCHALI,SEDE ONLINE,156,1
2026,143,2026|I143S28C736J4V2,No Presencial,A Distancia,Plan Regular,Metropolitana,SANTIAGO,CONCHALI,SEDE ONLINE,282,277
2026,143,2026|I143S28C73J4V1,No Presencial,A Distancia,Plan Regular,Metropolitana,SANTIAGO,CONCHALI,SEDE ONLINE,646,148
2026,143,2026|I143S28C742J4V1,No Presencial,A Distancia,Plan Regular,Metropolitana,SANTIAGO,CONCHALI,SEDE ONLINE,601,314
2026,143,2026|I143S28C743J4V1,No Presencial,A Distancia,Plan Regular,Metropolitana,SANTIAGO,CONCHALI,SEDE ONLINE,87,53
2026,143,2026|I143S28C744J4V1,No Presencial,A Distancia,Plan Regular,Metropolitana,SANTIAGO,CONCHALI,SEDE ONLINE,205,109
2026,143,2026|I143S28C745J4V1,No Presencial,A Distancia,Plan Regular,Metropolitana,SANTIAGO,CONCHALI,SEDE ONLINE,140,83
2026,143,2026|I143S28C751J4V1,No Presencial,A Distancia,Plan Regular,Metropolitana,SANTIAGO,CONCHALI,SEDE ONLINE,117,115
2026,143,2026|I143S28C759J4V1,No Presencial,A Distancia,Plan Regular,Metropolitana,SANTIAGO,CONCHALI,SEDE ONLINE,111,109
2026,143,2026|I143S28C77J4V1,No Presencial,A Distancia,Plan Regular,Metropolitana,SANTIAGO,CONCHALI,SEDE ONLINE,989,205
2026,143,2026|I143S28C83J4V1,No Presencial,A Distancia,Plan Regular,Metropolitana,SANTIAGO,CONCHALI,SEDE ONLINE,345,121
2026,143,2026|I143S28C95J4V1,No Presencial,A Distancia,Plan Regular,Metropolitana,SANTIAGO,CONCHALI,SEDE ONLINE,1493,334
2026,143,2026|I143S28C9J4V1,No Presencial,A Distancia,Plan Regular,Metropolitana,SANTIAGO,CONCHALI,SEDE ONLINE,535,202
2026,143,2026|I143S2C690J3V1,Semipresencial,Semipresencial,Plan Regular,Antofagasta,ANTOFAGASTA,ANTOFAGASTA,SEDE ANTOFAGASTA,29,20
2026,143,2026|I143S2C77J3V1,Semipresencial,Semipresencial,Plan Regular,Antofagasta,ANTOFAGASTA,ANTOFAGASTA,SEDE ANTOFAGASTA,27,1
2026,143,2026|I143S32C34J3V1,Semipresencial,Semipresencial,Plan Regular,Los Lagos,CHILOE,CASTRO,SEDE CASTRO,2,0
2026,143,2026|I143S32C34J3V2,Semipresencial,Semipresencial,Plan Regular,Los Lagos,CHILOE,CASTRO,SEDE CASTRO,19,0
2026,143,2026|I143S32C62J3V2,Semipresencial,Semipresencial,Plan Regular,Los Lagos,CHILOE,CASTRO,SEDE CASTRO,13,0
2026,143,2026|I143S33C62J3V1,Semipresencial,Semipresencial,Plan Regular,Ñuble,DIGUILLIN,CHILLAN,SEDE CHILLAN,30,18
2026,143,2026|I143S5C616J3V1,Semipresencial,Semipresencial,Plan Regular,Antofagasta,EL LOA,CALAMA,SEDE CALAMA,20,17
2026,143,2026|I143S5C645J3V1,Semipresencial,Semipresencial,Plan Regular,Antofagasta,EL LOA,CALAMA,SEDE CALAMA,16,16
2026,143,2026|I143S5C651J3V1,Semipresencial,Semipresencial,Plan Regular,Antofagasta,EL LOA,CALAMA,SEDE CALAMA,1,0
2026,143,2026|I143S5C690J3V1,Semipresencial,Semipresencial,Plan Regular,Antofagasta,EL LOA,CALAMA,SEDE CALAMA,11,10
2026,143,2026|I143S6C5J3V1,Semipresencial,Semipresencial,Plan Regular,Valparaíso,VALPARAISO,VIÑA DEL MAR,SEDE VIÑA DEL MAR,12,11
2026,143,2026|I143S7C94J3V1,Semipresencial,Semipresencial,Plan Regular,Metropolitana,SANTIAGO,PROVIDENCIA,SEDE PROVIDENCIA,1,0
2026,152,2026|I152S10C100J4V2,No Presencial,A Distancia,Plan Regular,Metropolitana,SANTIAGO,SANTIAGO,SEDE SANTIAGO,80,0
2026,152,2026|I152S10C107J4V3,No Presencial,A Distancia,Plan Regular,Metropolitana,SANTIAGO,SANTIAGO,SEDE SANTIAGO,2304,539
2026,152,2026|I152S10C144J4V1,No Presencial,A Distancia,Plan Regular,Metropolitana,SANTIAGO,SANTIAGO,SEDE SANTIAGO,1462,292
2026,152,2026|I152S10C18J3V1,Semipresencial,Semipresencial,Plan Regular,Metropolitana,SANTIAGO,SANTIAGO,SEDE SANTIAGO,559,49
2026,152,2026|I152S10C1J4V2,No Presencial,A Distancia,Plan Regular,Metropolitana,SANTIAGO,SANTIAGO,SEDE SANTIAGO,545,150
2026,152,2026|I152S10C21J4V4,No Presencial,A Distancia,Plan Regular,Metropolitana,SANTIAGO,SANTIAGO,SEDE SANTIAGO,1778,285
2026,152,2026|I152S10C22J2V1,Semipresencial,Vespertina,Plan Regular,Metropolitana,SANTIAGO,SANTIAGO,SEDE SANTIAGO,1519,445
2026,152,2026|I152S10C259J3V5,Semipresencial,Semipresencial,Plan Regular,Metropolitana,SANTIAGO,SANTIAGO,SEDE SANTIAGO,118,40
2026,152,2026|I152S10C274J4V4,No Presencial,A Distancia,Plan Regular,Metropolitana,SANTIAGO,SANTIAGO,SEDE SANTIAGO,2997,710
2026,152,2026|I152S10C274J4V5,No Presencial,A Distancia,Plan Regular,Metropolitana,SANTIAGO,SANTIAGO,SEDE SANTIAGO,235,143
2026,152,2026|I152S10C278J4V2,No Presencial,A Distancia,Plan Regular,Metropolitana,SANTIAGO,SANTIAGO,SEDE SANTIAGO,592,193
2026,152,2026|I152S10C279J3V2,Semipresencial,Semipresencial,Plan Regular,Metropolitana,SANTIAGO,SANTIAGO,SEDE SANTIAGO,1464,524
2026,152,2026|I152S10C281J4V4,No Presencial,A Distancia,Plan Regular,Metropolitana,SANTIAGO,SANTIAGO,SEDE SANTIAGO,1,0
2026,152,2026|I152S10C282J4V3,No Presencial,A Distancia,Plan Regular,Metropolitana,SANTIAGO,SANTIAGO,SEDE SANTIAGO,970,369
2026,152,2026|I152S10C283J4V4,No Presencial,A Distancia,Plan Regular,Metropolitana,SANTIAGO,SANTIAGO,SEDE SANTIAGO,528,272
2026,152,2026|I152S10C295J4V1,No Presencial,A Distancia,Plan Regular,Metropolitana,SANTIAGO,SANTIAGO,SEDE SANTIAGO,924,379
2026,152,2026|I152S10C297J3V1,Semipresencial,Semipresencial,Plan Regular,Metropolitana,SANTIAGO,SANTIAGO,SEDE SANTIAGO,374,131
2026,152,2026|I152S10C300J4V3,No Presencial,A Distancia,Plan Regular,Metropolitana,SANTIAGO,SANTIAGO,SEDE SANTIAGO,804,269
2026,152,2026|I152S10C301J3V4,Semipresencial,Semipresencial,Plan Regular,Metropolitana,SANTIAGO,SANTIAGO,SEDE SANTIAGO,588,244
2026,152,2026|I152S10C314J4V1,No Presencial,A Distancia,Plan Regular,Metropolitana,SANTIAGO,SANTIAGO,SEDE SANTIAGO,30,0
2026,152,2026|I152S10C316J4V1,No Presencial,A Distancia,Plan Regular,Metropolitana,SANTIAGO,SANTIAGO,SEDE SANTIAGO,1088,205
2026,152,2026|I152S10C318J4V1,No Presencial,A Distancia,Plan Regular,Metropolitana,SANTIAGO,SANTIAGO,SEDE SANTIAGO,1142,289
2026,152,2026|I152S10C319J4V3,No Presencial,A Distancia,Plan Regular,Metropolitana,SANTIAGO,SANTIAGO,SEDE SANTIAGO,478,0
2026,152,2026|I152S10C321J4V1,No Presencial,A Distancia,Plan Regular,Metropolitana,SANTIAGO,SANTIAGO,SEDE SANTIAGO,594,234
2026,152,2026|I152S10C323J4V1,No Presencial,A Distancia,Plan Regular,Metropolitana,SANTIAGO,SANTIAGO,SEDE SANTIAGO,1559,745
2026,152,2026|I152S10C325J4V2,No Presencial,A Distancia,Plan Regular,Metropolitana,SANTIAGO,SANTIAGO,SEDE SANTIAGO,495,0
2026,152,2026|I152S10C326J4V6,No Presencial,A Distancia,Plan Regular,Metropolitana,SANTIAGO,SANTIAGO,SEDE SANTIAGO,1980,836
2026,152,2026|I152S10C327J4V2,No Presencial,A Distancia,Plan Regular,Metropolitana,SANTIAGO,SANTIAGO,SEDE SANTIAGO,8,0
2026,152,2026|I152S10C328J4V5,No Presencial,A Distancia,Plan Regular,Metropolitana,SANTIAGO,SANTIAGO,SEDE SANTIAGO,406,183
2026,152,2026|I152S10C363J4V2,No Presencial,A Distancia,Plan Regular,Metropolitana,SANTIAGO,SANTIAGO,SEDE SANTIAGO,31,0
2026,152,2026|I152S10C364J4V1,No Presencial,A Distancia,Plan Regular,Metropolitana,SANTIAGO,SANTIAGO,SEDE SANTIAGO,217,114
2026,152,2026|I152S10C369J4V1,No Presencial,A Distancia,Plan Regular,Metropolitana,SANTIAGO,SANTIAGO,SEDE SANTIAGO,42,0
2026,152,2026|I152S10C370J2V1,Semipresencial,Vespertina,Plan Regular,Metropolitana,SANTIAGO,SANTIAGO,SEDE SANTIAGO,244,79
2026,152,2026|I152S10C371J4V1,No Presencial,A Distancia,Plan Regular,Metropolitana,SANTIAGO,SANTIAGO,SEDE SANTIAGO,2,0
2026,152,2026|I152S10C372J4V1,No Presencial,A Distancia,Plan Regular,Metropolitana,SANTIAGO,SANTIAGO,SEDE SANTIAGO,9,0
2026,152,2026|I152S10C383J4V1,No Presencial,A Distancia,Plan Regular,Metropolitana,SANTIAGO,SANTIAGO,SEDE SANTIAGO,650,174
2026,152,2026|I152S10C387J4V1,No Presencial,A Distancia,Plan Regular,Metropolitana,SANTIAGO,SANTIAGO,SEDE SANTIAGO,5,0
2026,152,2026|I152S10C389J4V1,No Presencial,A Distancia,Plan Regular,Metropolitana,SANTIAGO,SANTIAGO,SEDE SANTIAGO,16,0
2026,152,2026|I152S10C38J4V1,No Presencial,A Distancia,Plan Regular,Metropolitana,SANTIAGO,SANTIAGO,SEDE SANTIAGO,697,220
2026,152,2026|I152S10C390J3V1,Semipresencial,Semipresencial,Plan Regular,Metropolitana,SANTIAGO,SANTIAGO,SEDE SANTIAGO,135,0
2026,152,2026|I152S10C394J3V1,Semipresencial,Semipresencial,Plan Regular,Metropolitana,SANTIAGO,SANTIAGO,SEDE SANTIAGO,198,76
2026,152,2026|I152S10C395J4V1,No Presencial,A Distancia,Plan Regular,Metropolitana,SANTIAGO,SANTIAGO,SEDE SANTIAGO,2281,750
2026,152,2026|I152S10C396J4V1,No Presencial,A Distancia,Plan Regular,Metropolitana,SANTIAGO,SANTIAGO,SEDE SANTIAGO,19,0
2026,152,2026|I152S10C398J4V1,No Presencial,A Distancia,Plan Regular,Metropolitana,SANTIAGO,SANTIAGO,SEDE SANTIAGO,363,176
2026,152,2026|I152S10C41J4V3,No Presencial,A Distancia,Plan Regular,Metropolitana,SANTIAGO,SANTIAGO,SEDE SANTIAGO,4242,1010
2026,152,2026|I152S10C420J4V1,No Presencial,A Distancia,Plan Regular,Metropolitana,SANTIAGO,SANTIAGO,SEDE SANTIAGO,1437,562
2026,152,2026|I152S10C421J4V1,No Presencial,A Distancia,Plan Regular,Metropolitana,SANTIAGO,SANTIAGO,SEDE SANTIAGO,938,413
2026,152,2026|I152S10C428J4V1,No Presencial,A Distancia,Plan Regular,Metropolitana,SANTIAGO,SANTIAGO,SEDE SANTIAGO,1885,402
2026,152,2026|I152S10C429J3V1,Semipresencial,Semipresencial,Plan Regular,Metropolitana,SANTIAGO,SANTIAGO,SEDE SANTIAGO,457,113
2026,152,2026|I152S10C430J4V1,No Presencial,A Distancia,Plan Regular,Metropolitana,SANTIAGO,SANTIAGO,SEDE SANTIAGO,364,0
2026,152,2026|I152S10C431J4V1,No Presencial,A Distancia,Plan Regular,Metropolitana,SANTIAGO,SANTIAGO,SEDE SANTIAGO,1699,710
2026,152,2026|I152S10C432J3V1,Semipresencial,Semipresencial,Plan Regular,Metropolitana,SANTIAGO,SANTIAGO,SEDE SANTIAGO,68,19
2026,152,2026|I152S10C445J3V1,Semipresencial,Semipresencial,Plan Regular,Metropolitana,SANTIAGO,SANTIAGO,SEDE SANTIAGO,1745,1050
2026,152,2026|I152S10C446J4V1,No Presencial,A Distancia,Plan Regular,Metropolitana,SANTIAGO,SANTIAGO,SEDE SANTIAGO,174,84
2026,152,2026|I152S10C452J4V1,No Presencial,A Distancia,Plan Regular,Metropolitana,SANTIAGO,SANTIAGO,SEDE SANTIAGO,496,233
2026,152,2026|I152S10C454J4V1,No Presencial,A Distancia,Plan Regular,Metropolitana,SANTIAGO,SANTIAGO,SEDE SANTIAGO,706,244
2026,152,2026|I152S10C455J3V1,Semipresencial,Semipresencial,Plan Regular,Metropolitana,SANTIAGO,SANTIAGO,SEDE SANTIAGO,2450,383
2026,152,2026|I152S10C456J4V1,No Presencial,A Distancia,Plan Regular,Metropolitana,SANTIAGO,SANTIAGO,SEDE SANTIAGO,271,72
2026,152,2026|I152S10C457J4V1,No Presencial,A Distancia,Plan Regular,Metropolitana,SANTIAGO,SANTIAGO,SEDE SANTIAGO,222,93
2026,152,2026|I152S10C458J4V1,No Presencial,A Distancia,Plan Regular,Metropolitana,SANTIAGO,SANTIAGO,SEDE SANTIAGO,483,250
2026,152,2026|I152S10C459J4V1,No Presencial,A Distancia,Plan Regular,Metropolitana,SANTIAGO,SANTIAGO,SEDE SANTIAGO,106,34
2026,152,2026|I152S10C470J4V1,No Presencial,A Distancia,Plan Regular,Metropolitana,SANTIAGO,SANTIAGO,SEDE SANTIAGO,100,0
2026,152,2026|I152S10C471J4V1,No Presencial,A Distancia,Plan Regular,Metropolitana,SANTIAGO,SANTIAGO,SEDE SANTIAGO,173,44
2026,152,2026|I152S10C472J4V1,No Presencial,A Distancia,Plan Regular,Metropolitana,SANTIAGO,SANTIAGO,SEDE SANTIAGO,2736,379
2026,152,2026|I152S10C473J4V1,No Presencial,A Distancia,Plan Regular,Metropolitana,SANTIAGO,SANTIAGO,SEDE SANTIAGO,508,210
2026,152,2026|I152S10C474J3V1,Semipresencial,Semipresencial,Plan Regular,Metropolitana,SANTIAGO,SANTIAGO,SEDE SANTIAGO,462,173
2026,152,2026|I152S10C474J4V1,No Presencial,A Distancia,Plan Regular de Continuidad,Metropolitana,SANTIAGO,SANTIAGO,SEDE SANTIAGO,134,0
2026,152,2026|I152S10C475J4V1,No Presencial,A Distancia,Plan Regular,Metropolitana,SANTIAGO,SANTIAGO,SEDE SANTIAGO,629,252
2026,152,2026|I152S10C476J4V1,No Presencial,A Distancia,Plan Regular,Metropolitana,SANTIAGO,SANTIAGO,SEDE SANTIAGO,235,110
2026,152,2026|I152S10C477J3V1,Semipresencial,Semipresencial,Plan Regular,Metropolitana,SANTIAGO,SANTIAGO,SEDE SANTIAGO,144,64
2026,152,2026|I152S10C478J4V1,No Presencial,A Distancia,Plan Regular,Metropolitana,SANTIAGO,SANTIAGO,SEDE SANTIAGO,1238,618
2026,152,2026|I152S10C479J4V1,No Presencial,A Distancia,Plan Regular,Metropolitana,SANTIAGO,SANTIAGO,SEDE SANTIAGO,699,281
2026,152,2026|I152S10C480J4V1,No Presencial,A Distancia,Plan Regular,Metropolitana,SANTIAGO,SANTIAGO,SEDE SANTIAGO,222,89
2026,152,2026|I152S10C493J4V1,No Presencial,A Distancia,Plan Regular,Metropolitana,SANTIAGO,SANTIAGO,SEDE SANTIAGO,172,81
2026,152,2026|I152S10C494J3V1,Semipresencial,Semipresencial,Plan Regular,Metropolitana,SANTIAGO,SANTIAGO,SEDE SANTIAGO,691,342
2026,152,2026|I152S10C503J3V1,Semipresencial,Semipresencial,Plan Regular,Metropolitana,SANTIAGO,SANTIAGO,SEDE SANTIAGO,62,20
2026,152,2026|I152S10C507J3V1,Semipresencial,Semipresencial,Plan Regular,Metropolitana,SANTIAGO,SANTIAGO,SEDE SANTIAGO,79,78
2026,152,2026|I152S10C50J4V1,No Presencial,A Distancia,Plan Regular,Metropolitana,SANTIAGO,SANTIAGO,SEDE SANTIAGO,958,368
2026,152,2026|I152S10C9J4V3,No Presencial,A Distancia,Plan Regular,Metropolitana,SANTIAGO,SANTIAGO,SEDE SANTIAGO,766,227
2026,162,2026|I162S2C10J4V1,No Presencial,A Distancia,Plan Regular,Metropolitana,SANTIAGO,SANTIAGO,CASA CENTRAL (SANTIAGO),17,17
2026,162,2026|I162S2C111J4V1,No Presencial,A Distancia,Plan Regular,Metropolitana,SANTIAGO,SANTIAGO,CASA CENTRAL (SANTIAGO),30,30
2026,162,2026|I162S2C112J4V1,No Presencial,A Distancia,Plan Regular,Metropolitana,SANTIAGO,SANTIAGO,CASA CENTRAL (SANTIAGO),66,66
2026,162,2026|I162S2C113J4V1,No Presencial,A Distancia,Plan Regular,Metropolitana,SANTIAGO,SANTIAGO,CASA CENTRAL (SANTIAGO),33,33
2026,162,2026|I162S2C116J4V1,No Presencial,A Distancia,Plan Regular,Metropolitana,SANTIAGO,SANTIAGO,CASA CENTRAL (SANTIAGO),24,24
2026,162,2026|I162S2C117J4V1,No Presencial,A Distancia,Plan Regular,Metropolitana,SANTIAGO,SANTIAGO,CASA CENTRAL (SANTIAGO),12,12
2026,162,2026|I162S2C118J4V1,No Presencial,A Distancia,Plan Regular,Metropolitana,SANTIAGO,SANTIAGO,CASA CENTRAL (SANTIAGO),64,64
2026,162,2026|I162S2C119J4V1,No Presencial,A Distancia,Plan Regular,Metropolitana,SANTIAGO,SANTIAGO,CASA CENTRAL (SANTIAGO),28,28
2026,162,2026|I162S2C124J4V1,No Presencial,A Distancia,Plan Regular,Metropolitana,SANTIAGO,SANTIAGO,CASA CENTRAL (SANTIAGO),25,25
2026,162,2026|I162S2C125J4V1,No Presencial,A Distancia,Plan Regular,Metropolitana,SANTIAGO,SANTIAGO,CASA CENTRAL (SANTIAGO),13,13
2026,162,2026|I162S2C1J4V2,No Presencial,A Distancia,Plan Regular,Metropolitana,SANTIAGO,SANTIAGO,CASA CENTRAL (SANTIAGO),239,72
2026,162,2026|I162S2C1J4V3,No Presencial,A Distancia,Plan Regular de Continuidad,Metropolitana,SANTIAGO,SANTIAGO,CASA CENTRAL (SANTIAGO),86,0
2026,162,2026|I162S2C22J4V2,No Presencial,A Distancia,Plan Regular de Continuidad,Metropolitana,SANTIAGO,SANTIAGO,CASA CENTRAL (SANTIAGO),36,0
2026,162,2026|I162S2C3J4V2,No Presencial,A Distancia,Plan Regular,Metropolitana,SANTIAGO,SANTIAGO,CASA CENTRAL (SANTIAGO),153,44
2026,162,2026|I162S2C3J4V3,No Presencial,A Distancia,Plan Regular de Continuidad,Metropolitana,SANTIAGO,SANTIAGO,CASA CENTRAL (SANTIAGO),113,0
2026,162,2026|I162S2C46J4V1,No Presencial,A Distancia,Plan Regular de Continuidad,Metropolitana,SANTIAGO,SANTIAGO,CASA CENTRAL (SANTIAGO),78,0
2026,162,2026|I162S2C46J4V3,No Presencial,A Distancia,Plan Regular,Metropolitana,SANTIAGO,SANTIAGO,CASA CENTRAL (SANTIAGO),256,95
2026,162,2026|I162S2C47J4V1,No Presencial,A Distancia,Plan Regular,Metropolitana,SANTIAGO,SANTIAGO,CASA CENTRAL (SANTIAGO),111,54
2026,162,2026|I162S2C57J4V1,No Presencial,A Distancia,Plan Regular,Metropolitana,SANTIAGO,SANTIAGO,CASA CENTRAL (SANTIAGO),257,86
2026,162,2026|I162S2C6J4V2,No Presencial,A Distancia,Plan Regular,Metropolitana,SANTIAGO,SANTIAGO,CASA CENTRAL (SANTIAGO),45,12
2026,162,2026|I162S2C76J4V1,No Presencial,A Distancia,Plan Regular,Metropolitana,SANTIAGO,SANTIAGO,CASA CENTRAL (SANTIAGO),132,69
2026,162,2026|I162S2C76J4V2,No Presencial,A Distancia,Plan Regular de Continuidad,Metropolitana,SANTIAGO,SANTIAGO,CASA CENTRAL (SANTIAGO),21,0
2026,162,2026|I162S2C77J4V1,No Presencial,A Distancia,Plan Regular,Metropolitana,SANTIAGO,SANTIAGO,CASA CENTRAL (SANTIAGO),98,44
2026,162,2026|I162S2C77J4V2,No Presencial,A Distancia,Plan Regular de Continuidad,Metropolitana,SANTIAGO,SANTIAGO,CASA CENTRAL (SANTIAGO),32,0
2026,162,2026|I162S2C78J4V1,No Presencial,A Distancia,Plan Regular,Metropolitana,SANTIAGO,SANTIAGO,CASA CENTRAL (SANTIAGO),88,51
2026,162,2026|I162S2C79J4V1,No Presencial,A Distancia,Plan Regular,Metropolitana,SANTIAGO,SANTIAGO,CASA CENTRAL (SANTIAGO),87,39
2026,162,2026|I162S2C83J4V1,No Presencial,A Distancia,Plan Regular,Metropolitana,SANTIAGO,SANTIAGO,CASA CENTRAL (SANTIAGO),94,55
2026,162,2026|I162S2C83J4V2,No Presencial,A Distancia,Plan Regular de Continuidad,Metropolitana,SANTIAGO,SANTIAGO,CASA CENTRAL (SANTIAGO),9,0
2026,162,2026|I162S2C84J4V1,No Presencial,A Distancia,Plan Regular,Metropolitana,SANTIAGO,SANTIAGO,CASA CENTRAL (SANTIAGO),34,23
2026,162,2026|I162S2C85J4V1,No Presencial,A Distancia,Plan Regular,Metropolitana,SANTIAGO,SANTIAGO,CASA CENTRAL (SANTIAGO),56,37
2026,162,2026|I162S2C86J4V1,No Presencial,A Distancia,Plan Regular,Metropolitana,SANTIAGO,SANTIAGO,CASA CENTRAL (SANTIAGO),62,25
2026,162,2026|I162S2C87J4V1,No Presencial,A Distancia,Plan Regular de Continuidad,Metropolitana,SANTIAGO,SANTIAGO,CASA CENTRAL (SANTIAGO),5,0
2026,162,2026|I162S2C87J4V2,No Presencial,A Distancia,Plan Regular,Metropolitana,SANTIAGO,SANTIAGO,CASA CENTRAL (SANTIAGO),77,59
2026,162,2026|I162S2C88J4V1,No Presencial,A Distancia,Plan Regular,Metropolitana,SANTIAGO,SANTIAGO,CASA CENTRAL (SANTIAGO),52,31
2026,162,2026|I162S2C89J4V1,No Presencial,A Distancia,Plan Regular,Metropolitana,SANTIAGO,SANTIAGO,CASA CENTRAL (SANTIAGO),37,25
2025,171,2025|I171S1C39J4V1,No Presencial,A Distancia,Plan Regular,Metropolitana,SANTIAGO,SANTIAGO,CASA CENTRAL (SANTIAGO),533,233
2026,171,2026|I171S1C56J4V1,No Presencial,A Distancia,Plan Regular,Metropolitana,SANTIAGO,SANTIAGO,CASA CENTRAL (SANTIAGO),496,203
2024,171,2024|I171S1C39J4V1,No Presencial,A Distancia,Plan Regular,Metropolitana,SANTIAGO,SANTIAGO,CASA CENTRAL (SANTIAGO),251,201
2025,171,2025|I171S1C76J4V1,No Presencial,A Distancia,Plan Regular,Metropolitana,SANTIAGO,SANTIAGO,CASA CENTRAL (SANTIAGO),327,174
2024,171,2024|I171S1C26J4V1,No Presencial,A Distancia,Plan Regular,Metropolitana,SANTIAGO,SANTIAGO,CASA CENTRAL (SANTIAGO),271,168
2024,171,2024|I171S1C56J4V1,No Presencial,A Distancia,Plan Regular,Metropolitana,SANTIAGO,SANTIAGO,CASA CENTRAL (SANTIAGO),257,167
2025,171,2025|I171S1C28J4V1,No Presencial,A Distancia,Plan Regular,Metropolitana,SANTIAGO,SANTIAGO,CASA CENTRAL (SANTIAGO),374,165
2026,171,2026|I171S1C28J4V1,No Presencial,A Distancia,Plan Regular,Metropolitana,SANTIAGO,SANTIAGO,CASA CENTRAL (SANTIAGO),399,153
2026,171,2026|I171S1C39J4V1,No Presencial,A Distancia,Plan Regular,Metropolitana,SANTIAGO,SANTIAGO,CASA CENTRAL (SANTIAGO),532,151
2025,171,2025|I171S1C26J4V1,No Presencial,A Distancia,Plan Regular,Metropolitana,SANTIAGO,SANTIAGO,CASA CENTRAL (SANTIAGO),353,142
2026,171,2026|I171S1C26J4V1,No Presencial,A Distancia,Plan Regular,Metropolitana,SANTIAGO,SANTIAGO,CASA CENTRAL (SANTIAGO),375,139
2025,171,2025|I171S1C82J4V1,No Presencial,A Distancia,Plan Regular,Metropolitana,SANTIAGO,SANTIAGO,CASA CENTRAL (SANTIAGO),277,136
2024,171,2024|I171S1C28J4V1,No Presencial,A Distancia,Plan Regular,Metropolitana,SANTIAGO,SANTIAGO,CASA CENTRAL (SANTIAGO),192,127
2025,171,2025|I171S1C56J4V1,No Presencial,A Distancia,Plan Regular,Metropolitana,SANTIAGO,SANTIAGO,CASA CENTRAL (SANTIAGO),393,122
2025,171,2025|I171S1C24J4V2,No Presencial,A Distancia,Plan Regular,Metropolitana,SANTIAGO,SANTIAGO,CASA CENTRAL (SANTIAGO),235,118
2024,171,2024|I171S1C76J4V1,No Presencial,A Distancia,Plan Regular,Metropolitana,SANTIAGO,SANTIAGO,CASA CENTRAL (SANTIAGO),130,118
2025,171,2025|I171S1C27J4V2,No Presencial,A Distancia,Plan Regular,Metropolitana,SANTIAGO,SANTIAGO,CASA CENTRAL (SANTIAGO),244,117
2025,171,2025|I171S1C70J4V1,No Presencial,A Distancia,Plan Regular,Metropolitana,SANTIAGO,SANTIAGO,CASA CENTRAL (SANTIAGO),197,113
2026,171,2026|I171S1C27J4V2,No Presencial,A Distancia,Plan Regular,Metropolitana,SANTIAGO,SANTIAGO,CASA CENTRAL (SANTIAGO),261,111
2026,171,2026|I171S1C82J4V1,No Presencial,A Distancia,Plan Regular,Metropolitana,SANTIAGO,SANTIAGO,CASA CENTRAL (SANTIAGO),299,109
2026,171,2026|I171S1C24J4V2,No Presencial,A Distancia,Plan Regular,Metropolitana,SANTIAGO,SANTIAGO,CASA CENTRAL (SANTIAGO),294,108
2025,171,2025|I171S1C60J4V3,No Presencial,A Distancia,Plan Regular,Metropolitana,SANTIAGO,SANTIAGO,CASA CENTRAL (SANTIAGO),184,108
2025,171,2025|I171S1C70J4V2,No Presencial,A Distancia,Plan Especial,Metropolitana,SANTIAGO,SANTIAGO,CASA CENTRAL (SANTIAGO),106,106
2025,171,2025|I171S1C11J4V1,No Presencial,A Distancia,Plan Especial,Metropolitana,SANTIAGO,SANTIAGO,CASA CENTRAL (SANTIAGO),207,105
2025,171,2025|I171S1C81J4V1,No Presencial,A Distancia,Plan Regular,Metropolitana,SANTIAGO,SANTIAGO,CASA CENTRAL (SANTIAGO),155,105
2026,171,2026|I171S1C76J4V1,No Presencial,A Distancia,Plan Regular,Metropolitana,SANTIAGO,SANTIAGO,CASA CENTRAL (SANTIAGO),306,104
2026,171,2026|I171S1C60J4V3,No Presencial,A Distancia,Plan Regular,Metropolitana,SANTIAGO,SANTIAGO,CASA CENTRAL (SANTIAGO),210,101
2025,171,2025|I171S1C71J4V1,No Presencial,A Distancia,Plan Regular,Metropolitana,SANTIAGO,SANTIAGO,CASA CENTRAL (SANTIAGO),212,100
2026,171,2026|I171S1C81J4V1,No Presencial,A Distancia,Plan Regular,Metropolitana,SANTIAGO,SANTIAGO,CASA CENTRAL (SANTIAGO),212,99
2025,171,2025|I171S1C57J4V3,No Presencial,A Distancia,Plan Especial,Metropolitana,SANTIAGO,SANTIAGO,CASA CENTRAL (SANTIAGO),237,99
2026,171,2026|I171S1C84J4V1,No Presencial,A Distancia,Plan Regular,Metropolitana,SANTIAGO,SANTIAGO,CASA CENTRAL (SANTIAGO),195,96
2025,171,2025|I171S1C84J4V1,No Presencial,A Distancia,Plan Regular,Metropolitana,SANTIAGO,SANTIAGO,CASA CENTRAL (SANTIAGO),149,96
2025,171,2025|I171S1C71J4V2,No Presencial,A Distancia,Plan Especial,Metropolitana,SANTIAGO,SANTIAGO,CASA CENTRAL (SANTIAGO),152,93
2026,171,2026|I171S1C70J4V1,No Presencial,A Distancia,Plan Regular,Metropolitana,SANTIAGO,SANTIAGO,CASA CENTRAL (SANTIAGO),240,90
2026,171,2026|I171S1C71J4V1,No Presencial,A Distancia,Plan Regular,Metropolitana,SANTIAGO,SANTIAGO,CASA CENTRAL (SANTIAGO),239,90
2026,171,2026|I171S1C75J4V3,No Presencial,A Distancia,Plan Regular,Metropolitana,SANTIAGO,SANTIAGO,CASA CENTRAL (SANTIAGO),168,89
2025,171,2025|I171S1C75J4V3,No Presencial,A Distancia,Plan Regular,Metropolitana,SANTIAGO,SANTIAGO,CASA CENTRAL (SANTIAGO),153,88
2025,171,2025|I171S1C28J4V2,No Presencial,A Distancia,Plan Especial,Metropolitana,SANTIAGO,SANTIAGO,CASA CENTRAL (SANTIAGO),195,87
2024,171,2024|I171S1C27J4V2,No Presencial,A Distancia,Plan Regular,Metropolitana,SANTIAGO,SANTIAGO,CASA CENTRAL (SANTIAGO),145,87
2024,171,2024|I171S1C57J4V3,No Presencial,A Distancia,Plan Especial,Metropolitana,SANTIAGO,SANTIAGO,CASA CENTRAL (SANTIAGO),138,87
2024,171,2024|I171S1C82J4V1,No Presencial,A Distancia,Plan Regular,Metropolitana,SANTIAGO,SANTIAGO,CASA CENTRAL (SANTIAGO),86,86
2024,171,2024|I171S1C24J4V2,No Presencial,A Distancia,Plan Regular,Metropolitana,SANTIAGO,SANTIAGO,CASA CENTRAL (SANTIAGO),128,82
2025,171,2025|I171S1C73J4V1,No Presencial,A Distancia,Plan Regular,Metropolitana,SANTIAGO,SANTIAGO,CASA CENTRAL (SANTIAGO),148,81
2024,171,2024|I171S1C71J4V1,No Presencial,A Distancia,Plan Regular,Metropolitana,SANTIAGO,SANTIAGO,CASA CENTRAL (SANTIAGO),94,81
2025,171,2025|I171S1C74J4V1,No Presencial,A Distancia,Plan Regular,Metropolitana,SANTIAGO,SANTIAGO,CASA CENTRAL (SANTIAGO),172,80
2024,171,2024|I171S1C28J4V2,No Presencial,A Distancia,Plan Especial,Metropolitana,SANTIAGO,SANTIAGO,CASA CENTRAL (SANTIAGO),133,80
2026,171,2026|I171S1C74J4V1,No Presencial,A Distancia,Plan Regular,Metropolitana,SANTIAGO,SANTIAGO,CASA CENTRAL (SANTIAGO),203,76
2025,171,2025|I171S1C60J4V4,No Presencial,A Distancia,Plan Especial,Metropolitana,SANTIAGO,SANTIAGO,CASA CENTRAL (SANTIAGO),131,75
2025,171,2025|I171S1C65J4V1,No Presencial,A Distancia,Plan Regular,Metropolitana,SANTIAGO,SANTIAGO,CASA CENTRAL (SANTIAGO),138,71
2025,171,2025|I171S1C26J4V2,No Presencial,A Distancia,Plan Especial,Metropolitana,SANTIAGO,SANTIAGO,CASA CENTRAL (SANTIAGO),160,70
2024,171,2024|I171S1C11J4V1,No Presencial,A Distancia,Plan Especial,Metropolitana,SANTIAGO,SANTIAGO,CASA CENTRAL (SANTIAGO),116,68
2024,171,2024|I171S1C42J4V1,No Presencial,A Distancia,Plan Regular,Metropolitana,SANTIAGO,SANTIAGO,CASA CENTRAL (SANTIAGO),70,68
2024,171,2024|I171S1C74J4V1,No Presencial,A Distancia,Plan Regular,Metropolitana,SANTIAGO,SANTIAGO,CASA CENTRAL (SANTIAGO),70,63
2024,171,2024|I171S1C70J4V1,No Presencial,A Distancia,Plan Regular,Metropolitana,SANTIAGO,SANTIAGO,CASA CENTRAL (SANTIAGO),63,61
2024,171,2024|I171S1C73J4V1,No Presencial,A Distancia,Plan Regular,Metropolitana,SANTIAGO,SANTIAGO,CASA CENTRAL (SANTIAGO),65,61
2024,171,2024|I171S1C44J4V1,No Presencial,A Distancia,Plan Regular,Metropolitana,SANTIAGO,SANTIAGO,CASA CENTRAL (SANTIAGO),59,59
2026,171,2026|I171S1C65J4V1,No Presencial,A Distancia,Plan Regular,Metropolitana,SANTIAGO,SANTIAGO,CASA CENTRAL (SANTIAGO),133,57
2026,171,2026|I171S1C73J4V1,No Presencial,A Distancia,Plan Regular,Metropolitana,SANTIAGO,SANTIAGO,CASA CENTRAL (SANTIAGO),165,57
2025,171,2025|I171S1C41J4V1,No Presencial,A Distancia,Plan Regular,Metropolitana,SANTIAGO,SANTIAGO,CASA CENTRAL (SANTIAGO),104,56
2026,171,2026|I171S1C42J4V1,No Presencial,A Distancia,Plan Regular,Metropolitana,SANTIAGO,SANTIAGO,CASA CENTRAL (SANTIAGO),177,55
2026,171,2026|I171S1C66J4V1,No Presencial,A Distancia,Plan Regular,Metropolitana,SANTIAGO,SANTIAGO,CASA CENTRAL (SANTIAGO),101,55
2025,171,2025|I171S1C42J4V1,No Presencial,A Distancia,Plan Regular,Metropolitana,SANTIAGO,SANTIAGO,CASA CENTRAL (SANTIAGO),183,55
2026,171,2026|I171S1C44J4V1,No Presencial,A Distancia,Plan Regular,Metropolitana,SANTIAGO,SANTIAGO,CASA CENTRAL (SANTIAGO),154,54
2025,171,2025|I171S1C44J4V1,No Presencial,A Distancia,Plan Regular,Metropolitana,SANTIAGO,SANTIAGO,CASA CENTRAL (SANTIAGO),135,54
2026,171,2026|I171S1C41J4V1,No Presencial,A Distancia,Plan Regular,Metropolitana,SANTIAGO,SANTIAGO,CASA CENTRAL (SANTIAGO),121,52
2026,171,2026|I171S1C64J4V1,No Presencial,A Distancia,Plan Regular,Metropolitana,SANTIAGO,SANTIAGO,CASA CENTRAL (SANTIAGO),90,51
2024,171,2024|I171S1C39J4V2,No Presencial,A Distancia,Plan Especial,Metropolitana,SANTIAGO,SANTIAGO,CASA CENTRAL (SANTIAGO),83,51
2026,693,2026|I693S0C0J4V1,No Presencial,A Distancia,Plan Especial,Metropolitana,SANTIAGO,PROVIDENCIA,CASA CENTRAL,74,29
2026,693,2026|I693S0C18J4V1,No Presencial,A Distancia,Plan Regular,Metropolitana,SANTIAGO,PROVIDENCIA,CASA CENTRAL,49,24
2026,754,2026|I754S1C3J4V1,No Presencial,A Distancia,Plan Especial,Valparaíso,VALPARAISO,VALPARAISO,VALPARAISO,12,0
2026,754,2026|I754S1C4J4V1,No Presencial,A Distancia,Plan Especial,Valparaíso,VALPARAISO,VALPARAISO,VALPARAISO,2,0
2026,754,2026|I754S1C8J4V2,No Presencial,A Distancia,Plan Regular,Valparaíso,VALPARAISO,VALPARAISO,VALPARAISO,7,7
2026,218,2026|I218S1C10J3V2,Semipresencial,Semipresencial,Plan Regular,Metropolitana,SANTIAGO,SANTIAGO,CASA CENTRAL (SANTIAGO),133,67
2026,218,2026|I218S1C125J4V2,No Presencial,A Distancia,Plan Regular,Metropolitana,SANTIAGO,SANTIAGO,CASA CENTRAL (SANTIAGO),28,17
2026,218,2026|I218S1C137J4V2,No Presencial,A Distancia,Plan Regular,Metropolitana,SANTIAGO,SANTIAGO,CASA CENTRAL (SANTIAGO),29,15
2026,218,2026|I218S1C150J4V2,No Presencial,A Distancia,Plan Regular,Metropolitana,SANTIAGO,SANTIAGO,CASA CENTRAL (SANTIAGO),18,13
2026,218,2026|I218S1C152J3V2,Semipresencial,Semipresencial,Plan Regular,Metropolitana,SANTIAGO,SANTIAGO,CASA CENTRAL (SANTIAGO),66,46
2026,218,2026|I218S1C173J4V1,No Presencial,A Distancia,Plan Regular,Metropolitana,SANTIAGO,SANTIAGO,CASA CENTRAL (SANTIAGO),11,11
2026,218,2026|I218S1C174J4V1,No Presencial,A Distancia,Plan Regular,Metropolitana,SANTIAGO,SANTIAGO,CASA CENTRAL (SANTIAGO),1,1
2026,218,2026|I218S1C23J3V2,Semipresencial,Semipresencial,Plan Regular,Metropolitana,SANTIAGO,SANTIAGO,CASA CENTRAL (SANTIAGO),12,12
2026,218,2026|I218S1C25J4V2,No Presencial,A Distancia,Plan Regular,Metropolitana,SANTIAGO,SANTIAGO,CASA CENTRAL (SANTIAGO),80,32
2026,218,2026|I218S1C37J4V2,No Presencial,A Distancia,Plan Regular,Metropolitana,SANTIAGO,SANTIAGO,CASA CENTRAL (SANTIAGO),202,61
2026,218,2026|I218S1C41J4V2,No Presencial,A Distancia,Plan Regular,Metropolitana,SANTIAGO,SANTIAGO,CASA CENTRAL (SANTIAGO),29,16
2026,257,2026|I257S1C125J4V1,No Presencial,A Distancia,Plan Regular,Coquimbo,ELQUI,LA SERENA,CASA CENTRAL (LA SERENA),11,11
2026,260,2026|I260S51C107J4V1,No Presencial,A Distancia,Plan Regular,Metropolitana,SANTIAGO,SANTIAGO,SEDE VIRTUAL,376,158
2026,260,2026|I260S51C120J4V1,No Presencial,A Distancia,Plan Regular,Metropolitana,SANTIAGO,SANTIAGO,SEDE VIRTUAL,426,151
2026,260,2026|I260S51C234J4V1,No Presencial,A Distancia,Plan Regular,Metropolitana,SANTIAGO,SANTIAGO,SEDE VIRTUAL,273,164
2026,260,2026|I260S51C263J4V1,No Presencial,A Distancia,Plan Regular,Metropolitana,SANTIAGO,SANTIAGO,SEDE VIRTUAL,233,103
2026,260,2026|I260S51C281J4V1,No Presencial,A Distancia,Plan Regular,Metropolitana,SANTIAGO,SANTIAGO,SEDE VIRTUAL,19,19
2026,260,2026|I260S51C320J4V1,No Presencial,A Distancia,Plan Regular,Metropolitana,SANTIAGO,SANTIAGO,SEDE VIRTUAL,77,70
2026,260,2026|I260S51C79J4V1,No Presencial,A Distancia,Plan Regular,Metropolitana,SANTIAGO,SANTIAGO,SEDE VIRTUAL,30,28
2026,312,2026|I312S1C101J4V2,No Presencial,A Distancia,Plan Especial,Metropolitana,SANTIAGO,SANTIAGO,CASA CENTRAL (SANTIAGO),244,61
2026,312,2026|I312S1C101J4V6,No Presencial,A Distancia,Plan Regular,Metropolitana,SANTIAGO,SANTIAGO,CASA CENTRAL (SANTIAGO),207,39
2026,312,2026|I312S1C102J4V1,No Presencial,A Distancia,Plan Regular,Metropolitana,SANTIAGO,SANTIAGO,CASA CENTRAL (SANTIAGO),78,13
2026,312,2026|I312S1C102J4V3,No Presencial,A Distancia,Plan Especial,Metropolitana,SANTIAGO,SANTIAGO,CASA CENTRAL (SANTIAGO),64,16
2026,312,2026|I312S1C103J4V1,No Presencial,A Distancia,Plan Regular,Metropolitana,SANTIAGO,SANTIAGO,CASA CENTRAL (SANTIAGO),115,28
2026,312,2026|I312S1C103J4V2,No Presencial,A Distancia,Plan Especial,Metropolitana,SANTIAGO,SANTIAGO,CASA CENTRAL (SANTIAGO),105,27
2026,312,2026|I312S1C110J4V1,No Presencial,A Distancia,Plan Regular,Metropolitana,SANTIAGO,SANTIAGO,CASA CENTRAL (SANTIAGO),110,28
2026,312,2026|I312S1C110J4V3,No Presencial,A Distancia,Plan Especial,Metropolitana,SANTIAGO,SANTIAGO,CASA CENTRAL (SANTIAGO),184,37
2026,312,2026|I312S1C116J4V1,No Presencial,A Distancia,Plan Regular,Metropolitana,SANTIAGO,SANTIAGO,CASA CENTRAL (SANTIAGO),30,0
2026,312,2026|I312S1C116J4V4,No Presencial,A Distancia,Plan Especial,Metropolitana,SANTIAGO,SANTIAGO,CASA CENTRAL (SANTIAGO),18,0
2026,312,2026|I312S1C120J4V1,No Presencial,A Distancia,Plan Especial,Metropolitana,SANTIAGO,SANTIAGO,CASA CENTRAL (SANTIAGO),60,15
2026,312,2026|I312S1C121J4V1,No Presencial,A Distancia,Plan Regular,Metropolitana,SANTIAGO,SANTIAGO,CASA CENTRAL (SANTIAGO),39,10
2026,312,2026|I312S1C121J4V2,No Presencial,A Distancia,Plan Especial,Metropolitana,SANTIAGO,SANTIAGO,CASA CENTRAL (SANTIAGO),13,7
2026,312,2026|I312S1C122J4V1,No Presencial,A Distancia,Plan Regular,Metropolitana,SANTIAGO,SANTIAGO,CASA CENTRAL (SANTIAGO),122,23
2026,312,2026|I312S1C122J4V2,No Presencial,A Distancia,Plan Especial,Metropolitana,SANTIAGO,SANTIAGO,CASA CENTRAL (SANTIAGO),167,42
2026,312,2026|I312S1C123J4V1,No Presencial,A Distancia,Plan Regular,Metropolitana,SANTIAGO,SANTIAGO,CASA CENTRAL (SANTIAGO),11,1
2026,312,2026|I312S1C123J4V2,No Presencial,A Distancia,Plan Especial,Metropolitana,SANTIAGO,SANTIAGO,CASA CENTRAL (SANTIAGO),31,7
2026,312,2026|I312S1C124J4V1,No Presencial,A Distancia,Plan Regular,Metropolitana,SANTIAGO,SANTIAGO,CASA CENTRAL (SANTIAGO),12,0
2026,312,2026|I312S1C13J4V1,No Presencial,A Distancia,Plan Regular,Metropolitana,SANTIAGO,SANTIAGO,CASA CENTRAL (SANTIAGO),119,28
2026,312,2026|I312S1C13J4V2,No Presencial,A Distancia,Plan Especial,Metropolitana,SANTIAGO,SANTIAGO,CASA CENTRAL (SANTIAGO),149,42
2026,312,2026|I312S1C25J4V3,No Presencial,A Distancia,Plan Especial,Metropolitana,SANTIAGO,SANTIAGO,CASA CENTRAL (SANTIAGO),195,61
2026,312,2026|I312S1C56J4V1,No Presencial,A Distancia,Plan Regular,Metropolitana,SANTIAGO,SANTIAGO,CASA CENTRAL (SANTIAGO),151,44
2026,312,2026|I312S1C56J4V4,No Presencial,A Distancia,Plan Especial,Metropolitana,SANTIAGO,SANTIAGO,CASA CENTRAL (SANTIAGO),268,89
2026,312,2026|I312S1C80J4V1,No Presencial,A Distancia,Plan Regular,Metropolitana,SANTIAGO,SANTIAGO,CASA CENTRAL (SANTIAGO),111,17
2026,312,2026|I312S1C80J4V3,No Presencial,A Distancia,Plan Especial,Metropolitana,SANTIAGO,SANTIAGO,CASA CENTRAL (SANTIAGO),138,52
2026,312,2026|I312S1C82J4V1,No Presencial,A Distancia,Plan Regular,Metropolitana,SANTIAGO,SANTIAGO,CASA CENTRAL (SANTIAGO),162,29
2026,312,2026|I312S1C82J4V3,No Presencial,A Distancia,Plan Especial,Metropolitana,SANTIAGO,SANTIAGO,CASA CENTRAL (SANTIAGO),313,112
2026,312,2026|I312S1C84J4V3,No Presencial,A Distancia,Plan Especial,Metropolitana,SANTIAGO,SANTIAGO,CASA CENTRAL (SANTIAGO),652,202
2026,312,2026|I312S1C84J4V4,No Presencial,A Distancia,Plan Regular,Metropolitana,SANTIAGO,SANTIAGO,CASA CENTRAL (SANTIAGO),513,123
2026,312,2026|I312S1C86J4V1,No Presencial,A Distancia,Plan Regular,Metropolitana,SANTIAGO,SANTIAGO,CASA CENTRAL (SANTIAGO),42,11
2026,312,2026|I312S1C86J4V3,No Presencial,A Distancia,Plan Especial,Metropolitana,SANTIAGO,SANTIAGO,CASA CENTRAL (SANTIAGO),178,58
2026,312,2026|I312S1C89J4V1,No Presencial,A Distancia,Plan Regular,Metropolitana,SANTIAGO,SANTIAGO,CASA CENTRAL (SANTIAGO),224,45
2026,312,2026|I312S1C89J4V3,No Presencial,A Distancia,Plan Especial,Metropolitana,SANTIAGO,SANTIAGO,CASA CENTRAL (SANTIAGO),206,55
2026,312,2026|I312S1C96J4V3,No Presencial,A Distancia,Plan Especial,Metropolitana,SANTIAGO,SANTIAGO,CASA CENTRAL (SANTIAGO),62,32
2026,319,2026|I319S8C37J4V1,No Presencial,A Distancia,Plan Regular,Valparaíso,VALPARAISO,VIÑA DEL MAR,SEDE VIÑA DEL MAR,222,92
2026,382,2026|I382S1C49J4V1,No Presencial,A Distancia,Plan Regular,Metropolitana,SANTIAGO,SANTIAGO,CASA CENTRAL (SANTIAGO),6,0
2026,382,2026|I382S1C50J4V1,No Presencial,A Distancia,Plan Regular,Metropolitana,SANTIAGO,SANTIAGO,CASA CENTRAL (SANTIAGO),45,30
2024,171,2024|I171S1C58J4V1,No Presencial,A Distancia,Plan Especial,Metropolitana,SANTIAGO,SANTIAGO,CASA CENTRAL (SANTIAGO),70,50
2023,426,2023|I426S1C5J4V2,No Presencial,A Distancia,Plan Regular,Metropolitana,SANTIAGO,SANTIAGO,CASA CENTRAL (SANTIAGO),153,50
2023,426,2023|I426S1C54J4V1,No Presencial,A Distancia,Plan Regular,Metropolitana,SANTIAGO,SANTIAGO,CASA CENTRAL (SANTIAGO),122,47
2023,426,2023|I426S1C7J4V2,No Presencial,A Distancia,Plan Regular,Metropolitana,SANTIAGO,SANTIAGO,CASA CENTRAL (SANTIAGO),156,46
2024,171,2024|I171S1C60J4V3,No Presencial,A Distancia,Plan Regular,Metropolitana,SANTIAGO,SANTIAGO,CASA CENTRAL (SANTIAGO),45,45
2024,171,2024|I171S1C75J4V3,No Presencial,A Distancia,Plan Regular,Metropolitana,SANTIAGO,SANTIAGO,CASA CENTRAL (SANTIAGO),44,44
2024,171,2024|I171S1C65J4V1,No Presencial,A Distancia,Plan Regular,Metropolitana,SANTIAGO,SANTIAGO,CASA CENTRAL (SANTIAGO),44,43
2024,171,2024|I171S1C84J4V1,No Presencial,A Distancia,Plan Regular,Metropolitana,SANTIAGO,SANTIAGO,CASA CENTRAL (SANTIAGO),43,43
2025,171,2025|I171S1C81J4V2,No Presencial,A Distancia,Plan Especial,Metropolitana,SANTIAGO,SANTIAGO,CASA CENTRAL (SANTIAGO),42,42
2025,171,2025|I171S1C58J4V1,No Presencial,A Distancia,Plan Especial,Metropolitana,SANTIAGO,SANTIAGO,CASA CENTRAL (SANTIAGO),101,41
2025,171,2025|I171S1C66J4V1,No Presencial,A Distancia,Plan Regular,Metropolitana,SANTIAGO,SANTIAGO,CASA CENTRAL (SANTIAGO),91,41
2025,171,2025|I171S1C76J4V2,No Presencial,A Distancia,Plan Especial,Metropolitana,SANTIAGO,SANTIAGO,CASA CENTRAL (SANTIAGO),70,41
2026,435,2026|I435S1C100J3V2,Semipresencial,Semipresencial,Plan Regular,Metropolitana,SANTIAGO,ÑUÑOA,CASA CENTRAL (SANTIAGO),16,16
2026,435,2026|I435S1C101J3V2,Semipresencial,Semipresencial,Plan Regular,Metropolitana,SANTIAGO,ÑUÑOA,CASA CENTRAL (SANTIAGO),51,51
2026,435,2026|I435S1C1J4V1,No Presencial,A Distancia,Plan Regular,Metropolitana,SANTIAGO,ÑUÑOA,CASA CENTRAL (SANTIAGO),70,38
2026,435,2026|I435S2C114J3V1,Semipresencial,Semipresencial,Plan Especial,Metropolitana,MAIPO,BUIN,SEDE BUIN,1,0
2026,435,2026|I435S2C114J3V2,Semipresencial,Semipresencial,Plan Especial,Metropolitana,MAIPO,BUIN,SEDE BUIN,36,0
2026,435,2026|I435S2C114J3V3,Semipresencial,Semipresencial,Plan Regular,Metropolitana,MAIPO,BUIN,SEDE BUIN,70,39
2026,435,2026|I435S2C195J3V1,Semipresencial,Semipresencial,Plan Regular,Metropolitana,MAIPO,BUIN,SEDE BUIN,21,12
2026,435,2026|I435S2C3J4V3,No Presencial,A Distancia,Plan Regular,Metropolitana,MAIPO,BUIN,SEDE BUIN,17,17
2026,629,2026|I629S0C100J4V1,No Presencial,A Distancia,Plan Regular,Valparaíso,VALPARAISO,VALPARAISO,CASA CENTRAL (VALPARAISO),56,34
2026,629,2026|I629S0C10J4V1,No Presencial,A Distancia,Plan Regular,Valparaíso,VALPARAISO,VALPARAISO,CASA CENTRAL (VALPARAISO),29,26
2026,629,2026|I629S0C113J4V1,No Presencial,A Distancia,Plan Regular,Valparaíso,VALPARAISO,VALPARAISO,CASA CENTRAL (VALPARAISO),108,56
2026,629,2026|I629S0C115J4V1,No Presencial,A Distancia,Plan Regular,Valparaíso,VALPARAISO,VALPARAISO,CASA CENTRAL (VALPARAISO),95,45
2026,629,2026|I629S0C136J4V1,No Presencial,A Distancia,Plan Regular,Valparaíso,VALPARAISO,VALPARAISO,CASA CENTRAL (VALPARAISO),45,27
2026,629,2026|I629S0C151J4V1,No Presencial,A Distancia,Plan Regular,Valparaíso,VALPARAISO,VALPARAISO,CASA CENTRAL (VALPARAISO),50,34
2026,629,2026|I629S0C156J4V1,No Presencial,A Distancia,Plan Regular,Valparaíso,VALPARAISO,VALPARAISO,CASA CENTRAL (VALPARAISO),90,37
2026,629,2026|I629S0C167J4V1,No Presencial,A Distancia,Plan Regular,Valparaíso,VALPARAISO,VALPARAISO,CASA CENTRAL (VALPARAISO),194,69
2026,701,2026|I701S0C2J3V1,Semipresencial,Semipresencial,Plan Regular,Metropolitana,SANTIAGO,SANTIAGO,CASA CENTRAL (SANTIAGO),46,14
2026,701,2026|I701S0C2J4V1,No Presencial,A Distancia,Plan Regular,Metropolitana,SANTIAGO,SANTIAGO,CASA CENTRAL (SANTIAGO),190,49
2026,701,2026|I701S0C30J3V1,Semipresencial,Semipresencial,Plan Regular,Metropolitana,SANTIAGO,SANTIAGO,CASA CENTRAL (SANTIAGO),14,4
2026,701,2026|I701S0C30J4V1,No Presencial,A Distancia,Plan Regular,Metropolitana,SANTIAGO,SANTIAGO,CASA CENTRAL (SANTIAGO),194,44
2026,701,2026|I701S0C35J4V1,No Presencial,A Distancia,Plan Regular,Metropolitana,SANTIAGO,SANTIAGO,CASA CENTRAL (SANTIAGO),114,38
2026,701,2026|I701S0C36J4V1,No Presencial,A Distancia,Plan Regular,Metropolitana,SANTIAGO,SANTIAGO,CASA CENTRAL (SANTIAGO),161,62
2026,701,2026|I701S0C3J4V1,No Presencial,A Distancia,Plan Regular,Metropolitana,SANTIAGO,SANTIAGO,CASA CENTRAL (SANTIAGO),317,108
2026,701,2026|I701S0C42J4V1,No Presencial,A Distancia,Plan Regular,Metropolitana,SANTIAGO,SANTIAGO,CASA CENTRAL (SANTIAGO),66,26
2026,730,2026|I730S1C13J3V1,Semipresencial,Semipresencial,Plan Regular,Metropolitana,SANTIAGO,LAS CONDES,CASA CENTRAL (LAS CONDES),28,0
2026,730,2026|I730S1C8J3V1,Semipresencial,Semipresencial,Plan Regular,Metropolitana,SANTIAGO,LAS CONDES,CASA CENTRAL (LAS CONDES),71,1
2026,730,2026|I730S1C9J3V1,Semipresencial,Semipresencial,Plan Regular,Metropolitana,SANTIAGO,LAS CONDES,CASA CENTRAL (LAS CONDES),4,0
2026,920,2026|I920S2C10J3V1,Semipresencial,Semipresencial,Plan Regular,Magallanes,MAGALLANES,PUNTA ARENAS,SEDE ENLACE PUNTA ARENAS,9,6
2026,920,2026|I920S2C1J3V3,Semipresencial,Semipresencial,Plan Especial,Magallanes,MAGALLANES,PUNTA ARENAS,SEDE ENLACE PUNTA ARENAS,7,1
2026,959,2026|I959S1C1J3V1,Semipresencial,Semipresencial,Plan Regular,Metropolitana,SANTIAGO,PROVIDENCIA,CASA CENTRAL,85,20
2025,1,2025|I1S1C10J4V1,No Presencial,A Distancia,Plan Regular,Metropolitana,SANTIAGO,PROVIDENCIA,CASA CENTRAL,68,7
2025,1,2025|I1S1C12J4V4,No Presencial,A Distancia,Plan Regular de Continuidad,Metropolitana,SANTIAGO,PROVIDENCIA,CASA CENTRAL,1101,0
2025,1,2025|I1S1C20J4V3,No Presencial,A Distancia,Plan Regular de Continuidad,Metropolitana,SANTIAGO,PROVIDENCIA,CASA CENTRAL,87,0
2025,1,2025|I1S1C20J4V4,No Presencial,A Distancia,Plan Regular de Continuidad,Metropolitana,SANTIAGO,PROVIDENCIA,CASA CENTRAL,108,0
2025,1,2025|I1S1C227J4V2,No Presencial,A Distancia,Plan Regular de Continuidad,Metropolitana,SANTIAGO,PROVIDENCIA,CASA CENTRAL,107,0
2025,1,2025|I1S1C227J4V4,No Presencial,A Distancia,Plan Regular de Continuidad,Metropolitana,SANTIAGO,PROVIDENCIA,CASA CENTRAL,94,0
2025,1,2025|I1S1C232J4V3,No Presencial,A Distancia,Plan Regular de Continuidad,Metropolitana,SANTIAGO,PROVIDENCIA,CASA CENTRAL,36,0
2025,1,2025|I1S1C232J4V4,No Presencial,A Distancia,Plan Regular de Continuidad,Metropolitana,SANTIAGO,PROVIDENCIA,CASA CENTRAL,96,0
2025,1,2025|I1S1C242J3V2,Semipresencial,Semipresencial,Plan Regular,Metropolitana,SANTIAGO,PROVIDENCIA,CASA CENTRAL,41,5
2025,1,2025|I1S1C242J4V3,No Presencial,A Distancia,Plan Regular de Continuidad,Metropolitana,SANTIAGO,PROVIDENCIA,CASA CENTRAL,340,0
2025,1,2025|I1S1C242J4V5,No Presencial,A Distancia,Plan Regular de Continuidad,Metropolitana,SANTIAGO,PROVIDENCIA,CASA CENTRAL,1,0
2025,1,2025|I1S1C250J4V2,No Presencial,A Distancia,Plan Regular de Continuidad,Metropolitana,SANTIAGO,PROVIDENCIA,CASA CENTRAL,78,0
2025,1,2025|I1S1C250J4V4,No Presencial,A Distancia,Plan Regular de Continuidad,Metropolitana,SANTIAGO,PROVIDENCIA,CASA CENTRAL,87,0
2025,1,2025|I1S1C251J4V2,No Presencial,A Distancia,Plan Regular de Continuidad,Metropolitana,SANTIAGO,PROVIDENCIA,CASA CENTRAL,80,0
2025,1,2025|I1S1C251J4V3,No Presencial,A Distancia,Plan Regular de Continuidad,Metropolitana,SANTIAGO,PROVIDENCIA,CASA CENTRAL,96,0
2025,1,2025|I1S1C252J4V1,No Presencial,A Distancia,Plan Regular de Continuidad,Metropolitana,SANTIAGO,PROVIDENCIA,CASA CENTRAL,175,0
2025,1,2025|I1S1C26J4V2,No Presencial,A Distancia,Plan Regular de Continuidad,Metropolitana,SANTIAGO,PROVIDENCIA,CASA CENTRAL,146,0
2025,1,2025|I1S1C26J4V5,No Presencial,A Distancia,Plan Regular de Continuidad,Metropolitana,SANTIAGO,PROVIDENCIA,CASA CENTRAL,80,0
2025,1,2025|I1S1C289J4V1,No Presencial,A Distancia,Plan Regular,Metropolitana,SANTIAGO,PROVIDENCIA,CASA CENTRAL,49,10
2025,1,2025|I1S1C7J4V3,No Presencial,A Distancia,Plan Regular de Continuidad,Metropolitana,SANTIAGO,PROVIDENCIA,CASA CENTRAL,64,0
2025,1,2025|I1S1C7J4V4,No Presencial,A Distancia,Plan Regular de Continuidad,Metropolitana,SANTIAGO,PROVIDENCIA,CASA CENTRAL,83,0
2025,1,2025|I1S1C9J4V1,No Presencial,A Distancia,Plan Regular,Metropolitana,SANTIAGO,PROVIDENCIA,CASA CENTRAL,53,5
2025,4,2025|I4S1C2J4V2,No Presencial,A Distancia,Plan Regular de Continuidad,Metropolitana,SANTIAGO,SANTIAGO,SANTIAGO,138,0
2025,4,2025|I4S1C2J4V3,No Presencial,A Distancia,Plan Regular de Continuidad,Metropolitana,SANTIAGO,SANTIAGO,SANTIAGO,153,0
2025,4,2025|I4S1C3J4V2,No Presencial,A Distancia,Plan Regular de Continuidad,Metropolitana,SANTIAGO,SANTIAGO,SANTIAGO,30,0
2025,4,2025|I4S1C3J4V3,No Presencial,A Distancia,Plan Regular,Metropolitana,SANTIAGO,SANTIAGO,SANTIAGO,26,0
2025,4,2025|I4S1C3J4V4,No Presencial,A Distancia,Plan Regular de Continuidad,Metropolitana,SANTIAGO,SANTIAGO,SANTIAGO,18,0
2025,4,2025|I4S1C3J4V5,No Presencial,A Distancia,Plan Regular de Continuidad,Metropolitana,SANTIAGO,SANTIAGO,SANTIAGO,90,0
2025,4,2025|I4S1C54J4V3,No Presencial,A Distancia,Plan Regular de Continuidad,Metropolitana,SANTIAGO,SANTIAGO,SANTIAGO,168,0
2025,4,2025|I4S1C54J4V4,No Presencial,A Distancia,Plan Regular de Continuidad,Metropolitana,SANTIAGO,SANTIAGO,SANTIAGO,489,0
2025,4,2025|I4S1C5J4V1,No Presencial,A Distancia,Plan Regular,Metropolitana,SANTIAGO,SANTIAGO,SANTIAGO,46,15
2025,4,2025|I4S1C5J4V2,No Presencial,A Distancia,Plan Regular de Continuidad,Metropolitana,SANTIAGO,SANTIAGO,SANTIAGO,90,0
2025,4,2025|I4S1C5J4V4,No Presencial,A Distancia,Plan Regular de Continuidad,Metropolitana,SANTIAGO,SANTIAGO,SANTIAGO,101,0
2025,4,2025|I4S1C5J4V6,No Presencial,A Distancia,Plan Regular de Continuidad,Metropolitana,SANTIAGO,SANTIAGO,SANTIAGO,1,0
2025,4,2025|I4S1C648J3V2,Semipresencial,Semipresencial,Plan Regular de Continuidad,Metropolitana,SANTIAGO,SANTIAGO,SANTIAGO,129,0
2025,4,2025|I4S1C857J4V1,No Presencial,A Distancia,Plan Regular,Metropolitana,SANTIAGO,SANTIAGO,SANTIAGO,13,0
2025,4,2025|I4S1C875J4V4,No Presencial,A Distancia,Plan Regular de Continuidad,Metropolitana,SANTIAGO,SANTIAGO,SANTIAGO,100,0
2025,4,2025|I4S1C875J4V6,No Presencial,A Distancia,Plan Regular de Continuidad,Metropolitana,SANTIAGO,SANTIAGO,SANTIAGO,56,0
2025,4,2025|I4S1C983J4V1,No Presencial,A Distancia,Plan Regular de Continuidad,Metropolitana,SANTIAGO,SANTIAGO,SANTIAGO,109,0
2025,4,2025|I4S1C983J4V2,No Presencial,A Distancia,Plan Regular de Continuidad,Metropolitana,SANTIAGO,SANTIAGO,SANTIAGO,20,0
2025,9,2025|I9S1C357J4V1,No Presencial,A Distancia,Plan Especial,Metropolitana,SANTIAGO,PROVIDENCIA,CASA CENTRAL (SANTIAGO - PROVIDENCIA),116,23
2025,9,2025|I9S1C359J4V1,No Presencial,A Distancia,Plan Especial,Metropolitana,SANTIAGO,PROVIDENCIA,CASA CENTRAL (SANTIAGO - PROVIDENCIA),140,37
2025,9,2025|I9S1C360J4V1,No Presencial,A Distancia,Plan Especial,Metropolitana,SANTIAGO,PROVIDENCIA,CASA CENTRAL (SANTIAGO - PROVIDENCIA),426,115
2025,9,2025|I9S1C7J4V2,No Presencial,A Distancia,Plan Especial,Metropolitana,SANTIAGO,PROVIDENCIA,CASA CENTRAL (SANTIAGO - PROVIDENCIA),885,244
2025,10,2025|I10S12C31J3V1,Semipresencial,Semipresencial,Plan Regular,Metropolitana,SANTIAGO,SANTIAGO,SEDE ORIENTE,226,72
2025,10,2025|I10S7C156J4V1,No Presencial,A Distancia,Plan Regular de Continuidad,Metropolitana,SANTIAGO,PROVIDENCIA,SEDE MANUEL MONTT,213,0
2025,10,2025|I10S7C156J4V3,No Presencial,A Distancia,Plan Regular de Continuidad,Metropolitana,SANTIAGO,PROVIDENCIA,SEDE MANUEL MONTT,85,0
2025,10,2025|I10S7C156J4V4,No Presencial,A Distancia,Plan Regular de Continuidad,Metropolitana,SANTIAGO,PROVIDENCIA,SEDE MANUEL MONTT,73,0
2025,10,2025|I10S7C16J4V2,No Presencial,A Distancia,Plan Regular,Metropolitana,SANTIAGO,PROVIDENCIA,SEDE MANUEL MONTT,200,44
2025,10,2025|I10S7C16J4V3,No Presencial,A Distancia,Plan Regular de Continuidad,Metropolitana,SANTIAGO,PROVIDENCIA,SEDE MANUEL MONTT,117,0
2025,10,2025|I10S7C16J4V4,No Presencial,A Distancia,Plan Regular de Continuidad,Metropolitana,SANTIAGO,PROVIDENCIA,SEDE MANUEL MONTT,38,0
2025,10,2025|I10S7C178J4V3,No Presencial,A Distancia,Plan Regular de Continuidad,Metropolitana,SANTIAGO,PROVIDENCIA,SEDE MANUEL MONTT,9,0
2025,10,2025|I10S7C285J4V2,No Presencial,A Distancia,Plan Regular,Metropolitana,SANTIAGO,PROVIDENCIA,SEDE MANUEL MONTT,351,85
2025,10,2025|I10S7C286J4V3,No Presencial,A Distancia,Plan Regular,Metropolitana,SANTIAGO,PROVIDENCIA,SEDE MANUEL MONTT,368,107
2025,10,2025|I10S7C287J4V1,No Presencial,A Distancia,Plan Regular de Continuidad,Metropolitana,SANTIAGO,PROVIDENCIA,SEDE MANUEL MONTT,271,0
2025,10,2025|I10S7C289J3V1,Semipresencial,Semipresencial,Plan Regular,Metropolitana,SANTIAGO,PROVIDENCIA,SEDE MANUEL MONTT,29,0
2025,10,2025|I10S7C289J3V2,Semipresencial,Semipresencial,Plan Regular de Continuidad,Metropolitana,SANTIAGO,PROVIDENCIA,SEDE MANUEL MONTT,1,0
2025,10,2025|I10S7C289J4V1,No Presencial,A Distancia,Plan Regular,Metropolitana,SANTIAGO,PROVIDENCIA,SEDE MANUEL MONTT,199,52
2025,10,2025|I10S7C289J4V2,No Presencial,A Distancia,Plan Regular de Continuidad,Metropolitana,SANTIAGO,PROVIDENCIA,SEDE MANUEL MONTT,231,0
2025,10,2025|I10S7C375J4V2,No Presencial,A Distancia,Plan Regular,Metropolitana,SANTIAGO,PROVIDENCIA,SEDE MANUEL MONTT,66,27
2025,10,2025|I10S7C376J3V1,Semipresencial,Semipresencial,Plan Regular,Metropolitana,SANTIAGO,PROVIDENCIA,SEDE MANUEL MONTT,1,0
2025,10,2025|I10S7C380J4V2,No Presencial,A Distancia,Plan Regular de Continuidad,Metropolitana,SANTIAGO,PROVIDENCIA,SEDE MANUEL MONTT,402,0
2025,10,2025|I10S7C380J4V3,No Presencial,A Distancia,Plan Regular,Metropolitana,SANTIAGO,PROVIDENCIA,SEDE MANUEL MONTT,53,0
2025,10,2025|I10S7C380J4V5,No Presencial,A Distancia,Plan Regular,Metropolitana,SANTIAGO,PROVIDENCIA,SEDE MANUEL MONTT,43,27
2025,10,2025|I10S7C501J4V1,No Presencial,A Distancia,Plan Regular,Metropolitana,SANTIAGO,PROVIDENCIA,SEDE MANUEL MONTT,104,34
2025,10,2025|I10S7C501J4V2,No Presencial,A Distancia,Plan Regular de Continuidad,Metropolitana,SANTIAGO,PROVIDENCIA,SEDE MANUEL MONTT,123,0
2025,10,2025|I10S7C603J4V1,No Presencial,A Distancia,Plan Regular de Continuidad,Metropolitana,SANTIAGO,PROVIDENCIA,SEDE MANUEL MONTT,171,0
2025,10,2025|I10S7C603J4V2,No Presencial,A Distancia,Plan Regular de Continuidad,Metropolitana,SANTIAGO,PROVIDENCIA,SEDE MANUEL MONTT,50,0
2025,10,2025|I10S7C766J4V2,No Presencial,A Distancia,Plan Regular de Continuidad,Metropolitana,SANTIAGO,PROVIDENCIA,SEDE MANUEL MONTT,183,0
2025,10,2025|I10S7C799J4V1,No Presencial,A Distancia,Plan Regular,Metropolitana,SANTIAGO,PROVIDENCIA,SEDE MANUEL MONTT,231,100
2025,10,2025|I10S7C800J4V1,No Presencial,A Distancia,Plan Regular,Metropolitana,SANTIAGO,PROVIDENCIA,SEDE MANUEL MONTT,124,61
2025,10,2025|I10S7C801J4V1,No Presencial,A Distancia,Plan Regular,Metropolitana,SANTIAGO,PROVIDENCIA,SEDE MANUEL MONTT,186,100
2025,10,2025|I10S7C802J4V1,No Presencial,A Distancia,Plan Regular,Metropolitana,SANTIAGO,PROVIDENCIA,SEDE MANUEL MONTT,114,53
2025,10,2025|I10S7C803J4V1,No Presencial,A Distancia,Plan Regular,Metropolitana,SANTIAGO,PROVIDENCIA,SEDE MANUEL MONTT,1,0
2025,10,2025|I10S7C833J4V1,No Presencial,A Distancia,Plan Regular,Metropolitana,SANTIAGO,PROVIDENCIA,SEDE MANUEL MONTT,58,0
2025,10,2025|I10S7C834J4V1,No Presencial,A Distancia,Plan Regular,Metropolitana,SANTIAGO,PROVIDENCIA,SEDE MANUEL MONTT,64,38
2025,10,2025|I10S7C859J4V1,No Presencial,A Distancia,Plan Regular,Metropolitana,SANTIAGO,PROVIDENCIA,SEDE MANUEL MONTT,72,34
2025,10,2025|I10S7C860J4V1,No Presencial,A Distancia,Plan Regular,Metropolitana,SANTIAGO,PROVIDENCIA,SEDE MANUEL MONTT,159,88
2025,10,2025|I10S7C862J4V1,No Presencial,A Distancia,Plan Regular,Metropolitana,SANTIAGO,PROVIDENCIA,SEDE MANUEL MONTT,179,87
2025,10,2025|I10S7C930J3V1,Semipresencial,Semipresencial,Plan Regular,Metropolitana,SANTIAGO,PROVIDENCIA,SEDE MANUEL MONTT,30,28
2025,10,2025|I10S7C931J3V1,Semipresencial,Semipresencial,Plan Regular,Metropolitana,SANTIAGO,PROVIDENCIA,SEDE MANUEL MONTT,12,12
2025,10,2025|I10S7C932J3V1,Semipresencial,Semipresencial,Plan Regular,Metropolitana,SANTIAGO,PROVIDENCIA,SEDE MANUEL MONTT,25,21
2025,10,2025|I10S7C933J3V1,Semipresencial,Semipresencial,Plan Regular,Metropolitana,SANTIAGO,PROVIDENCIA,SEDE MANUEL MONTT,13,13
2025,10,2025|I10S7C939J4V1,No Presencial,A Distancia,Plan Regular,Metropolitana,SANTIAGO,PROVIDENCIA,SEDE MANUEL MONTT,17,17
2025,10,2025|I10S7C940J4V1,No Presencial,A Distancia,Plan Regular,Metropolitana,SANTIAGO,PROVIDENCIA,SEDE MANUEL MONTT,25,25
2025,10,2025|I10S7C941J4V1,No Presencial,A Distancia,Plan Regular,Metropolitana,SANTIAGO,PROVIDENCIA,SEDE MANUEL MONTT,40,39
2025,10,2025|I10S7C942J4V1,No Presencial,A Distancia,Plan Regular,Metropolitana,SANTIAGO,PROVIDENCIA,SEDE MANUEL MONTT,39,39
2025,10,2025|I10S7C944J4V1,No Presencial,A Distancia,Plan Regular,Metropolitana,SANTIAGO,PROVIDENCIA,SEDE MANUEL MONTT,37,37
2025,10,2025|I10S7C945J4V1,No Presencial,A Distancia,Plan Regular,Metropolitana,SANTIAGO,PROVIDENCIA,SEDE MANUEL MONTT,66,66
2025,10,2025|I10S7C946J4V1,No Presencial,A Distancia,Plan Regular,Metropolitana,SANTIAGO,PROVIDENCIA,SEDE MANUEL MONTT,25,25
2025,11,2025|I11S1C280J3V1,Semipresencial,Semipresencial,Plan Especial,Metropolitana,SANTIAGO,PROVIDENCIA,CASA CENTRAL (CONDELL),16,16
2025,13,2025|I13S10C384J3V2,Semipresencial,Semipresencial,Plan Regular de Continuidad,La Araucanía,CAUTIN,TEMUCO,SEDE TEMUCO,44,0
2025,13,2025|I13S11C384J3V2,Semipresencial,Semipresencial,Plan Regular de Continuidad,Los Lagos,LLANQUIHUE,PUERTO MONTT,SEDE PUERTO MONTT,67,0
2025,13,2025|I13S16C384J3V2,Semipresencial,Semipresencial,Plan Regular de Continuidad,Biobío,CONCEPCION,CONCEPCION,SEDE CONCEPCION,32,0
2025,13,2025|I13S17C384J3V2,Semipresencial,Semipresencial,Plan Regular de Continuidad,Los Ríos,VALDIVIA,VALDIVIA,SEDE VALDIVIA,30,0
2025,13,2025|I13S1C384J3V2,Semipresencial,Semipresencial,Plan Regular de Continuidad,Metropolitana,SANTIAGO,SANTIAGO,CASA CENTRAL (SANTIAGO),39,0
2025,13,2025|I13S1C464J3V1,Semipresencial,Semipresencial,Plan Regular de Continuidad,Metropolitana,SANTIAGO,SANTIAGO,CASA CENTRAL (SANTIAGO),22,0
2025,13,2025|I13S1C479J3V1,Semipresencial,Semipresencial,Plan Regular de Continuidad,Metropolitana,SANTIAGO,SANTIAGO,CASA CENTRAL (SANTIAGO),34,0
2025,13,2025|I13S2C384J3V2,Semipresencial,Semipresencial,Plan Regular de Continuidad,Arica y Parinacota,ARICA,ARICA,SEDE ARICA,19,0
2025,13,2025|I13S3C384J3V2,Semipresencial,Semipresencial,Plan Regular de Continuidad,Tarapacá,IQUIQUE,IQUIQUE,SEDE IQUIQUE,44,0
2025,13,2025|I13S4C408J3V2,Semipresencial,Semipresencial,Plan Regular de Continuidad,Antofagasta,ANTOFAGASTA,ANTOFAGASTA,SEDE ANTOFAGASTA,61,0
2025,13,2025|I13S5C384J3V2,Semipresencial,Semipresencial,Plan Regular de Continuidad,Coquimbo,ELQUI,LA SERENA,SEDE LA SERENA,25,0
2025,13,2025|I13S5C464J3V1,Semipresencial,Semipresencial,Plan Regular de Continuidad,Coquimbo,ELQUI,LA SERENA,SEDE LA SERENA,15,0
2025,13,2025|I13S6C384J3V2,Semipresencial,Semipresencial,Plan Regular de Continuidad,Valparaíso,VALPARAISO,VIÑA DEL MAR,SEDE VIÑA DEL MAR,18,0
2025,13,2025|I13S7C384J3V2,Semipresencial,Semipresencial,Plan Regular de Continuidad,Maule,TALCA,TALCA,SEDE TALCA,40,0
2025,13,2025|I13S7C464J3V1,Semipresencial,Semipresencial,Plan Regular de Continuidad,Maule,TALCA,TALCA,SEDE TALCA,25,0
2025,13,2025|I13S7C479J3V1,Semipresencial,Semipresencial,Plan Regular de Continuidad,Maule,TALCA,TALCA,SEDE TALCA,34,0
2025,13,2025|I13S9C384J3V2,Semipresencial,Semipresencial,Plan Regular de Continuidad,Biobío,BIOBIO,LOS ANGELES,SEDE LOS ANGELES,25,0
2025,17,2025|I17S2C101J4V2,No Presencial,A Distancia,Plan Regular,Metropolitana,SANTIAGO,PROVIDENCIA,SEDE PROVIDENCIA,45,9
2025,17,2025|I17S2C101J4V3,No Presencial,A Distancia,Plan Regular de Continuidad,Metropolitana,SANTIAGO,PROVIDENCIA,SEDE PROVIDENCIA,25,0
2025,17,2025|I17S2C101J4V4,No Presencial,A Distancia,Plan Regular de Continuidad,Metropolitana,SANTIAGO,PROVIDENCIA,SEDE PROVIDENCIA,85,0
2025,17,2025|I17S2C101J5V2,Semipresencial,Otra,Plan Regular,Metropolitana,SANTIAGO,PROVIDENCIA,SEDE PROVIDENCIA,4,0
2025,17,2025|I17S2C115J3V1,Semipresencial,Semipresencial,Plan Regular,Metropolitana,SANTIAGO,PROVIDENCIA,SEDE PROVIDENCIA,3,0
2025,17,2025|I17S2C151J3V1,Semipresencial,Semipresencial,Plan Regular,Metropolitana,SANTIAGO,PROVIDENCIA,SEDE PROVIDENCIA,51,13
2025,17,2025|I17S2C180J4V1,No Presencial,A Distancia,Plan Regular,Metropolitana,SANTIAGO,PROVIDENCIA,SEDE PROVIDENCIA,11,0
2025,17,2025|I17S2C180J4V2,No Presencial,A Distancia,Plan Especial,Metropolitana,SANTIAGO,PROVIDENCIA,SEDE PROVIDENCIA,84,0
2025,17,2025|I17S2C182J4V2,No Presencial,A Distancia,Plan Especial,Metropolitana,SANTIAGO,PROVIDENCIA,SEDE PROVIDENCIA,68,37
2025,17,2025|I17S2C227J4V1,No Presencial,A Distancia,Plan Regular,Metropolitana,SANTIAGO,PROVIDENCIA,SEDE PROVIDENCIA,15,0
2025,17,2025|I17S2C227J4V4,No Presencial,A Distancia,Plan Regular de Continuidad,Metropolitana,SANTIAGO,PROVIDENCIA,SEDE PROVIDENCIA,1,0
2025,17,2025|I17S2C23J3V1,Semipresencial,Semipresencial,Plan Regular,Metropolitana,SANTIAGO,PROVIDENCIA,SEDE PROVIDENCIA,22,0
2025,17,2025|I17S2C23J3V2,Semipresencial,Semipresencial,Plan Regular de Continuidad,Metropolitana,SANTIAGO,PROVIDENCIA,SEDE PROVIDENCIA,21,0
2025,17,2025|I17S2C23J4V1,No Presencial,A Distancia,Plan Regular,Metropolitana,SANTIAGO,PROVIDENCIA,SEDE PROVIDENCIA,96,48
2025,17,2025|I17S2C23J4V2,No Presencial,A Distancia,Plan Regular de Continuidad,Metropolitana,SANTIAGO,PROVIDENCIA,SEDE PROVIDENCIA,454,0
2025,17,2025|I17S2C251J1V1,Semipresencial,Diurna,Plan Regular,Metropolitana,SANTIAGO,PROVIDENCIA,SEDE PROVIDENCIA,10,0
2025,17,2025|I17S2C251J2V1,Semipresencial,Vespertina,Plan Regular,Metropolitana,SANTIAGO,PROVIDENCIA,SEDE PROVIDENCIA,18,0
2025,17,2025|I17S2C298J4V1,No Presencial,A Distancia,Plan Regular,Metropolitana,SANTIAGO,PROVIDENCIA,SEDE PROVIDENCIA,24,0
2025,17,2025|I17S2C298J4V2,No Presencial,A Distancia,Plan Regular de Continuidad,Metropolitana,SANTIAGO,PROVIDENCIA,SEDE PROVIDENCIA,11,0
2025,17,2025|I17S2C298J4V3,No Presencial,A Distancia,Plan Regular de Continuidad,Metropolitana,SANTIAGO,PROVIDENCIA,SEDE PROVIDENCIA,25,0
2025,17,2025|I17S2C298J5V1,Semipresencial,Otra,Plan Regular,Metropolitana,SANTIAGO,PROVIDENCIA,SEDE PROVIDENCIA,3,0
2025,17,2025|I17S2C306J4V1,No Presencial,A Distancia,Plan Especial,Metropolitana,SANTIAGO,PROVIDENCIA,SEDE PROVIDENCIA,23,0
2025,17,2025|I17S2C329J4V1,No Presencial,A Distancia,Plan Regular,Metropolitana,SANTIAGO,PROVIDENCIA,SEDE PROVIDENCIA,15,0
2025,17,2025|I17S2C334J4V1,No Presencial,A Distancia,Plan Regular,Metropolitana,SANTIAGO,PROVIDENCIA,SEDE PROVIDENCIA,110,39
2025,17,2025|I17S2C38J4V1,No Presencial,A Distancia,Plan Regular,Metropolitana,SANTIAGO,PROVIDENCIA,SEDE PROVIDENCIA,3,0
2025,17,2025|I17S2C38J4V3,No Presencial,A Distancia,Plan Regular de Continuidad,Metropolitana,SANTIAGO,PROVIDENCIA,SEDE PROVIDENCIA,253,0
2025,17,2025|I17S2C38J4V4,No Presencial,A Distancia,Plan Regular de Continuidad,Metropolitana,SANTIAGO,PROVIDENCIA,SEDE PROVIDENCIA,24,0
2025,17,2025|I17S2C57J3V1,Semipresencial,Semipresencial,Plan Regular,Metropolitana,SANTIAGO,PROVIDENCIA,SEDE PROVIDENCIA,351,111
2025,17,2025|I17S2C58J3V1,Semipresencial,Semipresencial,Plan Regular,Metropolitana,SANTIAGO,PROVIDENCIA,SEDE PROVIDENCIA,16,0
2025,19,2025|I19S1C10J4V1,No Presencial,A Distancia,Plan Regular,Metropolitana,SANTIAGO,PROVIDENCIA,CAMPUS PROVIDENCIA,241,45
2025,19,2025|I19S1C10J4V2,No Presencial,A Distancia,Plan Regular de Continuidad,Metropolitana,SANTIAGO,PROVIDENCIA,CAMPUS PROVIDENCIA,241,0
2025,19,2025|I19S1C129J4V1,No Presencial,A Distancia,Plan Regular,Metropolitana,SANTIAGO,PROVIDENCIA,CAMPUS PROVIDENCIA,248,72
2025,19,2025|I19S1C129J4V2,No Presencial,A Distancia,Plan Regular de Continuidad,Metropolitana,SANTIAGO,PROVIDENCIA,CAMPUS PROVIDENCIA,86,0
2025,19,2025|I19S1C12J4V1,No Presencial,A Distancia,Plan Regular,Metropolitana,SANTIAGO,PROVIDENCIA,CAMPUS PROVIDENCIA,139,34
2025,19,2025|I19S1C12J4V3,No Presencial,A Distancia,Plan Regular de Continuidad,Metropolitana,SANTIAGO,PROVIDENCIA,CAMPUS PROVIDENCIA,37,0
2025,19,2025|I19S1C132J4V1,No Presencial,A Distancia,Plan Regular,Metropolitana,SANTIAGO,PROVIDENCIA,CAMPUS PROVIDENCIA,332,69
2025,19,2025|I19S1C132J4V2,No Presencial,A Distancia,Plan Regular de Continuidad,Metropolitana,SANTIAGO,PROVIDENCIA,CAMPUS PROVIDENCIA,76,0
2025,19,2025|I19S1C132J4V3,No Presencial,A Distancia,Plan Regular de Continuidad,Metropolitana,SANTIAGO,PROVIDENCIA,CAMPUS PROVIDENCIA,20,0
2025,19,2025|I19S1C132J4V4,No Presencial,A Distancia,Plan Regular de Continuidad,Metropolitana,SANTIAGO,PROVIDENCIA,CAMPUS PROVIDENCIA,9,0
2025,19,2025|I19S1C138J4V1,No Presencial,A Distancia,Plan Regular,Metropolitana,SANTIAGO,PROVIDENCIA,CAMPUS PROVIDENCIA,369,0
2025,19,2025|I19S1C138J4V2,No Presencial,A Distancia,Plan Regular de Continuidad,Metropolitana,SANTIAGO,PROVIDENCIA,CAMPUS PROVIDENCIA,305,0
2025,19,2025|I19S1C138J4V3,No Presencial,A Distancia,Plan Regular,Metropolitana,SANTIAGO,PROVIDENCIA,CAMPUS PROVIDENCIA,106,106
2025,19,2025|I19S1C138J4V4,No Presencial,A Distancia,Plan Regular de Continuidad,Metropolitana,SANTIAGO,PROVIDENCIA,CAMPUS PROVIDENCIA,170,0
2025,19,2025|I19S1C1J3V3,Semipresencial,Semipresencial,Plan Regular de Continuidad,Metropolitana,SANTIAGO,PROVIDENCIA,CAMPUS PROVIDENCIA,23,0
2025,19,2025|I19S1C226J4V1,No Presencial,A Distancia,Plan Regular,Metropolitana,SANTIAGO,PROVIDENCIA,CAMPUS PROVIDENCIA,587,275
2025,19,2025|I19S1C228J3V1,Semipresencial,Semipresencial,Plan Regular,Metropolitana,SANTIAGO,PROVIDENCIA,CAMPUS PROVIDENCIA,103,49
2025,19,2025|I19S1C229J3V1,Semipresencial,Semipresencial,Plan Regular,Metropolitana,SANTIAGO,PROVIDENCIA,CAMPUS PROVIDENCIA,42,18
2025,19,2025|I19S1C325J3V1,Semipresencial,Semipresencial,Plan Regular,Metropolitana,SANTIAGO,PROVIDENCIA,CAMPUS PROVIDENCIA,203,108
2025,19,2025|I19S1C334J4V2,No Presencial,A Distancia,Plan Regular de Continuidad,Metropolitana,SANTIAGO,PROVIDENCIA,CAMPUS PROVIDENCIA,1891,0
2025,19,2025|I19S1C334J4V3,No Presencial,A Distancia,Plan Regular de Continuidad,Metropolitana,SANTIAGO,PROVIDENCIA,CAMPUS PROVIDENCIA,35,0
2025,19,2025|I19S1C453J4V2,No Presencial,A Distancia,Plan Regular de Continuidad,Metropolitana,SANTIAGO,PROVIDENCIA,CAMPUS PROVIDENCIA,42,0
2025,19,2025|I19S1C492J4V1,No Presencial,A Distancia,Plan Regular,Metropolitana,SANTIAGO,PROVIDENCIA,CAMPUS PROVIDENCIA,140,29
2025,19,2025|I19S1C512J3V1,Semipresencial,Semipresencial,Plan Regular,Metropolitana,SANTIAGO,PROVIDENCIA,CAMPUS PROVIDENCIA,66,29
2025,19,2025|I19S1C55J4V1,No Presencial,A Distancia,Plan Regular,Metropolitana,SANTIAGO,PROVIDENCIA,CAMPUS PROVIDENCIA,81,29
2025,19,2025|I19S1C8J4V1,No Presencial,A Distancia,Plan Regular,Metropolitana,SANTIAGO,PROVIDENCIA,CAMPUS PROVIDENCIA,119,36
2025,19,2025|I19S1C9J3V2,Semipresencial,Semipresencial,Plan Regular,Metropolitana,SANTIAGO,PROVIDENCIA,CAMPUS PROVIDENCIA,79,21
2025,19,2025|I19S2C154J3V1,Semipresencial,Semipresencial,Plan Regular,Metropolitana,SANTIAGO,LA FLORIDA,CAMPUS LA FLORIDA,27,26
2025,19,2025|I19S2C9J3V2,Semipresencial,Semipresencial,Plan Regular,Metropolitana,SANTIAGO,LA FLORIDA,CAMPUS LA FLORIDA,93,27
2025,19,2025|I19S3C154J3V1,Semipresencial,Semipresencial,Plan Regular,Metropolitana,SANTIAGO,MAIPU,CAMPUS MAIPU,23,22
2025,19,2025|I19S3C9J3V2,Semipresencial,Semipresencial,Plan Regular,Metropolitana,SANTIAGO,MAIPU,CAMPUS MAIPU,53,16
2025,19,2025|I19S4C104J3V1,Semipresencial,Semipresencial,Plan Regular,Metropolitana,SANTIAGO,SANTIAGO,CAMPUS SANTIAGO CENTRO,73,17
2025,19,2025|I19S4C148J3V1,Semipresencial,Semipresencial,Plan Regular,Metropolitana,SANTIAGO,SANTIAGO,CAMPUS SANTIAGO CENTRO,89,49
2025,19,2025|I19S4C154J3V1,Semipresencial,Semipresencial,Plan Regular,Metropolitana,SANTIAGO,SANTIAGO,CAMPUS SANTIAGO CENTRO,58,57
2025,19,2025|I19S4C226J3V1,Semipresencial,Semipresencial,Plan Regular,Metropolitana,SANTIAGO,SANTIAGO,CAMPUS SANTIAGO CENTRO,35,23
2025,19,2025|I19S4C226J3V2,Semipresencial,Semipresencial,Plan Regular,Metropolitana,SANTIAGO,SANTIAGO,CAMPUS SANTIAGO CENTRO,49,19
2025,19,2025|I19S4C325J3V1,Semipresencial,Semipresencial,Plan Regular,Metropolitana,SANTIAGO,SANTIAGO,CAMPUS SANTIAGO CENTRO,209,109
2025,19,2025|I19S4C344J4V2,No Presencial,A Distancia,Plan Regular de Continuidad,Metropolitana,SANTIAGO,SANTIAGO,CAMPUS SANTIAGO CENTRO,103,0
2025,19,2025|I19S4C37J3V1,Semipresencial,Semipresencial,Plan Regular,Metropolitana,SANTIAGO,SANTIAGO,CAMPUS SANTIAGO CENTRO,289,68
2025,19,2025|I19S4C9J3V2,Semipresencial,Semipresencial,Plan Regular,Metropolitana,SANTIAGO,SANTIAGO,CAMPUS SANTIAGO CENTRO,89,24
2025,19,2025|I19S5C325J3V1,Semipresencial,Semipresencial,Plan Regular,Biobío,CONCEPCION,CONCEPCION,SEDE CONCEPCION,58,37
2025,19,2025|I19S5C37J3V1,Semipresencial,Semipresencial,Plan Regular,Biobío,CONCEPCION,CONCEPCION,SEDE CONCEPCION,100,20
2025,19,2025|I19S5C9J3V2,Semipresencial,Semipresencial,Plan Regular,Biobío,CONCEPCION,CONCEPCION,SEDE CONCEPCION,177,31
2025,19,2025|I19S6C148J3V1,Semipresencial,Semipresencial,Plan Regular,Valparaíso,VALPARAISO,VIÑA DEL MAR,SEDE VIÑA DEL MAR,29,10
2025,19,2025|I19S6C228J3V1,Semipresencial,Semipresencial,Plan Regular,Valparaíso,VALPARAISO,VIÑA DEL MAR,SEDE VIÑA DEL MAR,40,17
2025,19,2025|I19S6C37J3V1,Semipresencial,Semipresencial,Plan Regular,Valparaíso,VALPARAISO,VIÑA DEL MAR,SEDE VIÑA DEL MAR,99,16
2025,19,2025|I19S6C9J3V2,Semipresencial,Semipresencial,Plan Regular,Valparaíso,VALPARAISO,VIÑA DEL MAR,SEDE VIÑA DEL MAR,134,34
2025,19,2025|I19S9C325J3V1,Semipresencial,Semipresencial,Plan Regular,Metropolitana,MELIPILLA,MELIPILLA,CAMPUS MELIPILLA,99,56
2025,19,2025|I19S9C37J3V1,Semipresencial,Semipresencial,Plan Regular,Metropolitana,MELIPILLA,MELIPILLA,CAMPUS MELIPILLA,52,19
2025,19,2025|I19S9C512J3V1,Semipresencial,Semipresencial,Plan Regular,Metropolitana,MELIPILLA,MELIPILLA,CAMPUS MELIPILLA,125,55
2025,20,2025|I20S1C115J4V1,No Presencial,A Distancia,Plan Regular,Metropolitana,SANTIAGO,SANTIAGO,CASA CENTRAL (SANTIAGO),133,101
2025,20,2025|I20S1C115J4V3,No Presencial,A Distancia,Plan Regular de Continuidad,Metropolitana,SANTIAGO,SANTIAGO,CASA CENTRAL (SANTIAGO),2503,0
2025,20,2025|I20S1C116J4V2,No Presencial,A Distancia,Plan Regular de Continuidad,Metropolitana,SANTIAGO,SANTIAGO,CASA CENTRAL (SANTIAGO),185,0
2025,20,2025|I20S1C12J4V4,No Presencial,A Distancia,Plan Regular de Continuidad,Metropolitana,SANTIAGO,SANTIAGO,CASA CENTRAL (SANTIAGO),945,0
2025,20,2025|I20S1C1J4V4,No Presencial,A Distancia,Plan Regular de Continuidad,Metropolitana,SANTIAGO,SANTIAGO,CASA CENTRAL (SANTIAGO),1029,0
2025,20,2025|I20S1C3J4V4,No Presencial,A Distancia,Plan Regular de Continuidad,Metropolitana,SANTIAGO,SANTIAGO,CASA CENTRAL (SANTIAGO),439,0
2025,20,2025|I20S1C495J4V1,No Presencial,A Distancia,Plan Regular de Continuidad,Metropolitana,SANTIAGO,SANTIAGO,CASA CENTRAL (SANTIAGO),272,0
2025,20,2025|I20S1C539J4V1,No Presencial,A Distancia,Plan Regular de Continuidad,Metropolitana,SANTIAGO,SANTIAGO,CASA CENTRAL (SANTIAGO),272,0
2025,20,2025|I20S1C555J3V2,Semipresencial,Semipresencial,Plan Regular de Continuidad,Metropolitana,SANTIAGO,SANTIAGO,CASA CENTRAL (SANTIAGO),33,0
2025,20,2025|I20S1C555J4V2,No Presencial,A Distancia,Plan Regular de Continuidad,Metropolitana,SANTIAGO,SANTIAGO,CASA CENTRAL (SANTIAGO),43,0
2025,20,2025|I20S1C661J4V1,No Presencial,A Distancia,Plan Regular de Continuidad,Metropolitana,SANTIAGO,SANTIAGO,CASA CENTRAL (SANTIAGO),227,0
2025,20,2025|I20S1C662J4V2,No Presencial,A Distancia,Plan Regular de Continuidad,Metropolitana,SANTIAGO,SANTIAGO,CASA CENTRAL (SANTIAGO),26,0
2025,20,2025|I20S1C70J4V1,No Presencial,A Distancia,Plan Regular,Metropolitana,SANTIAGO,SANTIAGO,CASA CENTRAL (SANTIAGO),35,35
2025,20,2025|I20S1C70J4V2,No Presencial,A Distancia,Plan Regular de Continuidad,Metropolitana,SANTIAGO,SANTIAGO,CASA CENTRAL (SANTIAGO),528,0
2025,20,2025|I20S1C71J4V1,No Presencial,A Distancia,Plan Regular,Metropolitana,SANTIAGO,SANTIAGO,CASA CENTRAL (SANTIAGO),34,34
2025,20,2025|I20S1C71J4V4,No Presencial,A Distancia,Plan Regular de Continuidad,Metropolitana,SANTIAGO,SANTIAGO,CASA CENTRAL (SANTIAGO),1340,0
2025,20,2025|I20S1C7J3V3,Semipresencial,Semipresencial,Plan Regular de Continuidad,Metropolitana,SANTIAGO,SANTIAGO,CASA CENTRAL (SANTIAGO),524,0
2025,20,2025|I20S1C821J4V1,No Presencial,A Distancia,Plan Regular de Continuidad,Metropolitana,SANTIAGO,SANTIAGO,CASA CENTRAL (SANTIAGO),57,0
2025,20,2025|I20S1C82J4V2,No Presencial,A Distancia,Plan Regular de Continuidad,Metropolitana,SANTIAGO,SANTIAGO,CASA CENTRAL (SANTIAGO),76,0
2025,20,2025|I20S1C894J4V1,No Presencial,A Distancia,Plan Regular de Continuidad,Metropolitana,SANTIAGO,SANTIAGO,CASA CENTRAL (SANTIAGO),72,0
2025,20,2025|I20S1C8J4V2,No Presencial,A Distancia,Plan Regular de Continuidad,Metropolitana,SANTIAGO,SANTIAGO,CASA CENTRAL (SANTIAGO),89,0
2025,20,2025|I20S1C920J4V1,No Presencial,A Distancia,Plan Regular de Continuidad,Metropolitana,SANTIAGO,SANTIAGO,CASA CENTRAL (SANTIAGO),41,0
2025,20,2025|I20S1C921J4V1,No Presencial,A Distancia,Plan Regular de Continuidad,Metropolitana,SANTIAGO,SANTIAGO,CASA CENTRAL (SANTIAGO),66,0
2025,20,2025|I20S2C33J4V2,No Presencial,A Distancia,Plan Regular de Continuidad,Metropolitana,SANTIAGO,LAS CONDES,SEDE CASONA DE LAS CONDES,251,0
2025,20,2025|I20S3C115J3V2,Semipresencial,Semipresencial,Plan Regular de Continuidad,Valparaíso,VALPARAISO,VIÑA DEL MAR,SEDE VIÑA DEL MAR,3,0
2025,20,2025|I20S3C33J4V2,No Presencial,A Distancia,Plan Regular de Continuidad,Valparaíso,VALPARAISO,VIÑA DEL MAR,SEDE VIÑA DEL MAR,41,0
2025,20,2025|I20S3C555J3V2,Semipresencial,Semipresencial,Plan Regular de Continuidad,Valparaíso,VALPARAISO,VIÑA DEL MAR,SEDE VIÑA DEL MAR,21,0
2025,20,2025|I20S3C555J4V2,No Presencial,A Distancia,Plan Regular de Continuidad,Valparaíso,VALPARAISO,VIÑA DEL MAR,SEDE VIÑA DEL MAR,19,0
2025,20,2025|I20S3C7J3V3,Semipresencial,Semipresencial,Plan Regular de Continuidad,Valparaíso,VALPARAISO,VIÑA DEL MAR,SEDE VIÑA DEL MAR,386,0
2025,20,2025|I20S4C115J3V2,Semipresencial,Semipresencial,Plan Regular de Continuidad,Biobío,CONCEPCION,CONCEPCION,SEDE CONCEPCION,20,0
2025,20,2025|I20S4C555J4V2,No Presencial,A Distancia,Plan Regular de Continuidad,Biobío,CONCEPCION,CONCEPCION,SEDE CONCEPCION,22,0
2025,20,2025|I20S4C7J3V3,Semipresencial,Semipresencial,Plan Regular de Continuidad,Biobío,CONCEPCION,CONCEPCION,SEDE CONCEPCION,257,0
2025,22,2025|I22S1C108J3V2,Semipresencial,Semipresencial,Plan Regular,Valparaíso,VALPARAISO,VIÑA DEL MAR,CASA CENTRAL (VIÑA DEL MAR),32,17
2025,22,2025|I22S1C17J2V1,Semipresencial,Vespertina,Plan Regular de Continuidad,Valparaíso,VALPARAISO,VIÑA DEL MAR,CASA CENTRAL (VIÑA DEL MAR),625,0
2025,22,2025|I22S1C17J4V1,No Presencial,A Distancia,Plan Regular de Continuidad,Valparaíso,VALPARAISO,VIÑA DEL MAR,CASA CENTRAL (VIÑA DEL MAR),1283,0
2025,22,2025|I22S1C18J3V1,Semipresencial,Semipresencial,Plan Regular,Valparaíso,VALPARAISO,VIÑA DEL MAR,CASA CENTRAL (VIÑA DEL MAR),46,44
2025,22,2025|I22S1C1J2V3,Semipresencial,Vespertina,Plan Regular,Valparaíso,VALPARAISO,VIÑA DEL MAR,CASA CENTRAL (VIÑA DEL MAR),31,0
2025,22,2025|I22S1C1J2V4,Semipresencial,Vespertina,Plan Regular de Continuidad,Valparaíso,VALPARAISO,VIÑA DEL MAR,CASA CENTRAL (VIÑA DEL MAR),11,0
2025,22,2025|I22S1C1J2V5,Semipresencial,Vespertina,Plan Regular de Continuidad,Valparaíso,VALPARAISO,VIÑA DEL MAR,CASA CENTRAL (VIÑA DEL MAR),1,0
2025,22,2025|I22S1C1J4V1,No Presencial,A Distancia,Plan Regular,Valparaíso,VALPARAISO,VIÑA DEL MAR,CASA CENTRAL (VIÑA DEL MAR),41,23
2025,22,2025|I22S1C1J4V4,No Presencial,A Distancia,Plan Regular de Continuidad,Valparaíso,VALPARAISO,VIÑA DEL MAR,CASA CENTRAL (VIÑA DEL MAR),18,0
2025,22,2025|I22S1C1J4V5,No Presencial,A Distancia,Plan Regular de Continuidad,Valparaíso,VALPARAISO,VIÑA DEL MAR,CASA CENTRAL (VIÑA DEL MAR),19,0
2025,22,2025|I22S1C283J2V3,Semipresencial,Vespertina,Plan Regular,Valparaíso,VALPARAISO,VIÑA DEL MAR,CASA CENTRAL (VIÑA DEL MAR),28,2
2025,22,2025|I22S1C283J3V2,Semipresencial,Semipresencial,Plan Regular,Valparaíso,VALPARAISO,VIÑA DEL MAR,CASA CENTRAL (VIÑA DEL MAR),8,8
2025,22,2025|I22S1C286J2V3,Semipresencial,Vespertina,Plan Regular,Valparaíso,VALPARAISO,VIÑA DEL MAR,CASA CENTRAL (VIÑA DEL MAR),1,0
2025,22,2025|I22S1C288J2V2,Semipresencial,Vespertina,Plan Regular,Valparaíso,VALPARAISO,VIÑA DEL MAR,CASA CENTRAL (VIÑA DEL MAR),21,0
2025,22,2025|I22S1C299J4V1,No Presencial,A Distancia,Plan Regular,Valparaíso,VALPARAISO,VIÑA DEL MAR,CASA CENTRAL (VIÑA DEL MAR),60,21
2025,22,2025|I22S1C336J4V2,No Presencial,A Distancia,Plan Regular de Continuidad,Valparaíso,VALPARAISO,VIÑA DEL MAR,CASA CENTRAL (VIÑA DEL MAR),95,0
2025,22,2025|I22S1C337J4V1,No Presencial,A Distancia,Plan Regular de Continuidad,Valparaíso,VALPARAISO,VIÑA DEL MAR,CASA CENTRAL (VIÑA DEL MAR),36,0
2025,22,2025|I22S1C338J2V1,Semipresencial,Vespertina,Plan Regular,Valparaíso,VALPARAISO,VIÑA DEL MAR,CASA CENTRAL (VIÑA DEL MAR),65,0
2025,22,2025|I22S1C338J3V1,Semipresencial,Semipresencial,Plan Regular,Valparaíso,VALPARAISO,VIÑA DEL MAR,CASA CENTRAL (VIÑA DEL MAR),26,13
2025,22,2025|I22S1C338J4V2,No Presencial,A Distancia,Plan Regular de Continuidad,Valparaíso,VALPARAISO,VIÑA DEL MAR,CASA CENTRAL (VIÑA DEL MAR),526,0
2025,22,2025|I22S1C338J4V3,No Presencial,A Distancia,Plan Regular de Continuidad,Valparaíso,VALPARAISO,VIÑA DEL MAR,CASA CENTRAL (VIÑA DEL MAR),293,0
2025,22,2025|I22S1C347J4V1,No Presencial,A Distancia,Plan Regular,Valparaíso,VALPARAISO,VIÑA DEL MAR,CASA CENTRAL (VIÑA DEL MAR),41,14
2025,22,2025|I22S1C347J4V3,No Presencial,A Distancia,Plan Regular de Continuidad,Valparaíso,VALPARAISO,VIÑA DEL MAR,CASA CENTRAL (VIÑA DEL MAR),43,0
2025,22,2025|I22S1C368J4V1,No Presencial,A Distancia,Plan Regular de Continuidad,Valparaíso,VALPARAISO,VIÑA DEL MAR,CASA CENTRAL (VIÑA DEL MAR),1,0
2025,22,2025|I22S1C368J4V2,No Presencial,A Distancia,Plan Regular de Continuidad,Valparaíso,VALPARAISO,VIÑA DEL MAR,CASA CENTRAL (VIÑA DEL MAR),15,0
2025,22,2025|I22S1C379J4V1,No Presencial,A Distancia,Plan Regular de Continuidad,Valparaíso,VALPARAISO,VIÑA DEL MAR,CASA CENTRAL (VIÑA DEL MAR),221,0
2025,22,2025|I22S1C383J4V1,No Presencial,A Distancia,Plan Regular de Continuidad,Valparaíso,VALPARAISO,VIÑA DEL MAR,CASA CENTRAL (VIÑA DEL MAR),2,0
2025,22,2025|I22S1C55J3V2,Semipresencial,Semipresencial,Plan Regular de Continuidad,Valparaíso,VALPARAISO,VIÑA DEL MAR,CASA CENTRAL (VIÑA DEL MAR),14,0
2025,22,2025|I22S1C55J4V4,No Presencial,A Distancia,Plan Regular de Continuidad,Valparaíso,VALPARAISO,VIÑA DEL MAR,CASA CENTRAL (VIÑA DEL MAR),61,0
2025,22,2025|I22S1C5J4V1,No Presencial,A Distancia,Plan Regular,Valparaíso,VALPARAISO,VIÑA DEL MAR,CASA CENTRAL (VIÑA DEL MAR),17,16
2025,22,2025|I22S1C5J4V3,No Presencial,A Distancia,Plan Regular de Continuidad,Valparaíso,VALPARAISO,VIÑA DEL MAR,CASA CENTRAL (VIÑA DEL MAR),8,0
2025,22,2025|I22S1C82J3V4,Semipresencial,Semipresencial,Plan Regular de Continuidad,Valparaíso,VALPARAISO,VIÑA DEL MAR,CASA CENTRAL (VIÑA DEL MAR),62,0
2025,22,2025|I22S1C8J2V3,Semipresencial,Vespertina,Plan Regular,Valparaíso,VALPARAISO,VIÑA DEL MAR,CASA CENTRAL (VIÑA DEL MAR),15,0
2025,22,2025|I22S1C8J4V1,No Presencial,A Distancia,Plan Regular,Valparaíso,VALPARAISO,VIÑA DEL MAR,CASA CENTRAL (VIÑA DEL MAR),55,25
2025,22,2025|I22S1C8J4V2,No Presencial,A Distancia,Plan Regular de Continuidad,Valparaíso,VALPARAISO,VIÑA DEL MAR,CASA CENTRAL (VIÑA DEL MAR),27,0
2025,22,2025|I22S1C8J4V3,No Presencial,A Distancia,Plan Regular de Continuidad,Valparaíso,VALPARAISO,VIÑA DEL MAR,CASA CENTRAL (VIÑA DEL MAR),126,0
2025,22,2025|I22S1C9J2V1,Semipresencial,Vespertina,Plan Regular,Valparaíso,VALPARAISO,VIÑA DEL MAR,CASA CENTRAL (VIÑA DEL MAR),1,0
2025,26,2025|I26S1C100J4V2,No Presencial,A Distancia,Plan Regular,Metropolitana,SANTIAGO,PROVIDENCIA,CASA CENTRAL (SANTIAGO),27,0
2025,26,2025|I26S1C100J4V3,No Presencial,A Distancia,Plan Regular de Continuidad,Metropolitana,SANTIAGO,PROVIDENCIA,CASA CENTRAL (SANTIAGO),16,0
2025,26,2025|I26S1C100J4V4,No Presencial,A Distancia,Plan Regular de Continuidad,Metropolitana,SANTIAGO,PROVIDENCIA,CASA CENTRAL (SANTIAGO),9,0
2025,26,2025|I26S1C100J4V5,No Presencial,A Distancia,Plan Regular,Metropolitana,SANTIAGO,PROVIDENCIA,CASA CENTRAL (SANTIAGO),20,13
2025,26,2025|I26S1C155J3V1,Semipresencial,Semipresencial,Plan Regular,Metropolitana,SANTIAGO,PROVIDENCIA,CASA CENTRAL (SANTIAGO),1,0
2025,26,2025|I26S1C155J4V1,No Presencial,A Distancia,Plan Especial,Metropolitana,SANTIAGO,PROVIDENCIA,CASA CENTRAL (SANTIAGO),3,0
2025,26,2025|I26S1C155J4V3,No Presencial,A Distancia,Plan Regular de Continuidad,Metropolitana,SANTIAGO,PROVIDENCIA,CASA CENTRAL (SANTIAGO),42,0
2025,26,2025|I26S1C155J4V4,No Presencial,A Distancia,Plan Regular,Metropolitana,SANTIAGO,PROVIDENCIA,CASA CENTRAL (SANTIAGO),114,24
2025,26,2025|I26S1C155J4V5,No Presencial,A Distancia,Plan Regular de Continuidad,Metropolitana,SANTIAGO,PROVIDENCIA,CASA CENTRAL (SANTIAGO),85,0
2025,26,2025|I26S1C174J4V2,No Presencial,A Distancia,Plan Regular de Continuidad,Metropolitana,SANTIAGO,PROVIDENCIA,CASA CENTRAL (SANTIAGO),121,0
2025,26,2025|I26S1C176J4V1,No Presencial,A Distancia,Plan Especial,Metropolitana,SANTIAGO,PROVIDENCIA,CASA CENTRAL (SANTIAGO),2,0
2025,26,2025|I26S1C178J4V2,No Presencial,A Distancia,Plan Regular de Continuidad,Metropolitana,SANTIAGO,PROVIDENCIA,CASA CENTRAL (SANTIAGO),22,0
2025,26,2025|I26S1C178J4V3,No Presencial,A Distancia,Plan Regular de Continuidad,Metropolitana,SANTIAGO,PROVIDENCIA,CASA CENTRAL (SANTIAGO),14,0
2025,26,2025|I26S1C179J4V2,No Presencial,A Distancia,Plan Regular de Continuidad,Metropolitana,SANTIAGO,PROVIDENCIA,CASA CENTRAL (SANTIAGO),28,0
2025,26,2025|I26S1C179J4V3,No Presencial,A Distancia,Plan Regular de Continuidad,Metropolitana,SANTIAGO,PROVIDENCIA,CASA CENTRAL (SANTIAGO),45,0
2025,26,2025|I26S1C182J4V1,No Presencial,A Distancia,Plan Regular,Metropolitana,SANTIAGO,PROVIDENCIA,CASA CENTRAL (SANTIAGO),66,23
2025,26,2025|I26S1C182J4V3,No Presencial,A Distancia,Plan Regular de Continuidad,Metropolitana,SANTIAGO,PROVIDENCIA,CASA CENTRAL (SANTIAGO),94,0
2025,26,2025|I26S1C182J4V4,No Presencial,A Distancia,Plan Regular de Continuidad,Metropolitana,SANTIAGO,PROVIDENCIA,CASA CENTRAL (SANTIAGO),22,0
2025,26,2025|I26S1C199J3V1,Semipresencial,Semipresencial,Plan Regular,Metropolitana,SANTIAGO,PROVIDENCIA,CASA CENTRAL (SANTIAGO),69,0
2025,26,2025|I26S1C199J3V2,Semipresencial,Semipresencial,Plan Regular,Metropolitana,SANTIAGO,PROVIDENCIA,CASA CENTRAL (SANTIAGO),56,26
2025,26,2025|I26S1C219J4V1,No Presencial,A Distancia,Plan Regular,Metropolitana,SANTIAGO,PROVIDENCIA,CASA CENTRAL (SANTIAGO),34,11
2025,26,2025|I26S1C2J3V1,Semipresencial,Semipresencial,Plan Regular,Metropolitana,SANTIAGO,PROVIDENCIA,CASA CENTRAL (SANTIAGO),233,29
2025,26,2025|I26S1C4J3V1,Semipresencial,Semipresencial,Plan Regular,Metropolitana,SANTIAGO,PROVIDENCIA,CASA CENTRAL (SANTIAGO),30,0
2025,26,2025|I26S1C4J3V2,Semipresencial,Semipresencial,Plan Regular,Metropolitana,SANTIAGO,PROVIDENCIA,CASA CENTRAL (SANTIAGO),22,14
2025,26,2025|I26S1C60J4V2,No Presencial,A Distancia,Plan Regular,Metropolitana,SANTIAGO,PROVIDENCIA,CASA CENTRAL (SANTIAGO),80,19
2025,26,2025|I26S1C82J4V2,No Presencial,A Distancia,Plan Regular,Metropolitana,SANTIAGO,PROVIDENCIA,CASA CENTRAL (SANTIAGO),130,20
2025,26,2025|I26S1C82J4V3,No Presencial,A Distancia,Plan Regular de Continuidad,Metropolitana,SANTIAGO,PROVIDENCIA,CASA CENTRAL (SANTIAGO),116,0
2025,26,2025|I26S1C82J4V4,No Presencial,A Distancia,Plan Regular de Continuidad,Metropolitana,SANTIAGO,PROVIDENCIA,CASA CENTRAL (SANTIAGO),71,0
2025,26,2025|I26S1C82J4V5,No Presencial,A Distancia,Plan Regular de Continuidad,Metropolitana,SANTIAGO,PROVIDENCIA,CASA CENTRAL (SANTIAGO),46,0
2025,26,2025|I26S1C83J4V2,No Presencial,A Distancia,Plan Regular,Metropolitana,SANTIAGO,PROVIDENCIA,CASA CENTRAL (SANTIAGO),25,0
2025,26,2025|I26S1C83J4V3,No Presencial,A Distancia,Plan Regular,Metropolitana,SANTIAGO,PROVIDENCIA,CASA CENTRAL (SANTIAGO),14,12
2025,26,2025|I26S1C84J3V2,Semipresencial,Semipresencial,Plan Regular,Metropolitana,SANTIAGO,PROVIDENCIA,CASA CENTRAL (SANTIAGO),1128,218
2025,31,2025|I31S1C101J4V2,No Presencial,A Distancia,Plan Regular de Continuidad,La Araucanía,CAUTIN,TEMUCO,CASA CENTRAL (TEMUCO),127,0
2025,31,2025|I31S1C13J4V4,No Presencial,A Distancia,Plan Regular,La Araucanía,CAUTIN,TEMUCO,CASA CENTRAL (TEMUCO),110,43
2025,31,2025|I31S1C1J4V2,No Presencial,A Distancia,Plan Regular de Continuidad,La Araucanía,CAUTIN,TEMUCO,CASA CENTRAL (TEMUCO),157,0
2025,31,2025|I31S1C409J4V1,No Presencial,A Distancia,Plan Regular,La Araucanía,CAUTIN,TEMUCO,CASA CENTRAL (TEMUCO),78,34
2025,38,2025|I38S1C151J4V1,No Presencial,A Distancia,Plan Especial,Ñuble,DIGUILLIN,CHILLAN,CASA CENTRAL (CHILLAN),1,0
2025,38,2025|I38S1C198J4V1,No Presencial,A Distancia,Plan Especial,Ñuble,DIGUILLIN,CHILLAN,CASA CENTRAL (CHILLAN),52,45
2025,38,2025|I38S1C34J4V1,No Presencial,A Distancia,Plan Regular,Ñuble,DIGUILLIN,CHILLAN,CASA CENTRAL (CHILLAN),9,0
2025,39,2025|I39S2C167J3V1,Semipresencial,Semipresencial,Plan Regular de Continuidad,Biobío,CONCEPCION,CONCEPCION,SEDE CONCEPCION,38,0
2025,39,2025|I39S2C180J3V2,Semipresencial,Semipresencial,Plan Regular de Continuidad,Biobío,CONCEPCION,CONCEPCION,SEDE CONCEPCION,37,0
2025,39,2025|I39S2C6J3V2,Semipresencial,Semipresencial,Plan Regular de Continuidad,Biobío,CONCEPCION,CONCEPCION,SEDE CONCEPCION,50,0
2025,39,2025|I39S2C87J3V2,Semipresencial,Semipresencial,Plan Regular de Continuidad,Biobío,CONCEPCION,CONCEPCION,SEDE CONCEPCION,23,0
2025,39,2025|I39S6C167J3V1,Semipresencial,Semipresencial,Plan Regular de Continuidad,Metropolitana,SANTIAGO,SANTIAGO,SEDE SANTIAGO,64,0
2025,39,2025|I39S6C167J4V1,No Presencial,A Distancia,Plan Regular de Continuidad,Metropolitana,SANTIAGO,SANTIAGO,SEDE SANTIAGO,105,0
2025,39,2025|I39S6C180J3V2,Semipresencial,Semipresencial,Plan Regular de Continuidad,Metropolitana,SANTIAGO,SANTIAGO,SEDE SANTIAGO,115,0
2025,39,2025|I39S6C180J4V1,No Presencial,A Distancia,Plan Regular de Continuidad,Metropolitana,SANTIAGO,SANTIAGO,SEDE SANTIAGO,556,0
2025,39,2025|I39S6C180J4V2,No Presencial,A Distancia,Plan Regular de Continuidad,Metropolitana,SANTIAGO,SANTIAGO,SEDE SANTIAGO,184,0
2025,39,2025|I39S6C1J3V2,Semipresencial,Semipresencial,Plan Regular de Continuidad,Metropolitana,SANTIAGO,SANTIAGO,SEDE SANTIAGO,46,0
2025,39,2025|I39S6C1J4V1,No Presencial,A Distancia,Plan Regular de Continuidad,Metropolitana,SANTIAGO,SANTIAGO,SEDE SANTIAGO,253,0
2025,39,2025|I39S6C1J4V2,No Presencial,A Distancia,Plan Regular de Continuidad,Metropolitana,SANTIAGO,SANTIAGO,SEDE SANTIAGO,34,0
2025,39,2025|I39S6C29J4V4,No Presencial,A Distancia,Plan Regular de Continuidad,Metropolitana,SANTIAGO,SANTIAGO,SEDE SANTIAGO,83,0
2025,39,2025|I39S6C435J4V3,No Presencial,A Distancia,Plan Regular de Continuidad,Metropolitana,SANTIAGO,SANTIAGO,SEDE SANTIAGO,98,0
2025,39,2025|I39S6C45J3V2,Semipresencial,Semipresencial,Plan Regular de Continuidad,Metropolitana,SANTIAGO,SANTIAGO,SEDE SANTIAGO,51,0
2025,39,2025|I39S6C45J4V1,No Presencial,A Distancia,Plan Regular de Continuidad,Metropolitana,SANTIAGO,SANTIAGO,SEDE SANTIAGO,492,0
2025,39,2025|I39S6C45J4V2,No Presencial,A Distancia,Plan Regular de Continuidad,Metropolitana,SANTIAGO,SANTIAGO,SEDE SANTIAGO,248,0
2025,39,2025|I39S6C55J3V2,Semipresencial,Semipresencial,Plan Regular de Continuidad,Metropolitana,SANTIAGO,SANTIAGO,SEDE SANTIAGO,49,0
2025,39,2025|I39S6C55J4V2,No Presencial,A Distancia,Plan Regular de Continuidad,Metropolitana,SANTIAGO,SANTIAGO,SEDE SANTIAGO,85,0
2025,39,2025|I39S6C583J4V1,No Presencial,A Distancia,Plan Regular de Continuidad,Metropolitana,SANTIAGO,SANTIAGO,SEDE SANTIAGO,77,0
2025,39,2025|I39S6C584J4V1,No Presencial,A Distancia,Plan Regular de Continuidad,Metropolitana,SANTIAGO,SANTIAGO,SEDE SANTIAGO,59,0
2025,39,2025|I39S6C6J3V2,Semipresencial,Semipresencial,Plan Regular de Continuidad,Metropolitana,SANTIAGO,SANTIAGO,SEDE SANTIAGO,54,0
2025,39,2025|I39S6C6J4V2,No Presencial,A Distancia,Plan Regular de Continuidad,Metropolitana,SANTIAGO,SANTIAGO,SEDE SANTIAGO,121,0
2025,39,2025|I39S6C78J3V1,Semipresencial,Semipresencial,Plan Regular de Continuidad,Metropolitana,SANTIAGO,SANTIAGO,SEDE SANTIAGO,28,0
2025,39,2025|I39S6C78J4V1,No Presencial,A Distancia,Plan Regular de Continuidad,Metropolitana,SANTIAGO,SANTIAGO,SEDE SANTIAGO,210,0
2025,39,2025|I39S6C78J4V2,No Presencial,A Distancia,Plan Regular de Continuidad,Metropolitana,SANTIAGO,SANTIAGO,SEDE SANTIAGO,44,0
2025,39,2025|I39S6C87J3V2,Semipresencial,Semipresencial,Plan Regular de Continuidad,Metropolitana,SANTIAGO,SANTIAGO,SEDE SANTIAGO,55,0
2025,39,2025|I39S6C87J4V1,No Presencial,A Distancia,Plan Regular de Continuidad,Metropolitana,SANTIAGO,SANTIAGO,SEDE SANTIAGO,601,0
2025,39,2025|I39S6C87J4V2,No Presencial,A Distancia,Plan Regular de Continuidad,Metropolitana,SANTIAGO,SANTIAGO,SEDE SANTIAGO,241,0
2025,39,2025|I39S7C167J3V1,Semipresencial,Semipresencial,Plan Regular de Continuidad,Los Ríos,VALDIVIA,VALDIVIA,SEDE VALDIVIA,18,0
2025,39,2025|I39S7C180J3V2,Semipresencial,Semipresencial,Plan Regular de Continuidad,Los Ríos,VALDIVIA,VALDIVIA,SEDE VALDIVIA,19,0
2025,39,2025|I39S7C6J3V2,Semipresencial,Semipresencial,Plan Regular de Continuidad,Los Ríos,VALDIVIA,VALDIVIA,SEDE VALDIVIA,7,0
2025,39,2025|I39S8C180J3V2,Semipresencial,Semipresencial,Plan Regular de Continuidad,Los Lagos,LLANQUIHUE,PUERTO MONTT,SEDE PATAGONIA (PUERTO MONTT),17,0
2025,39,2025|I39S8C6J3V2,Semipresencial,Semipresencial,Plan Regular de Continuidad,Los Lagos,LLANQUIHUE,PUERTO MONTT,SEDE PATAGONIA (PUERTO MONTT),19,0
2025,50,2025|I50S1C311J4V2,No Presencial,A Distancia,Plan Regular de Continuidad,Metropolitana,SANTIAGO,SANTIAGO,CASA CENTRAL (SANTIAGO),139,0
2025,50,2025|I50S1C324J4V2,No Presencial,A Distancia,Plan Regular de Continuidad,Metropolitana,SANTIAGO,SANTIAGO,CASA CENTRAL (SANTIAGO),157,0
2025,50,2025|I50S1C349J4V2,No Presencial,A Distancia,Plan Regular de Continuidad,Metropolitana,SANTIAGO,SANTIAGO,CASA CENTRAL (SANTIAGO),15,0
2025,50,2025|I50S1C350J4V1,No Presencial,A Distancia,Plan Regular de Continuidad,Metropolitana,SANTIAGO,SANTIAGO,CASA CENTRAL (SANTIAGO),148,0
2025,68,2025|I68S1C121J4V1,No Presencial,A Distancia,Plan Especial,Metropolitana,SANTIAGO,SANTIAGO,CASA CENTRAL (SANTIAGO),40,40
2025,68,2025|I68S1C132J4V2,No Presencial,A Distancia,Plan Especial,Metropolitana,SANTIAGO,SANTIAGO,CASA CENTRAL (SANTIAGO),40,40
2025,68,2025|I68S1C151J4V1,No Presencial,A Distancia,Plan Regular,Metropolitana,SANTIAGO,SANTIAGO,CASA CENTRAL (SANTIAGO),40,28
2025,68,2025|I68S1C26J4V1,No Presencial,A Distancia,Plan Regular,Metropolitana,SANTIAGO,SANTIAGO,CASA CENTRAL (SANTIAGO),92,64
2025,68,2025|I68S1C28J4V1,No Presencial,A Distancia,Plan Regular,Metropolitana,SANTIAGO,SANTIAGO,CASA CENTRAL (SANTIAGO),46,27
2025,68,2025|I68S1C4J4V1,No Presencial,A Distancia,Plan Regular,Metropolitana,SANTIAGO,SANTIAGO,CASA CENTRAL (SANTIAGO),34,17
2025,68,2025|I68S1C85J4V1,No Presencial,A Distancia,Plan Regular,Metropolitana,SANTIAGO,SANTIAGO,CASA CENTRAL (SANTIAGO),43,27
2025,69,2025|I69S1C608J4V3,No Presencial,A Distancia,Plan Regular de Continuidad,Metropolitana,SANTIAGO,SANTIAGO,CASA CENTRAL (SANTIAGO),76,0
2025,69,2025|I69S1C624J4V1,No Presencial,A Distancia,Plan Regular de Continuidad,Metropolitana,SANTIAGO,SANTIAGO,CASA CENTRAL (SANTIAGO),39,0
2025,69,2025|I69S1C625J4V1,No Presencial,A Distancia,Plan Regular de Continuidad,Metropolitana,SANTIAGO,SANTIAGO,CASA CENTRAL (SANTIAGO),27,0
2025,69,2025|I69S1C626J4V1,No Presencial,A Distancia,Plan Regular de Continuidad,Metropolitana,SANTIAGO,SANTIAGO,CASA CENTRAL (SANTIAGO),37,0
2025,69,2025|I69S1C627J4V1,No Presencial,A Distancia,Plan Regular de Continuidad,Metropolitana,SANTIAGO,SANTIAGO,CASA CENTRAL (SANTIAGO),31,0
2025,69,2025|I69S1C645J4V1,No Presencial,A Distancia,Plan Regular de Continuidad,Metropolitana,SANTIAGO,SANTIAGO,CASA CENTRAL (SANTIAGO),1,0
2025,69,2025|I69S1C646J4V1,No Presencial,A Distancia,Plan Regular de Continuidad,Metropolitana,SANTIAGO,SANTIAGO,CASA CENTRAL (SANTIAGO),3,0
2025,69,2025|I69S1C647J4V1,No Presencial,A Distancia,Plan Regular de Continuidad,Metropolitana,SANTIAGO,SANTIAGO,CASA CENTRAL (SANTIAGO),9,0
2025,71,2025|I71S1C120J4V1,No Presencial,A Distancia,Plan Especial,Metropolitana,SANTIAGO,ESTACION CENTRAL,CASA CENTRAL (SANTIAGO),247,0
2025,71,2025|I71S1C120J4V2,No Presencial,A Distancia,Plan Especial,Metropolitana,SANTIAGO,ESTACION CENTRAL,CASA CENTRAL (SANTIAGO),149,149
2025,71,2025|I71S1C127J4V1,No Presencial,A Distancia,Plan Especial,Metropolitana,SANTIAGO,ESTACION CENTRAL,CASA CENTRAL (SANTIAGO),93,30
2025,71,2025|I71S1C560J4V4,No Presencial,A Distancia,Plan Especial,Metropolitana,SANTIAGO,ESTACION CENTRAL,CASA CENTRAL (SANTIAGO),22,22
2025,78,2025|I78S3C378J3V1,Semipresencial,Semipresencial,Plan Regular de Continuidad,Maule,CURICO,CURICO,CAMPUS CURICO,27,0
2025,78,2025|I78S5C341J3V2,Semipresencial,Semipresencial,Plan Regular de Continuidad,Metropolitana,SANTIAGO,SAN JOAQUIN,CAMPUS SANTIAGO,16,0
2025,78,2025|I78S8C429J3V1,Semipresencial,Semipresencial,Plan Regular de Continuidad,Maule,LINARES,LINARES,CAMPUS LINARES,73,0
2025,81,2025|I81S1C101J4V2,No Presencial,A Distancia,Plan Regular de Continuidad,Tarapacá,IQUIQUE,IQUIQUE,CASA CENTRAL (IQUIQUE),27,0
2025,82,2025|I82S1C213J3V1,Semipresencial,Semipresencial,Plan Regular de Continuidad,Metropolitana,SANTIAGO,ÑUÑOA,CASA CENTRAL (SANTIAGO),24,0
2025,82,2025|I82S1C260J3V1,Semipresencial,Semipresencial,Plan Regular de Continuidad,Metropolitana,SANTIAGO,ÑUÑOA,CASA CENTRAL (SANTIAGO),91,0
2025,83,2025|I83S1C374J4V1,No Presencial,A Distancia,Plan Regular,Valparaíso,VALPARAISO,VALPARAISO,CASA CENTRAL (VALPARAISO),39,25
2025,83,2025|I83S1C60J4V1,No Presencial,A Distancia,Plan Especial,Valparaíso,VALPARAISO,VALPARAISO,CASA CENTRAL (VALPARAISO),2,0
2025,89,2025|I89S1C356J4V2,No Presencial,A Distancia,Plan Especial,Valparaíso,VALPARAISO,VALPARAISO,VALPARAISO,11,11
2025,89,2025|I89S4C35J3V4,Semipresencial,Semipresencial,Plan Especial,Valparaíso,MARGA MARGA,QUILPUE,QUILPUE,7,0
2025,91,2025|I91S1C519J3V1,Semipresencial,Semipresencial,Plan Especial,Antofagasta,ANTOFAGASTA,ANTOFAGASTA,CASA CENTRAL,9,9
2025,91,2025|I91S1C520J4V1,No Presencial,A Distancia,Plan Especial,Antofagasta,ANTOFAGASTA,ANTOFAGASTA,CASA CENTRAL,2,2
2025,91,2025|I91S1C521J4V1,No Presencial,A Distancia,Plan Especial,Antofagasta,ANTOFAGASTA,ANTOFAGASTA,CASA CENTRAL,3,3
2025,91,2025|I91S1C522J4V1,No Presencial,A Distancia,Plan Especial,Antofagasta,ANTOFAGASTA,ANTOFAGASTA,CASA CENTRAL,6,6
2025,100,2025|I100S10C111J4V1,No Presencial,A Distancia,Plan Especial,Magallanes,MAGALLANES,PUNTA ARENAS,SEDE PUNTA ARENAS,12,0
2025,100,2025|I100S10C302J4V2,No Presencial,A Distancia,Plan Especial,Magallanes,MAGALLANES,PUNTA ARENAS,SEDE PUNTA ARENAS,2,0
2025,100,2025|I100S13C302J4V2,No Presencial,A Distancia,Plan Especial,Metropolitana,SANTIAGO,MAIPU,SEDE MAIPU,9,0
2025,100,2025|I100S14C111J4V1,No Presencial,A Distancia,Plan Especial,Arica y Parinacota,ARICA,ARICA,SEDE ARICA,9,0
2025,100,2025|I100S14C302J4V2,No Presencial,A Distancia,Plan Especial,Arica y Parinacota,ARICA,ARICA,SEDE ARICA,4,0
2025,100,2025|I100S15C111J4V1,No Presencial,A Distancia,Plan Especial,Tarapacá,IQUIQUE,IQUIQUE,SEDE IQUIQUE,3,0
2025,100,2025|I100S15C302J4V2,No Presencial,A Distancia,Plan Especial,Tarapacá,IQUIQUE,IQUIQUE,SEDE IQUIQUE,4,0
2025,100,2025|I100S16C302J4V2,No Presencial,A Distancia,Plan Especial,Atacama,COPIAPO,COPIAPO,SEDE COPIAPO,7,0
2025,100,2025|I100S19C302J4V2,No Presencial,A Distancia,Plan Especial,Metropolitana,SANTIAGO,LAS CONDES,SEDE APOQUINDO,2,0
2025,100,2025|I100S20C111J4V1,No Presencial,A Distancia,Plan Especial,Metropolitana,SANTIAGO,RENCA,SEDE RENCA,6,0
2025,100,2025|I100S20C302J4V2,No Presencial,A Distancia,Plan Especial,Metropolitana,SANTIAGO,RENCA,SEDE RENCA,2,0
2025,100,2025|I100S21C302J4V2,No Presencial,A Distancia,Plan Especial,Los Lagos,LLANQUIHUE,PUERTO MONTT,SEDE PUERTO MONTT,6,0
2025,100,2025|I100S23C111J4V1,No Presencial,A Distancia,Plan Especial,Lib. Gral. B. O'Higgins,CACHAPOAL,RANCAGUA,SEDE RANCAGUA,8,0
2025,100,2025|I100S23C302J4V2,No Presencial,A Distancia,Plan Especial,Lib. Gral. B. O'Higgins,CACHAPOAL,RANCAGUA,SEDE RANCAGUA,6,0
2025,100,2025|I100S24C111J4V1,No Presencial,A Distancia,Plan Especial,Valparaíso,VALPARAISO,VALPARAISO,SEDE VALPARAISO,4,0
2025,100,2025|I100S24C302J4V2,No Presencial,A Distancia,Plan Especial,Valparaíso,VALPARAISO,VALPARAISO,SEDE VALPARAISO,6,0
2025,100,2025|I100S26C302J4V2,No Presencial,A Distancia,Plan Especial,Los Lagos,OSORNO,OSORNO,SEDE OSORNO,1,0
2025,100,2025|I100S28C111J4V1,No Presencial,A Distancia,Plan Especial,Aysén,COYHAIQUE,COYHAIQUE,SEDE COYHAIQUE,3,0
2025,100,2025|I100S29C111J4V1,No Presencial,A Distancia,Plan Especial,Maule,TALCA,TALCA,SEDE TALCA,4,0
2025,100,2025|I100S29C302J4V2,No Presencial,A Distancia,Plan Especial,Maule,TALCA,TALCA,SEDE TALCA,7,0
2025,100,2025|I100S30C111J4V1,No Presencial,A Distancia,Plan Especial,Coquimbo,ELQUI,LA SERENA,SEDE LA SERENA,3,0
2025,100,2025|I100S30C302J4V2,No Presencial,A Distancia,Plan Especial,Coquimbo,ELQUI,LA SERENA,SEDE LA SERENA,8,0
2025,100,2025|I100S31C111J4V1,No Presencial,A Distancia,Plan Especial,Ñuble,DIGUILLIN,CHILLAN,SEDE CHILLAN,9,0
2025,100,2025|I100S32C111J4V1,No Presencial,A Distancia,Plan Especial,La Araucanía,CAUTIN,TEMUCO,SEDE TEMUCO,1,0
2025,100,2025|I100S33C111J4V1,No Presencial,A Distancia,Plan Especial,Biobío,CONCEPCION,TALCAHUANO,SEDE CONCEPCION - TALCAHUANO,1,0
2025,100,2025|I100S34C302J4V2,No Presencial,A Distancia,Plan Especial,Metropolitana,SANTIAGO,SANTIAGO,SEDE SANTIAGO CENTRO,10,0
2025,100,2025|I100S35C111J4V1,No Presencial,A Distancia,Plan Especial,Maule,CURICO,CURICO,SEDE CURICO,2,0
2025,100,2025|I100S37C111J4V1,No Presencial,A Distancia,Plan Especial,Biobío,BIOBIO,LOS ANGELES,SEDE LOS ANGELES,2,0
2025,100,2025|I100S37C302J4V2,No Presencial,A Distancia,Plan Especial,Biobío,BIOBIO,LOS ANGELES,SEDE LOS ANGELES,5,0
2025,100,2025|I100S38C302J4V2,No Presencial,A Distancia,Plan Especial,Metropolitana,SANTIAGO,MACUL,SEDE SANTIAGO SUR,9,0
2025,100,2025|I100S39C302J4V2,No Presencial,A Distancia,Plan Especial,Metropolitana,SANTIAGO,ÑUÑOA,SEDE ÑUÑOA,4,0
2025,100,2025|I100S40C302J4V2,No Presencial,A Distancia,Plan Especial,Metropolitana,CORDILLERA,PUENTE ALTO,SEDE PUENTE ALTO,3,0
2025,100,2025|I100S41C111J4V1,No Presencial,A Distancia,Plan Especial,Biobío,CONCEPCION,SAN PEDRO DE LA PAZ,SEDE SAN PEDRO DE LA PAZ,1,0
2025,100,2025|I100S43C273J4V1,No Presencial,A Distancia,Plan Regular,Metropolitana,SANTIAGO,VITACURA,SEDE ONLINE,108,99
2025,100,2025|I100S43C300J4V1,No Presencial,A Distancia,Plan Regular,Metropolitana,SANTIAGO,VITACURA,SEDE ONLINE,278,242
2025,100,2025|I100S43C335J4V1,No Presencial,A Distancia,Plan Regular,Metropolitana,SANTIAGO,VITACURA,SEDE ONLINE,86,83
2025,100,2025|I100S4C302J4V2,No Presencial,A Distancia,Plan Especial,Antofagasta,ANTOFAGASTA,ANTOFAGASTA,SEDE ANTOFAGASTA,1,0
2025,100,2025|I100S5C10J2V2,Semipresencial,Vespertina,Plan Regular,Antofagasta,EL LOA,CALAMA,SEDE CALAMA,1,0
2025,100,2025|I100S5C302J4V2,No Presencial,A Distancia,Plan Especial,Antofagasta,EL LOA,CALAMA,SEDE CALAMA,3,0
2025,100,2025|I100S9C111J4V1,No Presencial,A Distancia,Plan Especial,Los Ríos,VALDIVIA,VALDIVIA,SEDE VALDIVIA,7,0
2025,100,2025|I100S9C302J4V2,No Presencial,A Distancia,Plan Especial,Los Ríos,VALDIVIA,VALDIVIA,SEDE VALDIVIA,3,0
2025,106,2025|I106S3C349J4V1,No Presencial,A Distancia,Plan Regular,Metropolitana,SANTIAGO,MACUL,CASA CENTRAL (SANTIAGO VICUÑA MACKENNA 3030),253,172
2025,106,2025|I106S3C350J4V1,No Presencial,A Distancia,Plan Regular,Metropolitana,SANTIAGO,MACUL,CASA CENTRAL (SANTIAGO VICUÑA MACKENNA 3030),94,66
2025,106,2025|I106S6C10J4V1,No Presencial,A Distancia,Plan Regular,Metropolitana,SANTIAGO,PROVIDENCIA,SEDE VICUÑA MACKENNA (SANTIAGO VICUÑA MACKENNA 380),3,0
2025,106,2025|I106S6C10J4V2,No Presencial,A Distancia,Plan Especial,Metropolitana,SANTIAGO,PROVIDENCIA,SEDE VICUÑA MACKENNA (SANTIAGO VICUÑA MACKENNA 380),2,0
2025,106,2025|I106S6C10J4V3,No Presencial,A Distancia,Plan Regular,Metropolitana,SANTIAGO,PROVIDENCIA,SEDE VICUÑA MACKENNA (SANTIAGO VICUÑA MACKENNA 380),17,0
2025,106,2025|I106S6C10J4V4,No Presencial,A Distancia,Plan Regular,Metropolitana,SANTIAGO,PROVIDENCIA,SEDE VICUÑA MACKENNA (SANTIAGO VICUÑA MACKENNA 380),474,185
2025,106,2025|I106S6C10J4V5,No Presencial,A Distancia,Plan Especial,Metropolitana,SANTIAGO,PROVIDENCIA,SEDE VICUÑA MACKENNA (SANTIAGO VICUÑA MACKENNA 380),54,15
2025,106,2025|I106S6C15J4V2,No Presencial,A Distancia,Plan Especial,Metropolitana,SANTIAGO,PROVIDENCIA,SEDE VICUÑA MACKENNA (SANTIAGO VICUÑA MACKENNA 380),99,48
2025,106,2025|I106S6C20J4V1,No Presencial,A Distancia,Plan Regular,Metropolitana,SANTIAGO,PROVIDENCIA,SEDE VICUÑA MACKENNA (SANTIAGO VICUÑA MACKENNA 380),31,0
2025,106,2025|I106S6C20J4V3,No Presencial,A Distancia,Plan Regular,Metropolitana,SANTIAGO,PROVIDENCIA,SEDE VICUÑA MACKENNA (SANTIAGO VICUÑA MACKENNA 380),741,227
2025,106,2025|I106S6C20J4V4,No Presencial,A Distancia,Plan Especial,Metropolitana,SANTIAGO,PROVIDENCIA,SEDE VICUÑA MACKENNA (SANTIAGO VICUÑA MACKENNA 380),198,87
2025,106,2025|I106S6C231J4V1,No Presencial,A Distancia,Plan Regular,Metropolitana,SANTIAGO,PROVIDENCIA,SEDE VICUÑA MACKENNA (SANTIAGO VICUÑA MACKENNA 380),7,0
2025,106,2025|I106S6C231J4V2,No Presencial,A Distancia,Plan Regular,Metropolitana,SANTIAGO,PROVIDENCIA,SEDE VICUÑA MACKENNA (SANTIAGO VICUÑA MACKENNA 380),196,100
2025,106,2025|I106S6C250J4V1,No Presencial,A Distancia,Plan Regular,Metropolitana,SANTIAGO,PROVIDENCIA,SEDE VICUÑA MACKENNA (SANTIAGO VICUÑA MACKENNA 380),4,0
2025,106,2025|I106S6C250J4V2,No Presencial,A Distancia,Plan Regular,Metropolitana,SANTIAGO,PROVIDENCIA,SEDE VICUÑA MACKENNA (SANTIAGO VICUÑA MACKENNA 380),500,267
2025,106,2025|I106S6C262J4V1,No Presencial,A Distancia,Plan Regular,Metropolitana,SANTIAGO,PROVIDENCIA,SEDE VICUÑA MACKENNA (SANTIAGO VICUÑA MACKENNA 380),140,0
2025,106,2025|I106S6C262J4V2,No Presencial,A Distancia,Plan Regular,Metropolitana,SANTIAGO,PROVIDENCIA,SEDE VICUÑA MACKENNA (SANTIAGO VICUÑA MACKENNA 380),678,324
2025,106,2025|I106S6C263J4V2,No Presencial,A Distancia,Plan Regular,Metropolitana,SANTIAGO,PROVIDENCIA,SEDE VICUÑA MACKENNA (SANTIAGO VICUÑA MACKENNA 380),10,0
2025,106,2025|I106S6C263J4V4,No Presencial,A Distancia,Plan Regular,Metropolitana,SANTIAGO,PROVIDENCIA,SEDE VICUÑA MACKENNA (SANTIAGO VICUÑA MACKENNA 380),211,88
2025,106,2025|I106S6C263J4V5,No Presencial,A Distancia,Plan Especial,Metropolitana,SANTIAGO,PROVIDENCIA,SEDE VICUÑA MACKENNA (SANTIAGO VICUÑA MACKENNA 380),39,15
2025,106,2025|I106S6C265J4V1,No Presencial,A Distancia,Plan Regular,Metropolitana,SANTIAGO,PROVIDENCIA,SEDE VICUÑA MACKENNA (SANTIAGO VICUÑA MACKENNA 380),1,0
2025,106,2025|I106S6C265J4V2,No Presencial,A Distancia,Plan Regular,Metropolitana,SANTIAGO,PROVIDENCIA,SEDE VICUÑA MACKENNA (SANTIAGO VICUÑA MACKENNA 380),3,0
2025,106,2025|I106S6C265J4V3,No Presencial,A Distancia,Plan Regular,Metropolitana,SANTIAGO,PROVIDENCIA,SEDE VICUÑA MACKENNA (SANTIAGO VICUÑA MACKENNA 380),127,67
2025,106,2025|I106S6C266J4V1,No Presencial,A Distancia,Plan Regular,Metropolitana,SANTIAGO,PROVIDENCIA,SEDE VICUÑA MACKENNA (SANTIAGO VICUÑA MACKENNA 380),7,0
2025,106,2025|I106S6C266J4V2,No Presencial,A Distancia,Plan Regular,Metropolitana,SANTIAGO,PROVIDENCIA,SEDE VICUÑA MACKENNA (SANTIAGO VICUÑA MACKENNA 380),727,345
2025,106,2025|I106S6C268J4V1,No Presencial,A Distancia,Plan Regular,Metropolitana,SANTIAGO,PROVIDENCIA,SEDE VICUÑA MACKENNA (SANTIAGO VICUÑA MACKENNA 380),4,0
2025,106,2025|I106S6C268J4V2,No Presencial,A Distancia,Plan Regular,Metropolitana,SANTIAGO,PROVIDENCIA,SEDE VICUÑA MACKENNA (SANTIAGO VICUÑA MACKENNA 380),131,73
2025,106,2025|I106S6C269J4V1,No Presencial,A Distancia,Plan Regular,Metropolitana,SANTIAGO,PROVIDENCIA,SEDE VICUÑA MACKENNA (SANTIAGO VICUÑA MACKENNA 380),5,0
2025,106,2025|I106S6C269J4V2,No Presencial,A Distancia,Plan Regular,Metropolitana,SANTIAGO,PROVIDENCIA,SEDE VICUÑA MACKENNA (SANTIAGO VICUÑA MACKENNA 380),321,169
2025,106,2025|I106S6C284J4V1,No Presencial,A Distancia,Plan Regular,Metropolitana,SANTIAGO,PROVIDENCIA,SEDE VICUÑA MACKENNA (SANTIAGO VICUÑA MACKENNA 380),7,0
2025,106,2025|I106S6C284J4V2,No Presencial,A Distancia,Plan Regular,Metropolitana,SANTIAGO,PROVIDENCIA,SEDE VICUÑA MACKENNA (SANTIAGO VICUÑA MACKENNA 380),324,170
2025,106,2025|I106S6C285J4V2,No Presencial,A Distancia,Plan Regular,Metropolitana,SANTIAGO,PROVIDENCIA,SEDE VICUÑA MACKENNA (SANTIAGO VICUÑA MACKENNA 380),587,222
2025,106,2025|I106S6C286J4V1,No Presencial,A Distancia,Plan Regular,Metropolitana,SANTIAGO,PROVIDENCIA,SEDE VICUÑA MACKENNA (SANTIAGO VICUÑA MACKENNA 380),19,0
2025,106,2025|I106S6C286J4V2,No Presencial,A Distancia,Plan Regular,Metropolitana,SANTIAGO,PROVIDENCIA,SEDE VICUÑA MACKENNA (SANTIAGO VICUÑA MACKENNA 380),83,0
2025,106,2025|I106S6C287J4V2,No Presencial,A Distancia,Plan Regular,Metropolitana,SANTIAGO,PROVIDENCIA,SEDE VICUÑA MACKENNA (SANTIAGO VICUÑA MACKENNA 380),22,0
2025,106,2025|I106S6C287J4V3,No Presencial,A Distancia,Plan Especial,Metropolitana,SANTIAGO,PROVIDENCIA,SEDE VICUÑA MACKENNA (SANTIAGO VICUÑA MACKENNA 380),1,0
2025,106,2025|I106S6C287J4V4,No Presencial,A Distancia,Plan Regular,Metropolitana,SANTIAGO,PROVIDENCIA,SEDE VICUÑA MACKENNA (SANTIAGO VICUÑA MACKENNA 380),378,122
2025,106,2025|I106S6C287J4V5,No Presencial,A Distancia,Plan Especial,Metropolitana,SANTIAGO,PROVIDENCIA,SEDE VICUÑA MACKENNA (SANTIAGO VICUÑA MACKENNA 380),61,20
2025,106,2025|I106S6C292J4V1,No Presencial,A Distancia,Plan Regular,Metropolitana,SANTIAGO,PROVIDENCIA,SEDE VICUÑA MACKENNA (SANTIAGO VICUÑA MACKENNA 380),4,0
2025,106,2025|I106S6C292J4V2,No Presencial,A Distancia,Plan Regular,Metropolitana,SANTIAGO,PROVIDENCIA,SEDE VICUÑA MACKENNA (SANTIAGO VICUÑA MACKENNA 380),13,0
2025,106,2025|I106S6C293J4V1,No Presencial,A Distancia,Plan Regular,Metropolitana,SANTIAGO,PROVIDENCIA,SEDE VICUÑA MACKENNA (SANTIAGO VICUÑA MACKENNA 380),19,0
2025,106,2025|I106S6C293J4V2,No Presencial,A Distancia,Plan Regular,Metropolitana,SANTIAGO,PROVIDENCIA,SEDE VICUÑA MACKENNA (SANTIAGO VICUÑA MACKENNA 380),147,70
2025,106,2025|I106S6C294J4V1,No Presencial,A Distancia,Plan Regular,Metropolitana,SANTIAGO,PROVIDENCIA,SEDE VICUÑA MACKENNA (SANTIAGO VICUÑA MACKENNA 380),14,0
2025,106,2025|I106S6C294J4V2,No Presencial,A Distancia,Plan Regular,Metropolitana,SANTIAGO,PROVIDENCIA,SEDE VICUÑA MACKENNA (SANTIAGO VICUÑA MACKENNA 380),1225,633
2025,106,2025|I106S6C295J4V1,No Presencial,A Distancia,Plan Regular,Metropolitana,SANTIAGO,PROVIDENCIA,SEDE VICUÑA MACKENNA (SANTIAGO VICUÑA MACKENNA 380),22,0
2025,106,2025|I106S6C295J4V2,No Presencial,A Distancia,Plan Regular,Metropolitana,SANTIAGO,PROVIDENCIA,SEDE VICUÑA MACKENNA (SANTIAGO VICUÑA MACKENNA 380),174,87
2025,106,2025|I106S6C296J4V1,No Presencial,A Distancia,Plan Regular,Metropolitana,SANTIAGO,PROVIDENCIA,SEDE VICUÑA MACKENNA (SANTIAGO VICUÑA MACKENNA 380),13,0
2025,106,2025|I106S6C296J4V2,No Presencial,A Distancia,Plan Regular,Metropolitana,SANTIAGO,PROVIDENCIA,SEDE VICUÑA MACKENNA (SANTIAGO VICUÑA MACKENNA 380),709,399
2025,106,2025|I106S6C297J4V1,No Presencial,A Distancia,Plan Regular,Metropolitana,SANTIAGO,PROVIDENCIA,SEDE VICUÑA MACKENNA (SANTIAGO VICUÑA MACKENNA 380),45,0
2025,106,2025|I106S6C297J4V2,No Presencial,A Distancia,Plan Especial,Metropolitana,SANTIAGO,PROVIDENCIA,SEDE VICUÑA MACKENNA (SANTIAGO VICUÑA MACKENNA 380),1,0
2025,106,2025|I106S6C297J4V3,No Presencial,A Distancia,Plan Regular,Metropolitana,SANTIAGO,PROVIDENCIA,SEDE VICUÑA MACKENNA (SANTIAGO VICUÑA MACKENNA 380),806,287
2025,106,2025|I106S6C297J4V4,No Presencial,A Distancia,Plan Especial,Metropolitana,SANTIAGO,PROVIDENCIA,SEDE VICUÑA MACKENNA (SANTIAGO VICUÑA MACKENNA 380),47,27
2025,106,2025|I106S6C303J4V1,No Presencial,A Distancia,Plan Regular,Metropolitana,SANTIAGO,PROVIDENCIA,SEDE VICUÑA MACKENNA (SANTIAGO VICUÑA MACKENNA 380),43,0
2025,106,2025|I106S6C303J4V2,No Presencial,A Distancia,Plan Regular,Metropolitana,SANTIAGO,PROVIDENCIA,SEDE VICUÑA MACKENNA (SANTIAGO VICUÑA MACKENNA 380),370,141
2025,106,2025|I106S6C304J4V4,No Presencial,A Distancia,Plan Especial,Metropolitana,SANTIAGO,PROVIDENCIA,SEDE VICUÑA MACKENNA (SANTIAGO VICUÑA MACKENNA 380),62,24
2025,106,2025|I106S6C305J4V2,No Presencial,A Distancia,Plan Especial,Metropolitana,SANTIAGO,PROVIDENCIA,SEDE VICUÑA MACKENNA (SANTIAGO VICUÑA MACKENNA 380),1,0
2025,106,2025|I106S6C305J4V4,No Presencial,A Distancia,Plan Especial,Metropolitana,SANTIAGO,PROVIDENCIA,SEDE VICUÑA MACKENNA (SANTIAGO VICUÑA MACKENNA 380),24,9
2025,106,2025|I106S6C306J4V4,No Presencial,A Distancia,Plan Especial,Metropolitana,SANTIAGO,PROVIDENCIA,SEDE VICUÑA MACKENNA (SANTIAGO VICUÑA MACKENNA 380),143,57
2025,106,2025|I106S6C307J4V1,No Presencial,A Distancia,Plan Regular,Metropolitana,SANTIAGO,PROVIDENCIA,SEDE VICUÑA MACKENNA (SANTIAGO VICUÑA MACKENNA 380),3,0
2025,106,2025|I106S6C307J4V2,No Presencial,A Distancia,Plan Regular,Metropolitana,SANTIAGO,PROVIDENCIA,SEDE VICUÑA MACKENNA (SANTIAGO VICUÑA MACKENNA 380),54,0
2025,106,2025|I106S6C309J4V1,No Presencial,A Distancia,Plan Regular,Metropolitana,SANTIAGO,PROVIDENCIA,SEDE VICUÑA MACKENNA (SANTIAGO VICUÑA MACKENNA 380),5,0
2025,106,2025|I106S6C309J4V2,No Presencial,A Distancia,Plan Regular,Metropolitana,SANTIAGO,PROVIDENCIA,SEDE VICUÑA MACKENNA (SANTIAGO VICUÑA MACKENNA 380),253,155
2025,106,2025|I106S6C310J4V1,No Presencial,A Distancia,Plan Regular,Metropolitana,SANTIAGO,PROVIDENCIA,SEDE VICUÑA MACKENNA (SANTIAGO VICUÑA MACKENNA 380),21,0
2025,106,2025|I106S6C310J4V2,No Presencial,A Distancia,Plan Regular,Metropolitana,SANTIAGO,PROVIDENCIA,SEDE VICUÑA MACKENNA (SANTIAGO VICUÑA MACKENNA 380),393,194
2025,106,2025|I106S6C314J4V2,No Presencial,A Distancia,Plan Regular,Metropolitana,SANTIAGO,PROVIDENCIA,SEDE VICUÑA MACKENNA (SANTIAGO VICUÑA MACKENNA 380),14,0
2025,106,2025|I106S6C314J4V3,No Presencial,A Distancia,Plan Regular,Metropolitana,SANTIAGO,PROVIDENCIA,SEDE VICUÑA MACKENNA (SANTIAGO VICUÑA MACKENNA 380),500,288
2025,106,2025|I106S6C315J4V2,No Presencial,A Distancia,Plan Regular,Metropolitana,SANTIAGO,PROVIDENCIA,SEDE VICUÑA MACKENNA (SANTIAGO VICUÑA MACKENNA 380),7,0
2025,106,2025|I106S6C315J4V3,No Presencial,A Distancia,Plan Regular,Metropolitana,SANTIAGO,PROVIDENCIA,SEDE VICUÑA MACKENNA (SANTIAGO VICUÑA MACKENNA 380),253,151
2025,106,2025|I106S6C316J4V2,No Presencial,A Distancia,Plan Regular,Metropolitana,SANTIAGO,PROVIDENCIA,SEDE VICUÑA MACKENNA (SANTIAGO VICUÑA MACKENNA 380),13,0
2025,106,2025|I106S6C316J4V3,No Presencial,A Distancia,Plan Regular,Metropolitana,SANTIAGO,PROVIDENCIA,SEDE VICUÑA MACKENNA (SANTIAGO VICUÑA MACKENNA 380),673,349
2025,106,2025|I106S6C317J4V2,No Presencial,A Distancia,Plan Regular,Metropolitana,SANTIAGO,PROVIDENCIA,SEDE VICUÑA MACKENNA (SANTIAGO VICUÑA MACKENNA 380),27,10
2025,106,2025|I106S6C318J4V1,No Presencial,A Distancia,Plan Regular,Metropolitana,SANTIAGO,PROVIDENCIA,SEDE VICUÑA MACKENNA (SANTIAGO VICUÑA MACKENNA 380),4,0
2025,106,2025|I106S6C318J4V2,No Presencial,A Distancia,Plan Regular,Metropolitana,SANTIAGO,PROVIDENCIA,SEDE VICUÑA MACKENNA (SANTIAGO VICUÑA MACKENNA 380),312,138
2025,106,2025|I106S6C328J4V2,No Presencial,A Distancia,Plan Regular,Metropolitana,SANTIAGO,PROVIDENCIA,SEDE VICUÑA MACKENNA (SANTIAGO VICUÑA MACKENNA 380),32,17
2025,106,2025|I106S6C329J4V1,No Presencial,A Distancia,Plan Regular,Metropolitana,SANTIAGO,PROVIDENCIA,SEDE VICUÑA MACKENNA (SANTIAGO VICUÑA MACKENNA 380),1,0
2025,106,2025|I106S6C329J4V2,No Presencial,A Distancia,Plan Regular,Metropolitana,SANTIAGO,PROVIDENCIA,SEDE VICUÑA MACKENNA (SANTIAGO VICUÑA MACKENNA 380),9,2
2025,106,2025|I106S6C330J4V1,No Presencial,A Distancia,Plan Regular,Metropolitana,SANTIAGO,PROVIDENCIA,SEDE VICUÑA MACKENNA (SANTIAGO VICUÑA MACKENNA 380),2,0
2025,106,2025|I106S6C330J4V2,No Presencial,A Distancia,Plan Regular,Metropolitana,SANTIAGO,PROVIDENCIA,SEDE VICUÑA MACKENNA (SANTIAGO VICUÑA MACKENNA 380),366,230
2025,106,2025|I106S6C331J4V1,No Presencial,A Distancia,Plan Regular,Metropolitana,SANTIAGO,PROVIDENCIA,SEDE VICUÑA MACKENNA (SANTIAGO VICUÑA MACKENNA 380),2,0
2025,106,2025|I106S6C331J4V2,No Presencial,A Distancia,Plan Regular,Metropolitana,SANTIAGO,PROVIDENCIA,SEDE VICUÑA MACKENNA (SANTIAGO VICUÑA MACKENNA 380),15,10
2025,106,2025|I106S6C335J4V1,No Presencial,A Distancia,Plan Regular,Metropolitana,SANTIAGO,PROVIDENCIA,SEDE VICUÑA MACKENNA (SANTIAGO VICUÑA MACKENNA 380),6,0
2025,106,2025|I106S6C335J4V2,No Presencial,A Distancia,Plan Regular,Metropolitana,SANTIAGO,PROVIDENCIA,SEDE VICUÑA MACKENNA (SANTIAGO VICUÑA MACKENNA 380),130,74
2025,106,2025|I106S6C340J4V1,No Presencial,A Distancia,Plan Regular,Metropolitana,SANTIAGO,PROVIDENCIA,SEDE VICUÑA MACKENNA (SANTIAGO VICUÑA MACKENNA 380),21,6
2025,106,2025|I106S6C341J4V1,No Presencial,A Distancia,Plan Regular,Metropolitana,SANTIAGO,PROVIDENCIA,SEDE VICUÑA MACKENNA (SANTIAGO VICUÑA MACKENNA 380),1,0
2025,106,2025|I106S6C341J4V2,No Presencial,A Distancia,Plan Regular,Metropolitana,SANTIAGO,PROVIDENCIA,SEDE VICUÑA MACKENNA (SANTIAGO VICUÑA MACKENNA 380),29,14
2025,106,2025|I106S6C342J4V2,No Presencial,A Distancia,Plan Regular,Metropolitana,SANTIAGO,PROVIDENCIA,SEDE VICUÑA MACKENNA (SANTIAGO VICUÑA MACKENNA 380),25,12
2025,106,2025|I106S6C343J4V1,No Presencial,A Distancia,Plan Regular,Metropolitana,SANTIAGO,PROVIDENCIA,SEDE VICUÑA MACKENNA (SANTIAGO VICUÑA MACKENNA 380),4,0
2025,106,2025|I106S6C343J4V2,No Presencial,A Distancia,Plan Regular,Metropolitana,SANTIAGO,PROVIDENCIA,SEDE VICUÑA MACKENNA (SANTIAGO VICUÑA MACKENNA 380),61,27
2025,106,2025|I106S6C64J4V1,No Presencial,A Distancia,Plan Regular,Metropolitana,SANTIAGO,PROVIDENCIA,SEDE VICUÑA MACKENNA (SANTIAGO VICUÑA MACKENNA 380),9,0
2025,106,2025|I106S6C64J4V3,No Presencial,A Distancia,Plan Regular,Metropolitana,SANTIAGO,PROVIDENCIA,SEDE VICUÑA MACKENNA (SANTIAGO VICUÑA MACKENNA 380),619,308
2025,106,2025|I106S6C6J4V1,No Presencial,A Distancia,Plan Regular,Metropolitana,SANTIAGO,PROVIDENCIA,SEDE VICUÑA MACKENNA (SANTIAGO VICUÑA MACKENNA 380),36,0
2025,108,2025|I108S1C23J4V1,No Presencial,A Distancia,Plan Regular,Metropolitana,SANTIAGO,SANTIAGO,CASA CENTRAL (SANTIAGO),41,28
2025,108,2025|I108S1C28J4V1,No Presencial,A Distancia,Plan Regular,Metropolitana,SANTIAGO,SANTIAGO,CASA CENTRAL (SANTIAGO),23,21
2025,108,2025|I108S1C31J4V1,No Presencial,A Distancia,Plan Regular,Metropolitana,SANTIAGO,SANTIAGO,CASA CENTRAL (SANTIAGO),6,0
2025,108,2025|I108S1C35J4V1,No Presencial,A Distancia,Plan Regular,Metropolitana,SANTIAGO,SANTIAGO,CASA CENTRAL (SANTIAGO),4,0
2025,108,2025|I108S1C39J4V1,No Presencial,A Distancia,Plan Regular,Metropolitana,SANTIAGO,SANTIAGO,CASA CENTRAL (SANTIAGO),3,3
2025,108,2025|I108S1C40J4V1,No Presencial,A Distancia,Plan Regular,Metropolitana,SANTIAGO,SANTIAGO,CASA CENTRAL (SANTIAGO),3,3
2025,111,2025|I111S10C204J2V1,Semipresencial,Vespertina,Plan Regular,Metropolitana,SANTIAGO,CERRILLOS,SEDE PLAZA OESTE,2,0
2025,111,2025|I111S10C309J2V1,Semipresencial,Vespertina,Plan Regular,Metropolitana,SANTIAGO,CERRILLOS,SEDE PLAZA OESTE,3,0
2025,111,2025|I111S15C145J2V1,Semipresencial,Vespertina,Plan Regular,Metropolitana,SANTIAGO,MAIPU,SEDE MAIPU,4,0
2025,111,2025|I111S15C285J2V1,Semipresencial,Vespertina,Plan Regular,Metropolitana,SANTIAGO,MAIPU,SEDE MAIPU,1,0
2025,111,2025|I111S15C484J3V1,Semipresencial,Semipresencial,Plan Regular,Metropolitana,SANTIAGO,MAIPU,SEDE MAIPU,5,0
2025,111,2025|I111S20C309J2V1,Semipresencial,Vespertina,Plan Regular,Metropolitana,MAIPO,SAN BERNARDO,SEDE SAN BERNARDO,4,0
2025,111,2025|I111S21C309J2V1,Semipresencial,Vespertina,Plan Regular,Metropolitana,SANTIAGO,HUECHURABA,SEDE PLAZA NORTE,8,0
2025,111,2025|I111S21C441J2V1,Semipresencial,Vespertina,Plan Regular,Metropolitana,SANTIAGO,HUECHURABA,SEDE PLAZA NORTE,1,0
2025,111,2025|I111S22C204J2V1,Semipresencial,Vespertina,Plan Regular,Metropolitana,SANTIAGO,SANTIAGO,SEDE PADRE ALONSO DE OVALLE,3,0
2025,111,2025|I111S22C259J2V1,Semipresencial,Vespertina,Plan Regular,Metropolitana,SANTIAGO,SANTIAGO,SEDE PADRE ALONSO DE OVALLE,1,0
2025,111,2025|I111S22C309J2V1,Semipresencial,Vespertina,Plan Regular,Metropolitana,SANTIAGO,SANTIAGO,SEDE PADRE ALONSO DE OVALLE,1,0
2025,111,2025|I111S22C490J3V1,Semipresencial,Semipresencial,Plan Regular,Metropolitana,SANTIAGO,SANTIAGO,SEDE PADRE ALONSO DE OVALLE,9,0
2025,111,2025|I111S23C281J2V1,Semipresencial,Vespertina,Plan Regular,Metropolitana,MELIPILLA,MELIPILLA,SEDE MELIPILLA,1,0
2025,111,2025|I111S27C23J4V1,No Presencial,A Distancia,Plan Regular,Metropolitana,SANTIAGO,PROVIDENCIA,CASA CENTRAL,610,202
2025,111,2025|I111S27C405J4V1,No Presencial,A Distancia,Plan Regular,Metropolitana,SANTIAGO,PROVIDENCIA,CASA CENTRAL,31,26
2025,111,2025|I111S27C477J4V2,No Presencial,A Distancia,Plan Regular,Metropolitana,SANTIAGO,PROVIDENCIA,CASA CENTRAL,61,26
2025,111,2025|I111S27C513J4V2,No Presencial,A Distancia,Plan Regular,Metropolitana,SANTIAGO,PROVIDENCIA,CASA CENTRAL,312,116
2025,111,2025|I111S27C518J4V1,No Presencial,A Distancia,Plan Regular,Metropolitana,SANTIAGO,PROVIDENCIA,CASA CENTRAL,322,177
2025,111,2025|I111S27C519J4V1,No Presencial,A Distancia,Plan Regular,Metropolitana,SANTIAGO,PROVIDENCIA,CASA CENTRAL,81,35
2025,111,2025|I111S27C520J4V1,No Presencial,A Distancia,Plan Regular,Metropolitana,SANTIAGO,PROVIDENCIA,CASA CENTRAL,45,16
2025,111,2025|I111S27C528J4V1,No Presencial,A Distancia,Plan Regular de Continuidad,Metropolitana,SANTIAGO,PROVIDENCIA,CASA CENTRAL,138,0
2025,111,2025|I111S27C535J4V1,No Presencial,A Distancia,Plan Regular,Metropolitana,SANTIAGO,PROVIDENCIA,CASA CENTRAL,64,51
2025,111,2025|I111S27C537J4V1,No Presencial,A Distancia,Plan Regular,Metropolitana,SANTIAGO,PROVIDENCIA,CASA CENTRAL,79,72
2025,111,2025|I111S27C539J4V1,No Presencial,A Distancia,Plan Regular,Metropolitana,SANTIAGO,PROVIDENCIA,CASA CENTRAL,39,39
2025,111,2025|I111S4C278J2V1,Semipresencial,Vespertina,Plan Regular,Valparaíso,VALPARAISO,VIÑA DEL MAR,SEDE VIÑA DEL MAR,1,0
2025,111,2025|I111S5C139J2V1,Semipresencial,Vespertina,Plan Regular,Metropolitana,SANTIAGO,PROVIDENCIA,SEDE ANTONIO VARAS,1,0
2025,111,2025|I111S5C141J2V1,Semipresencial,Vespertina,Plan Regular,Metropolitana,SANTIAGO,PROVIDENCIA,SEDE ANTONIO VARAS,2,0
2025,111,2025|I111S5C281J2V1,Semipresencial,Vespertina,Plan Regular,Metropolitana,SANTIAGO,PROVIDENCIA,SEDE ANTONIO VARAS,3,0
2025,111,2025|I111S5C455J2V1,Semipresencial,Vespertina,Plan Regular,Metropolitana,SANTIAGO,PROVIDENCIA,SEDE ANTONIO VARAS,4,0
2025,111,2025|I111S5C492J3V1,Semipresencial,Semipresencial,Plan Regular,Metropolitana,SANTIAGO,PROVIDENCIA,SEDE ANTONIO VARAS,1,0
2025,111,2025|I111S6C484J3V1,Semipresencial,Semipresencial,Plan Regular,Metropolitana,SANTIAGO,LAS CONDES,SEDE SAN CARLOS DE APOQUINDO,14,0
2025,111,2025|I111S6C486J3V3,Semipresencial,Semipresencial,Plan Regular,Metropolitana,SANTIAGO,LAS CONDES,SEDE SAN CARLOS DE APOQUINDO,6,0
2025,111,2025|I111S9C204J2V1,Semipresencial,Vespertina,Plan Regular,Metropolitana,SANTIAGO,LA FLORIDA,SEDE PLAZA VESPUCIO,4,0
2025,111,2025|I111S9C410J2V1,Semipresencial,Vespertina,Plan Regular,Metropolitana,SANTIAGO,LA FLORIDA,SEDE PLAZA VESPUCIO,7,0
2025,111,2025|I111S9C441J2V1,Semipresencial,Vespertina,Plan Regular,Metropolitana,SANTIAGO,LA FLORIDA,SEDE PLAZA VESPUCIO,6,0
2025,111,2025|I111S9C455J2V1,Semipresencial,Vespertina,Plan Regular,Metropolitana,SANTIAGO,LA FLORIDA,SEDE PLAZA VESPUCIO,1,0
2025,111,2025|I111S9C484J3V1,Semipresencial,Semipresencial,Plan Regular,Metropolitana,SANTIAGO,LA FLORIDA,SEDE PLAZA VESPUCIO,16,0
2025,111,2025|I111S9C490J3V1,Semipresencial,Semipresencial,Plan Regular,Metropolitana,SANTIAGO,LA FLORIDA,SEDE PLAZA VESPUCIO,8,0
2025,111,2025|I111S9C492J3V1,Semipresencial,Semipresencial,Plan Regular,Metropolitana,SANTIAGO,LA FLORIDA,SEDE PLAZA VESPUCIO,1,0
2025,113,2025|I113S13C178J4V1,No Presencial,A Distancia,Plan Regular,Metropolitana,SANTIAGO,SANTIAGO,SEDE SANTIAGO,136,136
2025,113,2025|I113S13C259J4V1,No Presencial,A Distancia,Plan Regular,Metropolitana,SANTIAGO,SANTIAGO,SEDE SANTIAGO,86,86
2025,113,2025|I113S13C304J4V1,No Presencial,A Distancia,Plan Regular,Metropolitana,SANTIAGO,SANTIAGO,SEDE SANTIAGO,1,1
2025,113,2025|I113S13C316J4V1,No Presencial,A Distancia,Plan Regular,Metropolitana,SANTIAGO,SANTIAGO,SEDE SANTIAGO,19,19
2025,113,2025|I113S13C330J4V2,No Presencial,A Distancia,Plan Regular,Metropolitana,SANTIAGO,SANTIAGO,SEDE SANTIAGO,50,50
2025,113,2025|I113S13C372J4V3,No Presencial,A Distancia,Plan Regular,Metropolitana,SANTIAGO,SANTIAGO,SEDE SANTIAGO,36,36
2025,113,2025|I113S13C372J4V4,No Presencial,A Distancia,Plan Regular de Continuidad,Metropolitana,SANTIAGO,SANTIAGO,SEDE SANTIAGO,22,0
2025,113,2025|I113S13C411J4V2,No Presencial,A Distancia,Plan Regular,Metropolitana,SANTIAGO,SANTIAGO,SEDE SANTIAGO,31,31
2025,113,2025|I113S13C411J4V3,No Presencial,A Distancia,Plan Regular de Continuidad,Metropolitana,SANTIAGO,SANTIAGO,SEDE SANTIAGO,11,0
2025,113,2025|I113S13C412J4V2,No Presencial,A Distancia,Plan Regular,Metropolitana,SANTIAGO,SANTIAGO,SEDE SANTIAGO,16,16
2025,113,2025|I113S13C413J4V2,No Presencial,A Distancia,Plan Regular,Metropolitana,SANTIAGO,SANTIAGO,SEDE SANTIAGO,1,1
2025,113,2025|I113S13C433J4V1,No Presencial,A Distancia,Plan Regular de Continuidad,Metropolitana,SANTIAGO,SANTIAGO,SEDE SANTIAGO,251,0
2025,113,2025|I113S13C433J4V3,No Presencial,A Distancia,Plan Regular,Metropolitana,SANTIAGO,SANTIAGO,SEDE SANTIAGO,104,104
2025,113,2025|I113S13C436J4V1,No Presencial,A Distancia,Plan Regular,Metropolitana,SANTIAGO,SANTIAGO,SEDE SANTIAGO,21,21
2025,113,2025|I113S13C459J4V1,No Presencial,A Distancia,Plan Regular,Metropolitana,SANTIAGO,SANTIAGO,SEDE SANTIAGO,139,139
2025,113,2025|I113S13C496J4V1,No Presencial,A Distancia,Plan Regular,Metropolitana,SANTIAGO,SANTIAGO,SEDE SANTIAGO,119,119
2025,113,2025|I113S13C505J4V1,No Presencial,A Distancia,Plan Regular,Metropolitana,SANTIAGO,SANTIAGO,SEDE SANTIAGO,64,64
2025,113,2025|I113S13C506J4V1,No Presencial,A Distancia,Plan Regular,Metropolitana,SANTIAGO,SANTIAGO,SEDE SANTIAGO,63,63
2025,113,2025|I113S13C533J4V1,No Presencial,A Distancia,Plan Regular,Metropolitana,SANTIAGO,SANTIAGO,SEDE SANTIAGO,15,15
2025,113,2025|I113S13C542J4V2,No Presencial,A Distancia,Plan Regular,Metropolitana,SANTIAGO,SANTIAGO,SEDE SANTIAGO,46,46
2025,113,2025|I113S13C543J4V3,No Presencial,A Distancia,Plan Regular,Metropolitana,SANTIAGO,SANTIAGO,SEDE SANTIAGO,23,23
2025,113,2025|I113S13C548J4V1,No Presencial,A Distancia,Plan Regular de Continuidad,Metropolitana,SANTIAGO,SANTIAGO,SEDE SANTIAGO,15,0
2025,113,2025|I113S13C548J4V2,No Presencial,A Distancia,Plan Regular,Metropolitana,SANTIAGO,SANTIAGO,SEDE SANTIAGO,29,29
2025,113,2025|I113S13C553J4V1,No Presencial,A Distancia,Plan Regular de Continuidad,Metropolitana,SANTIAGO,SANTIAGO,SEDE SANTIAGO,45,0
2025,113,2025|I113S13C553J4V2,No Presencial,A Distancia,Plan Regular,Metropolitana,SANTIAGO,SANTIAGO,SEDE SANTIAGO,45,45
2025,113,2025|I113S13C566J4V1,No Presencial,A Distancia,Plan Regular,Metropolitana,SANTIAGO,SANTIAGO,SEDE SANTIAGO,23,23
2025,113,2025|I113S13C567J4V1,No Presencial,A Distancia,Plan Regular,Metropolitana,SANTIAGO,SANTIAGO,SEDE SANTIAGO,30,30
2025,113,2025|I113S13C568J4V1,No Presencial,A Distancia,Plan Regular,Metropolitana,SANTIAGO,SANTIAGO,SEDE SANTIAGO,79,79
2025,113,2025|I113S13C575J4V1,No Presencial,A Distancia,Plan Regular,Metropolitana,SANTIAGO,SANTIAGO,SEDE SANTIAGO,31,31
2025,113,2025|I113S13C575J4V2,No Presencial,A Distancia,Plan Regular de Continuidad,Metropolitana,SANTIAGO,SANTIAGO,SEDE SANTIAGO,103,0
2025,113,2025|I113S13C581J4V1,No Presencial,A Distancia,Plan Regular,Metropolitana,SANTIAGO,SANTIAGO,SEDE SANTIAGO,41,41
2025,113,2025|I113S13C581J4V2,No Presencial,A Distancia,Plan Regular de Continuidad,Metropolitana,SANTIAGO,SANTIAGO,SEDE SANTIAGO,35,0
2025,113,2025|I113S13C582J4V1,No Presencial,A Distancia,Plan Regular,Metropolitana,SANTIAGO,SANTIAGO,SEDE SANTIAGO,20,20
2025,113,2025|I113S13C583J4V1,No Presencial,A Distancia,Plan Regular,Metropolitana,SANTIAGO,SANTIAGO,SEDE SANTIAGO,8,8
2025,113,2025|I113S13C584J4V1,No Presencial,A Distancia,Plan Regular,Metropolitana,SANTIAGO,SANTIAGO,SEDE SANTIAGO,12,12
2025,113,2025|I113S13C585J4V1,No Presencial,A Distancia,Plan Regular,Metropolitana,SANTIAGO,SANTIAGO,SEDE SANTIAGO,39,39
2025,113,2025|I113S13C585J4V2,No Presencial,A Distancia,Plan Regular de Continuidad,Metropolitana,SANTIAGO,SANTIAGO,SEDE SANTIAGO,16,0
2025,113,2025|I113S13C586J4V1,No Presencial,A Distancia,Plan Regular,Metropolitana,SANTIAGO,SANTIAGO,SEDE SANTIAGO,40,40
2025,113,2025|I113S13C586J4V2,No Presencial,A Distancia,Plan Regular de Continuidad,Metropolitana,SANTIAGO,SANTIAGO,SEDE SANTIAGO,25,0
2025,113,2025|I113S13C587J4V1,No Presencial,A Distancia,Plan Regular,Metropolitana,SANTIAGO,SANTIAGO,SEDE SANTIAGO,30,30
2025,113,2025|I113S13C587J4V2,No Presencial,A Distancia,Plan Regular de Continuidad,Metropolitana,SANTIAGO,SANTIAGO,SEDE SANTIAGO,11,0
2025,113,2025|I113S13C588J4V1,No Presencial,A Distancia,Plan Regular,Metropolitana,SANTIAGO,SANTIAGO,SEDE SANTIAGO,14,14
2025,113,2025|I113S13C591J4V1,No Presencial,A Distancia,Plan Regular,Metropolitana,SANTIAGO,SANTIAGO,SEDE SANTIAGO,128,128
2025,113,2025|I113S13C591J4V2,No Presencial,A Distancia,Plan Regular de Continuidad,Metropolitana,SANTIAGO,SANTIAGO,SEDE SANTIAGO,135,0
2025,113,2025|I113S13C592J4V1,No Presencial,A Distancia,Plan Regular,Metropolitana,SANTIAGO,SANTIAGO,SEDE SANTIAGO,19,19
2025,113,2025|I113S13C593J4V1,No Presencial,A Distancia,Plan Regular,Metropolitana,SANTIAGO,SANTIAGO,SEDE SANTIAGO,70,70
2025,113,2025|I113S13C594J4V1,No Presencial,A Distancia,Plan Regular,Metropolitana,SANTIAGO,SANTIAGO,SEDE SANTIAGO,83,83
2025,113,2025|I113S13C602J4V1,No Presencial,A Distancia,Plan Regular,Metropolitana,SANTIAGO,SANTIAGO,SEDE SANTIAGO,25,25
2025,113,2025|I113S13C603J4V1,No Presencial,A Distancia,Plan Regular,Metropolitana,SANTIAGO,SANTIAGO,SEDE SANTIAGO,21,21
2025,113,2025|I113S13C603J4V2,No Presencial,A Distancia,Plan Regular de Continuidad,Metropolitana,SANTIAGO,SANTIAGO,SEDE SANTIAGO,57,0
2025,113,2025|I113S13C604J4V1,No Presencial,A Distancia,Plan Regular,Metropolitana,SANTIAGO,SANTIAGO,SEDE SANTIAGO,11,11
2025,113,2025|I113S13C61J4V1,No Presencial,A Distancia,Plan Regular,Metropolitana,SANTIAGO,SANTIAGO,SEDE SANTIAGO,100,100
2025,113,2025|I113S13C67J4V1,No Presencial,A Distancia,Plan Regular,Metropolitana,SANTIAGO,SANTIAGO,SEDE SANTIAGO,99,99
2025,113,2025|I113S7C178J4V1,No Presencial,A Distancia,Plan Regular,Metropolitana,SANTIAGO,PROVIDENCIA,SEDE PROVIDENCIA,36,0
2025,113,2025|I113S7C259J4V1,No Presencial,A Distancia,Plan Regular,Metropolitana,SANTIAGO,PROVIDENCIA,SEDE PROVIDENCIA,33,0
2025,113,2025|I113S7C304J4V1,No Presencial,A Distancia,Plan Regular,Metropolitana,SANTIAGO,PROVIDENCIA,SEDE PROVIDENCIA,5,0
2025,113,2025|I113S7C316J4V1,No Presencial,A Distancia,Plan Regular,Metropolitana,SANTIAGO,PROVIDENCIA,SEDE PROVIDENCIA,15,0
2025,113,2025|I113S7C330J4V2,No Presencial,A Distancia,Plan Regular,Metropolitana,SANTIAGO,PROVIDENCIA,SEDE PROVIDENCIA,19,0
2025,113,2025|I113S7C372J4V3,No Presencial,A Distancia,Plan Regular,Metropolitana,SANTIAGO,PROVIDENCIA,SEDE PROVIDENCIA,35,0
2025,113,2025|I113S7C392J4V3,No Presencial,A Distancia,Plan Regular,Metropolitana,SANTIAGO,PROVIDENCIA,SEDE PROVIDENCIA,1,0
2025,113,2025|I113S7C411J4V2,No Presencial,A Distancia,Plan Regular,Metropolitana,SANTIAGO,PROVIDENCIA,SEDE PROVIDENCIA,9,0
2025,113,2025|I113S7C412J4V2,No Presencial,A Distancia,Plan Regular,Metropolitana,SANTIAGO,PROVIDENCIA,SEDE PROVIDENCIA,12,0
2025,113,2025|I113S7C413J4V2,No Presencial,A Distancia,Plan Regular,Metropolitana,SANTIAGO,PROVIDENCIA,SEDE PROVIDENCIA,2,0
2025,113,2025|I113S7C430J4V1,No Presencial,A Distancia,Plan Regular de Continuidad,Metropolitana,SANTIAGO,PROVIDENCIA,SEDE PROVIDENCIA,2,0
2025,113,2025|I113S7C433J4V1,No Presencial,A Distancia,Plan Regular de Continuidad,Metropolitana,SANTIAGO,PROVIDENCIA,SEDE PROVIDENCIA,463,0
2025,113,2025|I113S7C433J4V3,No Presencial,A Distancia,Plan Regular,Metropolitana,SANTIAGO,PROVIDENCIA,SEDE PROVIDENCIA,55,0
2025,113,2025|I113S7C436J4V1,No Presencial,A Distancia,Plan Regular,Metropolitana,SANTIAGO,PROVIDENCIA,SEDE PROVIDENCIA,5,0
2025,113,2025|I113S7C459J4V1,No Presencial,A Distancia,Plan Regular,Metropolitana,SANTIAGO,PROVIDENCIA,SEDE PROVIDENCIA,81,0
2025,113,2025|I113S7C495J4V1,No Presencial,A Distancia,Plan Regular de Continuidad,Metropolitana,SANTIAGO,PROVIDENCIA,SEDE PROVIDENCIA,14,0
2025,113,2025|I113S7C495J4V2,No Presencial,A Distancia,Plan Regular,Metropolitana,SANTIAGO,PROVIDENCIA,SEDE PROVIDENCIA,2,0
2025,113,2025|I113S7C496J4V1,No Presencial,A Distancia,Plan Regular,Metropolitana,SANTIAGO,PROVIDENCIA,SEDE PROVIDENCIA,37,0
2025,113,2025|I113S7C505J4V1,No Presencial,A Distancia,Plan Regular,Metropolitana,SANTIAGO,PROVIDENCIA,SEDE PROVIDENCIA,59,0
2025,113,2025|I113S7C506J4V1,No Presencial,A Distancia,Plan Regular,Metropolitana,SANTIAGO,PROVIDENCIA,SEDE PROVIDENCIA,27,0
2025,113,2025|I113S7C507J4V1,No Presencial,A Distancia,Plan Regular,Metropolitana,SANTIAGO,PROVIDENCIA,SEDE PROVIDENCIA,1,0
2025,113,2025|I113S7C511J4V1,No Presencial,A Distancia,Plan Regular de Continuidad,Metropolitana,SANTIAGO,PROVIDENCIA,SEDE PROVIDENCIA,5,0
2025,113,2025|I113S7C533J4V1,No Presencial,A Distancia,Plan Regular,Metropolitana,SANTIAGO,PROVIDENCIA,SEDE PROVIDENCIA,10,0
2025,113,2025|I113S7C540J4V1,No Presencial,A Distancia,Plan Regular,Metropolitana,SANTIAGO,PROVIDENCIA,SEDE PROVIDENCIA,6,0
2025,113,2025|I113S7C542J4V2,No Presencial,A Distancia,Plan Regular,Metropolitana,SANTIAGO,PROVIDENCIA,SEDE PROVIDENCIA,25,0
2025,113,2025|I113S7C543J4V3,No Presencial,A Distancia,Plan Regular,Metropolitana,SANTIAGO,PROVIDENCIA,SEDE PROVIDENCIA,16,0
2025,113,2025|I113S7C548J4V1,No Presencial,A Distancia,Plan Regular de Continuidad,Metropolitana,SANTIAGO,PROVIDENCIA,SEDE PROVIDENCIA,10,0
2025,113,2025|I113S7C548J4V2,No Presencial,A Distancia,Plan Regular,Metropolitana,SANTIAGO,PROVIDENCIA,SEDE PROVIDENCIA,16,0
2025,113,2025|I113S7C553J4V1,No Presencial,A Distancia,Plan Regular de Continuidad,Metropolitana,SANTIAGO,PROVIDENCIA,SEDE PROVIDENCIA,57,0
2025,113,2025|I113S7C553J4V2,No Presencial,A Distancia,Plan Regular,Metropolitana,SANTIAGO,PROVIDENCIA,SEDE PROVIDENCIA,34,0
2025,113,2025|I113S7C567J4V1,No Presencial,A Distancia,Plan Regular,Metropolitana,SANTIAGO,PROVIDENCIA,SEDE PROVIDENCIA,25,0
2025,113,2025|I113S7C568J4V1,No Presencial,A Distancia,Plan Regular,Metropolitana,SANTIAGO,PROVIDENCIA,SEDE PROVIDENCIA,22,0
2025,113,2025|I113S7C575J4V1,No Presencial,A Distancia,Plan Regular,Metropolitana,SANTIAGO,PROVIDENCIA,SEDE PROVIDENCIA,15,0
2025,113,2025|I113S7C581J4V1,No Presencial,A Distancia,Plan Regular,Metropolitana,SANTIAGO,PROVIDENCIA,SEDE PROVIDENCIA,18,0
2025,113,2025|I113S7C584J4V1,No Presencial,A Distancia,Plan Regular,Metropolitana,SANTIAGO,PROVIDENCIA,SEDE PROVIDENCIA,5,0
2025,113,2025|I113S7C585J4V1,No Presencial,A Distancia,Plan Regular,Metropolitana,SANTIAGO,PROVIDENCIA,SEDE PROVIDENCIA,21,0
2025,113,2025|I113S7C586J4V1,No Presencial,A Distancia,Plan Regular,Metropolitana,SANTIAGO,PROVIDENCIA,SEDE PROVIDENCIA,30,0
2025,113,2025|I113S7C587J4V1,No Presencial,A Distancia,Plan Regular,Metropolitana,SANTIAGO,PROVIDENCIA,SEDE PROVIDENCIA,25,0
2025,113,2025|I113S7C588J4V1,No Presencial,A Distancia,Plan Regular,Metropolitana,SANTIAGO,PROVIDENCIA,SEDE PROVIDENCIA,5,0
2025,113,2025|I113S7C591J4V1,No Presencial,A Distancia,Plan Regular,Metropolitana,SANTIAGO,PROVIDENCIA,SEDE PROVIDENCIA,76,0
2025,113,2025|I113S7C593J4V1,No Presencial,A Distancia,Plan Regular,Metropolitana,SANTIAGO,PROVIDENCIA,SEDE PROVIDENCIA,22,0
2025,113,2025|I113S7C594J4V1,No Presencial,A Distancia,Plan Regular,Metropolitana,SANTIAGO,PROVIDENCIA,SEDE PROVIDENCIA,39,0
2025,113,2025|I113S7C61J4V1,No Presencial,A Distancia,Plan Regular,Metropolitana,SANTIAGO,PROVIDENCIA,SEDE PROVIDENCIA,86,0
2025,113,2025|I113S7C67J4V1,No Presencial,A Distancia,Plan Regular,Metropolitana,SANTIAGO,PROVIDENCIA,SEDE PROVIDENCIA,59,0
2025,116,2025|I116S10C201J2V1,Semipresencial,Vespertina,Plan Regular de Continuidad,Antofagasta,ANTOFAGASTA,ANTOFAGASTA,SEDE ANTOFAGASTA,69,0
2025,116,2025|I116S31C174J2V2,Semipresencial,Vespertina,Plan Regular de Continuidad,Metropolitana,SANTIAGO,SANTIAGO,SEDE SANTIAGO,1,0
2025,116,2025|I116S31C175J2V1,Semipresencial,Vespertina,Plan Regular de Continuidad,Metropolitana,SANTIAGO,SANTIAGO,SEDE SANTIAGO,20,0
2025,116,2025|I116S31C201J2V1,Semipresencial,Vespertina,Plan Regular de Continuidad,Metropolitana,SANTIAGO,SANTIAGO,SEDE SANTIAGO,19,0
2025,116,2025|I116S40C141J4V1,No Presencial,A Distancia,Plan Regular,Metropolitana,SANTIAGO,SAN JOAQUIN,SEDE VIRTUAL,156,47
2025,116,2025|I116S40C141J4V2,No Presencial,A Distancia,Plan Regular de Continuidad,Metropolitana,SANTIAGO,SAN JOAQUIN,SEDE VIRTUAL,19,0
2025,116,2025|I116S40C148J4V1,No Presencial,A Distancia,Plan Regular,Metropolitana,SANTIAGO,SAN JOAQUIN,SEDE VIRTUAL,234,59
2025,116,2025|I116S40C148J4V2,No Presencial,A Distancia,Plan Regular de Continuidad,Metropolitana,SANTIAGO,SAN JOAQUIN,SEDE VIRTUAL,17,0
2025,116,2025|I116S40C17J4V1,No Presencial,A Distancia,Plan Regular,Metropolitana,SANTIAGO,SAN JOAQUIN,SEDE VIRTUAL,308,103
2025,116,2025|I116S40C196J4V1,No Presencial,A Distancia,Plan Regular,Metropolitana,SANTIAGO,SAN JOAQUIN,SEDE VIRTUAL,326,111
2025,116,2025|I116S40C201J4V1,No Presencial,A Distancia,Plan Regular de Continuidad,Metropolitana,SANTIAGO,SAN JOAQUIN,SEDE VIRTUAL,13,0
2025,116,2025|I116S40C201J4V2,No Presencial,A Distancia,Plan Regular,Metropolitana,SANTIAGO,SAN JOAQUIN,SEDE VIRTUAL,185,65
2025,116,2025|I116S40C212J4V1,No Presencial,A Distancia,Plan Regular,Metropolitana,SANTIAGO,SAN JOAQUIN,SEDE VIRTUAL,53,51
2025,116,2025|I116S40C214J4V1,No Presencial,A Distancia,Plan Regular,Metropolitana,SANTIAGO,SAN JOAQUIN,SEDE VIRTUAL,63,63
2025,116,2025|I116S40C221J4V1,No Presencial,A Distancia,Plan Regular,Metropolitana,SANTIAGO,SAN JOAQUIN,SEDE VIRTUAL,273,75
2025,116,2025|I116S40C221J4V2,No Presencial,A Distancia,Plan Regular de Continuidad,Metropolitana,SANTIAGO,SAN JOAQUIN,SEDE VIRTUAL,50,0
2025,116,2025|I116S40C228J4V1,No Presencial,A Distancia,Plan Regular,Metropolitana,SANTIAGO,SAN JOAQUIN,SEDE VIRTUAL,120,41
2025,116,2025|I116S40C292J4V1,No Presencial,A Distancia,Plan Regular,Metropolitana,SANTIAGO,SAN JOAQUIN,SEDE VIRTUAL,33,32
2025,116,2025|I116S40C4J4V1,No Presencial,A Distancia,Plan Regular,Metropolitana,SANTIAGO,SAN JOAQUIN,SEDE VIRTUAL,209,62
2025,116,2025|I116S40C4J4V2,No Presencial,A Distancia,Plan Regular de Continuidad,Metropolitana,SANTIAGO,SAN JOAQUIN,SEDE VIRTUAL,20,0
2025,116,2025|I116S40C57J4V1,No Presencial,A Distancia,Plan Regular,Metropolitana,SANTIAGO,SAN JOAQUIN,SEDE VIRTUAL,45,43
2025,116,2025|I116S40C8J4V1,No Presencial,A Distancia,Plan Regular,Metropolitana,SANTIAGO,SAN JOAQUIN,SEDE VIRTUAL,47,45
2025,116,2025|I116S40C9J4V1,No Presencial,A Distancia,Plan Regular,Metropolitana,SANTIAGO,SAN JOAQUIN,SEDE VIRTUAL,252,72
2025,116,2025|I116S40C9J4V2,No Presencial,A Distancia,Plan Regular de Continuidad,Metropolitana,SANTIAGO,SAN JOAQUIN,SEDE VIRTUAL,6,0
2025,117,2025|I117S1C101J4V1,No Presencial,A Distancia,Plan Regular,Metropolitana,SANTIAGO,PROVIDENCIA,CASA CENTRAL (SANTIAGO),759,245
2025,117,2025|I117S1C102J4V1,No Presencial,A Distancia,Plan Regular,Metropolitana,SANTIAGO,PROVIDENCIA,CASA CENTRAL (SANTIAGO),81,0
2025,117,2025|I117S1C103J4V1,No Presencial,A Distancia,Plan Regular,Metropolitana,SANTIAGO,PROVIDENCIA,CASA CENTRAL (SANTIAGO),113,13
2025,117,2025|I117S1C107J4V1,No Presencial,A Distancia,Plan Regular,Metropolitana,SANTIAGO,PROVIDENCIA,CASA CENTRAL (SANTIAGO),1153,343
2025,117,2025|I117S1C108J4V1,No Presencial,A Distancia,Plan Regular,Metropolitana,SANTIAGO,PROVIDENCIA,CASA CENTRAL (SANTIAGO),611,214
2025,117,2025|I117S1C112J4V1,No Presencial,A Distancia,Plan Regular,Metropolitana,SANTIAGO,PROVIDENCIA,CASA CENTRAL (SANTIAGO),334,134
2025,117,2025|I117S1C114J4V1,No Presencial,A Distancia,Plan Regular,Metropolitana,SANTIAGO,PROVIDENCIA,CASA CENTRAL (SANTIAGO),20,0
2025,117,2025|I117S1C115J4V1,No Presencial,A Distancia,Plan Regular,Metropolitana,SANTIAGO,PROVIDENCIA,CASA CENTRAL (SANTIAGO),1686,705
2025,117,2025|I117S1C120J4V1,No Presencial,A Distancia,Plan Regular,Metropolitana,SANTIAGO,PROVIDENCIA,CASA CENTRAL (SANTIAGO),156,95
2025,117,2025|I117S1C121J4V1,No Presencial,A Distancia,Plan Regular,Metropolitana,SANTIAGO,PROVIDENCIA,CASA CENTRAL (SANTIAGO),183,106
2025,117,2025|I117S1C122J4V1,No Presencial,A Distancia,Plan Regular,Metropolitana,SANTIAGO,PROVIDENCIA,CASA CENTRAL (SANTIAGO),192,94
2025,117,2025|I117S1C126J4V1,No Presencial,A Distancia,Plan Regular,Metropolitana,SANTIAGO,PROVIDENCIA,CASA CENTRAL (SANTIAGO),492,492
2025,117,2025|I117S1C17J4V1,No Presencial,A Distancia,Plan Regular,Metropolitana,SANTIAGO,PROVIDENCIA,CASA CENTRAL (SANTIAGO),578,167
2025,117,2025|I117S1C1J4V1,No Presencial,A Distancia,Plan Regular,Metropolitana,SANTIAGO,PROVIDENCIA,CASA CENTRAL (SANTIAGO),2045,541
2025,117,2025|I117S1C27J4V1,No Presencial,A Distancia,Plan Regular,Metropolitana,SANTIAGO,PROVIDENCIA,CASA CENTRAL (SANTIAGO),1820,557
2025,117,2025|I117S1C29J4V1,No Presencial,A Distancia,Plan Regular,Metropolitana,SANTIAGO,PROVIDENCIA,CASA CENTRAL (SANTIAGO),799,212
2025,117,2025|I117S1C2J4V1,No Presencial,A Distancia,Plan Regular,Metropolitana,SANTIAGO,PROVIDENCIA,CASA CENTRAL (SANTIAGO),1668,467
2025,117,2025|I117S1C30J4V1,No Presencial,A Distancia,Plan Regular,Metropolitana,SANTIAGO,PROVIDENCIA,CASA CENTRAL (SANTIAGO),857,273
2025,117,2025|I117S1C31J4V1,No Presencial,A Distancia,Plan Regular,Metropolitana,SANTIAGO,PROVIDENCIA,CASA CENTRAL (SANTIAGO),470,171
2025,117,2025|I117S1C32J4V1,No Presencial,A Distancia,Plan Regular,Metropolitana,SANTIAGO,PROVIDENCIA,CASA CENTRAL (SANTIAGO),2,0
2025,117,2025|I117S1C35J4V1,No Presencial,A Distancia,Plan Regular,Metropolitana,SANTIAGO,PROVIDENCIA,CASA CENTRAL (SANTIAGO),1058,318
2025,117,2025|I117S1C46J4V1,No Presencial,A Distancia,Plan Regular,Metropolitana,SANTIAGO,PROVIDENCIA,CASA CENTRAL (SANTIAGO),416,152
2025,117,2025|I117S1C57J4V1,No Presencial,A Distancia,Plan Regular,Metropolitana,SANTIAGO,PROVIDENCIA,CASA CENTRAL (SANTIAGO),1087,294
2025,117,2025|I117S1C58J4V1,No Presencial,A Distancia,Plan Regular,Metropolitana,SANTIAGO,PROVIDENCIA,CASA CENTRAL (SANTIAGO),2,0
2025,117,2025|I117S1C59J4V1,No Presencial,A Distancia,Plan Regular,Metropolitana,SANTIAGO,PROVIDENCIA,CASA CENTRAL (SANTIAGO),509,192
2025,117,2025|I117S1C60J4V1,No Presencial,A Distancia,Plan Regular,Metropolitana,SANTIAGO,PROVIDENCIA,CASA CENTRAL (SANTIAGO),1267,442
2025,117,2025|I117S1C61J4V1,No Presencial,A Distancia,Plan Regular,Metropolitana,SANTIAGO,PROVIDENCIA,CASA CENTRAL (SANTIAGO),821,269
2025,117,2025|I117S1C62J4V1,No Presencial,A Distancia,Plan Regular,Metropolitana,SANTIAGO,PROVIDENCIA,CASA CENTRAL (SANTIAGO),573,167
2025,117,2025|I117S1C63J4V1,No Presencial,A Distancia,Plan Regular,Metropolitana,SANTIAGO,PROVIDENCIA,CASA CENTRAL (SANTIAGO),374,132
2025,117,2025|I117S1C65J4V1,No Presencial,A Distancia,Plan Regular,Metropolitana,SANTIAGO,PROVIDENCIA,CASA CENTRAL (SANTIAGO),591,153
2025,117,2025|I117S1C67J4V1,No Presencial,A Distancia,Plan Regular,Metropolitana,SANTIAGO,PROVIDENCIA,CASA CENTRAL (SANTIAGO),4339,1272
2025,117,2025|I117S1C68J4V1,No Presencial,A Distancia,Plan Regular,Metropolitana,SANTIAGO,PROVIDENCIA,CASA CENTRAL (SANTIAGO),62,0
2025,117,2025|I117S1C69J4V1,No Presencial,A Distancia,Plan Regular,Metropolitana,SANTIAGO,PROVIDENCIA,CASA CENTRAL (SANTIAGO),1488,477
2025,117,2025|I117S1C70J4V1,No Presencial,A Distancia,Plan Regular,Metropolitana,SANTIAGO,PROVIDENCIA,CASA CENTRAL (SANTIAGO),489,163
2025,117,2025|I117S1C71J4V1,No Presencial,A Distancia,Plan Regular,Metropolitana,SANTIAGO,PROVIDENCIA,CASA CENTRAL (SANTIAGO),570,188
2025,117,2025|I117S1C73J4V1,No Presencial,A Distancia,Plan Regular,Metropolitana,SANTIAGO,PROVIDENCIA,CASA CENTRAL (SANTIAGO),1942,815
2025,117,2025|I117S1C83J4V1,No Presencial,A Distancia,Plan Regular,Metropolitana,SANTIAGO,PROVIDENCIA,CASA CENTRAL (SANTIAGO),359,254
2025,117,2025|I117S1C84J4V1,No Presencial,A Distancia,Plan Regular,Metropolitana,SANTIAGO,PROVIDENCIA,CASA CENTRAL (SANTIAGO),1,0
2025,117,2025|I117S1C90J4V1,No Presencial,A Distancia,Plan Regular,Metropolitana,SANTIAGO,PROVIDENCIA,CASA CENTRAL (SANTIAGO),1113,406
2025,117,2025|I117S1C91J4V1,No Presencial,A Distancia,Plan Regular,Metropolitana,SANTIAGO,PROVIDENCIA,CASA CENTRAL (SANTIAGO),749,188
2025,117,2025|I117S1C96J4V1,No Presencial,A Distancia,Plan Regular,Metropolitana,SANTIAGO,PROVIDENCIA,CASA CENTRAL (SANTIAGO),767,193
2025,117,2025|I117S1C97J4V1,No Presencial,A Distancia,Plan Regular,Metropolitana,SANTIAGO,PROVIDENCIA,CASA CENTRAL (SANTIAGO),355,128
2025,123,2025|I123S2C128J4V1,No Presencial,A Distancia,Plan Regular,Metropolitana,SANTIAGO,SANTIAGO,CASA CENTRAL (SANTIAGO),103,47
2025,123,2025|I123S2C151J4V1,No Presencial,A Distancia,Plan Regular,Metropolitana,SANTIAGO,SANTIAGO,CASA CENTRAL (SANTIAGO),125,53
2025,123,2025|I123S2C16J4V1,No Presencial,A Distancia,Plan Regular,Metropolitana,SANTIAGO,SANTIAGO,CASA CENTRAL (SANTIAGO),23,0
2025,123,2025|I123S2C17J4V3,No Presencial,A Distancia,Plan Regular de Continuidad,Metropolitana,SANTIAGO,SANTIAGO,CASA CENTRAL (SANTIAGO),122,0
2025,123,2025|I123S2C18J4V1,No Presencial,A Distancia,Plan Regular,Metropolitana,SANTIAGO,SANTIAGO,CASA CENTRAL (SANTIAGO),448,93
2025,123,2025|I123S2C192J4V1,No Presencial,A Distancia,Plan Regular,Metropolitana,SANTIAGO,SANTIAGO,CASA CENTRAL (SANTIAGO),182,71
2025,123,2025|I123S2C198J4V1,No Presencial,A Distancia,Plan Regular,Metropolitana,SANTIAGO,SANTIAGO,CASA CENTRAL (SANTIAGO),240,53
2025,123,2025|I123S2C198J4V3,No Presencial,A Distancia,Plan Regular de Continuidad,Metropolitana,SANTIAGO,SANTIAGO,CASA CENTRAL (SANTIAGO),20,0
2025,123,2025|I123S2C199J4V1,No Presencial,A Distancia,Plan Regular,Metropolitana,SANTIAGO,SANTIAGO,CASA CENTRAL (SANTIAGO),12,0
2025,123,2025|I123S2C201J4V1,No Presencial,A Distancia,Plan Regular,Metropolitana,SANTIAGO,SANTIAGO,CASA CENTRAL (SANTIAGO),61,27
2025,123,2025|I123S2C203J4V1,No Presencial,A Distancia,Plan Regular,Metropolitana,SANTIAGO,SANTIAGO,CASA CENTRAL (SANTIAGO),56,23
2025,123,2025|I123S2C204J4V1,No Presencial,A Distancia,Plan Regular,Metropolitana,SANTIAGO,SANTIAGO,CASA CENTRAL (SANTIAGO),4,0
2025,123,2025|I123S2C210J4V2,No Presencial,A Distancia,Plan Regular de Continuidad,Metropolitana,SANTIAGO,SANTIAGO,CASA CENTRAL (SANTIAGO),217,0
2025,123,2025|I123S2C211J4V1,No Presencial,A Distancia,Plan Regular,Metropolitana,SANTIAGO,SANTIAGO,CASA CENTRAL (SANTIAGO),47,23
2025,123,2025|I123S2C218J4V1,No Presencial,A Distancia,Plan Regular,Metropolitana,SANTIAGO,SANTIAGO,CASA CENTRAL (SANTIAGO),67,29
2025,123,2025|I123S2C218J4V2,No Presencial,A Distancia,Plan Regular de Continuidad,Metropolitana,SANTIAGO,SANTIAGO,CASA CENTRAL (SANTIAGO),8,0
2025,123,2025|I123S2C219J4V1,No Presencial,A Distancia,Plan Regular,Metropolitana,SANTIAGO,SANTIAGO,CASA CENTRAL (SANTIAGO),112,24
2025,123,2025|I123S2C219J4V2,No Presencial,A Distancia,Plan Regular de Continuidad,Metropolitana,SANTIAGO,SANTIAGO,CASA CENTRAL (SANTIAGO),26,0
2025,123,2025|I123S2C220J4V1,No Presencial,A Distancia,Plan Regular,Metropolitana,SANTIAGO,SANTIAGO,CASA CENTRAL (SANTIAGO),105,30
2025,123,2025|I123S2C220J4V2,No Presencial,A Distancia,Plan Regular de Continuidad,Metropolitana,SANTIAGO,SANTIAGO,CASA CENTRAL (SANTIAGO),5,0
2025,123,2025|I123S2C221J4V1,No Presencial,A Distancia,Plan Regular,Metropolitana,SANTIAGO,SANTIAGO,CASA CENTRAL (SANTIAGO),49,19
2025,123,2025|I123S2C222J4V1,No Presencial,A Distancia,Plan Regular,Metropolitana,SANTIAGO,SANTIAGO,CASA CENTRAL (SANTIAGO),38,13
2025,123,2025|I123S2C223J4V1,No Presencial,A Distancia,Plan Regular,Metropolitana,SANTIAGO,SANTIAGO,CASA CENTRAL (SANTIAGO),119,60
2025,123,2025|I123S2C224J4V1,No Presencial,A Distancia,Plan Regular,Metropolitana,SANTIAGO,SANTIAGO,CASA CENTRAL (SANTIAGO),101,37
2025,123,2025|I123S2C229J4V1,No Presencial,A Distancia,Plan Regular,Metropolitana,SANTIAGO,SANTIAGO,CASA CENTRAL (SANTIAGO),37,25
2025,123,2025|I123S2C230J4V1,No Presencial,A Distancia,Plan Regular,Metropolitana,SANTIAGO,SANTIAGO,CASA CENTRAL (SANTIAGO),45,26
2025,123,2025|I123S2C231J4V1,No Presencial,A Distancia,Plan Regular,Metropolitana,SANTIAGO,SANTIAGO,CASA CENTRAL (SANTIAGO),104,79
2025,123,2025|I123S2C27J4V2,No Presencial,A Distancia,Plan Regular de Continuidad,Metropolitana,SANTIAGO,SANTIAGO,CASA CENTRAL (SANTIAGO),69,0
2025,123,2025|I123S2C28J4V3,No Presencial,A Distancia,Plan Regular de Continuidad,Metropolitana,SANTIAGO,SANTIAGO,CASA CENTRAL (SANTIAGO),1477,0
2025,123,2025|I123S2C31J4V2,No Presencial,A Distancia,Plan Regular de Continuidad,Metropolitana,SANTIAGO,SANTIAGO,CASA CENTRAL (SANTIAGO),349,0
2025,123,2025|I123S2C36J4V1,No Presencial,A Distancia,Plan Regular,Metropolitana,SANTIAGO,SANTIAGO,CASA CENTRAL (SANTIAGO),20,9
2025,123,2025|I123S2C37J4V1,No Presencial,A Distancia,Plan Regular,Metropolitana,SANTIAGO,SANTIAGO,CASA CENTRAL (SANTIAGO),16,0
2025,123,2025|I123S2C37J4V2,No Presencial,A Distancia,Plan Regular,Metropolitana,SANTIAGO,SANTIAGO,CASA CENTRAL (SANTIAGO),163,29
2025,123,2025|I123S2C37J4V3,No Presencial,A Distancia,Plan Regular de Continuidad,Metropolitana,SANTIAGO,SANTIAGO,CASA CENTRAL (SANTIAGO),46,0
2025,123,2025|I123S2C41J4V1,No Presencial,A Distancia,Plan Regular,Metropolitana,SANTIAGO,SANTIAGO,CASA CENTRAL (SANTIAGO),216,53
2025,123,2025|I123S2C41J4V3,No Presencial,A Distancia,Plan Regular de Continuidad,Metropolitana,SANTIAGO,SANTIAGO,CASA CENTRAL (SANTIAGO),40,0
2025,123,2025|I123S2C42J4V1,No Presencial,A Distancia,Plan Regular,Metropolitana,SANTIAGO,SANTIAGO,CASA CENTRAL (SANTIAGO),213,34
2025,123,2025|I123S2C42J4V2,No Presencial,A Distancia,Plan Regular de Continuidad,Metropolitana,SANTIAGO,SANTIAGO,CASA CENTRAL (SANTIAGO),45,0
2025,123,2025|I123S2C45J4V1,No Presencial,A Distancia,Plan Regular,Metropolitana,SANTIAGO,SANTIAGO,CASA CENTRAL (SANTIAGO),148,23
2025,123,2025|I123S2C45J4V3,No Presencial,A Distancia,Plan Regular de Continuidad,Metropolitana,SANTIAGO,SANTIAGO,CASA CENTRAL (SANTIAGO),44,0
2025,123,2025|I123S2C48J4V1,No Presencial,A Distancia,Plan Regular,Metropolitana,SANTIAGO,SANTIAGO,CASA CENTRAL (SANTIAGO),215,90
2025,123,2025|I123S2C49J4V1,No Presencial,A Distancia,Plan Regular,Metropolitana,SANTIAGO,SANTIAGO,CASA CENTRAL (SANTIAGO),86,38
2025,123,2025|I123S2C50J4V3,No Presencial,A Distancia,Plan Regular de Continuidad,Metropolitana,SANTIAGO,SANTIAGO,CASA CENTRAL (SANTIAGO),193,0
2025,123,2025|I123S2C51J4V1,No Presencial,A Distancia,Plan Regular,Metropolitana,SANTIAGO,SANTIAGO,CASA CENTRAL (SANTIAGO),157,65
2025,123,2025|I123S2C52J4V1,No Presencial,A Distancia,Plan Regular,Metropolitana,SANTIAGO,SANTIAGO,CASA CENTRAL (SANTIAGO),59,30
2025,123,2025|I123S2C55J4V1,No Presencial,A Distancia,Plan Regular,Metropolitana,SANTIAGO,SANTIAGO,CASA CENTRAL (SANTIAGO),49,28
2025,123,2025|I123S2C56J4V1,No Presencial,A Distancia,Plan Regular,Metropolitana,SANTIAGO,SANTIAGO,CASA CENTRAL (SANTIAGO),143,64
2025,123,2025|I123S2C9J4V1,No Presencial,A Distancia,Plan Regular,Metropolitana,SANTIAGO,SANTIAGO,CASA CENTRAL (SANTIAGO),127,37
2025,123,2025|I123S2C9J4V3,No Presencial,A Distancia,Plan Regular de Continuidad,Metropolitana,SANTIAGO,SANTIAGO,CASA CENTRAL (SANTIAGO),14,0
2025,129,2025|I129S1C30J4V2,No Presencial,A Distancia,Plan Regular,Metropolitana,SANTIAGO,VITACURA,CASA CENTRAL (SANTIAGO),47,19
2025,137,2025|I137S1C11J4V1,No Presencial,A Distancia,Plan Regular,Metropolitana,SANTIAGO,PROVIDENCIA,CASA CENTRAL,54,0
2025,137,2025|I137S1C2J4V2,No Presencial,A Distancia,Plan Regular,Metropolitana,SANTIAGO,PROVIDENCIA,CASA CENTRAL,116,0
2025,137,2025|I137S1C40J4V1,No Presencial,A Distancia,Plan Regular,Metropolitana,SANTIAGO,PROVIDENCIA,CASA CENTRAL,50,49
2025,137,2025|I137S1C45J4V1,No Presencial,A Distancia,Plan Regular,Metropolitana,SANTIAGO,PROVIDENCIA,CASA CENTRAL,107,107
2025,139,2025|I139S3C178J4V1,No Presencial,A Distancia,Plan Regular,Biobío,CONCEPCION,CONCEPCION,CASA CENTRAL (CONCEPCION),34,23
2025,139,2025|I139S3C199J4V1,No Presencial,A Distancia,Plan Regular,Biobío,CONCEPCION,CONCEPCION,CASA CENTRAL (CONCEPCION),39,20
2025,139,2025|I139S3C49J4V1,No Presencial,A Distancia,Plan Especial,Biobío,CONCEPCION,CONCEPCION,CASA CENTRAL (CONCEPCION),82,44
2025,143,2025|I143S12C34J3V1,Semipresencial,Semipresencial,Plan Regular,Los Lagos,LLANQUIHUE,PUERTO MONTT,SEDE PUERTO MONTT,24,15
2025,143,2025|I143S12C53J3V1,Semipresencial,Semipresencial,Plan Regular,Los Lagos,LLANQUIHUE,PUERTO MONTT,SEDE PUERTO MONTT,4,0
2025,143,2025|I143S13C62J3V1,Semipresencial,Semipresencial,Plan Regular,Biobío,CONCEPCION,CONCEPCION,SEDE CONCEPCION,52,35
2025,143,2025|I143S15C15J3V2,Semipresencial,Semipresencial,Plan Regular,Metropolitana,SANTIAGO,SANTIAGO,SEDE BARRIO UNIVERSITARIO,21,21
2025,143,2025|I143S15C730J3V1,Semipresencial,Semipresencial,Plan Regular,Metropolitana,SANTIAGO,SANTIAGO,SEDE BARRIO UNIVERSITARIO,20,19
2025,143,2025|I143S20C30J3V1,Semipresencial,Semipresencial,Plan Regular,La Araucanía,CAUTIN,TEMUCO,SEDE TEMUCO,1,1
2025,143,2025|I143S22C34J3V1,Semipresencial,Semipresencial,Plan Regular,Maule,TALCA,TALCA,SEDE TALCA,29,18
2025,143,2025|I143S22C62J3V1,Semipresencial,Semipresencial,Plan Regular,Maule,TALCA,TALCA,SEDE TALCA,26,16
2025,143,2025|I143S23C59J3V1,Semipresencial,Semipresencial,Plan Regular,Metropolitana,SANTIAGO,SAN JOAQUIN,SEDE SAN JOAQUIN,13,13
2025,143,2025|I143S23C664J3V1,Semipresencial,Semipresencial,Plan Regular,Metropolitana,SANTIAGO,SAN JOAQUIN,SEDE SAN JOAQUIN,28,28
2025,143,2025|I143S26C111J3V1,Semipresencial,Semipresencial,Plan Regular,Metropolitana,SANTIAGO,SANTIAGO,SEDE BELLAVISTA,3,0
2025,143,2025|I143S26C112J3V1,Semipresencial,Semipresencial,Plan Regular,Metropolitana,SANTIAGO,SANTIAGO,SEDE BELLAVISTA,1,0
2025,143,2025|I143S26C113J3V1,Semipresencial,Semipresencial,Plan Regular,Metropolitana,SANTIAGO,SANTIAGO,SEDE BELLAVISTA,2,1
2025,143,2025|I143S26C609J3V2,Semipresencial,Semipresencial,Plan Regular,Metropolitana,SANTIAGO,SANTIAGO,SEDE BELLAVISTA,10,10
2025,143,2025|I143S26C616J3V2,Semipresencial,Semipresencial,Plan Regular,Metropolitana,SANTIAGO,SANTIAGO,SEDE BELLAVISTA,21,19
2025,143,2025|I143S28C100J4V1,No Presencial,A Distancia,Plan Regular,Metropolitana,SANTIAGO,CONCHALI,SEDE ONLINE,323,179
2025,143,2025|I143S28C111J4V1,No Presencial,A Distancia,Plan Regular,Metropolitana,SANTIAGO,CONCHALI,SEDE ONLINE,385,18
2025,143,2025|I143S28C112J4V1,No Presencial,A Distancia,Plan Regular,Metropolitana,SANTIAGO,CONCHALI,SEDE ONLINE,197,3
2025,143,2025|I143S28C113J4V1,No Presencial,A Distancia,Plan Regular,Metropolitana,SANTIAGO,CONCHALI,SEDE ONLINE,554,26
2025,143,2025|I143S28C115J4V1,No Presencial,A Distancia,Plan Regular,Metropolitana,SANTIAGO,CONCHALI,SEDE ONLINE,346,113
2025,143,2025|I143S28C117J4V1,No Presencial,A Distancia,Plan Regular,Metropolitana,SANTIAGO,CONCHALI,SEDE ONLINE,184,72
2025,143,2025|I143S28C118J4V1,No Presencial,A Distancia,Plan Regular,Metropolitana,SANTIAGO,CONCHALI,SEDE ONLINE,380,138
2025,143,2025|I143S28C15J4V2,No Presencial,A Distancia,Plan Regular,Metropolitana,SANTIAGO,CONCHALI,SEDE ONLINE,205,195
2025,143,2025|I143S28C219J4V1,No Presencial,A Distancia,Plan Regular,Metropolitana,SANTIAGO,CONCHALI,SEDE ONLINE,559,44
2025,143,2025|I143S28C27J4V1,No Presencial,A Distancia,Plan Regular,Metropolitana,SANTIAGO,CONCHALI,SEDE ONLINE,465,204
2025,143,2025|I143S28C28J4V1,No Presencial,A Distancia,Plan Regular,Metropolitana,SANTIAGO,CONCHALI,SEDE ONLINE,1471,292
2025,143,2025|I143S28C29J4V1,No Presencial,A Distancia,Plan Regular,Metropolitana,SANTIAGO,CONCHALI,SEDE ONLINE,414,3
2025,143,2025|I143S28C30J4V1,No Presencial,A Distancia,Plan Regular,Metropolitana,SANTIAGO,CONCHALI,SEDE ONLINE,464,164
2025,143,2025|I143S28C34J3V1,Semipresencial,Semipresencial,Plan Regular,Metropolitana,SANTIAGO,CONCHALI,SEDE ONLINE,89,20
2025,143,2025|I143S28C39J4V1,No Presencial,A Distancia,Plan Regular,Metropolitana,SANTIAGO,CONCHALI,SEDE ONLINE,137,68
2025,143,2025|I143S28C469J4V1,No Presencial,A Distancia,Plan Regular,Metropolitana,SANTIAGO,CONCHALI,SEDE ONLINE,299,111
2025,143,2025|I143S28C53J3V1,Semipresencial,Semipresencial,Plan Regular,Metropolitana,SANTIAGO,CONCHALI,SEDE ONLINE,23,0
2025,143,2025|I143S28C614J4V1,No Presencial,A Distancia,Plan Regular,Metropolitana,SANTIAGO,CONCHALI,SEDE ONLINE,87,59
2025,143,2025|I143S28C614J4V2,No Presencial,A Distancia,Plan Regular,Metropolitana,SANTIAGO,CONCHALI,SEDE ONLINE,1,0
2025,143,2025|I143S28C616J3V2,Semipresencial,Semipresencial,Plan Regular,Metropolitana,SANTIAGO,CONCHALI,SEDE ONLINE,31,0
2025,143,2025|I143S28C62J3V1,Semipresencial,Semipresencial,Plan Regular,Metropolitana,SANTIAGO,CONCHALI,SEDE ONLINE,66,23
2025,143,2025|I143S28C645J4V1,No Presencial,A Distancia,Plan Regular,Metropolitana,SANTIAGO,CONCHALI,SEDE ONLINE,778,315
2025,143,2025|I143S28C650J4V2,No Presencial,A Distancia,Plan Regular,Metropolitana,SANTIAGO,CONCHALI,SEDE ONLINE,410,162
2025,143,2025|I143S28C651J4V1,No Presencial,A Distancia,Plan Regular,Metropolitana,SANTIAGO,CONCHALI,SEDE ONLINE,940,332
2025,143,2025|I143S28C653J4V1,No Presencial,A Distancia,Plan Regular,Metropolitana,SANTIAGO,CONCHALI,SEDE ONLINE,209,64
2025,143,2025|I143S28C654J4V1,No Presencial,A Distancia,Plan Regular,Metropolitana,SANTIAGO,CONCHALI,SEDE ONLINE,490,236
2025,143,2025|I143S28C655J4V1,No Presencial,A Distancia,Plan Regular,Metropolitana,SANTIAGO,CONCHALI,SEDE ONLINE,330,132
2025,143,2025|I143S28C660J4V1,No Presencial,A Distancia,Plan Regular,Metropolitana,SANTIAGO,CONCHALI,SEDE ONLINE,645,136
2025,143,2025|I143S28C665J4V1,No Presencial,A Distancia,Plan Regular,Metropolitana,SANTIAGO,CONCHALI,SEDE ONLINE,837,176
2025,143,2025|I143S28C667J4V1,No Presencial,A Distancia,Plan Regular,Metropolitana,SANTIAGO,CONCHALI,SEDE ONLINE,19,2
2025,143,2025|I143S28C668J4V1,No Presencial,A Distancia,Plan Regular,Metropolitana,SANTIAGO,CONCHALI,SEDE ONLINE,11,0
2025,143,2025|I143S28C677J4V1,No Presencial,A Distancia,Plan Regular,Metropolitana,SANTIAGO,CONCHALI,SEDE ONLINE,556,178
2025,143,2025|I143S28C700J4V1,No Presencial,A Distancia,Plan Regular,Metropolitana,SANTIAGO,CONCHALI,SEDE ONLINE,165,74
2025,143,2025|I143S28C701J4V1,No Presencial,A Distancia,Plan Regular,Metropolitana,SANTIAGO,CONCHALI,SEDE ONLINE,135,50
2025,143,2025|I143S28C702J4V1,No Presencial,A Distancia,Plan Regular,Metropolitana,SANTIAGO,CONCHALI,SEDE ONLINE,672,209
2025,143,2025|I143S28C703J4V1,No Presencial,A Distancia,Plan Regular,Metropolitana,SANTIAGO,CONCHALI,SEDE ONLINE,208,56
2025,143,2025|I143S28C707J4V1,No Presencial,A Distancia,Plan Regular,Metropolitana,SANTIAGO,CONCHALI,SEDE ONLINE,1046,444
2025,143,2025|I143S28C708J4V1,No Presencial,A Distancia,Plan Regular,Metropolitana,SANTIAGO,CONCHALI,SEDE ONLINE,233,116
2025,143,2025|I143S28C709J4V1,No Presencial,A Distancia,Plan Regular,Metropolitana,SANTIAGO,CONCHALI,SEDE ONLINE,193,93
2025,143,2025|I143S28C710J4V1,No Presencial,A Distancia,Plan Regular,Metropolitana,SANTIAGO,CONCHALI,SEDE ONLINE,6,0
2025,143,2025|I143S28C711J4V1,No Presencial,A Distancia,Plan Regular,Metropolitana,SANTIAGO,CONCHALI,SEDE ONLINE,172,65
2025,143,2025|I143S28C712J4V1,No Presencial,A Distancia,Plan Regular,Metropolitana,SANTIAGO,CONCHALI,SEDE ONLINE,63,29
2025,143,2025|I143S28C713J4V1,No Presencial,A Distancia,Plan Regular,Metropolitana,SANTIAGO,CONCHALI,SEDE ONLINE,178,71
2025,143,2025|I143S28C714J4V1,No Presencial,A Distancia,Plan Regular,Metropolitana,SANTIAGO,CONCHALI,SEDE ONLINE,60,24
2025,143,2025|I143S28C728J4V1,No Presencial,A Distancia,Plan Regular,Metropolitana,SANTIAGO,CONCHALI,SEDE ONLINE,60,49
2025,143,2025|I143S28C730J3V1,Semipresencial,Semipresencial,Plan Regular,Metropolitana,SANTIAGO,CONCHALI,SEDE ONLINE,11,11
2025,143,2025|I143S28C736J4V1,No Presencial,A Distancia,Plan Regular,Metropolitana,SANTIAGO,CONCHALI,SEDE ONLINE,242,164
2025,143,2025|I143S28C73J4V1,No Presencial,A Distancia,Plan Regular,Metropolitana,SANTIAGO,CONCHALI,SEDE ONLINE,567,147
2025,143,2025|I143S28C742J4V1,No Presencial,A Distancia,Plan Regular,Metropolitana,SANTIAGO,CONCHALI,SEDE ONLINE,292,284
2025,143,2025|I143S28C743J4V1,No Presencial,A Distancia,Plan Regular,Metropolitana,SANTIAGO,CONCHALI,SEDE ONLINE,58,56
2025,143,2025|I143S28C744J4V1,No Presencial,A Distancia,Plan Regular,Metropolitana,SANTIAGO,CONCHALI,SEDE ONLINE,108,104
2025,143,2025|I143S28C745J4V1,No Presencial,A Distancia,Plan Regular,Metropolitana,SANTIAGO,CONCHALI,SEDE ONLINE,87,84
2025,143,2025|I143S28C77J4V1,No Presencial,A Distancia,Plan Regular,Metropolitana,SANTIAGO,CONCHALI,SEDE ONLINE,792,218
2025,143,2025|I143S28C83J4V1,No Presencial,A Distancia,Plan Regular,Metropolitana,SANTIAGO,CONCHALI,SEDE ONLINE,385,123
2025,143,2025|I143S28C95J4V1,No Presencial,A Distancia,Plan Regular,Metropolitana,SANTIAGO,CONCHALI,SEDE ONLINE,1213,283
2025,143,2025|I143S28C9J4V1,No Presencial,A Distancia,Plan Regular,Metropolitana,SANTIAGO,CONCHALI,SEDE ONLINE,524,162
2025,143,2025|I143S29C645J3V1,Semipresencial,Semipresencial,Plan Regular,Metropolitana,SANTIAGO,MAIPU,SEDE MAIPU,1,0
2025,143,2025|I143S2C690J3V1,Semipresencial,Semipresencial,Plan Regular,Antofagasta,ANTOFAGASTA,ANTOFAGASTA,SEDE ANTOFAGASTA,16,15
2025,143,2025|I143S2C77J3V1,Semipresencial,Semipresencial,Plan Regular,Antofagasta,ANTOFAGASTA,ANTOFAGASTA,SEDE ANTOFAGASTA,32,17
2025,143,2025|I143S30C645J3V1,Semipresencial,Semipresencial,Plan Regular,Metropolitana,MAIPO,SAN BERNARDO,SEDE SAN BERNARDO,1,0
2025,143,2025|I143S32C34J3V2,Semipresencial,Semipresencial,Plan Regular,Los Lagos,CHILOE,CASTRO,SEDE CASTRO,34,16
2025,143,2025|I143S32C62J3V2,Semipresencial,Semipresencial,Plan Regular,Los Lagos,CHILOE,CASTRO,SEDE CASTRO,22,0
2025,143,2025|I143S33C62J3V1,Semipresencial,Semipresencial,Plan Regular,Ñuble,DIGUILLIN,CHILLAN,SEDE CHILLAN,19,19
2025,143,2025|I143S5C118J3V1,Semipresencial,Semipresencial,Plan Regular,Antofagasta,EL LOA,CALAMA,SEDE CALAMA,1,1
2025,152,2025|I152S10C100J4V2,No Presencial,A Distancia,Plan Regular,Metropolitana,SANTIAGO,SANTIAGO,SEDE SANTIAGO,90,60
2025,152,2025|I152S10C107J4V4,No Presencial,A Distancia,Plan Regular,Metropolitana,SANTIAGO,SANTIAGO,SEDE SANTIAGO,1955,398
2025,152,2025|I152S10C144J4V1,No Presencial,A Distancia,Plan Regular,Metropolitana,SANTIAGO,SANTIAGO,SEDE SANTIAGO,1093,256
2025,152,2025|I152S10C18J3V1,Semipresencial,Semipresencial,Plan Regular,Metropolitana,SANTIAGO,SANTIAGO,SEDE SANTIAGO,490,40
2025,152,2025|I152S10C1J4V3,No Presencial,A Distancia,Plan Regular,Metropolitana,SANTIAGO,SANTIAGO,SEDE SANTIAGO,474,110
2025,152,2025|I152S10C21J4V5,No Presencial,A Distancia,Plan Regular,Metropolitana,SANTIAGO,SANTIAGO,SEDE SANTIAGO,1697,238
2025,152,2025|I152S10C22J2V1,Semipresencial,Vespertina,Plan Regular,Metropolitana,SANTIAGO,SANTIAGO,SEDE SANTIAGO,1656,530
2025,152,2025|I152S10C259J3V5,Semipresencial,Semipresencial,Plan Regular,Metropolitana,SANTIAGO,SANTIAGO,SEDE SANTIAGO,87,47
2025,152,2025|I152S10C274J4V5,No Presencial,A Distancia,Plan Regular,Metropolitana,SANTIAGO,SANTIAGO,SEDE SANTIAGO,2839,557
2025,152,2025|I152S10C278J4V3,No Presencial,A Distancia,Plan Regular,Metropolitana,SANTIAGO,SANTIAGO,SEDE SANTIAGO,605,240
2025,152,2025|I152S10C279J3V2,Semipresencial,Semipresencial,Plan Regular,Metropolitana,SANTIAGO,SANTIAGO,SEDE SANTIAGO,1328,488
2025,152,2025|I152S10C281J4V4,No Presencial,A Distancia,Plan Regular,Metropolitana,SANTIAGO,SANTIAGO,SEDE SANTIAGO,2,0
2025,152,2025|I152S10C282J4V4,No Presencial,A Distancia,Plan Regular,Metropolitana,SANTIAGO,SANTIAGO,SEDE SANTIAGO,871,345
2025,152,2025|I152S10C283J4V4,No Presencial,A Distancia,Plan Regular,Metropolitana,SANTIAGO,SANTIAGO,SEDE SANTIAGO,421,166
2025,152,2025|I152S10C295J4V4,No Presencial,A Distancia,Plan Regular,Metropolitana,SANTIAGO,SANTIAGO,SEDE SANTIAGO,817,323
2025,152,2025|I152S10C297J3V1,Semipresencial,Semipresencial,Plan Regular,Metropolitana,SANTIAGO,SANTIAGO,SEDE SANTIAGO,306,134
2025,152,2025|I152S10C300J4V3,No Presencial,A Distancia,Plan Regular,Metropolitana,SANTIAGO,SANTIAGO,SEDE SANTIAGO,791,286
2025,152,2025|I152S10C301J3V4,Semipresencial,Semipresencial,Plan Regular,Metropolitana,SANTIAGO,SANTIAGO,SEDE SANTIAGO,413,188
2025,152,2025|I152S10C314J4V1,No Presencial,A Distancia,Plan Regular,Metropolitana,SANTIAGO,SANTIAGO,SEDE SANTIAGO,54,0
2025,152,2025|I152S10C316J4V2,No Presencial,A Distancia,Plan Regular,Metropolitana,SANTIAGO,SANTIAGO,SEDE SANTIAGO,1153,198
2025,152,2025|I152S10C318J4V2,No Presencial,A Distancia,Plan Regular,Metropolitana,SANTIAGO,SANTIAGO,SEDE SANTIAGO,988,236
2025,152,2025|I152S10C319J4V3,No Presencial,A Distancia,Plan Regular,Metropolitana,SANTIAGO,SANTIAGO,SEDE SANTIAGO,726,0
2025,152,2025|I152S10C321J4V3,No Presencial,A Distancia,Plan Regular,Metropolitana,SANTIAGO,SANTIAGO,SEDE SANTIAGO,510,188
2025,152,2025|I152S10C323J4V3,No Presencial,A Distancia,Plan Regular,Metropolitana,SANTIAGO,SANTIAGO,SEDE SANTIAGO,1251,461
2025,152,2025|I152S10C325J4V2,No Presencial,A Distancia,Plan Regular,Metropolitana,SANTIAGO,SANTIAGO,SEDE SANTIAGO,1108,0
2025,152,2025|I152S10C326J4V6,No Presencial,A Distancia,Plan Regular,Metropolitana,SANTIAGO,SANTIAGO,SEDE SANTIAGO,1661,617
2025,152,2025|I152S10C327J4V2,No Presencial,A Distancia,Plan Regular,Metropolitana,SANTIAGO,SANTIAGO,SEDE SANTIAGO,28,0
2025,152,2025|I152S10C328J4V6,No Presencial,A Distancia,Plan Regular,Metropolitana,SANTIAGO,SANTIAGO,SEDE SANTIAGO,356,134
2025,152,2025|I152S10C363J4V2,No Presencial,A Distancia,Plan Regular,Metropolitana,SANTIAGO,SANTIAGO,SEDE SANTIAGO,55,0
2025,152,2025|I152S10C364J4V1,No Presencial,A Distancia,Plan Regular,Metropolitana,SANTIAGO,SANTIAGO,SEDE SANTIAGO,112,112
2025,152,2025|I152S10C369J4V1,No Presencial,A Distancia,Plan Regular,Metropolitana,SANTIAGO,SANTIAGO,SEDE SANTIAGO,98,0
2025,152,2025|I152S10C370J2V1,Semipresencial,Vespertina,Plan Regular,Metropolitana,SANTIAGO,SANTIAGO,SEDE SANTIAGO,231,96
2025,152,2025|I152S10C371J4V1,No Presencial,A Distancia,Plan Regular,Metropolitana,SANTIAGO,SANTIAGO,SEDE SANTIAGO,14,0
2025,152,2025|I152S10C372J4V1,No Presencial,A Distancia,Plan Regular,Metropolitana,SANTIAGO,SANTIAGO,SEDE SANTIAGO,31,0
2025,152,2025|I152S10C383J4V1,No Presencial,A Distancia,Plan Regular,Metropolitana,SANTIAGO,SANTIAGO,SEDE SANTIAGO,505,161
2025,152,2025|I152S10C387J4V1,No Presencial,A Distancia,Plan Regular,Metropolitana,SANTIAGO,SANTIAGO,SEDE SANTIAGO,10,0
2025,152,2025|I152S10C389J4V1,No Presencial,A Distancia,Plan Regular,Metropolitana,SANTIAGO,SANTIAGO,SEDE SANTIAGO,90,0
2025,152,2025|I152S10C38J4V1,No Presencial,A Distancia,Plan Regular,Metropolitana,SANTIAGO,SANTIAGO,SEDE SANTIAGO,574,174
2025,152,2025|I152S10C390J3V1,Semipresencial,Semipresencial,Plan Regular,Metropolitana,SANTIAGO,SANTIAGO,SEDE SANTIAGO,158,78
2025,152,2025|I152S10C394J3V1,Semipresencial,Semipresencial,Plan Regular,Metropolitana,SANTIAGO,SANTIAGO,SEDE SANTIAGO,167,68
2025,152,2025|I152S10C395J4V1,No Presencial,A Distancia,Plan Regular,Metropolitana,SANTIAGO,SANTIAGO,SEDE SANTIAGO,2154,739
2025,152,2025|I152S10C396J4V1,No Presencial,A Distancia,Plan Regular,Metropolitana,SANTIAGO,SANTIAGO,SEDE SANTIAGO,67,0
2025,152,2025|I152S10C398J4V1,No Presencial,A Distancia,Plan Regular,Metropolitana,SANTIAGO,SANTIAGO,SEDE SANTIAGO,257,143
2025,152,2025|I152S10C41J4V4,No Presencial,A Distancia,Plan Regular,Metropolitana,SANTIAGO,SANTIAGO,SEDE SANTIAGO,3941,728
2025,152,2025|I152S10C420J4V1,No Presencial,A Distancia,Plan Regular,Metropolitana,SANTIAGO,SANTIAGO,SEDE SANTIAGO,1083,433
2025,152,2025|I152S10C421J4V1,No Presencial,A Distancia,Plan Regular,Metropolitana,SANTIAGO,SANTIAGO,SEDE SANTIAGO,776,375
2025,152,2025|I152S10C428J4V1,No Presencial,A Distancia,Plan Regular,Metropolitana,SANTIAGO,SANTIAGO,SEDE SANTIAGO,1762,539
2025,152,2025|I152S10C429J3V1,Semipresencial,Semipresencial,Plan Regular,Metropolitana,SANTIAGO,SANTIAGO,SEDE SANTIAGO,364,118
2025,152,2025|I152S10C430J4V1,No Presencial,A Distancia,Plan Regular,Metropolitana,SANTIAGO,SANTIAGO,SEDE SANTIAGO,476,110
2025,152,2025|I152S10C431J4V1,No Presencial,A Distancia,Plan Regular,Metropolitana,SANTIAGO,SANTIAGO,SEDE SANTIAGO,1639,753
2025,152,2025|I152S10C432J3V1,Semipresencial,Semipresencial,Plan Regular,Metropolitana,SANTIAGO,SANTIAGO,SEDE SANTIAGO,48,19
2025,152,2025|I152S10C445J3V1,Semipresencial,Semipresencial,Plan Regular,Metropolitana,SANTIAGO,SANTIAGO,SEDE SANTIAGO,492,195
2025,152,2025|I152S10C446J4V1,No Presencial,A Distancia,Plan Regular,Metropolitana,SANTIAGO,SANTIAGO,SEDE SANTIAGO,133,73
2025,152,2025|I152S10C452J4V1,No Presencial,A Distancia,Plan Regular,Metropolitana,SANTIAGO,SANTIAGO,SEDE SANTIAGO,380,175
2025,152,2025|I152S10C454J4V1,No Presencial,A Distancia,Plan Regular,Metropolitana,SANTIAGO,SANTIAGO,SEDE SANTIAGO,550,194
2025,152,2025|I152S10C455J3V1,Semipresencial,Semipresencial,Plan Regular,Metropolitana,SANTIAGO,SANTIAGO,SEDE SANTIAGO,1924,434
2025,152,2025|I152S10C456J4V1,No Presencial,A Distancia,Plan Regular,Metropolitana,SANTIAGO,SANTIAGO,SEDE SANTIAGO,146,38
2025,152,2025|I152S10C457J4V1,No Presencial,A Distancia,Plan Regular,Metropolitana,SANTIAGO,SANTIAGO,SEDE SANTIAGO,126,67
2025,152,2025|I152S10C458J4V1,No Presencial,A Distancia,Plan Regular,Metropolitana,SANTIAGO,SANTIAGO,SEDE SANTIAGO,384,165
2025,152,2025|I152S10C459J4V1,No Presencial,A Distancia,Plan Regular,Metropolitana,SANTIAGO,SANTIAGO,SEDE SANTIAGO,75,41
2025,152,2025|I152S10C470J4V1,No Presencial,A Distancia,Plan Regular,Metropolitana,SANTIAGO,SANTIAGO,SEDE SANTIAGO,105,55
2025,152,2025|I152S10C471J4V1,No Presencial,A Distancia,Plan Regular,Metropolitana,SANTIAGO,SANTIAGO,SEDE SANTIAGO,104,46
2025,152,2025|I152S10C472J4V1,No Presencial,A Distancia,Plan Regular,Metropolitana,SANTIAGO,SANTIAGO,SEDE SANTIAGO,2084,651
2025,152,2025|I152S10C473J4V1,No Presencial,A Distancia,Plan Regular,Metropolitana,SANTIAGO,SANTIAGO,SEDE SANTIAGO,309,131
2025,152,2025|I152S10C474J3V1,Semipresencial,Semipresencial,Plan Regular,Metropolitana,SANTIAGO,SANTIAGO,SEDE SANTIAGO,133,131
2025,152,2025|I152S10C474J4V1,No Presencial,A Distancia,Plan Regular de Continuidad,Metropolitana,SANTIAGO,SANTIAGO,SEDE SANTIAGO,242,0
2025,152,2025|I152S10C475J4V1,No Presencial,A Distancia,Plan Regular,Metropolitana,SANTIAGO,SANTIAGO,SEDE SANTIAGO,382,206
2025,152,2025|I152S10C476J4V1,No Presencial,A Distancia,Plan Regular,Metropolitana,SANTIAGO,SANTIAGO,SEDE SANTIAGO,132,61
2025,152,2025|I152S10C477J3V1,Semipresencial,Semipresencial,Plan Regular,Metropolitana,SANTIAGO,SANTIAGO,SEDE SANTIAGO,100,46
2025,152,2025|I152S10C478J4V1,No Presencial,A Distancia,Plan Regular,Metropolitana,SANTIAGO,SANTIAGO,SEDE SANTIAGO,727,423
2025,152,2025|I152S10C479J4V1,No Presencial,A Distancia,Plan Regular,Metropolitana,SANTIAGO,SANTIAGO,SEDE SANTIAGO,515,289
2025,152,2025|I152S10C480J4V1,No Presencial,A Distancia,Plan Regular,Metropolitana,SANTIAGO,SANTIAGO,SEDE SANTIAGO,152,88
2025,152,2025|I152S10C493J4V1,No Presencial,A Distancia,Plan Regular,Metropolitana,SANTIAGO,SANTIAGO,SEDE SANTIAGO,75,66
2025,152,2025|I152S10C494J3V1,Semipresencial,Semipresencial,Plan Regular,Metropolitana,SANTIAGO,SANTIAGO,SEDE SANTIAGO,253,206
2025,152,2025|I152S10C50J4V3,No Presencial,A Distancia,Plan Regular,Metropolitana,SANTIAGO,SANTIAGO,SEDE SANTIAGO,821,349
2025,152,2025|I152S10C9J4V4,No Presencial,A Distancia,Plan Regular,Metropolitana,SANTIAGO,SANTIAGO,SEDE SANTIAGO,661,123
2025,162,2025|I162S2C1J4V2,No Presencial,A Distancia,Plan Regular,Metropolitana,SANTIAGO,SANTIAGO,CASA CENTRAL (SANTIAGO),254,96
2025,162,2025|I162S2C1J4V3,No Presencial,A Distancia,Plan Regular de Continuidad,Metropolitana,SANTIAGO,SANTIAGO,CASA CENTRAL (SANTIAGO),34,0
2025,162,2025|I162S2C3J4V2,No Presencial,A Distancia,Plan Regular,Metropolitana,SANTIAGO,SANTIAGO,CASA CENTRAL (SANTIAGO),244,57
2025,162,2025|I162S2C3J4V3,No Presencial,A Distancia,Plan Regular de Continuidad,Metropolitana,SANTIAGO,SANTIAGO,CASA CENTRAL (SANTIAGO),43,0
2025,162,2025|I162S2C46J4V1,No Presencial,A Distancia,Plan Regular de Continuidad,Metropolitana,SANTIAGO,SANTIAGO,CASA CENTRAL (SANTIAGO),42,0
2025,162,2025|I162S2C46J4V3,No Presencial,A Distancia,Plan Regular,Metropolitana,SANTIAGO,SANTIAGO,CASA CENTRAL (SANTIAGO),264,89
2025,162,2025|I162S2C47J4V1,No Presencial,A Distancia,Plan Regular,Metropolitana,SANTIAGO,SANTIAGO,CASA CENTRAL (SANTIAGO),140,67
2025,162,2025|I162S2C57J4V1,No Presencial,A Distancia,Plan Regular,Metropolitana,SANTIAGO,SANTIAGO,CASA CENTRAL (SANTIAGO),306,133
2025,162,2025|I162S2C6J4V2,No Presencial,A Distancia,Plan Regular,Metropolitana,SANTIAGO,SANTIAGO,CASA CENTRAL (SANTIAGO),63,38
2025,162,2025|I162S2C76J4V1,No Presencial,A Distancia,Plan Regular,Metropolitana,SANTIAGO,SANTIAGO,CASA CENTRAL (SANTIAGO),84,78
2025,162,2025|I162S2C76J4V2,No Presencial,A Distancia,Plan Regular de Continuidad,Metropolitana,SANTIAGO,SANTIAGO,CASA CENTRAL (SANTIAGO),17,0
2025,162,2025|I162S2C77J4V1,No Presencial,A Distancia,Plan Regular,Metropolitana,SANTIAGO,SANTIAGO,CASA CENTRAL (SANTIAGO),62,54
2025,162,2025|I162S2C77J4V2,No Presencial,A Distancia,Plan Regular de Continuidad,Metropolitana,SANTIAGO,SANTIAGO,CASA CENTRAL (SANTIAGO),14,0
2025,162,2025|I162S2C78J4V1,No Presencial,A Distancia,Plan Regular,Metropolitana,SANTIAGO,SANTIAGO,CASA CENTRAL (SANTIAGO),74,65
2025,162,2025|I162S2C79J4V1,No Presencial,A Distancia,Plan Regular,Metropolitana,SANTIAGO,SANTIAGO,CASA CENTRAL (SANTIAGO),74,66
2025,162,2025|I162S2C83J4V1,No Presencial,A Distancia,Plan Regular,Metropolitana,SANTIAGO,SANTIAGO,CASA CENTRAL (SANTIAGO),70,70
2025,162,2025|I162S2C84J4V1,No Presencial,A Distancia,Plan Regular,Metropolitana,SANTIAGO,SANTIAGO,CASA CENTRAL (SANTIAGO),22,22
2025,162,2025|I162S2C85J4V1,No Presencial,A Distancia,Plan Regular,Metropolitana,SANTIAGO,SANTIAGO,CASA CENTRAL (SANTIAGO),38,38
2025,162,2025|I162S2C86J4V1,No Presencial,A Distancia,Plan Regular,Metropolitana,SANTIAGO,SANTIAGO,CASA CENTRAL (SANTIAGO),41,41
2025,162,2025|I162S2C87J4V1,No Presencial,A Distancia,Plan Regular de Continuidad,Metropolitana,SANTIAGO,SANTIAGO,CASA CENTRAL (SANTIAGO),37,0
2025,162,2025|I162S2C88J4V1,No Presencial,A Distancia,Plan Regular,Metropolitana,SANTIAGO,SANTIAGO,CASA CENTRAL (SANTIAGO),43,42
2025,162,2025|I162S2C89J4V1,No Presencial,A Distancia,Plan Regular,Metropolitana,SANTIAGO,SANTIAGO,CASA CENTRAL (SANTIAGO),23,23
2024,171,2024|I171S1C26J4V2,No Presencial,A Distancia,Plan Especial,Metropolitana,SANTIAGO,SANTIAGO,CASA CENTRAL (SANTIAGO),56,41
2023,426,2023|I426S1C1J4V2,No Presencial,A Distancia,Plan Regular,Metropolitana,SANTIAGO,SANTIAGO,CASA CENTRAL (SANTIAGO),119,39
2024,171,2024|I171S1C66J4V1,No Presencial,A Distancia,Plan Regular,Metropolitana,SANTIAGO,SANTIAGO,CASA CENTRAL (SANTIAGO),37,37
2026,171,2026|I171S1C107J4V1,No Presencial,A Distancia,Plan Regular,Metropolitana,SANTIAGO,SANTIAGO,CASA CENTRAL (SANTIAGO),35,35
2025,171,2025|I171S1C74J4V2,No Presencial,A Distancia,Plan Especial,Metropolitana,SANTIAGO,SANTIAGO,CASA CENTRAL (SANTIAGO),47,35
2026,171,2026|I171S1C106J4V1,No Presencial,A Distancia,Plan Regular,Metropolitana,SANTIAGO,SANTIAGO,CASA CENTRAL (SANTIAGO),34,34
2025,171,2025|I171S1C64J4V1,No Presencial,A Distancia,Plan Regular,Metropolitana,SANTIAGO,SANTIAGO,CASA CENTRAL (SANTIAGO),51,34
2026,171,2026|I171S1C29J4V1,No Presencial,A Distancia,Plan Regular,Metropolitana,SANTIAGO,SANTIAGO,CASA CENTRAL (SANTIAGO),33,33
2026,171,2026|I171S1C105J4V1,No Presencial,A Distancia,Plan Regular,Metropolitana,SANTIAGO,SANTIAGO,CASA CENTRAL (SANTIAGO),32,32
2026,171,2026|I171S1C104J4V1,No Presencial,A Distancia,Plan Regular,Metropolitana,SANTIAGO,SANTIAGO,CASA CENTRAL (SANTIAGO),31,31
2023,426,2023|I426S1C10J4V2,No Presencial,A Distancia,Plan Regular,Metropolitana,SANTIAGO,SANTIAGO,CASA CENTRAL (SANTIAGO),77,31
2023,171,2023|I171S1C26J4V1,No Presencial,A Distancia,Plan Regular,Metropolitana,SANTIAGO,SANTIAGO,CASA CENTRAL (SANTIAGO),116,30
2023,171,2023|I171S1C56J4V1,No Presencial,A Distancia,Plan Regular,Metropolitana,SANTIAGO,SANTIAGO,CASA CENTRAL (SANTIAGO),133,29
2024,171,2024|I171S1C41J4V1,No Presencial,A Distancia,Plan Regular,Metropolitana,SANTIAGO,SANTIAGO,CASA CENTRAL (SANTIAGO),28,27
2024,171,2024|I171S1C81J4V1,No Presencial,A Distancia,Plan Regular,Metropolitana,SANTIAGO,SANTIAGO,CASA CENTRAL (SANTIAGO),27,27
2025,171,2025|I171S1C84J4V2,No Presencial,A Distancia,Plan Especial,Metropolitana,SANTIAGO,SANTIAGO,CASA CENTRAL (SANTIAGO),25,25
2025,171,2025|I171S1C75J4V4,No Presencial,A Distancia,Plan Especial,Metropolitana,SANTIAGO,SANTIAGO,CASA CENTRAL (SANTIAGO),23,23
2024,171,2024|I171S1C60J4V4,No Presencial,A Distancia,Plan Especial,Metropolitana,SANTIAGO,SANTIAGO,CASA CENTRAL (SANTIAGO),23,23
2024,171,2024|I171S1C71J4V2,No Presencial,A Distancia,Plan Especial,Metropolitana,SANTIAGO,SANTIAGO,CASA CENTRAL (SANTIAGO),44,23
2023,426,2023|I426S1C50J4V2,No Presencial,A Distancia,Plan Regular,Metropolitana,SANTIAGO,SANTIAGO,CASA CENTRAL (SANTIAGO),49,22
2023,171,2023|I171S1C11J4V1,No Presencial,A Distancia,Plan Especial,Metropolitana,SANTIAGO,SANTIAGO,CASA CENTRAL (SANTIAGO),61,20
2025,171,2025|I171S1C83J4V1,No Presencial,A Distancia,Plan Regular,Metropolitana,SANTIAGO,SANTIAGO,CASA CENTRAL (SANTIAGO),19,19
2023,171,2023|I171S1C24J4V2,No Presencial,A Distancia,Plan Regular,Metropolitana,SANTIAGO,SANTIAGO,CASA CENTRAL (SANTIAGO),73,19
2023,171,2023|I171S1C27J4V2,No Presencial,A Distancia,Plan Regular,Metropolitana,SANTIAGO,SANTIAGO,CASA CENTRAL (SANTIAGO),90,18
2023,171,2023|I171S1C26J4V2,No Presencial,A Distancia,Plan Especial,Metropolitana,SANTIAGO,SANTIAGO,CASA CENTRAL (SANTIAGO),88,17
2023,426,2023|I426S1C13J4V2,No Presencial,A Distancia,Plan Regular,Metropolitana,SANTIAGO,SANTIAGO,CASA CENTRAL (SANTIAGO),68,17
2026,171,2026|I171S1C83J4V1,No Presencial,A Distancia,Plan Regular,Metropolitana,SANTIAGO,SANTIAGO,CASA CENTRAL (SANTIAGO),28,16
2023,171,2023|I171S1C28J4V1,No Presencial,A Distancia,Plan Regular,Metropolitana,SANTIAGO,SANTIAGO,CASA CENTRAL (SANTIAGO),93,16
2023,171,2023|I171S1C71J4V2,No Presencial,A Distancia,Plan Especial,Metropolitana,SANTIAGO,SANTIAGO,CASA CENTRAL (SANTIAGO),34,16
2024,171,2024|I171S1C76J4V2,No Presencial,A Distancia,Plan Especial,Metropolitana,SANTIAGO,SANTIAGO,CASA CENTRAL (SANTIAGO),24,15
2025,171,2025|I171S1C73J4V2,No Presencial,A Distancia,Plan Especial,Metropolitana,SANTIAGO,SANTIAGO,CASA CENTRAL (SANTIAGO),14,14
2023,171,2023|I171S1C28J4V2,No Presencial,A Distancia,Plan Especial,Metropolitana,SANTIAGO,SANTIAGO,CASA CENTRAL (SANTIAGO),97,13
2023,171,2023|I171S1C76J4V1,No Presencial,A Distancia,Plan Regular,Metropolitana,SANTIAGO,SANTIAGO,CASA CENTRAL (SANTIAGO),19,13
2023,171,2023|I171S1C39J4V2,No Presencial,A Distancia,Plan Especial,Metropolitana,SANTIAGO,SANTIAGO,CASA CENTRAL (SANTIAGO),62,12
2023,426,2023|I426S1C26J4V2,No Presencial,A Distancia,Plan Regular,Metropolitana,SANTIAGO,SANTIAGO,CASA CENTRAL (SANTIAGO),21,12
2025,693,2025|I693S0C0J4V1,No Presencial,A Distancia,Plan Especial,Metropolitana,SANTIAGO,PROVIDENCIA,CASA CENTRAL,61,18
2025,693,2025|I693S0C18J4V1,No Presencial,A Distancia,Plan Regular,Metropolitana,SANTIAGO,PROVIDENCIA,CASA CENTRAL,18,18
2025,218,2025|I218S1C10J3V2,Semipresencial,Semipresencial,Plan Regular,Metropolitana,SANTIAGO,SANTIAGO,CASA CENTRAL (SANTIAGO),105,59
2025,218,2025|I218S1C125J4V2,No Presencial,A Distancia,Plan Regular,Metropolitana,SANTIAGO,SANTIAGO,CASA CENTRAL (SANTIAGO),34,26
2025,218,2025|I218S1C137J4V2,No Presencial,A Distancia,Plan Regular,Metropolitana,SANTIAGO,SANTIAGO,CASA CENTRAL (SANTIAGO),27,22
2025,218,2025|I218S1C150J4V2,No Presencial,A Distancia,Plan Regular,Metropolitana,SANTIAGO,SANTIAGO,CASA CENTRAL (SANTIAGO),25,16
2025,218,2025|I218S1C152J3V2,Semipresencial,Semipresencial,Plan Regular,Metropolitana,SANTIAGO,SANTIAGO,CASA CENTRAL (SANTIAGO),44,44
2025,218,2025|I218S1C25J4V2,No Presencial,A Distancia,Plan Regular,Metropolitana,SANTIAGO,SANTIAGO,CASA CENTRAL (SANTIAGO),109,80
2025,218,2025|I218S1C37J4V2,No Presencial,A Distancia,Plan Regular,Metropolitana,SANTIAGO,SANTIAGO,CASA CENTRAL (SANTIAGO),212,122
2025,218,2025|I218S1C41J4V2,No Presencial,A Distancia,Plan Regular,Metropolitana,SANTIAGO,SANTIAGO,CASA CENTRAL (SANTIAGO),37,23
2025,260,2025|I260S51C107J4V1,No Presencial,A Distancia,Plan Regular,Metropolitana,SANTIAGO,SANTIAGO,SEDE VIRTUAL,255,74
2025,260,2025|I260S51C120J4V1,No Presencial,A Distancia,Plan Regular,Metropolitana,SANTIAGO,SANTIAGO,SEDE VIRTUAL,364,113
2025,260,2025|I260S51C234J4V1,No Presencial,A Distancia,Plan Regular,Metropolitana,SANTIAGO,SANTIAGO,SEDE VIRTUAL,53,50
2025,260,2025|I260S51C263J4V1,No Presencial,A Distancia,Plan Regular,Metropolitana,SANTIAGO,SANTIAGO,SEDE VIRTUAL,67,58
2025,312,2025|I312S1C101J4V2,No Presencial,A Distancia,Plan Especial,Metropolitana,SANTIAGO,SANTIAGO,CASA CENTRAL (SANTIAGO),264,46
2025,312,2025|I312S1C101J4V6,No Presencial,A Distancia,Plan Regular,Metropolitana,SANTIAGO,SANTIAGO,CASA CENTRAL (SANTIAGO),258,51
2025,312,2025|I312S1C102J4V1,No Presencial,A Distancia,Plan Regular,Metropolitana,SANTIAGO,SANTIAGO,CASA CENTRAL (SANTIAGO),92,13
2025,312,2025|I312S1C102J4V3,No Presencial,A Distancia,Plan Especial,Metropolitana,SANTIAGO,SANTIAGO,CASA CENTRAL (SANTIAGO),101,18
2025,312,2025|I312S1C103J4V1,No Presencial,A Distancia,Plan Regular,Metropolitana,SANTIAGO,SANTIAGO,CASA CENTRAL (SANTIAGO),128,26
2025,312,2025|I312S1C103J4V2,No Presencial,A Distancia,Plan Especial,Metropolitana,SANTIAGO,SANTIAGO,CASA CENTRAL (SANTIAGO),139,19
2025,312,2025|I312S1C110J4V1,No Presencial,A Distancia,Plan Regular,Metropolitana,SANTIAGO,SANTIAGO,CASA CENTRAL (SANTIAGO),99,24
2025,312,2025|I312S1C110J4V3,No Presencial,A Distancia,Plan Especial,Metropolitana,SANTIAGO,SANTIAGO,CASA CENTRAL (SANTIAGO),205,51
2025,312,2025|I312S1C116J4V1,No Presencial,A Distancia,Plan Regular,Metropolitana,SANTIAGO,SANTIAGO,CASA CENTRAL (SANTIAGO),58,0
2025,312,2025|I312S1C116J4V4,No Presencial,A Distancia,Plan Especial,Metropolitana,SANTIAGO,SANTIAGO,CASA CENTRAL (SANTIAGO),59,0
2025,312,2025|I312S1C120J4V1,No Presencial,A Distancia,Plan Especial,Metropolitana,SANTIAGO,SANTIAGO,CASA CENTRAL (SANTIAGO),64,10
2025,312,2025|I312S1C121J4V1,No Presencial,A Distancia,Plan Regular,Metropolitana,SANTIAGO,SANTIAGO,CASA CENTRAL (SANTIAGO),49,14
2025,312,2025|I312S1C121J4V2,No Presencial,A Distancia,Plan Especial,Metropolitana,SANTIAGO,SANTIAGO,CASA CENTRAL (SANTIAGO),28,2
2025,312,2025|I312S1C122J4V1,No Presencial,A Distancia,Plan Regular,Metropolitana,SANTIAGO,SANTIAGO,CASA CENTRAL (SANTIAGO),145,23
2025,312,2025|I312S1C122J4V2,No Presencial,A Distancia,Plan Especial,Metropolitana,SANTIAGO,SANTIAGO,CASA CENTRAL (SANTIAGO),176,30
2025,312,2025|I312S1C123J4V1,No Presencial,A Distancia,Plan Regular,Metropolitana,SANTIAGO,SANTIAGO,CASA CENTRAL (SANTIAGO),20,4
2025,312,2025|I312S1C123J4V2,No Presencial,A Distancia,Plan Especial,Metropolitana,SANTIAGO,SANTIAGO,CASA CENTRAL (SANTIAGO),42,25
2025,312,2025|I312S1C124J4V1,No Presencial,A Distancia,Plan Regular,Metropolitana,SANTIAGO,SANTIAGO,CASA CENTRAL (SANTIAGO),24,0
2025,312,2025|I312S1C124J4V2,No Presencial,A Distancia,Plan Especial,Metropolitana,SANTIAGO,SANTIAGO,CASA CENTRAL (SANTIAGO),11,0
2025,312,2025|I312S1C13J4V1,No Presencial,A Distancia,Plan Regular,Metropolitana,SANTIAGO,SANTIAGO,CASA CENTRAL (SANTIAGO),114,31
2025,312,2025|I312S1C13J4V2,No Presencial,A Distancia,Plan Especial,Metropolitana,SANTIAGO,SANTIAGO,CASA CENTRAL (SANTIAGO),135,23
2025,312,2025|I312S1C25J4V3,No Presencial,A Distancia,Plan Especial,Metropolitana,SANTIAGO,SANTIAGO,CASA CENTRAL (SANTIAGO),184,42
2025,312,2025|I312S1C56J4V1,No Presencial,A Distancia,Plan Regular,Metropolitana,SANTIAGO,SANTIAGO,CASA CENTRAL (SANTIAGO),165,36
2025,312,2025|I312S1C56J4V4,No Presencial,A Distancia,Plan Especial,Metropolitana,SANTIAGO,SANTIAGO,CASA CENTRAL (SANTIAGO),271,51
2025,312,2025|I312S1C80J4V1,No Presencial,A Distancia,Plan Regular,Metropolitana,SANTIAGO,SANTIAGO,CASA CENTRAL (SANTIAGO),141,23
2025,312,2025|I312S1C80J4V3,No Presencial,A Distancia,Plan Especial,Metropolitana,SANTIAGO,SANTIAGO,CASA CENTRAL (SANTIAGO),142,26
2025,312,2025|I312S1C82J4V1,No Presencial,A Distancia,Plan Regular,Metropolitana,SANTIAGO,SANTIAGO,CASA CENTRAL (SANTIAGO),144,35
2025,312,2025|I312S1C82J4V3,No Presencial,A Distancia,Plan Especial,Metropolitana,SANTIAGO,SANTIAGO,CASA CENTRAL (SANTIAGO),262,52
2025,312,2025|I312S1C83J4V1,No Presencial,A Distancia,Plan Regular,Metropolitana,SANTIAGO,SANTIAGO,CASA CENTRAL (SANTIAGO),1,0
2025,312,2025|I312S1C84J4V3,No Presencial,A Distancia,Plan Especial,Metropolitana,SANTIAGO,SANTIAGO,CASA CENTRAL (SANTIAGO),447,103
2025,312,2025|I312S1C84J4V4,No Presencial,A Distancia,Plan Regular,Metropolitana,SANTIAGO,SANTIAGO,CASA CENTRAL (SANTIAGO),467,140
2025,312,2025|I312S1C86J4V1,No Presencial,A Distancia,Plan Regular,Metropolitana,SANTIAGO,SANTIAGO,CASA CENTRAL (SANTIAGO),46,9
2025,312,2025|I312S1C86J4V3,No Presencial,A Distancia,Plan Especial,Metropolitana,SANTIAGO,SANTIAGO,CASA CENTRAL (SANTIAGO),176,49
2025,312,2025|I312S1C89J4V1,No Presencial,A Distancia,Plan Regular,Metropolitana,SANTIAGO,SANTIAGO,CASA CENTRAL (SANTIAGO),266,42
2025,312,2025|I312S1C89J4V3,No Presencial,A Distancia,Plan Especial,Metropolitana,SANTIAGO,SANTIAGO,CASA CENTRAL (SANTIAGO),208,37
2025,312,2025|I312S1C96J4V3,No Presencial,A Distancia,Plan Especial,Metropolitana,SANTIAGO,SANTIAGO,CASA CENTRAL (SANTIAGO),59,28
2025,319,2025|I319S8C37J4V1,No Presencial,A Distancia,Plan Regular,Valparaíso,VALPARAISO,VIÑA DEL MAR,SEDE VIÑA DEL MAR,176,68
2025,382,2025|I382S1C49J4V1,No Presencial,A Distancia,Plan Regular,Metropolitana,SANTIAGO,SANTIAGO,CASA CENTRAL (SANTIAGO),7,7
2025,382,2025|I382S1C50J4V1,No Presencial,A Distancia,Plan Regular,Metropolitana,SANTIAGO,SANTIAGO,CASA CENTRAL (SANTIAGO),20,20
2023,426,2023|I426S1C2J4V2,No Presencial,A Distancia,Plan Regular,Metropolitana,SANTIAGO,SANTIAGO,CASA CENTRAL (SANTIAGO),22,12
2023,171,2023|I171S1C57J4V3,No Presencial,A Distancia,Plan Especial,Metropolitana,SANTIAGO,SANTIAGO,CASA CENTRAL (SANTIAGO),86,11
2023,171,2023|I171S1C39J4V1,No Presencial,A Distancia,Plan Regular,Metropolitana,SANTIAGO,SANTIAGO,CASA CENTRAL (SANTIAGO),80,9
2023,426,2023|I426S1C40J4V2,No Presencial,A Distancia,Plan Regular,Metropolitana,SANTIAGO,SANTIAGO,CASA CENTRAL (SANTIAGO),36,9
2024,171,2024|I171S1C64J4V1,No Presencial,A Distancia,Plan Regular,Metropolitana,SANTIAGO,SANTIAGO,CASA CENTRAL (SANTIAGO),9,8
2023,426,2023|I426S1C10J4V1,No Presencial,A Distancia,Plan Regular,Metropolitana,SANTIAGO,SANTIAGO,CASA CENTRAL (SANTIAGO),11,7
2023,426,2023|I426S1C5J4V1,No Presencial,A Distancia,Plan Regular,Metropolitana,SANTIAGO,SANTIAGO,CASA CENTRAL (SANTIAGO),12,6
2023,171,2023|I171S1C58J4V1,No Presencial,A Distancia,Plan Especial,Metropolitana,SANTIAGO,SANTIAGO,CASA CENTRAL (SANTIAGO),43,5
2023,171,2023|I171S1C70J4V1,No Presencial,A Distancia,Plan Regular,Metropolitana,SANTIAGO,SANTIAGO,CASA CENTRAL (SANTIAGO),5,5
2023,171,2023|I171S1C71J4V1,No Presencial,A Distancia,Plan Regular,Metropolitana,SANTIAGO,SANTIAGO,CASA CENTRAL (SANTIAGO),10,5
2023,171,2023|I171S1C74J4V1,No Presencial,A Distancia,Plan Regular,Metropolitana,SANTIAGO,SANTIAGO,CASA CENTRAL (SANTIAGO),9,5
2023,426,2023|I426S1C13J4V1,No Presencial,A Distancia,Plan Regular,Metropolitana,SANTIAGO,SANTIAGO,CASA CENTRAL (SANTIAGO),11,5
2023,426,2023|I426S1C1J4V1,No Presencial,A Distancia,Plan Regular,Metropolitana,SANTIAGO,SANTIAGO,CASA CENTRAL (SANTIAGO),16,5
2025,430,2025|I430S40C201J4V1,No Presencial,A Distancia,Plan Regular,Metropolitana,SANTIAGO,VITACURA,SEDE ONLINE,698,458
2025,430,2025|I430S40C2J4V1,No Presencial,A Distancia,Plan Regular,Metropolitana,SANTIAGO,VITACURA,SEDE ONLINE,162,161
2025,430,2025|I430S40C351J4V1,No Presencial,A Distancia,Plan Regular,Metropolitana,SANTIAGO,VITACURA,SEDE ONLINE,111,110
2025,435,2025|I435S1C1J4V1,No Presencial,A Distancia,Plan Regular,Metropolitana,SANTIAGO,ÑUÑOA,CASA CENTRAL (SANTIAGO),80,29
2025,435,2025|I435S2C114J3V2,Semipresencial,Semipresencial,Plan Especial,Metropolitana,MAIPO,BUIN,SEDE BUIN,70,0
2025,435,2025|I435S2C114J3V3,Semipresencial,Semipresencial,Plan Regular,Metropolitana,MAIPO,BUIN,SEDE BUIN,45,45
2025,435,2025|I435S2C195J3V1,Semipresencial,Semipresencial,Plan Regular,Metropolitana,MAIPO,BUIN,SEDE BUIN,18,18
2025,629,2025|I629S0C100J4V1,No Presencial,A Distancia,Plan Regular,Valparaíso,VALPARAISO,VALPARAISO,CASA CENTRAL (VALPARAISO),52,19
2025,629,2025|I629S0C10J4V1,No Presencial,A Distancia,Plan Regular,Valparaíso,VALPARAISO,VALPARAISO,CASA CENTRAL (VALPARAISO),7,7
2025,629,2025|I629S0C113J4V1,No Presencial,A Distancia,Plan Regular,Valparaíso,VALPARAISO,VALPARAISO,CASA CENTRAL (VALPARAISO),71,34
2025,629,2025|I629S0C115J4V1,No Presencial,A Distancia,Plan Regular,Valparaíso,VALPARAISO,VALPARAISO,CASA CENTRAL (VALPARAISO),69,28
2025,629,2025|I629S0C136J4V1,No Presencial,A Distancia,Plan Regular,Valparaíso,VALPARAISO,VALPARAISO,CASA CENTRAL (VALPARAISO),31,15
2025,629,2025|I629S0C151J4V1,No Presencial,A Distancia,Plan Regular,Valparaíso,VALPARAISO,VALPARAISO,CASA CENTRAL (VALPARAISO),24,24
2025,629,2025|I629S0C156J4V1,No Presencial,A Distancia,Plan Regular,Valparaíso,VALPARAISO,VALPARAISO,CASA CENTRAL (VALPARAISO),72,36
2025,629,2025|I629S0C167J4V1,No Presencial,A Distancia,Plan Regular,Valparaíso,VALPARAISO,VALPARAISO,CASA CENTRAL (VALPARAISO),231,79
2025,701,2025|I701S0C2J3V1,Semipresencial,Semipresencial,Plan Regular,Metropolitana,SANTIAGO,SANTIAGO,CASA CENTRAL (SANTIAGO),69,22
2025,701,2025|I701S0C2J4V1,No Presencial,A Distancia,Plan Regular,Metropolitana,SANTIAGO,SANTIAGO,CASA CENTRAL (SANTIAGO),131,73
2025,701,2025|I701S0C30J3V1,Semipresencial,Semipresencial,Plan Regular,Metropolitana,SANTIAGO,SANTIAGO,CASA CENTRAL (SANTIAGO),38,15
2025,701,2025|I701S0C30J4V1,No Presencial,A Distancia,Plan Regular,Metropolitana,SANTIAGO,SANTIAGO,CASA CENTRAL (SANTIAGO),184,97
2025,701,2025|I701S0C35J4V1,No Presencial,A Distancia,Plan Regular,Metropolitana,SANTIAGO,SANTIAGO,CASA CENTRAL (SANTIAGO),105,66
2025,701,2025|I701S0C36J4V1,No Presencial,A Distancia,Plan Regular,Metropolitana,SANTIAGO,SANTIAGO,CASA CENTRAL (SANTIAGO),100,83
2025,701,2025|I701S0C3J4V1,No Presencial,A Distancia,Plan Regular,Metropolitana,SANTIAGO,SANTIAGO,CASA CENTRAL (SANTIAGO),261,166
2025,701,2025|I701S0C42J4V1,No Presencial,A Distancia,Plan Regular,Metropolitana,SANTIAGO,SANTIAGO,CASA CENTRAL (SANTIAGO),77,42
2025,730,2025|I730S1C13J3V1,Semipresencial,Semipresencial,Plan Regular,Metropolitana,SANTIAGO,LAS CONDES,CASA CENTRAL (LAS CONDES),22,4
2025,730,2025|I730S1C2J3V1,Semipresencial,Semipresencial,Plan Regular,Metropolitana,SANTIAGO,LAS CONDES,CASA CENTRAL (LAS CONDES),2,0
2025,730,2025|I730S1C8J3V1,Semipresencial,Semipresencial,Plan Regular,Metropolitana,SANTIAGO,LAS CONDES,CASA CENTRAL (LAS CONDES),174,63
2025,730,2025|I730S1C9J3V1,Semipresencial,Semipresencial,Plan Regular,Metropolitana,SANTIAGO,LAS CONDES,CASA CENTRAL (LAS CONDES),13,1
2025,920,2025|I920S2C10J3V1,Semipresencial,Semipresencial,Plan Regular,Magallanes,MAGALLANES,PUNTA ARENAS,SEDE ENLACE PUNTA ARENAS,10,7
2025,920,2025|I920S2C1J3V3,Semipresencial,Semipresencial,Plan Especial,Magallanes,MAGALLANES,PUNTA ARENAS,SEDE ENLACE PUNTA ARENAS,7,7
2025,959,2025|I959S1C1J3V1,Semipresencial,Semipresencial,Plan Regular,Metropolitana,SANTIAGO,PROVIDENCIA,CASA CENTRAL,94,46
2024,1,2024|I1S1C10J4V1,No Presencial,A Distancia,Plan Regular,Metropolitana,SANTIAGO,PROVIDENCIA,CASA CENTRAL,77,7
2024,1,2024|I1S1C12J4V4,No Presencial,A Distancia,Plan Regular de Continuidad,Metropolitana,SANTIAGO,PROVIDENCIA,CASA CENTRAL,704,0
2024,1,2024|I1S1C20J4V3,No Presencial,A Distancia,Plan Regular de Continuidad,Metropolitana,SANTIAGO,PROVIDENCIA,CASA CENTRAL,84,0
2024,1,2024|I1S1C20J4V4,No Presencial,A Distancia,Plan Regular de Continuidad,Metropolitana,SANTIAGO,PROVIDENCIA,CASA CENTRAL,107,0
2024,1,2024|I1S1C227J4V2,No Presencial,A Distancia,Plan Regular de Continuidad,Metropolitana,SANTIAGO,PROVIDENCIA,CASA CENTRAL,100,0
2024,1,2024|I1S1C227J4V4,No Presencial,A Distancia,Plan Regular de Continuidad,Metropolitana,SANTIAGO,PROVIDENCIA,CASA CENTRAL,114,0
2024,1,2024|I1S1C232J4V3,No Presencial,A Distancia,Plan Regular de Continuidad,Metropolitana,SANTIAGO,PROVIDENCIA,CASA CENTRAL,24,0
2024,1,2024|I1S1C232J4V4,No Presencial,A Distancia,Plan Regular de Continuidad,Metropolitana,SANTIAGO,PROVIDENCIA,CASA CENTRAL,53,0
2024,1,2024|I1S1C242J3V2,Semipresencial,Semipresencial,Plan Regular,Metropolitana,SANTIAGO,PROVIDENCIA,CASA CENTRAL,45,15
2024,1,2024|I1S1C242J4V3,No Presencial,A Distancia,Plan Regular de Continuidad,Metropolitana,SANTIAGO,PROVIDENCIA,CASA CENTRAL,163,0
2024,1,2024|I1S1C242J4V5,No Presencial,A Distancia,Plan Regular de Continuidad,Metropolitana,SANTIAGO,PROVIDENCIA,CASA CENTRAL,31,0
2024,1,2024|I1S1C250J4V2,No Presencial,A Distancia,Plan Regular de Continuidad,Metropolitana,SANTIAGO,PROVIDENCIA,CASA CENTRAL,54,0
2024,1,2024|I1S1C250J4V4,No Presencial,A Distancia,Plan Regular de Continuidad,Metropolitana,SANTIAGO,PROVIDENCIA,CASA CENTRAL,67,0
2024,1,2024|I1S1C251J4V2,No Presencial,A Distancia,Plan Regular de Continuidad,Metropolitana,SANTIAGO,PROVIDENCIA,CASA CENTRAL,106,0
2024,1,2024|I1S1C251J4V3,No Presencial,A Distancia,Plan Regular de Continuidad,Metropolitana,SANTIAGO,PROVIDENCIA,CASA CENTRAL,101,0
2024,1,2024|I1S1C252J4V1,No Presencial,A Distancia,Plan Regular de Continuidad,Metropolitana,SANTIAGO,PROVIDENCIA,CASA CENTRAL,135,0
2024,1,2024|I1S1C26J4V2,No Presencial,A Distancia,Plan Regular de Continuidad,Metropolitana,SANTIAGO,PROVIDENCIA,CASA CENTRAL,122,0
2024,1,2024|I1S1C26J4V5,No Presencial,A Distancia,Plan Regular de Continuidad,Metropolitana,SANTIAGO,PROVIDENCIA,CASA CENTRAL,76,0
2024,1,2024|I1S1C289J4V1,No Presencial,A Distancia,Plan Regular,Metropolitana,SANTIAGO,PROVIDENCIA,CASA CENTRAL,39,12
2024,1,2024|I1S1C7J4V3,No Presencial,A Distancia,Plan Regular de Continuidad,Metropolitana,SANTIAGO,PROVIDENCIA,CASA CENTRAL,56,0
2024,1,2024|I1S1C7J4V4,No Presencial,A Distancia,Plan Regular de Continuidad,Metropolitana,SANTIAGO,PROVIDENCIA,CASA CENTRAL,71,0
2024,1,2024|I1S1C9J4V1,No Presencial,A Distancia,Plan Regular,Metropolitana,SANTIAGO,PROVIDENCIA,CASA CENTRAL,59,5
2024,4,2024|I4S1C2J4V2,No Presencial,A Distancia,Plan Regular de Continuidad,Metropolitana,SANTIAGO,SANTIAGO,SANTIAGO,115,0
2024,4,2024|I4S1C2J4V3,No Presencial,A Distancia,Plan Regular de Continuidad,Metropolitana,SANTIAGO,SANTIAGO,SANTIAGO,109,0
2024,4,2024|I4S1C3J4V2,No Presencial,A Distancia,Plan Regular de Continuidad,Metropolitana,SANTIAGO,SANTIAGO,SANTIAGO,12,0
2024,4,2024|I4S1C3J4V3,No Presencial,A Distancia,Plan Regular,Metropolitana,SANTIAGO,SANTIAGO,SANTIAGO,31,11
2024,4,2024|I4S1C3J4V4,No Presencial,A Distancia,Plan Regular de Continuidad,Metropolitana,SANTIAGO,SANTIAGO,SANTIAGO,33,0
2024,4,2024|I4S1C3J4V5,No Presencial,A Distancia,Plan Regular de Continuidad,Metropolitana,SANTIAGO,SANTIAGO,SANTIAGO,41,0
2024,4,2024|I4S1C54J4V3,No Presencial,A Distancia,Plan Regular de Continuidad,Metropolitana,SANTIAGO,SANTIAGO,SANTIAGO,132,0
2024,4,2024|I4S1C54J4V4,No Presencial,A Distancia,Plan Regular de Continuidad,Metropolitana,SANTIAGO,SANTIAGO,SANTIAGO,453,0
2024,4,2024|I4S1C5J4V1,No Presencial,A Distancia,Plan Regular,Metropolitana,SANTIAGO,SANTIAGO,SANTIAGO,38,17
2024,4,2024|I4S1C5J4V2,No Presencial,A Distancia,Plan Regular de Continuidad,Metropolitana,SANTIAGO,SANTIAGO,SANTIAGO,79,0
2024,4,2024|I4S1C5J4V4,No Presencial,A Distancia,Plan Regular de Continuidad,Metropolitana,SANTIAGO,SANTIAGO,SANTIAGO,113,0
2024,4,2024|I4S1C5J4V6,No Presencial,A Distancia,Plan Regular de Continuidad,Metropolitana,SANTIAGO,SANTIAGO,SANTIAGO,6,0
2024,4,2024|I4S1C648J3V2,Semipresencial,Semipresencial,Plan Regular de Continuidad,Metropolitana,SANTIAGO,SANTIAGO,SANTIAGO,131,0
2024,4,2024|I4S1C857J4V1,No Presencial,A Distancia,Plan Regular,Metropolitana,SANTIAGO,SANTIAGO,SANTIAGO,18,6
2024,4,2024|I4S1C875J3V1,Semipresencial,Semipresencial,Plan Regular,Metropolitana,SANTIAGO,SANTIAGO,SANTIAGO,10,0
2024,4,2024|I4S1C875J4V4,No Presencial,A Distancia,Plan Regular de Continuidad,Metropolitana,SANTIAGO,SANTIAGO,SANTIAGO,105,0
2024,4,2024|I4S1C875J4V6,No Presencial,A Distancia,Plan Regular de Continuidad,Metropolitana,SANTIAGO,SANTIAGO,SANTIAGO,38,0
2024,4,2024|I4S1C983J4V1,No Presencial,A Distancia,Plan Regular de Continuidad,Metropolitana,SANTIAGO,SANTIAGO,SANTIAGO,85,0
2024,4,2024|I4S1C983J4V2,No Presencial,A Distancia,Plan Regular de Continuidad,Metropolitana,SANTIAGO,SANTIAGO,SANTIAGO,19,0
2024,4,2024|I4S1C989J3V1,Semipresencial,Semipresencial,Plan Regular de Continuidad,Metropolitana,SANTIAGO,SANTIAGO,SANTIAGO,3,0
2024,9,2024|I9S1C357J4V1,No Presencial,A Distancia,Plan Especial,Metropolitana,SANTIAGO,PROVIDENCIA,CASA CENTRAL (SANTIAGO - PROVIDENCIA),97,42
2024,9,2024|I9S1C359J4V1,No Presencial,A Distancia,Plan Especial,Metropolitana,SANTIAGO,PROVIDENCIA,CASA CENTRAL (SANTIAGO - PROVIDENCIA),92,50
2024,9,2024|I9S1C360J4V1,No Presencial,A Distancia,Plan Especial,Metropolitana,SANTIAGO,PROVIDENCIA,CASA CENTRAL (SANTIAGO - PROVIDENCIA),218,80
2024,9,2024|I9S1C7J4V2,No Presencial,A Distancia,Plan Especial,Metropolitana,SANTIAGO,PROVIDENCIA,CASA CENTRAL (SANTIAGO - PROVIDENCIA),561,229
2024,10,2024|I10S11C287J3V1,Semipresencial,Semipresencial,Plan Regular,Metropolitana,SANTIAGO,SANTIAGO,SEDE REPUBLICA,1,0
2024,10,2024|I10S11C287J4V1,No Presencial,A Distancia,Plan Regular de Continuidad,Metropolitana,SANTIAGO,SANTIAGO,SEDE REPUBLICA,3,0
2024,10,2024|I10S11C380J4V2,No Presencial,A Distancia,Plan Regular de Continuidad,Metropolitana,SANTIAGO,SANTIAGO,SEDE REPUBLICA,1,0
2024,10,2024|I10S11C603J4V1,No Presencial,A Distancia,Plan Regular de Continuidad,Metropolitana,SANTIAGO,SANTIAGO,SEDE REPUBLICA,1,0
2024,10,2024|I10S12C31J3V1,Semipresencial,Semipresencial,Plan Regular,Metropolitana,SANTIAGO,SANTIAGO,SEDE ORIENTE,162,43
2024,10,2024|I10S7C156J4V1,No Presencial,A Distancia,Plan Regular de Continuidad,Metropolitana,SANTIAGO,PROVIDENCIA,SEDE MANUEL MONTT,494,0
2024,10,2024|I10S7C156J4V3,No Presencial,A Distancia,Plan Regular de Continuidad,Metropolitana,SANTIAGO,PROVIDENCIA,SEDE MANUEL MONTT,76,0
2024,10,2024|I10S7C16J3V1,Semipresencial,Semipresencial,Plan Regular,Metropolitana,SANTIAGO,PROVIDENCIA,SEDE MANUEL MONTT,3,0
2024,10,2024|I10S7C16J4V2,No Presencial,A Distancia,Plan Regular,Metropolitana,SANTIAGO,PROVIDENCIA,SEDE MANUEL MONTT,189,38
2024,10,2024|I10S7C16J4V3,No Presencial,A Distancia,Plan Regular de Continuidad,Metropolitana,SANTIAGO,PROVIDENCIA,SEDE MANUEL MONTT,179,0
2024,10,2024|I10S7C285J4V2,No Presencial,A Distancia,Plan Regular,Metropolitana,SANTIAGO,PROVIDENCIA,SEDE MANUEL MONTT,350,89
2024,10,2024|I10S7C286J4V3,No Presencial,A Distancia,Plan Regular,Metropolitana,SANTIAGO,PROVIDENCIA,SEDE MANUEL MONTT,303,105
2024,10,2024|I10S7C287J4V1,No Presencial,A Distancia,Plan Regular de Continuidad,Metropolitana,SANTIAGO,PROVIDENCIA,SEDE MANUEL MONTT,391,0
2024,10,2024|I10S7C289J3V1,Semipresencial,Semipresencial,Plan Regular,Metropolitana,SANTIAGO,PROVIDENCIA,SEDE MANUEL MONTT,51,0
2024,10,2024|I10S7C289J3V2,Semipresencial,Semipresencial,Plan Regular de Continuidad,Metropolitana,SANTIAGO,PROVIDENCIA,SEDE MANUEL MONTT,5,0
2024,10,2024|I10S7C289J4V1,No Presencial,A Distancia,Plan Regular,Metropolitana,SANTIAGO,PROVIDENCIA,SEDE MANUEL MONTT,183,53
2024,10,2024|I10S7C289J4V2,No Presencial,A Distancia,Plan Regular de Continuidad,Metropolitana,SANTIAGO,PROVIDENCIA,SEDE MANUEL MONTT,221,0
2024,10,2024|I10S7C375J4V2,No Presencial,A Distancia,Plan Regular,Metropolitana,SANTIAGO,PROVIDENCIA,SEDE MANUEL MONTT,49,16
2024,10,2024|I10S7C376J3V1,Semipresencial,Semipresencial,Plan Regular,Metropolitana,SANTIAGO,PROVIDENCIA,SEDE MANUEL MONTT,4,0
2024,10,2024|I10S7C380J4V2,No Presencial,A Distancia,Plan Regular de Continuidad,Metropolitana,SANTIAGO,PROVIDENCIA,SEDE MANUEL MONTT,512,0
2024,10,2024|I10S7C380J4V3,No Presencial,A Distancia,Plan Regular,Metropolitana,SANTIAGO,PROVIDENCIA,SEDE MANUEL MONTT,58,0
2024,10,2024|I10S7C380J4V5,No Presencial,A Distancia,Plan Regular,Metropolitana,SANTIAGO,PROVIDENCIA,SEDE MANUEL MONTT,22,22
2024,10,2024|I10S7C501J4V1,No Presencial,A Distancia,Plan Regular,Metropolitana,SANTIAGO,PROVIDENCIA,SEDE MANUEL MONTT,76,22
2024,10,2024|I10S7C501J4V2,No Presencial,A Distancia,Plan Regular de Continuidad,Metropolitana,SANTIAGO,PROVIDENCIA,SEDE MANUEL MONTT,132,0
2024,10,2024|I10S7C603J4V1,No Presencial,A Distancia,Plan Regular de Continuidad,Metropolitana,SANTIAGO,PROVIDENCIA,SEDE MANUEL MONTT,286,0
2024,10,2024|I10S7C766J4V2,No Presencial,A Distancia,Plan Regular de Continuidad,Metropolitana,SANTIAGO,PROVIDENCIA,SEDE MANUEL MONTT,190,0
2024,10,2024|I10S7C799J4V1,No Presencial,A Distancia,Plan Regular,Metropolitana,SANTIAGO,PROVIDENCIA,SEDE MANUEL MONTT,182,86
2024,10,2024|I10S7C800J4V1,No Presencial,A Distancia,Plan Regular,Metropolitana,SANTIAGO,PROVIDENCIA,SEDE MANUEL MONTT,91,42
2024,10,2024|I10S7C801J4V1,No Presencial,A Distancia,Plan Regular,Metropolitana,SANTIAGO,PROVIDENCIA,SEDE MANUEL MONTT,123,61
2024,10,2024|I10S7C802J4V1,No Presencial,A Distancia,Plan Regular,Metropolitana,SANTIAGO,PROVIDENCIA,SEDE MANUEL MONTT,92,46
2024,10,2024|I10S7C803J4V1,No Presencial,A Distancia,Plan Regular,Metropolitana,SANTIAGO,PROVIDENCIA,SEDE MANUEL MONTT,5,0
2024,10,2024|I10S7C832J4V1,No Presencial,A Distancia,Plan Regular,Metropolitana,SANTIAGO,PROVIDENCIA,SEDE MANUEL MONTT,3,0
2024,10,2024|I10S7C833J4V1,No Presencial,A Distancia,Plan Regular,Metropolitana,SANTIAGO,PROVIDENCIA,SEDE MANUEL MONTT,75,45
2024,10,2024|I10S7C834J4V1,No Presencial,A Distancia,Plan Regular,Metropolitana,SANTIAGO,PROVIDENCIA,SEDE MANUEL MONTT,38,25
2024,10,2024|I10S7C859J4V1,No Presencial,A Distancia,Plan Regular,Metropolitana,SANTIAGO,PROVIDENCIA,SEDE MANUEL MONTT,38,23
2024,10,2024|I10S7C860J4V1,No Presencial,A Distancia,Plan Regular,Metropolitana,SANTIAGO,PROVIDENCIA,SEDE MANUEL MONTT,76,56
2024,10,2024|I10S7C862J4V1,No Presencial,A Distancia,Plan Regular,Metropolitana,SANTIAGO,PROVIDENCIA,SEDE MANUEL MONTT,104,77
2024,17,2024|I17S2C101J4V2,No Presencial,A Distancia,Plan Regular,Metropolitana,SANTIAGO,PROVIDENCIA,SEDE PROVIDENCIA,59,23
2024,17,2024|I17S2C101J4V3,No Presencial,A Distancia,Plan Regular de Continuidad,Metropolitana,SANTIAGO,PROVIDENCIA,SEDE PROVIDENCIA,44,0
2024,17,2024|I17S2C101J4V4,No Presencial,A Distancia,Plan Regular de Continuidad,Metropolitana,SANTIAGO,PROVIDENCIA,SEDE PROVIDENCIA,58,0
2024,17,2024|I17S2C101J5V2,Semipresencial,Otra,Plan Regular,Metropolitana,SANTIAGO,PROVIDENCIA,SEDE PROVIDENCIA,8,0
2024,17,2024|I17S2C115J3V1,Semipresencial,Semipresencial,Plan Regular,Metropolitana,SANTIAGO,PROVIDENCIA,SEDE PROVIDENCIA,6,0
2024,17,2024|I17S2C151J3V1,Semipresencial,Semipresencial,Plan Regular,Metropolitana,SANTIAGO,PROVIDENCIA,SEDE PROVIDENCIA,47,23
2024,17,2024|I17S2C180J4V1,No Presencial,A Distancia,Plan Regular,Metropolitana,SANTIAGO,PROVIDENCIA,SEDE PROVIDENCIA,22,22
2024,17,2024|I17S2C180J4V2,No Presencial,A Distancia,Plan Especial,Metropolitana,SANTIAGO,PROVIDENCIA,SEDE PROVIDENCIA,80,0
2024,17,2024|I17S2C182J4V2,No Presencial,A Distancia,Plan Especial,Metropolitana,SANTIAGO,PROVIDENCIA,SEDE PROVIDENCIA,90,77
2024,17,2024|I17S2C227J4V1,No Presencial,A Distancia,Plan Regular,Metropolitana,SANTIAGO,PROVIDENCIA,SEDE PROVIDENCIA,36,12
2024,17,2024|I17S2C23J3V1,Semipresencial,Semipresencial,Plan Regular,Metropolitana,SANTIAGO,PROVIDENCIA,SEDE PROVIDENCIA,27,0
2024,17,2024|I17S2C23J3V2,Semipresencial,Semipresencial,Plan Regular de Continuidad,Metropolitana,SANTIAGO,PROVIDENCIA,SEDE PROVIDENCIA,188,0
2024,17,2024|I17S2C23J4V1,No Presencial,A Distancia,Plan Regular,Metropolitana,SANTIAGO,PROVIDENCIA,SEDE PROVIDENCIA,69,56
2024,17,2024|I17S2C23J4V2,No Presencial,A Distancia,Plan Regular de Continuidad,Metropolitana,SANTIAGO,PROVIDENCIA,SEDE PROVIDENCIA,322,0
2024,17,2024|I17S2C251J1V1,Semipresencial,Diurna,Plan Regular,Metropolitana,SANTIAGO,PROVIDENCIA,SEDE PROVIDENCIA,23,22
2024,17,2024|I17S2C251J2V1,Semipresencial,Vespertina,Plan Regular,Metropolitana,SANTIAGO,PROVIDENCIA,SEDE PROVIDENCIA,25,1
2024,17,2024|I17S2C298J4V1,No Presencial,A Distancia,Plan Regular,Metropolitana,SANTIAGO,PROVIDENCIA,SEDE PROVIDENCIA,38,10
2024,17,2024|I17S2C298J4V2,No Presencial,A Distancia,Plan Regular de Continuidad,Metropolitana,SANTIAGO,PROVIDENCIA,SEDE PROVIDENCIA,22,0
2024,17,2024|I17S2C298J4V3,No Presencial,A Distancia,Plan Regular de Continuidad,Metropolitana,SANTIAGO,PROVIDENCIA,SEDE PROVIDENCIA,18,0
2024,17,2024|I17S2C298J5V1,Semipresencial,Otra,Plan Regular,Metropolitana,SANTIAGO,PROVIDENCIA,SEDE PROVIDENCIA,3,0
2024,17,2024|I17S2C306J4V1,No Presencial,A Distancia,Plan Especial,Metropolitana,SANTIAGO,PROVIDENCIA,SEDE PROVIDENCIA,86,65
2024,17,2024|I17S2C329J4V1,No Presencial,A Distancia,Plan Regular,Metropolitana,SANTIAGO,PROVIDENCIA,SEDE PROVIDENCIA,56,19
2024,17,2024|I17S2C334J4V1,No Presencial,A Distancia,Plan Regular,Metropolitana,SANTIAGO,PROVIDENCIA,SEDE PROVIDENCIA,112,63
2024,17,2024|I17S2C38J4V1,No Presencial,A Distancia,Plan Regular,Metropolitana,SANTIAGO,PROVIDENCIA,SEDE PROVIDENCIA,4,0
2024,17,2024|I17S2C38J4V3,No Presencial,A Distancia,Plan Regular de Continuidad,Metropolitana,SANTIAGO,PROVIDENCIA,SEDE PROVIDENCIA,393,0
2024,17,2024|I17S2C38J5V1,Semipresencial,Otra,Plan Especial,Metropolitana,SANTIAGO,PROVIDENCIA,SEDE PROVIDENCIA,2,0
2024,17,2024|I17S2C57J3V1,Semipresencial,Semipresencial,Plan Regular,Metropolitana,SANTIAGO,PROVIDENCIA,SEDE PROVIDENCIA,271,113
2024,17,2024|I17S2C58J3V1,Semipresencial,Semipresencial,Plan Regular,Metropolitana,SANTIAGO,PROVIDENCIA,SEDE PROVIDENCIA,23,15
2024,19,2024|I19S1C10J4V1,No Presencial,A Distancia,Plan Regular,Metropolitana,SANTIAGO,PROVIDENCIA,CAMPUS PROVIDENCIA,347,67
2024,19,2024|I19S1C10J4V2,No Presencial,A Distancia,Plan Regular de Continuidad,Metropolitana,SANTIAGO,PROVIDENCIA,CAMPUS PROVIDENCIA,158,0
2024,19,2024|I19S1C129J4V1,No Presencial,A Distancia,Plan Regular,Metropolitana,SANTIAGO,PROVIDENCIA,CAMPUS PROVIDENCIA,241,83
2024,19,2024|I19S1C129J4V2,No Presencial,A Distancia,Plan Regular de Continuidad,Metropolitana,SANTIAGO,PROVIDENCIA,CAMPUS PROVIDENCIA,69,0
2024,19,2024|I19S1C12J4V1,No Presencial,A Distancia,Plan Regular,Metropolitana,SANTIAGO,PROVIDENCIA,CAMPUS PROVIDENCIA,136,34
2024,19,2024|I19S1C12J4V3,No Presencial,A Distancia,Plan Regular de Continuidad,Metropolitana,SANTIAGO,PROVIDENCIA,CAMPUS PROVIDENCIA,19,0
2024,19,2024|I19S1C132J4V1,No Presencial,A Distancia,Plan Regular,Metropolitana,SANTIAGO,PROVIDENCIA,CAMPUS PROVIDENCIA,304,89
2024,19,2024|I19S1C132J4V2,No Presencial,A Distancia,Plan Regular de Continuidad,Metropolitana,SANTIAGO,PROVIDENCIA,CAMPUS PROVIDENCIA,67,0
2024,19,2024|I19S1C138J4V1,No Presencial,A Distancia,Plan Regular,Metropolitana,SANTIAGO,PROVIDENCIA,CAMPUS PROVIDENCIA,497,114
2024,19,2024|I19S1C138J4V2,No Presencial,A Distancia,Plan Regular de Continuidad,Metropolitana,SANTIAGO,PROVIDENCIA,CAMPUS PROVIDENCIA,357,0
2024,19,2024|I19S1C226J4V1,No Presencial,A Distancia,Plan Regular,Metropolitana,SANTIAGO,PROVIDENCIA,CAMPUS PROVIDENCIA,561,226
2024,19,2024|I19S1C228J3V1,Semipresencial,Semipresencial,Plan Regular,Metropolitana,SANTIAGO,PROVIDENCIA,CAMPUS PROVIDENCIA,71,40
2024,19,2024|I19S1C229J3V1,Semipresencial,Semipresencial,Plan Regular,Metropolitana,SANTIAGO,PROVIDENCIA,CAMPUS PROVIDENCIA,41,21
2024,19,2024|I19S1C325J3V1,Semipresencial,Semipresencial,Plan Regular,Metropolitana,SANTIAGO,PROVIDENCIA,CAMPUS PROVIDENCIA,93,86
2024,19,2024|I19S1C334J4V2,No Presencial,A Distancia,Plan Regular de Continuidad,Metropolitana,SANTIAGO,PROVIDENCIA,CAMPUS PROVIDENCIA,1672,0
2024,19,2024|I19S1C492J4V1,No Presencial,A Distancia,Plan Regular,Metropolitana,SANTIAGO,PROVIDENCIA,CAMPUS PROVIDENCIA,130,42
2024,19,2024|I19S1C512J3V1,Semipresencial,Semipresencial,Plan Regular,Metropolitana,SANTIAGO,PROVIDENCIA,CAMPUS PROVIDENCIA,41,22
2024,19,2024|I19S1C55J4V1,No Presencial,A Distancia,Plan Regular,Metropolitana,SANTIAGO,PROVIDENCIA,CAMPUS PROVIDENCIA,55,25
2024,19,2024|I19S1C8J4V1,No Presencial,A Distancia,Plan Regular,Metropolitana,SANTIAGO,PROVIDENCIA,CAMPUS PROVIDENCIA,81,39
2024,19,2024|I19S1C9J3V2,Semipresencial,Semipresencial,Plan Regular,Metropolitana,SANTIAGO,PROVIDENCIA,CAMPUS PROVIDENCIA,68,24
2024,19,2024|I19S2C9J3V2,Semipresencial,Semipresencial,Plan Regular,Metropolitana,SANTIAGO,LA FLORIDA,CAMPUS LA FLORIDA,76,36
2024,19,2024|I19S3C9J3V2,Semipresencial,Semipresencial,Plan Regular,Metropolitana,SANTIAGO,MAIPU,CAMPUS MAIPU,46,20
2024,19,2024|I19S4C104J3V1,Semipresencial,Semipresencial,Plan Regular,Metropolitana,SANTIAGO,SANTIAGO,CAMPUS SANTIAGO CENTRO,65,25
2024,19,2024|I19S4C148J3V1,Semipresencial,Semipresencial,Plan Regular,Metropolitana,SANTIAGO,SANTIAGO,CAMPUS SANTIAGO CENTRO,54,24
2024,19,2024|I19S4C226J3V1,Semipresencial,Semipresencial,Plan Regular,Metropolitana,SANTIAGO,SANTIAGO,CAMPUS SANTIAGO CENTRO,24,24
2024,19,2024|I19S4C226J3V2,Semipresencial,Semipresencial,Plan Regular,Metropolitana,SANTIAGO,SANTIAGO,CAMPUS SANTIAGO CENTRO,39,38
2024,19,2024|I19S4C325J3V1,Semipresencial,Semipresencial,Plan Regular,Metropolitana,SANTIAGO,SANTIAGO,CAMPUS SANTIAGO CENTRO,130,125
2024,19,2024|I19S4C344J4V2,No Presencial,A Distancia,Plan Regular de Continuidad,Metropolitana,SANTIAGO,SANTIAGO,CAMPUS SANTIAGO CENTRO,31,0
2024,19,2024|I19S4C37J3V1,Semipresencial,Semipresencial,Plan Regular,Metropolitana,SANTIAGO,SANTIAGO,CAMPUS SANTIAGO CENTRO,192,50
2024,19,2024|I19S4C9J3V2,Semipresencial,Semipresencial,Plan Regular,Metropolitana,SANTIAGO,SANTIAGO,CAMPUS SANTIAGO CENTRO,77,31
2024,19,2024|I19S5C325J3V1,Semipresencial,Semipresencial,Plan Regular,Biobío,CONCEPCION,CONCEPCION,SEDE CONCEPCION,22,22
2024,19,2024|I19S5C37J3V1,Semipresencial,Semipresencial,Plan Regular,Biobío,CONCEPCION,CONCEPCION,SEDE CONCEPCION,63,23
2024,19,2024|I19S5C9J3V2,Semipresencial,Semipresencial,Plan Regular,Biobío,CONCEPCION,CONCEPCION,SEDE CONCEPCION,144,40
2024,19,2024|I19S6C148J3V1,Semipresencial,Semipresencial,Plan Regular,Valparaíso,VALPARAISO,VIÑA DEL MAR,SEDE VIÑA DEL MAR,19,7
2024,19,2024|I19S6C228J3V1,Semipresencial,Semipresencial,Plan Regular,Valparaíso,VALPARAISO,VIÑA DEL MAR,SEDE VIÑA DEL MAR,24,12
2024,19,2024|I19S6C37J3V1,Semipresencial,Semipresencial,Plan Regular,Valparaíso,VALPARAISO,VIÑA DEL MAR,SEDE VIÑA DEL MAR,75,16
2024,19,2024|I19S6C9J3V2,Semipresencial,Semipresencial,Plan Regular,Valparaíso,VALPARAISO,VIÑA DEL MAR,SEDE VIÑA DEL MAR,107,38
2024,19,2024|I19S9C325J3V1,Semipresencial,Semipresencial,Plan Regular,Metropolitana,MELIPILLA,MELIPILLA,CAMPUS MELIPILLA,49,48
2024,19,2024|I19S9C37J3V1,Semipresencial,Semipresencial,Plan Regular,Metropolitana,MELIPILLA,MELIPILLA,CAMPUS MELIPILLA,28,7
2024,19,2024|I19S9C512J3V1,Semipresencial,Semipresencial,Plan Regular,Metropolitana,MELIPILLA,MELIPILLA,CAMPUS MELIPILLA,84,40
2024,20,2024|I20S1C115J4V1,No Presencial,A Distancia,Plan Regular,Metropolitana,SANTIAGO,SANTIAGO,CASA CENTRAL (SANTIAGO),54,23
2024,20,2024|I20S1C115J4V3,No Presencial,A Distancia,Plan Regular de Continuidad,Metropolitana,SANTIAGO,SANTIAGO,CASA CENTRAL (SANTIAGO),2150,0
2024,20,2024|I20S1C116J4V2,No Presencial,A Distancia,Plan Regular de Continuidad,Metropolitana,SANTIAGO,SANTIAGO,CASA CENTRAL (SANTIAGO),73,0
2024,20,2024|I20S1C12J4V4,No Presencial,A Distancia,Plan Regular de Continuidad,Metropolitana,SANTIAGO,SANTIAGO,CASA CENTRAL (SANTIAGO),887,0
2024,20,2024|I20S1C1J4V4,No Presencial,A Distancia,Plan Regular de Continuidad,Metropolitana,SANTIAGO,SANTIAGO,CASA CENTRAL (SANTIAGO),904,0
2024,20,2024|I20S1C3J4V4,No Presencial,A Distancia,Plan Regular de Continuidad,Metropolitana,SANTIAGO,SANTIAGO,CASA CENTRAL (SANTIAGO),409,0
2024,20,2024|I20S1C495J4V1,No Presencial,A Distancia,Plan Regular de Continuidad,Metropolitana,SANTIAGO,SANTIAGO,CASA CENTRAL (SANTIAGO),304,0
2024,20,2024|I20S1C539J4V1,No Presencial,A Distancia,Plan Regular de Continuidad,Metropolitana,SANTIAGO,SANTIAGO,CASA CENTRAL (SANTIAGO),175,0
2024,20,2024|I20S1C555J3V2,Semipresencial,Semipresencial,Plan Regular de Continuidad,Metropolitana,SANTIAGO,SANTIAGO,CASA CENTRAL (SANTIAGO),53,0
2024,20,2024|I20S1C661J4V1,No Presencial,A Distancia,Plan Regular de Continuidad,Metropolitana,SANTIAGO,SANTIAGO,CASA CENTRAL (SANTIAGO),165,0
2024,20,2024|I20S1C662J4V2,No Presencial,A Distancia,Plan Regular de Continuidad,Metropolitana,SANTIAGO,SANTIAGO,CASA CENTRAL (SANTIAGO),12,0
2024,20,2024|I20S1C70J4V2,No Presencial,A Distancia,Plan Regular de Continuidad,Metropolitana,SANTIAGO,SANTIAGO,CASA CENTRAL (SANTIAGO),487,0
2024,20,2024|I20S1C71J4V4,No Presencial,A Distancia,Plan Regular de Continuidad,Metropolitana,SANTIAGO,SANTIAGO,CASA CENTRAL (SANTIAGO),1207,0
2024,20,2024|I20S1C7J3V3,Semipresencial,Semipresencial,Plan Regular de Continuidad,Metropolitana,SANTIAGO,SANTIAGO,CASA CENTRAL (SANTIAGO),428,0
2024,20,2024|I20S1C82J4V2,No Presencial,A Distancia,Plan Regular de Continuidad,Metropolitana,SANTIAGO,SANTIAGO,CASA CENTRAL (SANTIAGO),51,0
2024,20,2024|I20S1C8J4V2,No Presencial,A Distancia,Plan Regular de Continuidad,Metropolitana,SANTIAGO,SANTIAGO,CASA CENTRAL (SANTIAGO),74,0
2024,20,2024|I20S2C33J4V2,No Presencial,A Distancia,Plan Regular de Continuidad,Metropolitana,SANTIAGO,LAS CONDES,SEDE CASONA DE LAS CONDES,181,0
2024,20,2024|I20S3C33J4V2,No Presencial,A Distancia,Plan Regular de Continuidad,Valparaíso,VALPARAISO,VIÑA DEL MAR,SEDE VIÑA DEL MAR,26,0
2024,20,2024|I20S3C555J3V2,Semipresencial,Semipresencial,Plan Regular de Continuidad,Valparaíso,VALPARAISO,VIÑA DEL MAR,SEDE VIÑA DEL MAR,25,0
2024,20,2024|I20S3C7J3V3,Semipresencial,Semipresencial,Plan Regular de Continuidad,Valparaíso,VALPARAISO,VIÑA DEL MAR,SEDE VIÑA DEL MAR,315,0
2024,20,2024|I20S4C555J3V2,Semipresencial,Semipresencial,Plan Regular de Continuidad,Biobío,CONCEPCION,CONCEPCION,SEDE CONCEPCION,23,0
2024,20,2024|I20S4C7J3V3,Semipresencial,Semipresencial,Plan Regular de Continuidad,Biobío,CONCEPCION,CONCEPCION,SEDE CONCEPCION,217,0
2024,22,2024|I22S1C17J2V1,Semipresencial,Vespertina,Plan Regular de Continuidad,Valparaíso,VALPARAISO,VIÑA DEL MAR,CASA CENTRAL (VIÑA DEL MAR),622,0
2024,22,2024|I22S1C17J4V1,No Presencial,A Distancia,Plan Regular de Continuidad,Valparaíso,VALPARAISO,VIÑA DEL MAR,CASA CENTRAL (VIÑA DEL MAR),806,0
2024,22,2024|I22S1C1J2V3,Semipresencial,Vespertina,Plan Regular,Valparaíso,VALPARAISO,VIÑA DEL MAR,CASA CENTRAL (VIÑA DEL MAR),61,0
2024,22,2024|I22S1C1J2V4,Semipresencial,Vespertina,Plan Regular de Continuidad,Valparaíso,VALPARAISO,VIÑA DEL MAR,CASA CENTRAL (VIÑA DEL MAR),18,0
2024,22,2024|I22S1C1J4V1,No Presencial,A Distancia,Plan Regular,Valparaíso,VALPARAISO,VIÑA DEL MAR,CASA CENTRAL (VIÑA DEL MAR),20,20
2024,22,2024|I22S1C1J4V4,No Presencial,A Distancia,Plan Regular de Continuidad,Valparaíso,VALPARAISO,VIÑA DEL MAR,CASA CENTRAL (VIÑA DEL MAR),13,0
2024,22,2024|I22S1C1J4V5,No Presencial,A Distancia,Plan Regular de Continuidad,Valparaíso,VALPARAISO,VIÑA DEL MAR,CASA CENTRAL (VIÑA DEL MAR),11,0
2024,22,2024|I22S1C283J2V3,Semipresencial,Vespertina,Plan Regular,Valparaíso,VALPARAISO,VIÑA DEL MAR,CASA CENTRAL (VIÑA DEL MAR),41,11
2024,22,2024|I22S1C286J2V2,Semipresencial,Vespertina,Plan Regular de Continuidad,Valparaíso,VALPARAISO,VIÑA DEL MAR,CASA CENTRAL (VIÑA DEL MAR),1,0
2024,22,2024|I22S1C286J2V3,Semipresencial,Vespertina,Plan Regular,Valparaíso,VALPARAISO,VIÑA DEL MAR,CASA CENTRAL (VIÑA DEL MAR),2,0
2024,22,2024|I22S1C288J2V2,Semipresencial,Vespertina,Plan Regular,Valparaíso,VALPARAISO,VIÑA DEL MAR,CASA CENTRAL (VIÑA DEL MAR),29,3
2024,22,2024|I22S1C299J2V1,Semipresencial,Vespertina,Plan Regular,Valparaíso,VALPARAISO,VIÑA DEL MAR,CASA CENTRAL (VIÑA DEL MAR),5,0
2024,22,2024|I22S1C299J4V1,No Presencial,A Distancia,Plan Regular,Valparaíso,VALPARAISO,VIÑA DEL MAR,CASA CENTRAL (VIÑA DEL MAR),42,18
2024,22,2024|I22S1C336J4V1,No Presencial,A Distancia,Plan Regular de Continuidad,Valparaíso,VALPARAISO,VIÑA DEL MAR,CASA CENTRAL (VIÑA DEL MAR),82,0
2024,22,2024|I22S1C336J4V2,No Presencial,A Distancia,Plan Regular de Continuidad,Valparaíso,VALPARAISO,VIÑA DEL MAR,CASA CENTRAL (VIÑA DEL MAR),61,0
2024,22,2024|I22S1C337J4V1,No Presencial,A Distancia,Plan Regular de Continuidad,Valparaíso,VALPARAISO,VIÑA DEL MAR,CASA CENTRAL (VIÑA DEL MAR),30,0
2024,22,2024|I22S1C338J2V1,Semipresencial,Vespertina,Plan Regular,Valparaíso,VALPARAISO,VIÑA DEL MAR,CASA CENTRAL (VIÑA DEL MAR),85,0
2024,22,2024|I22S1C338J3V1,Semipresencial,Semipresencial,Plan Regular,Valparaíso,VALPARAISO,VIÑA DEL MAR,CASA CENTRAL (VIÑA DEL MAR),12,11
2024,22,2024|I22S1C338J4V2,No Presencial,A Distancia,Plan Regular de Continuidad,Valparaíso,VALPARAISO,VIÑA DEL MAR,CASA CENTRAL (VIÑA DEL MAR),257,0
2024,22,2024|I22S1C347J4V1,No Presencial,A Distancia,Plan Regular,Valparaíso,VALPARAISO,VIÑA DEL MAR,CASA CENTRAL (VIÑA DEL MAR),40,14
2024,22,2024|I22S1C347J4V3,No Presencial,A Distancia,Plan Regular de Continuidad,Valparaíso,VALPARAISO,VIÑA DEL MAR,CASA CENTRAL (VIÑA DEL MAR),58,0
2024,22,2024|I22S1C368J4V1,No Presencial,A Distancia,Plan Regular de Continuidad,Valparaíso,VALPARAISO,VIÑA DEL MAR,CASA CENTRAL (VIÑA DEL MAR),2,0
2024,22,2024|I22S1C368J4V2,No Presencial,A Distancia,Plan Regular de Continuidad,Valparaíso,VALPARAISO,VIÑA DEL MAR,CASA CENTRAL (VIÑA DEL MAR),18,0
2024,22,2024|I22S1C379J4V1,No Presencial,A Distancia,Plan Regular de Continuidad,Valparaíso,VALPARAISO,VIÑA DEL MAR,CASA CENTRAL (VIÑA DEL MAR),96,0
2024,22,2024|I22S1C383J4V1,No Presencial,A Distancia,Plan Regular de Continuidad,Valparaíso,VALPARAISO,VIÑA DEL MAR,CASA CENTRAL (VIÑA DEL MAR),5,0
2024,22,2024|I22S1C55J3V2,Semipresencial,Semipresencial,Plan Regular de Continuidad,Valparaíso,VALPARAISO,VIÑA DEL MAR,CASA CENTRAL (VIÑA DEL MAR),46,0
2024,22,2024|I22S1C82J3V4,Semipresencial,Semipresencial,Plan Regular de Continuidad,Valparaíso,VALPARAISO,VIÑA DEL MAR,CASA CENTRAL (VIÑA DEL MAR),20,0
2024,22,2024|I22S1C8J2V3,Semipresencial,Vespertina,Plan Regular,Valparaíso,VALPARAISO,VIÑA DEL MAR,CASA CENTRAL (VIÑA DEL MAR),23,0
2024,22,2024|I22S1C8J4V1,No Presencial,A Distancia,Plan Regular,Valparaíso,VALPARAISO,VIÑA DEL MAR,CASA CENTRAL (VIÑA DEL MAR),39,14
2024,22,2024|I22S1C8J4V2,No Presencial,A Distancia,Plan Regular de Continuidad,Valparaíso,VALPARAISO,VIÑA DEL MAR,CASA CENTRAL (VIÑA DEL MAR),14,0
2024,22,2024|I22S1C8J4V3,No Presencial,A Distancia,Plan Regular de Continuidad,Valparaíso,VALPARAISO,VIÑA DEL MAR,CASA CENTRAL (VIÑA DEL MAR),84,0
2024,22,2024|I22S1C9J2V1,Semipresencial,Vespertina,Plan Regular,Valparaíso,VALPARAISO,VIÑA DEL MAR,CASA CENTRAL (VIÑA DEL MAR),2,0
2024,26,2024|I26S1C100J4V2,No Presencial,A Distancia,Plan Regular,Metropolitana,SANTIAGO,PROVIDENCIA,CASA CENTRAL (SANTIAGO),28,0
2024,26,2024|I26S1C100J4V3,No Presencial,A Distancia,Plan Regular de Continuidad,Metropolitana,SANTIAGO,PROVIDENCIA,CASA CENTRAL (SANTIAGO),23,0
2024,26,2024|I26S1C100J4V4,No Presencial,A Distancia,Plan Regular de Continuidad,Metropolitana,SANTIAGO,PROVIDENCIA,CASA CENTRAL (SANTIAGO),6,0
2024,26,2024|I26S1C100J4V5,No Presencial,A Distancia,Plan Regular,Metropolitana,SANTIAGO,PROVIDENCIA,CASA CENTRAL (SANTIAGO),20,20
2024,26,2024|I26S1C155J3V1,Semipresencial,Semipresencial,Plan Regular,Metropolitana,SANTIAGO,PROVIDENCIA,CASA CENTRAL (SANTIAGO),2,0
2024,26,2024|I26S1C155J4V1,No Presencial,A Distancia,Plan Especial,Metropolitana,SANTIAGO,PROVIDENCIA,CASA CENTRAL (SANTIAGO),6,0
2024,26,2024|I26S1C155J4V3,No Presencial,A Distancia,Plan Regular de Continuidad,Metropolitana,SANTIAGO,PROVIDENCIA,CASA CENTRAL (SANTIAGO),73,0
2024,26,2024|I26S1C155J4V4,No Presencial,A Distancia,Plan Regular,Metropolitana,SANTIAGO,PROVIDENCIA,CASA CENTRAL (SANTIAGO),118,37
2024,26,2024|I26S1C155J4V5,No Presencial,A Distancia,Plan Regular de Continuidad,Metropolitana,SANTIAGO,PROVIDENCIA,CASA CENTRAL (SANTIAGO),58,0
2024,26,2024|I26S1C174J4V2,No Presencial,A Distancia,Plan Regular de Continuidad,Metropolitana,SANTIAGO,PROVIDENCIA,CASA CENTRAL (SANTIAGO),106,0
2024,26,2024|I26S1C176J4V1,No Presencial,A Distancia,Plan Especial,Metropolitana,SANTIAGO,PROVIDENCIA,CASA CENTRAL (SANTIAGO),2,0
2024,26,2024|I26S1C178J4V1,No Presencial,A Distancia,Plan Especial,Metropolitana,SANTIAGO,PROVIDENCIA,CASA CENTRAL (SANTIAGO),2,0
2024,26,2024|I26S1C178J4V2,No Presencial,A Distancia,Plan Regular de Continuidad,Metropolitana,SANTIAGO,PROVIDENCIA,CASA CENTRAL (SANTIAGO),29,0
2024,26,2024|I26S1C178J4V3,No Presencial,A Distancia,Plan Regular de Continuidad,Metropolitana,SANTIAGO,PROVIDENCIA,CASA CENTRAL (SANTIAGO),10,0
2024,26,2024|I26S1C179J4V2,No Presencial,A Distancia,Plan Regular de Continuidad,Metropolitana,SANTIAGO,PROVIDENCIA,CASA CENTRAL (SANTIAGO),55,0
2024,26,2024|I26S1C179J4V3,No Presencial,A Distancia,Plan Regular de Continuidad,Metropolitana,SANTIAGO,PROVIDENCIA,CASA CENTRAL (SANTIAGO),33,0
2024,26,2024|I26S1C182J4V1,No Presencial,A Distancia,Plan Regular,Metropolitana,SANTIAGO,PROVIDENCIA,CASA CENTRAL (SANTIAGO),52,22
2024,26,2024|I26S1C182J4V2,No Presencial,A Distancia,Plan Especial,Metropolitana,SANTIAGO,PROVIDENCIA,CASA CENTRAL (SANTIAGO),3,0
2024,26,2024|I26S1C182J4V3,No Presencial,A Distancia,Plan Regular de Continuidad,Metropolitana,SANTIAGO,PROVIDENCIA,CASA CENTRAL (SANTIAGO),83,0
2024,26,2024|I26S1C182J4V4,No Presencial,A Distancia,Plan Regular de Continuidad,Metropolitana,SANTIAGO,PROVIDENCIA,CASA CENTRAL (SANTIAGO),11,0
2024,26,2024|I26S1C185J4V1,No Presencial,A Distancia,Plan Especial,Metropolitana,SANTIAGO,PROVIDENCIA,CASA CENTRAL (SANTIAGO),2,0
2024,26,2024|I26S1C199J3V1,Semipresencial,Semipresencial,Plan Regular,Metropolitana,SANTIAGO,PROVIDENCIA,CASA CENTRAL (SANTIAGO),81,0
2024,26,2024|I26S1C199J3V2,Semipresencial,Semipresencial,Plan Regular,Metropolitana,SANTIAGO,PROVIDENCIA,CASA CENTRAL (SANTIAGO),42,42
2024,26,2024|I26S1C219J4V1,No Presencial,A Distancia,Plan Regular,Metropolitana,SANTIAGO,PROVIDENCIA,CASA CENTRAL (SANTIAGO),42,11
2024,26,2024|I26S1C2J3V1,Semipresencial,Semipresencial,Plan Regular,Metropolitana,SANTIAGO,PROVIDENCIA,CASA CENTRAL (SANTIAGO),255,69
2024,26,2024|I26S1C4J3V1,Semipresencial,Semipresencial,Plan Regular,Metropolitana,SANTIAGO,PROVIDENCIA,CASA CENTRAL (SANTIAGO),43,0
2024,26,2024|I26S1C4J3V2,Semipresencial,Semipresencial,Plan Regular,Metropolitana,SANTIAGO,PROVIDENCIA,CASA CENTRAL (SANTIAGO),14,13
2024,26,2024|I26S1C60J4V2,No Presencial,A Distancia,Plan Regular,Metropolitana,SANTIAGO,PROVIDENCIA,CASA CENTRAL (SANTIAGO),78,19
2024,26,2024|I26S1C82J4V2,No Presencial,A Distancia,Plan Regular,Metropolitana,SANTIAGO,PROVIDENCIA,CASA CENTRAL (SANTIAGO),158,37
2024,26,2024|I26S1C82J4V3,No Presencial,A Distancia,Plan Regular de Continuidad,Metropolitana,SANTIAGO,PROVIDENCIA,CASA CENTRAL (SANTIAGO),162,0
2024,26,2024|I26S1C82J4V4,No Presencial,A Distancia,Plan Regular de Continuidad,Metropolitana,SANTIAGO,PROVIDENCIA,CASA CENTRAL (SANTIAGO),75,0
2024,26,2024|I26S1C82J4V5,No Presencial,A Distancia,Plan Regular de Continuidad,Metropolitana,SANTIAGO,PROVIDENCIA,CASA CENTRAL (SANTIAGO),20,0
2024,26,2024|I26S1C83J4V2,No Presencial,A Distancia,Plan Regular,Metropolitana,SANTIAGO,PROVIDENCIA,CASA CENTRAL (SANTIAGO),30,0
2024,26,2024|I26S1C83J4V3,No Presencial,A Distancia,Plan Regular,Metropolitana,SANTIAGO,PROVIDENCIA,CASA CENTRAL (SANTIAGO),10,10
2024,26,2024|I26S1C84J3V2,Semipresencial,Semipresencial,Plan Regular,Metropolitana,SANTIAGO,PROVIDENCIA,CASA CENTRAL (SANTIAGO),1089,233
2024,31,2024|I31S1C101J4V2,No Presencial,A Distancia,Plan Regular de Continuidad,La Araucanía,CAUTIN,TEMUCO,CASA CENTRAL (TEMUCO),79,0
2024,31,2024|I31S1C111J4V3,No Presencial,A Distancia,Plan Regular,La Araucanía,CAUTIN,TEMUCO,CASA CENTRAL (TEMUCO),1,1
2024,31,2024|I31S1C13J4V4,No Presencial,A Distancia,Plan Regular,La Araucanía,CAUTIN,TEMUCO,CASA CENTRAL (TEMUCO),58,31
2024,31,2024|I31S1C1J4V2,No Presencial,A Distancia,Plan Regular de Continuidad,La Araucanía,CAUTIN,TEMUCO,CASA CENTRAL (TEMUCO),95,0
2024,31,2024|I31S1C409J4V1,No Presencial,A Distancia,Plan Regular,La Araucanía,CAUTIN,TEMUCO,CASA CENTRAL (TEMUCO),54,32
2024,38,2024|I38S1C151J4V1,No Presencial,A Distancia,Plan Especial,Ñuble,DIGUILLIN,CHILLAN,CASA CENTRAL (CHILLAN),32,11
2024,38,2024|I38S1C198J4V1,No Presencial,A Distancia,Plan Especial,Ñuble,DIGUILLIN,CHILLAN,CASA CENTRAL (CHILLAN),18,18
2024,38,2024|I38S1C34J4V1,No Presencial,A Distancia,Plan Regular,Ñuble,DIGUILLIN,CHILLAN,CASA CENTRAL (CHILLAN),15,0
2024,39,2024|I39S6C180J3V2,Semipresencial,Semipresencial,Plan Regular de Continuidad,Metropolitana,SANTIAGO,SANTIAGO,SEDE SANTIAGO,6,0
2024,39,2024|I39S6C180J4V2,No Presencial,A Distancia,Plan Regular de Continuidad,Metropolitana,SANTIAGO,SANTIAGO,SEDE SANTIAGO,724,0
2024,39,2024|I39S6C1J4V2,No Presencial,A Distancia,Plan Regular de Continuidad,Metropolitana,SANTIAGO,SANTIAGO,SEDE SANTIAGO,285,0
2024,39,2024|I39S6C29J4V4,No Presencial,A Distancia,Plan Regular de Continuidad,Metropolitana,SANTIAGO,SANTIAGO,SEDE SANTIAGO,10,0
2024,39,2024|I39S6C435J4V3,No Presencial,A Distancia,Plan Regular de Continuidad,Metropolitana,SANTIAGO,SANTIAGO,SEDE SANTIAGO,6,0
2024,39,2024|I39S6C45J3V2,Semipresencial,Semipresencial,Plan Regular de Continuidad,Metropolitana,SANTIAGO,SANTIAGO,SEDE SANTIAGO,5,0
2024,39,2024|I39S6C45J4V2,No Presencial,A Distancia,Plan Regular de Continuidad,Metropolitana,SANTIAGO,SANTIAGO,SEDE SANTIAGO,394,0
2024,39,2024|I39S6C55J3V2,Semipresencial,Semipresencial,Plan Regular de Continuidad,Metropolitana,SANTIAGO,SANTIAGO,SEDE SANTIAGO,3,0
2024,39,2024|I39S6C55J4V2,No Presencial,A Distancia,Plan Regular de Continuidad,Metropolitana,SANTIAGO,SANTIAGO,SEDE SANTIAGO,11,0
2024,39,2024|I39S6C583J4V1,No Presencial,A Distancia,Plan Regular de Continuidad,Metropolitana,SANTIAGO,SANTIAGO,SEDE SANTIAGO,7,0
2024,39,2024|I39S6C584J4V1,No Presencial,A Distancia,Plan Regular de Continuidad,Metropolitana,SANTIAGO,SANTIAGO,SEDE SANTIAGO,2,0
2024,39,2024|I39S6C78J4V2,No Presencial,A Distancia,Plan Regular de Continuidad,Metropolitana,SANTIAGO,SANTIAGO,SEDE SANTIAGO,280,0
2024,39,2024|I39S6C87J3V2,Semipresencial,Semipresencial,Plan Regular de Continuidad,Metropolitana,SANTIAGO,SANTIAGO,SEDE SANTIAGO,2,0
2024,39,2024|I39S6C87J4V2,No Presencial,A Distancia,Plan Regular de Continuidad,Metropolitana,SANTIAGO,SANTIAGO,SEDE SANTIAGO,858,0
2024,39,2024|I39S8C180J3V2,Semipresencial,Semipresencial,Plan Regular de Continuidad,Los Lagos,LLANQUIHUE,PUERTO MONTT,SEDE PATAGONIA (PUERTO MONTT),1,0
2024,39,2024|I39S8C45J3V2,Semipresencial,Semipresencial,Plan Regular de Continuidad,Los Lagos,LLANQUIHUE,PUERTO MONTT,SEDE PATAGONIA (PUERTO MONTT),1,0
2024,39,2024|I39S8C55J3V1,Semipresencial,Semipresencial,Plan Regular de Continuidad,Los Lagos,LLANQUIHUE,PUERTO MONTT,SEDE PATAGONIA (PUERTO MONTT),1,0
2024,39,2024|I39S8C87J3V2,Semipresencial,Semipresencial,Plan Regular de Continuidad,Los Lagos,LLANQUIHUE,PUERTO MONTT,SEDE PATAGONIA (PUERTO MONTT),1,0
2024,50,2024|I50S1C349J4V1,No Presencial,A Distancia,Plan Regular de Continuidad,Metropolitana,SANTIAGO,SANTIAGO,CASA CENTRAL (SANTIAGO),4,0
2024,50,2024|I50S1C349J4V2,No Presencial,A Distancia,Plan Regular de Continuidad,Metropolitana,SANTIAGO,SANTIAGO,CASA CENTRAL (SANTIAGO),21,0
2024,50,2024|I50S1C350J4V1,No Presencial,A Distancia,Plan Regular de Continuidad,Metropolitana,SANTIAGO,SANTIAGO,CASA CENTRAL (SANTIAGO),132,0
2024,50,2024|I50S2C311J4V1,No Presencial,A Distancia,Plan Especial,Metropolitana,SANTIAGO,SANTIAGO,CAMPUS RONDIZZONI,38,38
2024,50,2024|I50S2C324J4V1,No Presencial,A Distancia,Plan Especial,Metropolitana,SANTIAGO,SANTIAGO,CAMPUS RONDIZZONI,84,84
2024,68,2024|I68S1C121J4V1,No Presencial,A Distancia,Plan Especial,Metropolitana,SANTIAGO,SANTIAGO,CASA CENTRAL (SANTIAGO),51,39
2024,68,2024|I68S1C132J4V2,No Presencial,A Distancia,Plan Especial,Metropolitana,SANTIAGO,SANTIAGO,CASA CENTRAL (SANTIAGO),41,40
2024,68,2024|I68S1C151J4V1,No Presencial,A Distancia,Plan Regular,Metropolitana,SANTIAGO,SANTIAGO,CASA CENTRAL (SANTIAGO),13,13
2024,68,2024|I68S1C26J4V1,No Presencial,A Distancia,Plan Regular,Metropolitana,SANTIAGO,SANTIAGO,CASA CENTRAL (SANTIAGO),20,20
2024,68,2024|I68S1C28J4V1,No Presencial,A Distancia,Plan Regular,Metropolitana,SANTIAGO,SANTIAGO,CASA CENTRAL (SANTIAGO),22,22
2024,68,2024|I68S1C4J4V1,No Presencial,A Distancia,Plan Regular,Metropolitana,SANTIAGO,SANTIAGO,CASA CENTRAL (SANTIAGO),14,14
2024,68,2024|I68S1C85J4V1,No Presencial,A Distancia,Plan Regular,Metropolitana,SANTIAGO,SANTIAGO,CASA CENTRAL (SANTIAGO),19,19
2024,69,2024|I69S1C624J4V1,No Presencial,A Distancia,Plan Regular de Continuidad,Metropolitana,SANTIAGO,SANTIAGO,CASA CENTRAL (SANTIAGO),17,0
2024,69,2024|I69S1C625J4V1,No Presencial,A Distancia,Plan Regular de Continuidad,Metropolitana,SANTIAGO,SANTIAGO,CASA CENTRAL (SANTIAGO),19,0
2024,69,2024|I69S1C626J4V1,No Presencial,A Distancia,Plan Regular de Continuidad,Metropolitana,SANTIAGO,SANTIAGO,CASA CENTRAL (SANTIAGO),18,0
2024,69,2024|I69S1C627J4V1,No Presencial,A Distancia,Plan Regular de Continuidad,Metropolitana,SANTIAGO,SANTIAGO,CASA CENTRAL (SANTIAGO),18,0
2024,71,2024|I71S1C120J4V1,No Presencial,A Distancia,Plan Especial,Metropolitana,SANTIAGO,ESTACION CENTRAL,CASA CENTRAL (SANTIAGO),274,87
2024,71,2024|I71S1C127J4V1,No Presencial,A Distancia,Plan Especial,Metropolitana,SANTIAGO,ESTACION CENTRAL,CASA CENTRAL (SANTIAGO),93,35
2024,78,2024|I78S3C378J3V1,Semipresencial,Semipresencial,Plan Regular de Continuidad,Maule,CURICO,CURICO,CAMPUS CURICO,33,0
2024,78,2024|I78S8C429J3V1,Semipresencial,Semipresencial,Plan Regular de Continuidad,Maule,LINARES,LINARES,CAMPUS LINARES,24,0
2024,82,2024|I82S1C213J3V1,Semipresencial,Semipresencial,Plan Regular de Continuidad,Metropolitana,SANTIAGO,ÑUÑOA,CASA CENTRAL (SANTIAGO),9,0
2024,82,2024|I82S1C260J3V1,Semipresencial,Semipresencial,Plan Regular de Continuidad,Metropolitana,SANTIAGO,ÑUÑOA,CASA CENTRAL (SANTIAGO),26,0
2024,83,2024|I83S1C374J4V1,No Presencial,A Distancia,Plan Regular,Valparaíso,VALPARAISO,VALPARAISO,CASA CENTRAL (VALPARAISO),18,18
2024,91,2024|I91S1C519J3V1,Semipresencial,Semipresencial,Plan Especial,Antofagasta,ANTOFAGASTA,ANTOFAGASTA,CASA CENTRAL,12,3
2024,91,2024|I91S1C520J4V1,No Presencial,A Distancia,Plan Especial,Antofagasta,ANTOFAGASTA,ANTOFAGASTA,CASA CENTRAL,6,0
2024,91,2024|I91S1C521J4V1,No Presencial,A Distancia,Plan Especial,Antofagasta,ANTOFAGASTA,ANTOFAGASTA,CASA CENTRAL,11,1
2024,91,2024|I91S1C522J4V1,No Presencial,A Distancia,Plan Especial,Antofagasta,ANTOFAGASTA,ANTOFAGASTA,CASA CENTRAL,14,0
2024,101,2024|I101S1C124J4V1,No Presencial,A Distancia,Plan Regular,Valparaíso,LOS ANDES,LOS ANDES,CASA CENTRAL (LOS ANDES),26,0
2024,101,2024|I101S1C202J4V1,No Presencial,A Distancia,Plan Regular,Valparaíso,LOS ANDES,LOS ANDES,CASA CENTRAL (LOS ANDES),10,0
2024,101,2024|I101S1C38J4V1,No Presencial,A Distancia,Plan Regular,Valparaíso,LOS ANDES,LOS ANDES,CASA CENTRAL (LOS ANDES),10,1
2024,101,2024|I101S1C39J4V2,No Presencial,A Distancia,Plan Regular de Continuidad,Valparaíso,LOS ANDES,LOS ANDES,CASA CENTRAL (LOS ANDES),2,0
2024,106,2024|I106S3C250J3V1,Semipresencial,Semipresencial,Plan Regular,Metropolitana,SANTIAGO,MACUL,CASA CENTRAL (SANTIAGO VICUÑA MACKENNA 3030),6,0
2024,106,2024|I106S3C349J4V1,No Presencial,A Distancia,Plan Regular,Metropolitana,SANTIAGO,MACUL,CASA CENTRAL (SANTIAGO VICUÑA MACKENNA 3030),135,135
2024,106,2024|I106S3C350J4V1,No Presencial,A Distancia,Plan Regular,Metropolitana,SANTIAGO,MACUL,CASA CENTRAL (SANTIAGO VICUÑA MACKENNA 3030),40,40
2024,106,2024|I106S6C10J4V1,No Presencial,A Distancia,Plan Regular,Metropolitana,SANTIAGO,PROVIDENCIA,SEDE VICUÑA MACKENNA (SANTIAGO VICUÑA MACKENNA 380),3,0
2024,106,2024|I106S6C10J4V2,No Presencial,A Distancia,Plan Especial,Metropolitana,SANTIAGO,PROVIDENCIA,SEDE VICUÑA MACKENNA (SANTIAGO VICUÑA MACKENNA 380),11,0
2024,106,2024|I106S6C10J4V3,No Presencial,A Distancia,Plan Regular,Metropolitana,SANTIAGO,PROVIDENCIA,SEDE VICUÑA MACKENNA (SANTIAGO VICUÑA MACKENNA 380),79,0
2024,106,2024|I106S6C10J4V4,No Presencial,A Distancia,Plan Regular,Metropolitana,SANTIAGO,PROVIDENCIA,SEDE VICUÑA MACKENNA (SANTIAGO VICUÑA MACKENNA 380),396,210
2024,106,2024|I106S6C10J4V5,No Presencial,A Distancia,Plan Especial,Metropolitana,SANTIAGO,PROVIDENCIA,SEDE VICUÑA MACKENNA (SANTIAGO VICUÑA MACKENNA 380),63,39
2024,106,2024|I106S6C15J4V1,No Presencial,A Distancia,Plan Regular,Metropolitana,SANTIAGO,PROVIDENCIA,SEDE VICUÑA MACKENNA (SANTIAGO VICUÑA MACKENNA 380),10,0
2024,106,2024|I106S6C15J4V2,No Presencial,A Distancia,Plan Especial,Metropolitana,SANTIAGO,PROVIDENCIA,SEDE VICUÑA MACKENNA (SANTIAGO VICUÑA MACKENNA 380),69,69
2024,106,2024|I106S6C20J4V1,No Presencial,A Distancia,Plan Regular,Metropolitana,SANTIAGO,PROVIDENCIA,SEDE VICUÑA MACKENNA (SANTIAGO VICUÑA MACKENNA 380),128,0
2024,106,2024|I106S6C20J4V2,No Presencial,A Distancia,Plan Especial,Metropolitana,SANTIAGO,PROVIDENCIA,SEDE VICUÑA MACKENNA (SANTIAGO VICUÑA MACKENNA 380),16,0
2024,106,2024|I106S6C20J4V3,No Presencial,A Distancia,Plan Regular,Metropolitana,SANTIAGO,PROVIDENCIA,SEDE VICUÑA MACKENNA (SANTIAGO VICUÑA MACKENNA 380),689,321
2024,106,2024|I106S6C20J4V4,No Presencial,A Distancia,Plan Especial,Metropolitana,SANTIAGO,PROVIDENCIA,SEDE VICUÑA MACKENNA (SANTIAGO VICUÑA MACKENNA 380),239,149
2024,106,2024|I106S6C231J4V1,No Presencial,A Distancia,Plan Regular,Metropolitana,SANTIAGO,PROVIDENCIA,SEDE VICUÑA MACKENNA (SANTIAGO VICUÑA MACKENNA 380),28,0
2024,106,2024|I106S6C231J4V2,No Presencial,A Distancia,Plan Regular,Metropolitana,SANTIAGO,PROVIDENCIA,SEDE VICUÑA MACKENNA (SANTIAGO VICUÑA MACKENNA 380),168,110
2024,106,2024|I106S6C250J4V2,No Presencial,A Distancia,Plan Regular,Metropolitana,SANTIAGO,PROVIDENCIA,SEDE VICUÑA MACKENNA (SANTIAGO VICUÑA MACKENNA 380),521,307
2024,106,2024|I106S6C262J4V1,No Presencial,A Distancia,Plan Regular,Metropolitana,SANTIAGO,PROVIDENCIA,SEDE VICUÑA MACKENNA (SANTIAGO VICUÑA MACKENNA 380),154,0
2024,106,2024|I106S6C262J4V2,No Presencial,A Distancia,Plan Regular,Metropolitana,SANTIAGO,PROVIDENCIA,SEDE VICUÑA MACKENNA (SANTIAGO VICUÑA MACKENNA 380),614,341
2024,106,2024|I106S6C263J4V1,No Presencial,A Distancia,Plan Regular,Metropolitana,SANTIAGO,PROVIDENCIA,SEDE VICUÑA MACKENNA (SANTIAGO VICUÑA MACKENNA 380),4,0
2024,106,2024|I106S6C263J4V2,No Presencial,A Distancia,Plan Regular,Metropolitana,SANTIAGO,PROVIDENCIA,SEDE VICUÑA MACKENNA (SANTIAGO VICUÑA MACKENNA 380),22,0
2024,106,2024|I106S6C263J4V3,No Presencial,A Distancia,Plan Especial,Metropolitana,SANTIAGO,PROVIDENCIA,SEDE VICUÑA MACKENNA (SANTIAGO VICUÑA MACKENNA 380),1,0
2024,106,2024|I106S6C263J4V4,No Presencial,A Distancia,Plan Regular,Metropolitana,SANTIAGO,PROVIDENCIA,SEDE VICUÑA MACKENNA (SANTIAGO VICUÑA MACKENNA 380),154,75
2024,106,2024|I106S6C263J4V5,No Presencial,A Distancia,Plan Especial,Metropolitana,SANTIAGO,PROVIDENCIA,SEDE VICUÑA MACKENNA (SANTIAGO VICUÑA MACKENNA 380),45,22
2024,106,2024|I106S6C265J4V1,No Presencial,A Distancia,Plan Regular,Metropolitana,SANTIAGO,PROVIDENCIA,SEDE VICUÑA MACKENNA (SANTIAGO VICUÑA MACKENNA 380),13,0
2024,106,2024|I106S6C265J4V3,No Presencial,A Distancia,Plan Regular,Metropolitana,SANTIAGO,PROVIDENCIA,SEDE VICUÑA MACKENNA (SANTIAGO VICUÑA MACKENNA 380),92,54
2024,106,2024|I106S6C266J4V1,No Presencial,A Distancia,Plan Regular,Metropolitana,SANTIAGO,PROVIDENCIA,SEDE VICUÑA MACKENNA (SANTIAGO VICUÑA MACKENNA 380),77,0
2024,106,2024|I106S6C266J4V2,No Presencial,A Distancia,Plan Regular,Metropolitana,SANTIAGO,PROVIDENCIA,SEDE VICUÑA MACKENNA (SANTIAGO VICUÑA MACKENNA 380),749,501
2024,106,2024|I106S6C268J4V1,No Presencial,A Distancia,Plan Regular,Metropolitana,SANTIAGO,PROVIDENCIA,SEDE VICUÑA MACKENNA (SANTIAGO VICUÑA MACKENNA 380),29,0
2024,106,2024|I106S6C268J4V2,No Presencial,A Distancia,Plan Regular,Metropolitana,SANTIAGO,PROVIDENCIA,SEDE VICUÑA MACKENNA (SANTIAGO VICUÑA MACKENNA 380),103,65
2024,106,2024|I106S6C269J4V1,No Presencial,A Distancia,Plan Regular,Metropolitana,SANTIAGO,PROVIDENCIA,SEDE VICUÑA MACKENNA (SANTIAGO VICUÑA MACKENNA 380),58,0
2024,106,2024|I106S6C269J4V2,No Presencial,A Distancia,Plan Regular,Metropolitana,SANTIAGO,PROVIDENCIA,SEDE VICUÑA MACKENNA (SANTIAGO VICUÑA MACKENNA 380),313,213
2024,106,2024|I106S6C284J4V1,No Presencial,A Distancia,Plan Regular,Metropolitana,SANTIAGO,PROVIDENCIA,SEDE VICUÑA MACKENNA (SANTIAGO VICUÑA MACKENNA 380),33,0
2024,106,2024|I106S6C284J4V2,No Presencial,A Distancia,Plan Regular,Metropolitana,SANTIAGO,PROVIDENCIA,SEDE VICUÑA MACKENNA (SANTIAGO VICUÑA MACKENNA 380),249,171
2024,106,2024|I106S6C286J4V1,No Presencial,A Distancia,Plan Regular,Metropolitana,SANTIAGO,PROVIDENCIA,SEDE VICUÑA MACKENNA (SANTIAGO VICUÑA MACKENNA 380),73,0
2024,106,2024|I106S6C286J4V2,No Presencial,A Distancia,Plan Regular,Metropolitana,SANTIAGO,PROVIDENCIA,SEDE VICUÑA MACKENNA (SANTIAGO VICUÑA MACKENNA 380),161,59
2024,106,2024|I106S6C287J4V2,No Presencial,A Distancia,Plan Regular,Metropolitana,SANTIAGO,PROVIDENCIA,SEDE VICUÑA MACKENNA (SANTIAGO VICUÑA MACKENNA 380),75,0
2024,106,2024|I106S6C287J4V3,No Presencial,A Distancia,Plan Especial,Metropolitana,SANTIAGO,PROVIDENCIA,SEDE VICUÑA MACKENNA (SANTIAGO VICUÑA MACKENNA 380),6,0
2024,106,2024|I106S6C287J4V4,No Presencial,A Distancia,Plan Regular,Metropolitana,SANTIAGO,PROVIDENCIA,SEDE VICUÑA MACKENNA (SANTIAGO VICUÑA MACKENNA 380),348,186
2024,106,2024|I106S6C287J4V5,No Presencial,A Distancia,Plan Especial,Metropolitana,SANTIAGO,PROVIDENCIA,SEDE VICUÑA MACKENNA (SANTIAGO VICUÑA MACKENNA 380),71,42
2024,106,2024|I106S6C292J4V1,No Presencial,A Distancia,Plan Regular,Metropolitana,SANTIAGO,PROVIDENCIA,SEDE VICUÑA MACKENNA (SANTIAGO VICUÑA MACKENNA 380),21,0
2024,106,2024|I106S6C292J4V2,No Presencial,A Distancia,Plan Regular,Metropolitana,SANTIAGO,PROVIDENCIA,SEDE VICUÑA MACKENNA (SANTIAGO VICUÑA MACKENNA 380),19,14
2024,106,2024|I106S6C293J4V1,No Presencial,A Distancia,Plan Regular,Metropolitana,SANTIAGO,PROVIDENCIA,SEDE VICUÑA MACKENNA (SANTIAGO VICUÑA MACKENNA 380),28,0
2024,106,2024|I106S6C293J4V2,No Presencial,A Distancia,Plan Regular,Metropolitana,SANTIAGO,PROVIDENCIA,SEDE VICUÑA MACKENNA (SANTIAGO VICUÑA MACKENNA 380),95,56
2024,106,2024|I106S6C294J4V1,No Presencial,A Distancia,Plan Regular,Metropolitana,SANTIAGO,PROVIDENCIA,SEDE VICUÑA MACKENNA (SANTIAGO VICUÑA MACKENNA 380),143,0
2024,106,2024|I106S6C294J4V2,No Presencial,A Distancia,Plan Regular,Metropolitana,SANTIAGO,PROVIDENCIA,SEDE VICUÑA MACKENNA (SANTIAGO VICUÑA MACKENNA 380),1297,802
2024,106,2024|I106S6C295J4V1,No Presencial,A Distancia,Plan Regular,Metropolitana,SANTIAGO,PROVIDENCIA,SEDE VICUÑA MACKENNA (SANTIAGO VICUÑA MACKENNA 380),63,0
2024,106,2024|I106S6C295J4V2,No Presencial,A Distancia,Plan Regular,Metropolitana,SANTIAGO,PROVIDENCIA,SEDE VICUÑA MACKENNA (SANTIAGO VICUÑA MACKENNA 380),147,98
2024,106,2024|I106S6C296J4V1,No Presencial,A Distancia,Plan Regular,Metropolitana,SANTIAGO,PROVIDENCIA,SEDE VICUÑA MACKENNA (SANTIAGO VICUÑA MACKENNA 380),69,0
2024,106,2024|I106S6C296J4V2,No Presencial,A Distancia,Plan Regular,Metropolitana,SANTIAGO,PROVIDENCIA,SEDE VICUÑA MACKENNA (SANTIAGO VICUÑA MACKENNA 380),560,395
2024,106,2024|I106S6C297J4V1,No Presencial,A Distancia,Plan Regular,Metropolitana,SANTIAGO,PROVIDENCIA,SEDE VICUÑA MACKENNA (SANTIAGO VICUÑA MACKENNA 380),155,0
2024,106,2024|I106S6C297J4V2,No Presencial,A Distancia,Plan Especial,Metropolitana,SANTIAGO,PROVIDENCIA,SEDE VICUÑA MACKENNA (SANTIAGO VICUÑA MACKENNA 380),2,0
2024,106,2024|I106S6C297J4V3,No Presencial,A Distancia,Plan Regular,Metropolitana,SANTIAGO,PROVIDENCIA,SEDE VICUÑA MACKENNA (SANTIAGO VICUÑA MACKENNA 380),663,368
2024,106,2024|I106S6C297J4V4,No Presencial,A Distancia,Plan Especial,Metropolitana,SANTIAGO,PROVIDENCIA,SEDE VICUÑA MACKENNA (SANTIAGO VICUÑA MACKENNA 380),35,25
2024,106,2024|I106S6C303J4V1,No Presencial,A Distancia,Plan Regular,Metropolitana,SANTIAGO,PROVIDENCIA,SEDE VICUÑA MACKENNA (SANTIAGO VICUÑA MACKENNA 380),98,0
2024,106,2024|I106S6C303J4V2,No Presencial,A Distancia,Plan Regular,Metropolitana,SANTIAGO,PROVIDENCIA,SEDE VICUÑA MACKENNA (SANTIAGO VICUÑA MACKENNA 380),319,189
2024,106,2024|I106S6C304J4V2,No Presencial,A Distancia,Plan Especial,Metropolitana,SANTIAGO,PROVIDENCIA,SEDE VICUÑA MACKENNA (SANTIAGO VICUÑA MACKENNA 380),11,0
2024,106,2024|I106S6C304J4V4,No Presencial,A Distancia,Plan Especial,Metropolitana,SANTIAGO,PROVIDENCIA,SEDE VICUÑA MACKENNA (SANTIAGO VICUÑA MACKENNA 380),63,48
2024,106,2024|I106S6C305J4V2,No Presencial,A Distancia,Plan Especial,Metropolitana,SANTIAGO,PROVIDENCIA,SEDE VICUÑA MACKENNA (SANTIAGO VICUÑA MACKENNA 380),6,0
2024,106,2024|I106S6C305J4V4,No Presencial,A Distancia,Plan Especial,Metropolitana,SANTIAGO,PROVIDENCIA,SEDE VICUÑA MACKENNA (SANTIAGO VICUÑA MACKENNA 380),29,19
2024,106,2024|I106S6C306J4V2,No Presencial,A Distancia,Plan Especial,Metropolitana,SANTIAGO,PROVIDENCIA,SEDE VICUÑA MACKENNA (SANTIAGO VICUÑA MACKENNA 380),6,0
2024,106,2024|I106S6C306J4V4,No Presencial,A Distancia,Plan Especial,Metropolitana,SANTIAGO,PROVIDENCIA,SEDE VICUÑA MACKENNA (SANTIAGO VICUÑA MACKENNA 380),157,92
2024,106,2024|I106S6C307J4V1,No Presencial,A Distancia,Plan Regular,Metropolitana,SANTIAGO,PROVIDENCIA,SEDE VICUÑA MACKENNA (SANTIAGO VICUÑA MACKENNA 380),25,0
2024,106,2024|I106S6C307J4V2,No Presencial,A Distancia,Plan Regular,Metropolitana,SANTIAGO,PROVIDENCIA,SEDE VICUÑA MACKENNA (SANTIAGO VICUÑA MACKENNA 380),112,46
2024,106,2024|I106S6C309J4V1,No Presencial,A Distancia,Plan Regular,Metropolitana,SANTIAGO,PROVIDENCIA,SEDE VICUÑA MACKENNA (SANTIAGO VICUÑA MACKENNA 380),26,0
2024,106,2024|I106S6C309J4V2,No Presencial,A Distancia,Plan Regular,Metropolitana,SANTIAGO,PROVIDENCIA,SEDE VICUÑA MACKENNA (SANTIAGO VICUÑA MACKENNA 380),169,120
2024,106,2024|I106S6C310J4V1,No Presencial,A Distancia,Plan Regular,Metropolitana,SANTIAGO,PROVIDENCIA,SEDE VICUÑA MACKENNA (SANTIAGO VICUÑA MACKENNA 380),86,0
2024,106,2024|I106S6C310J4V2,No Presencial,A Distancia,Plan Regular,Metropolitana,SANTIAGO,PROVIDENCIA,SEDE VICUÑA MACKENNA (SANTIAGO VICUÑA MACKENNA 380),306,214
2024,106,2024|I106S6C314J4V3,No Presencial,A Distancia,Plan Regular,Metropolitana,SANTIAGO,PROVIDENCIA,SEDE VICUÑA MACKENNA (SANTIAGO VICUÑA MACKENNA 380),729,255
2024,106,2024|I106S6C315J4V3,No Presencial,A Distancia,Plan Regular,Metropolitana,SANTIAGO,PROVIDENCIA,SEDE VICUÑA MACKENNA (SANTIAGO VICUÑA MACKENNA 380),158,121
2024,106,2024|I106S6C316J4V3,No Presencial,A Distancia,Plan Regular,Metropolitana,SANTIAGO,PROVIDENCIA,SEDE VICUÑA MACKENNA (SANTIAGO VICUÑA MACKENNA 380),425,359
2024,106,2024|I106S6C317J4V1,No Presencial,A Distancia,Plan Regular,Metropolitana,SANTIAGO,PROVIDENCIA,SEDE VICUÑA MACKENNA (SANTIAGO VICUÑA MACKENNA 380),7,0
2024,106,2024|I106S6C317J4V2,No Presencial,A Distancia,Plan Regular,Metropolitana,SANTIAGO,PROVIDENCIA,SEDE VICUÑA MACKENNA (SANTIAGO VICUÑA MACKENNA 380),29,16
2024,106,2024|I106S6C318J4V1,No Presencial,A Distancia,Plan Regular,Metropolitana,SANTIAGO,PROVIDENCIA,SEDE VICUÑA MACKENNA (SANTIAGO VICUÑA MACKENNA 380),40,0
2024,106,2024|I106S6C318J4V2,No Presencial,A Distancia,Plan Regular,Metropolitana,SANTIAGO,PROVIDENCIA,SEDE VICUÑA MACKENNA (SANTIAGO VICUÑA MACKENNA 380),318,252
2024,106,2024|I106S6C328J4V1,No Presencial,A Distancia,Plan Regular,Metropolitana,SANTIAGO,PROVIDENCIA,SEDE VICUÑA MACKENNA (SANTIAGO VICUÑA MACKENNA 380),1,0
2024,106,2024|I106S6C328J4V2,No Presencial,A Distancia,Plan Regular,Metropolitana,SANTIAGO,PROVIDENCIA,SEDE VICUÑA MACKENNA (SANTIAGO VICUÑA MACKENNA 380),35,20
2024,106,2024|I106S6C329J4V1,No Presencial,A Distancia,Plan Regular,Metropolitana,SANTIAGO,PROVIDENCIA,SEDE VICUÑA MACKENNA (SANTIAGO VICUÑA MACKENNA 380),2,0
2024,106,2024|I106S6C329J4V2,No Presencial,A Distancia,Plan Regular,Metropolitana,SANTIAGO,PROVIDENCIA,SEDE VICUÑA MACKENNA (SANTIAGO VICUÑA MACKENNA 380),17,8
2024,106,2024|I106S6C330J4V1,No Presencial,A Distancia,Plan Regular,Metropolitana,SANTIAGO,PROVIDENCIA,SEDE VICUÑA MACKENNA (SANTIAGO VICUÑA MACKENNA 380),28,0
2024,106,2024|I106S6C330J4V2,No Presencial,A Distancia,Plan Regular,Metropolitana,SANTIAGO,PROVIDENCIA,SEDE VICUÑA MACKENNA (SANTIAGO VICUÑA MACKENNA 380),296,235
2024,106,2024|I106S6C331J4V1,No Presencial,A Distancia,Plan Regular,Metropolitana,SANTIAGO,PROVIDENCIA,SEDE VICUÑA MACKENNA (SANTIAGO VICUÑA MACKENNA 380),5,0
2024,106,2024|I106S6C331J4V2,No Presencial,A Distancia,Plan Regular,Metropolitana,SANTIAGO,PROVIDENCIA,SEDE VICUÑA MACKENNA (SANTIAGO VICUÑA MACKENNA 380),9,8
2024,106,2024|I106S6C335J4V1,No Presencial,A Distancia,Plan Regular,Metropolitana,SANTIAGO,PROVIDENCIA,SEDE VICUÑA MACKENNA (SANTIAGO VICUÑA MACKENNA 380),18,0
2024,106,2024|I106S6C335J4V2,No Presencial,A Distancia,Plan Regular,Metropolitana,SANTIAGO,PROVIDENCIA,SEDE VICUÑA MACKENNA (SANTIAGO VICUÑA MACKENNA 380),93,73
2024,106,2024|I106S6C340J4V1,No Presencial,A Distancia,Plan Regular,Metropolitana,SANTIAGO,PROVIDENCIA,SEDE VICUÑA MACKENNA (SANTIAGO VICUÑA MACKENNA 380),22,18
2024,106,2024|I106S6C341J4V1,No Presencial,A Distancia,Plan Regular,Metropolitana,SANTIAGO,PROVIDENCIA,SEDE VICUÑA MACKENNA (SANTIAGO VICUÑA MACKENNA 380),12,0
2024,106,2024|I106S6C341J4V2,No Presencial,A Distancia,Plan Regular,Metropolitana,SANTIAGO,PROVIDENCIA,SEDE VICUÑA MACKENNA (SANTIAGO VICUÑA MACKENNA 380),22,22
2024,106,2024|I106S6C342J4V1,No Presencial,A Distancia,Plan Regular,Metropolitana,SANTIAGO,PROVIDENCIA,SEDE VICUÑA MACKENNA (SANTIAGO VICUÑA MACKENNA 380),10,0
2024,106,2024|I106S6C342J4V2,No Presencial,A Distancia,Plan Regular,Metropolitana,SANTIAGO,PROVIDENCIA,SEDE VICUÑA MACKENNA (SANTIAGO VICUÑA MACKENNA 380),20,16
2024,106,2024|I106S6C343J4V1,No Presencial,A Distancia,Plan Regular,Metropolitana,SANTIAGO,PROVIDENCIA,SEDE VICUÑA MACKENNA (SANTIAGO VICUÑA MACKENNA 380),14,0
2024,106,2024|I106S6C343J4V2,No Presencial,A Distancia,Plan Regular,Metropolitana,SANTIAGO,PROVIDENCIA,SEDE VICUÑA MACKENNA (SANTIAGO VICUÑA MACKENNA 380),41,35
2024,106,2024|I106S6C64J4V1,No Presencial,A Distancia,Plan Regular,Metropolitana,SANTIAGO,PROVIDENCIA,SEDE VICUÑA MACKENNA (SANTIAGO VICUÑA MACKENNA 380),60,0
2024,106,2024|I106S6C64J4V3,No Presencial,A Distancia,Plan Regular,Metropolitana,SANTIAGO,PROVIDENCIA,SEDE VICUÑA MACKENNA (SANTIAGO VICUÑA MACKENNA 380),550,359
2024,106,2024|I106S6C67J4V1,No Presencial,A Distancia,Plan Regular,Metropolitana,SANTIAGO,PROVIDENCIA,SEDE VICUÑA MACKENNA (SANTIAGO VICUÑA MACKENNA 380),14,0
2024,106,2024|I106S6C6J4V1,No Presencial,A Distancia,Plan Regular,Metropolitana,SANTIAGO,PROVIDENCIA,SEDE VICUÑA MACKENNA (SANTIAGO VICUÑA MACKENNA 380),587,269
2024,108,2024|I108S1C23J4V1,No Presencial,A Distancia,Plan Regular,Metropolitana,SANTIAGO,SANTIAGO,CASA CENTRAL (SANTIAGO),46,38
2024,108,2024|I108S1C28J4V1,No Presencial,A Distancia,Plan Regular,Metropolitana,SANTIAGO,SANTIAGO,CASA CENTRAL (SANTIAGO),45,36
2024,108,2024|I108S1C31J4V1,No Presencial,A Distancia,Plan Regular,Metropolitana,SANTIAGO,SANTIAGO,CASA CENTRAL (SANTIAGO),10,5
2024,108,2024|I108S1C35J4V1,No Presencial,A Distancia,Plan Regular,Metropolitana,SANTIAGO,SANTIAGO,CASA CENTRAL (SANTIAGO),17,14
2024,111,2024|I111S10C204J2V1,Semipresencial,Vespertina,Plan Regular,Metropolitana,SANTIAGO,CERRILLOS,SEDE PLAZA OESTE,4,0
2024,111,2024|I111S10C309J2V1,Semipresencial,Vespertina,Plan Regular,Metropolitana,SANTIAGO,CERRILLOS,SEDE PLAZA OESTE,15,0
2024,111,2024|I111S10C441J2V1,Semipresencial,Vespertina,Plan Regular,Metropolitana,SANTIAGO,CERRILLOS,SEDE PLAZA OESTE,4,0
2024,111,2024|I111S12C259J2V1,Semipresencial,Vespertina,Plan Regular,Metropolitana,CORDILLERA,PUENTE ALTO,SEDE PUENTE ALTO,2,0
2024,111,2024|I111S15C139J2V1,Semipresencial,Vespertina,Plan Regular,Metropolitana,SANTIAGO,MAIPU,SEDE MAIPU,5,0
2024,111,2024|I111S15C145J2V1,Semipresencial,Vespertina,Plan Regular,Metropolitana,SANTIAGO,MAIPU,SEDE MAIPU,29,0
2024,111,2024|I111S15C259J2V1,Semipresencial,Vespertina,Plan Regular,Metropolitana,SANTIAGO,MAIPU,SEDE MAIPU,1,0
2024,111,2024|I111S15C285J2V1,Semipresencial,Vespertina,Plan Regular,Metropolitana,SANTIAGO,MAIPU,SEDE MAIPU,1,0
2024,111,2024|I111S15C309J2V1,Semipresencial,Vespertina,Plan Regular,Metropolitana,SANTIAGO,MAIPU,SEDE MAIPU,17,0
2024,111,2024|I111S15C484J3V1,Semipresencial,Semipresencial,Plan Regular,Metropolitana,SANTIAGO,MAIPU,SEDE MAIPU,7,0
2024,111,2024|I111S15C490J3V1,Semipresencial,Semipresencial,Plan Regular,Metropolitana,SANTIAGO,MAIPU,SEDE MAIPU,6,0
2024,111,2024|I111S20C204J2V1,Semipresencial,Vespertina,Plan Regular,Metropolitana,MAIPO,SAN BERNARDO,SEDE SAN BERNARDO,1,0
2024,111,2024|I111S20C309J2V1,Semipresencial,Vespertina,Plan Regular,Metropolitana,MAIPO,SAN BERNARDO,SEDE SAN BERNARDO,11,0
2024,111,2024|I111S21C309J2V1,Semipresencial,Vespertina,Plan Regular,Metropolitana,SANTIAGO,HUECHURABA,SEDE PLAZA NORTE,16,0
2024,111,2024|I111S21C441J2V1,Semipresencial,Vespertina,Plan Regular,Metropolitana,SANTIAGO,HUECHURABA,SEDE PLAZA NORTE,1,0
2024,111,2024|I111S22C204J2V1,Semipresencial,Vespertina,Plan Regular,Metropolitana,SANTIAGO,SANTIAGO,SEDE PADRE ALONSO DE OVALLE,16,0
2024,111,2024|I111S22C259J2V1,Semipresencial,Vespertina,Plan Regular,Metropolitana,SANTIAGO,SANTIAGO,SEDE PADRE ALONSO DE OVALLE,5,0
2024,111,2024|I111S22C285J2V1,Semipresencial,Vespertina,Plan Regular,Metropolitana,SANTIAGO,SANTIAGO,SEDE PADRE ALONSO DE OVALLE,1,0
2024,111,2024|I111S22C309J2V1,Semipresencial,Vespertina,Plan Regular,Metropolitana,SANTIAGO,SANTIAGO,SEDE PADRE ALONSO DE OVALLE,19,0
2024,111,2024|I111S22C490J3V1,Semipresencial,Semipresencial,Plan Regular,Metropolitana,SANTIAGO,SANTIAGO,SEDE PADRE ALONSO DE OVALLE,11,0
2024,111,2024|I111S27C23J4V1,No Presencial,A Distancia,Plan Regular,Metropolitana,SANTIAGO,PROVIDENCIA,CASA CENTRAL,476,188
2024,111,2024|I111S27C477J4V2,No Presencial,A Distancia,Plan Regular,Metropolitana,SANTIAGO,PROVIDENCIA,CASA CENTRAL,51,23
2024,111,2024|I111S27C513J4V2,No Presencial,A Distancia,Plan Regular,Metropolitana,SANTIAGO,PROVIDENCIA,CASA CENTRAL,203,109
2024,111,2024|I111S27C518J4V1,No Presencial,A Distancia,Plan Regular,Metropolitana,SANTIAGO,PROVIDENCIA,CASA CENTRAL,148,148
2024,111,2024|I111S27C519J4V1,No Presencial,A Distancia,Plan Regular,Metropolitana,SANTIAGO,PROVIDENCIA,CASA CENTRAL,33,33
2024,111,2024|I111S27C520J4V1,No Presencial,A Distancia,Plan Regular,Metropolitana,SANTIAGO,PROVIDENCIA,CASA CENTRAL,40,39
2024,111,2024|I111S27C528J4V1,No Presencial,A Distancia,Plan Regular de Continuidad,Metropolitana,SANTIAGO,PROVIDENCIA,CASA CENTRAL,60,0
2024,111,2024|I111S3C285J2V1,Semipresencial,Vespertina,Plan Regular,Biobío,CONCEPCION,CONCEPCION,SEDE CONCEPCION,1,0
2024,111,2024|I111S4C139J2V1,Semipresencial,Vespertina,Plan Regular,Valparaíso,VALPARAISO,VIÑA DEL MAR,SEDE VIÑA DEL MAR,1,0
2024,111,2024|I111S5C141J2V1,Semipresencial,Vespertina,Plan Regular,Metropolitana,SANTIAGO,PROVIDENCIA,SEDE ANTONIO VARAS,5,0
2024,111,2024|I111S5C281J2V1,Semipresencial,Vespertina,Plan Regular,Metropolitana,SANTIAGO,PROVIDENCIA,SEDE ANTONIO VARAS,6,0
2024,111,2024|I111S5C422J2V2,Semipresencial,Vespertina,Plan Regular,Metropolitana,SANTIAGO,PROVIDENCIA,SEDE ANTONIO VARAS,1,0
2024,111,2024|I111S5C455J2V1,Semipresencial,Vespertina,Plan Regular,Metropolitana,SANTIAGO,PROVIDENCIA,SEDE ANTONIO VARAS,9,0
2024,111,2024|I111S5C48J2V2,Semipresencial,Vespertina,Plan Regular,Metropolitana,SANTIAGO,PROVIDENCIA,SEDE ANTONIO VARAS,1,0
2024,111,2024|I111S5C492J3V1,Semipresencial,Semipresencial,Plan Regular,Metropolitana,SANTIAGO,PROVIDENCIA,SEDE ANTONIO VARAS,12,0
2024,111,2024|I111S5C6J2V2,Semipresencial,Vespertina,Plan Regular,Metropolitana,SANTIAGO,PROVIDENCIA,SEDE ANTONIO VARAS,2,0
2024,111,2024|I111S6C484J3V1,Semipresencial,Semipresencial,Plan Regular,Metropolitana,SANTIAGO,LAS CONDES,SEDE SAN CARLOS DE APOQUINDO,27,0
2024,111,2024|I111S6C486J3V3,Semipresencial,Semipresencial,Plan Regular,Metropolitana,SANTIAGO,LAS CONDES,SEDE SAN CARLOS DE APOQUINDO,21,1
2024,111,2024|I111S6C52J1V2,Semipresencial,Diurna,Plan Regular,Metropolitana,SANTIAGO,LAS CONDES,SEDE SAN CARLOS DE APOQUINDO,5,0
2024,111,2024|I111S9C139J2V1,Semipresencial,Vespertina,Plan Regular,Metropolitana,SANTIAGO,LA FLORIDA,SEDE PLAZA VESPUCIO,5,0
2024,111,2024|I111S9C204J2V1,Semipresencial,Vespertina,Plan Regular,Metropolitana,SANTIAGO,LA FLORIDA,SEDE PLAZA VESPUCIO,18,0
2024,111,2024|I111S9C281J2V1,Semipresencial,Vespertina,Plan Regular,Metropolitana,SANTIAGO,LA FLORIDA,SEDE PLAZA VESPUCIO,1,0
2024,111,2024|I111S9C285J2V1,Semipresencial,Vespertina,Plan Regular,Metropolitana,SANTIAGO,LA FLORIDA,SEDE PLAZA VESPUCIO,2,0
2024,111,2024|I111S9C410J2V1,Semipresencial,Vespertina,Plan Regular,Metropolitana,SANTIAGO,LA FLORIDA,SEDE PLAZA VESPUCIO,18,0
2024,111,2024|I111S9C422J2V2,Semipresencial,Vespertina,Plan Regular,Metropolitana,SANTIAGO,LA FLORIDA,SEDE PLAZA VESPUCIO,1,0
2024,111,2024|I111S9C441J2V1,Semipresencial,Vespertina,Plan Regular,Metropolitana,SANTIAGO,LA FLORIDA,SEDE PLAZA VESPUCIO,13,0
2024,111,2024|I111S9C455J2V1,Semipresencial,Vespertina,Plan Regular,Metropolitana,SANTIAGO,LA FLORIDA,SEDE PLAZA VESPUCIO,2,0
2024,111,2024|I111S9C484J3V1,Semipresencial,Semipresencial,Plan Regular,Metropolitana,SANTIAGO,LA FLORIDA,SEDE PLAZA VESPUCIO,30,0
2024,111,2024|I111S9C490J3V1,Semipresencial,Semipresencial,Plan Regular,Metropolitana,SANTIAGO,LA FLORIDA,SEDE PLAZA VESPUCIO,22,0
2024,111,2024|I111S9C492J3V1,Semipresencial,Semipresencial,Plan Regular,Metropolitana,SANTIAGO,LA FLORIDA,SEDE PLAZA VESPUCIO,11,0
2024,113,2024|I113S7C178J4V1,No Presencial,A Distancia,Plan Regular,Metropolitana,SANTIAGO,PROVIDENCIA,SEDE PROVIDENCIA,35,31
2024,113,2024|I113S7C193J4V1,No Presencial,A Distancia,Plan Regular de Continuidad,Metropolitana,SANTIAGO,PROVIDENCIA,SEDE PROVIDENCIA,2,0
2024,113,2024|I113S7C259J4V1,No Presencial,A Distancia,Plan Regular,Metropolitana,SANTIAGO,PROVIDENCIA,SEDE PROVIDENCIA,30,22
2024,113,2024|I113S7C304J4V1,No Presencial,A Distancia,Plan Regular,Metropolitana,SANTIAGO,PROVIDENCIA,SEDE PROVIDENCIA,6,6
2024,113,2024|I113S7C316J4V1,No Presencial,A Distancia,Plan Regular,Metropolitana,SANTIAGO,PROVIDENCIA,SEDE PROVIDENCIA,4,4
2024,113,2024|I113S7C330J4V2,No Presencial,A Distancia,Plan Regular,Metropolitana,SANTIAGO,PROVIDENCIA,SEDE PROVIDENCIA,19,16
2024,113,2024|I113S7C372J4V3,No Presencial,A Distancia,Plan Regular,Metropolitana,SANTIAGO,PROVIDENCIA,SEDE PROVIDENCIA,34,34
2024,113,2024|I113S7C392J4V3,No Presencial,A Distancia,Plan Regular,Metropolitana,SANTIAGO,PROVIDENCIA,SEDE PROVIDENCIA,7,0
2024,113,2024|I113S7C411J4V2,No Presencial,A Distancia,Plan Regular,Metropolitana,SANTIAGO,PROVIDENCIA,SEDE PROVIDENCIA,11,11
2024,113,2024|I113S7C412J4V2,No Presencial,A Distancia,Plan Regular,Metropolitana,SANTIAGO,PROVIDENCIA,SEDE PROVIDENCIA,6,6
2024,113,2024|I113S7C413J4V2,No Presencial,A Distancia,Plan Regular,Metropolitana,SANTIAGO,PROVIDENCIA,SEDE PROVIDENCIA,3,3
2024,113,2024|I113S7C430J4V1,No Presencial,A Distancia,Plan Regular de Continuidad,Metropolitana,SANTIAGO,PROVIDENCIA,SEDE PROVIDENCIA,5,0
2024,113,2024|I113S7C433J4V1,No Presencial,A Distancia,Plan Regular de Continuidad,Metropolitana,SANTIAGO,PROVIDENCIA,SEDE PROVIDENCIA,599,0
2024,113,2024|I113S7C433J4V3,No Presencial,A Distancia,Plan Regular,Metropolitana,SANTIAGO,PROVIDENCIA,SEDE PROVIDENCIA,57,47
2024,113,2024|I113S7C436J4V1,No Presencial,A Distancia,Plan Regular,Metropolitana,SANTIAGO,PROVIDENCIA,SEDE PROVIDENCIA,4,4
2024,113,2024|I113S7C459J4V1,No Presencial,A Distancia,Plan Regular,Metropolitana,SANTIAGO,PROVIDENCIA,SEDE PROVIDENCIA,127,81
2024,113,2024|I113S7C495J4V1,No Presencial,A Distancia,Plan Regular de Continuidad,Metropolitana,SANTIAGO,PROVIDENCIA,SEDE PROVIDENCIA,40,0
2024,113,2024|I113S7C495J4V2,No Presencial,A Distancia,Plan Regular,Metropolitana,SANTIAGO,PROVIDENCIA,SEDE PROVIDENCIA,2,0
2024,113,2024|I113S7C496J4V1,No Presencial,A Distancia,Plan Regular,Metropolitana,SANTIAGO,PROVIDENCIA,SEDE PROVIDENCIA,56,37
2024,113,2024|I113S7C505J4V1,No Presencial,A Distancia,Plan Regular,Metropolitana,SANTIAGO,PROVIDENCIA,SEDE PROVIDENCIA,81,44
2024,113,2024|I113S7C506J4V1,No Presencial,A Distancia,Plan Regular,Metropolitana,SANTIAGO,PROVIDENCIA,SEDE PROVIDENCIA,34,26
2024,113,2024|I113S7C507J4V1,No Presencial,A Distancia,Plan Regular,Metropolitana,SANTIAGO,PROVIDENCIA,SEDE PROVIDENCIA,7,0
2024,113,2024|I113S7C511J4V1,No Presencial,A Distancia,Plan Regular de Continuidad,Metropolitana,SANTIAGO,PROVIDENCIA,SEDE PROVIDENCIA,11,0
2024,113,2024|I113S7C533J4V1,No Presencial,A Distancia,Plan Regular,Metropolitana,SANTIAGO,PROVIDENCIA,SEDE PROVIDENCIA,16,15
2024,113,2024|I113S7C540J4V1,No Presencial,A Distancia,Plan Regular,Metropolitana,SANTIAGO,PROVIDENCIA,SEDE PROVIDENCIA,8,0
2024,113,2024|I113S7C542J4V2,No Presencial,A Distancia,Plan Regular,Metropolitana,SANTIAGO,PROVIDENCIA,SEDE PROVIDENCIA,23,22
2024,113,2024|I113S7C543J4V3,No Presencial,A Distancia,Plan Regular,Metropolitana,SANTIAGO,PROVIDENCIA,SEDE PROVIDENCIA,12,12
2024,113,2024|I113S7C548J4V1,No Presencial,A Distancia,Plan Regular de Continuidad,Metropolitana,SANTIAGO,PROVIDENCIA,SEDE PROVIDENCIA,9,0
2024,113,2024|I113S7C548J4V2,No Presencial,A Distancia,Plan Regular,Metropolitana,SANTIAGO,PROVIDENCIA,SEDE PROVIDENCIA,21,18
2024,113,2024|I113S7C553J4V1,No Presencial,A Distancia,Plan Regular de Continuidad,Metropolitana,SANTIAGO,PROVIDENCIA,SEDE PROVIDENCIA,58,0
2024,113,2024|I113S7C553J4V2,No Presencial,A Distancia,Plan Regular,Metropolitana,SANTIAGO,PROVIDENCIA,SEDE PROVIDENCIA,29,23
2024,113,2024|I113S7C566J4V1,No Presencial,A Distancia,Plan Regular,Metropolitana,SANTIAGO,PROVIDENCIA,SEDE PROVIDENCIA,4,0
2024,113,2024|I113S7C567J4V1,No Presencial,A Distancia,Plan Regular,Metropolitana,SANTIAGO,PROVIDENCIA,SEDE PROVIDENCIA,34,33
2024,113,2024|I113S7C568J4V1,No Presencial,A Distancia,Plan Regular,Metropolitana,SANTIAGO,PROVIDENCIA,SEDE PROVIDENCIA,24,20
2024,113,2024|I113S7C575J4V1,No Presencial,A Distancia,Plan Regular,Metropolitana,SANTIAGO,PROVIDENCIA,SEDE PROVIDENCIA,20,20
2024,113,2024|I113S7C581J4V1,No Presencial,A Distancia,Plan Regular,Metropolitana,SANTIAGO,PROVIDENCIA,SEDE PROVIDENCIA,12,12
2024,113,2024|I113S7C582J4V1,No Presencial,A Distancia,Plan Regular,Metropolitana,SANTIAGO,PROVIDENCIA,SEDE PROVIDENCIA,1,1
2024,113,2024|I113S7C583J4V1,No Presencial,A Distancia,Plan Regular,Metropolitana,SANTIAGO,PROVIDENCIA,SEDE PROVIDENCIA,4,4
2024,113,2024|I113S7C584J4V1,No Presencial,A Distancia,Plan Regular,Metropolitana,SANTIAGO,PROVIDENCIA,SEDE PROVIDENCIA,4,4
2024,113,2024|I113S7C585J4V1,No Presencial,A Distancia,Plan Regular,Metropolitana,SANTIAGO,PROVIDENCIA,SEDE PROVIDENCIA,31,31
2024,113,2024|I113S7C586J4V1,No Presencial,A Distancia,Plan Regular,Metropolitana,SANTIAGO,PROVIDENCIA,SEDE PROVIDENCIA,45,45
2024,113,2024|I113S7C587J4V1,No Presencial,A Distancia,Plan Regular,Metropolitana,SANTIAGO,PROVIDENCIA,SEDE PROVIDENCIA,33,33
2024,113,2024|I113S7C588J4V1,No Presencial,A Distancia,Plan Regular,Metropolitana,SANTIAGO,PROVIDENCIA,SEDE PROVIDENCIA,4,4
2024,113,2024|I113S7C591J4V1,No Presencial,A Distancia,Plan Regular,Metropolitana,SANTIAGO,PROVIDENCIA,SEDE PROVIDENCIA,59,59
2024,113,2024|I113S7C592J4V1,No Presencial,A Distancia,Plan Regular,Metropolitana,SANTIAGO,PROVIDENCIA,SEDE PROVIDENCIA,2,2
2024,113,2024|I113S7C593J4V1,No Presencial,A Distancia,Plan Regular,Metropolitana,SANTIAGO,PROVIDENCIA,SEDE PROVIDENCIA,21,21
2024,113,2024|I113S7C594J4V1,No Presencial,A Distancia,Plan Regular,Metropolitana,SANTIAGO,PROVIDENCIA,SEDE PROVIDENCIA,37,37
2024,113,2024|I113S7C61J4V1,No Presencial,A Distancia,Plan Regular,Metropolitana,SANTIAGO,PROVIDENCIA,SEDE PROVIDENCIA,123,68
2024,113,2024|I113S7C67J4V1,No Presencial,A Distancia,Plan Regular,Metropolitana,SANTIAGO,PROVIDENCIA,SEDE PROVIDENCIA,73,53
2024,116,2024|I116S10C201J2V1,Semipresencial,Vespertina,Plan Regular de Continuidad,Antofagasta,ANTOFAGASTA,ANTOFAGASTA,SEDE ANTOFAGASTA,64,0
2024,116,2024|I116S31C174J2V2,Semipresencial,Vespertina,Plan Regular de Continuidad,Metropolitana,SANTIAGO,SANTIAGO,SEDE SANTIAGO,2,0
2024,116,2024|I116S31C175J2V1,Semipresencial,Vespertina,Plan Regular de Continuidad,Metropolitana,SANTIAGO,SANTIAGO,SEDE SANTIAGO,22,0
2024,116,2024|I116S31C201J2V1,Semipresencial,Vespertina,Plan Regular de Continuidad,Metropolitana,SANTIAGO,SANTIAGO,SEDE SANTIAGO,60,0
2024,116,2024|I116S40C141J4V1,No Presencial,A Distancia,Plan Regular,Metropolitana,SANTIAGO,SAN JOAQUIN,SEDE VIRTUAL,39,39
2024,116,2024|I116S40C148J4V1,No Presencial,A Distancia,Plan Regular,Metropolitana,SANTIAGO,SAN JOAQUIN,SEDE VIRTUAL,148,60
2024,116,2024|I116S40C17J4V1,No Presencial,A Distancia,Plan Regular,Metropolitana,SANTIAGO,SAN JOAQUIN,SEDE VIRTUAL,188,85
2024,116,2024|I116S40C196J4V1,No Presencial,A Distancia,Plan Regular,Metropolitana,SANTIAGO,SAN JOAQUIN,SEDE VIRTUAL,184,70
2024,116,2024|I116S40C201J4V2,No Presencial,A Distancia,Plan Regular,Metropolitana,SANTIAGO,SAN JOAQUIN,SEDE VIRTUAL,44,44
2024,116,2024|I116S40C221J4V1,No Presencial,A Distancia,Plan Regular,Metropolitana,SANTIAGO,SAN JOAQUIN,SEDE VIRTUAL,178,80
2024,116,2024|I116S40C228J4V1,No Presencial,A Distancia,Plan Regular,Metropolitana,SANTIAGO,SAN JOAQUIN,SEDE VIRTUAL,30,30
2024,116,2024|I116S40C4J4V1,No Presencial,A Distancia,Plan Regular,Metropolitana,SANTIAGO,SAN JOAQUIN,SEDE VIRTUAL,153,75
2024,116,2024|I116S40C9J4V1,No Presencial,A Distancia,Plan Regular,Metropolitana,SANTIAGO,SAN JOAQUIN,SEDE VIRTUAL,143,74
2024,117,2024|I117S1C101J4V1,No Presencial,A Distancia,Plan Regular,Metropolitana,SANTIAGO,PROVIDENCIA,CASA CENTRAL (SANTIAGO),665,190
2024,117,2024|I117S1C102J4V1,No Presencial,A Distancia,Plan Regular,Metropolitana,SANTIAGO,PROVIDENCIA,CASA CENTRAL (SANTIAGO),112,39
2024,117,2024|I117S1C103J4V1,No Presencial,A Distancia,Plan Regular,Metropolitana,SANTIAGO,PROVIDENCIA,CASA CENTRAL (SANTIAGO),161,46
2024,117,2024|I117S1C107J4V1,No Presencial,A Distancia,Plan Regular,Metropolitana,SANTIAGO,PROVIDENCIA,CASA CENTRAL (SANTIAGO),1072,383
2024,117,2024|I117S1C108J4V1,No Presencial,A Distancia,Plan Regular,Metropolitana,SANTIAGO,PROVIDENCIA,CASA CENTRAL (SANTIAGO),492,184
2024,117,2024|I117S1C112J4V1,No Presencial,A Distancia,Plan Regular,Metropolitana,SANTIAGO,PROVIDENCIA,CASA CENTRAL (SANTIAGO),245,111
2024,117,2024|I117S1C114J4V1,No Presencial,A Distancia,Plan Regular,Metropolitana,SANTIAGO,PROVIDENCIA,CASA CENTRAL (SANTIAGO),23,0
2024,117,2024|I117S1C115J4V1,No Presencial,A Distancia,Plan Regular,Metropolitana,SANTIAGO,PROVIDENCIA,CASA CENTRAL (SANTIAGO),1270,696
2024,117,2024|I117S1C120J4V1,No Presencial,A Distancia,Plan Regular,Metropolitana,SANTIAGO,PROVIDENCIA,CASA CENTRAL (SANTIAGO),64,51
2024,117,2024|I117S1C121J4V1,No Presencial,A Distancia,Plan Regular,Metropolitana,SANTIAGO,PROVIDENCIA,CASA CENTRAL (SANTIAGO),81,63
2024,117,2024|I117S1C122J4V1,No Presencial,A Distancia,Plan Regular,Metropolitana,SANTIAGO,PROVIDENCIA,CASA CENTRAL (SANTIAGO),93,92
2024,117,2024|I117S1C17J4V1,No Presencial,A Distancia,Plan Regular,Metropolitana,SANTIAGO,PROVIDENCIA,CASA CENTRAL (SANTIAGO),567,144
2024,117,2024|I117S1C1J4V1,No Presencial,A Distancia,Plan Regular,Metropolitana,SANTIAGO,PROVIDENCIA,CASA CENTRAL (SANTIAGO),2460,714
2024,117,2024|I117S1C27J4V1,No Presencial,A Distancia,Plan Regular,Metropolitana,SANTIAGO,PROVIDENCIA,CASA CENTRAL (SANTIAGO),1910,569
2024,117,2024|I117S1C29J4V1,No Presencial,A Distancia,Plan Regular,Metropolitana,SANTIAGO,PROVIDENCIA,CASA CENTRAL (SANTIAGO),794,217
2024,117,2024|I117S1C2J4V1,No Presencial,A Distancia,Plan Regular,Metropolitana,SANTIAGO,PROVIDENCIA,CASA CENTRAL (SANTIAGO),1844,593
2024,117,2024|I117S1C30J4V1,No Presencial,A Distancia,Plan Regular,Metropolitana,SANTIAGO,PROVIDENCIA,CASA CENTRAL (SANTIAGO),945,250
2024,117,2024|I117S1C31J4V1,No Presencial,A Distancia,Plan Regular,Metropolitana,SANTIAGO,PROVIDENCIA,CASA CENTRAL (SANTIAGO),531,171
2024,117,2024|I117S1C32J4V1,No Presencial,A Distancia,Plan Regular,Metropolitana,SANTIAGO,PROVIDENCIA,CASA CENTRAL (SANTIAGO),2,0
2024,117,2024|I117S1C35J4V1,No Presencial,A Distancia,Plan Regular,Metropolitana,SANTIAGO,PROVIDENCIA,CASA CENTRAL (SANTIAGO),1124,379
2024,117,2024|I117S1C45J4V1,No Presencial,A Distancia,Plan Regular,Metropolitana,SANTIAGO,PROVIDENCIA,CASA CENTRAL (SANTIAGO),1,0
2024,117,2024|I117S1C46J4V1,No Presencial,A Distancia,Plan Regular,Metropolitana,SANTIAGO,PROVIDENCIA,CASA CENTRAL (SANTIAGO),409,149
2024,117,2024|I117S1C57J4V1,No Presencial,A Distancia,Plan Regular,Metropolitana,SANTIAGO,PROVIDENCIA,CASA CENTRAL (SANTIAGO),1050,316
2024,117,2024|I117S1C58J4V1,No Presencial,A Distancia,Plan Regular,Metropolitana,SANTIAGO,PROVIDENCIA,CASA CENTRAL (SANTIAGO),11,0
2024,117,2024|I117S1C59J4V1,No Presencial,A Distancia,Plan Regular,Metropolitana,SANTIAGO,PROVIDENCIA,CASA CENTRAL (SANTIAGO),466,175
2024,117,2024|I117S1C60J4V1,No Presencial,A Distancia,Plan Regular,Metropolitana,SANTIAGO,PROVIDENCIA,CASA CENTRAL (SANTIAGO),1299,436
2024,117,2024|I117S1C61J4V1,No Presencial,A Distancia,Plan Regular,Metropolitana,SANTIAGO,PROVIDENCIA,CASA CENTRAL (SANTIAGO),832,264
2024,117,2024|I117S1C62J4V1,No Presencial,A Distancia,Plan Regular,Metropolitana,SANTIAGO,PROVIDENCIA,CASA CENTRAL (SANTIAGO),789,196
2024,117,2024|I117S1C63J4V1,No Presencial,A Distancia,Plan Regular,Metropolitana,SANTIAGO,PROVIDENCIA,CASA CENTRAL (SANTIAGO),394,118
2024,117,2024|I117S1C65J4V1,No Presencial,A Distancia,Plan Regular,Metropolitana,SANTIAGO,PROVIDENCIA,CASA CENTRAL (SANTIAGO),582,148
2024,117,2024|I117S1C67J4V1,No Presencial,A Distancia,Plan Regular,Metropolitana,SANTIAGO,PROVIDENCIA,CASA CENTRAL (SANTIAGO),3999,1273
2024,117,2024|I117S1C68J4V1,No Presencial,A Distancia,Plan Regular,Metropolitana,SANTIAGO,PROVIDENCIA,CASA CENTRAL (SANTIAGO),109,25
2024,117,2024|I117S1C69J4V1,No Presencial,A Distancia,Plan Regular,Metropolitana,SANTIAGO,PROVIDENCIA,CASA CENTRAL (SANTIAGO),1476,499
2024,117,2024|I117S1C70J4V1,No Presencial,A Distancia,Plan Regular,Metropolitana,SANTIAGO,PROVIDENCIA,CASA CENTRAL (SANTIAGO),582,180
2024,117,2024|I117S1C71J4V1,No Presencial,A Distancia,Plan Regular,Metropolitana,SANTIAGO,PROVIDENCIA,CASA CENTRAL (SANTIAGO),720,199
2024,117,2024|I117S1C73J4V1,No Presencial,A Distancia,Plan Regular,Metropolitana,SANTIAGO,PROVIDENCIA,CASA CENTRAL (SANTIAGO),1684,719
2024,117,2024|I117S1C83J4V1,No Presencial,A Distancia,Plan Regular,Metropolitana,SANTIAGO,PROVIDENCIA,CASA CENTRAL (SANTIAGO),216,0
2024,117,2024|I117S1C84J4V1,No Presencial,A Distancia,Plan Regular,Metropolitana,SANTIAGO,PROVIDENCIA,CASA CENTRAL (SANTIAGO),5,0
2024,117,2024|I117S1C90J4V1,No Presencial,A Distancia,Plan Regular,Metropolitana,SANTIAGO,PROVIDENCIA,CASA CENTRAL (SANTIAGO),1141,448
2024,117,2024|I117S1C91J4V1,No Presencial,A Distancia,Plan Regular,Metropolitana,SANTIAGO,PROVIDENCIA,CASA CENTRAL (SANTIAGO),763,166
2024,117,2024|I117S1C96J4V1,No Presencial,A Distancia,Plan Regular,Metropolitana,SANTIAGO,PROVIDENCIA,CASA CENTRAL (SANTIAGO),763,182
2024,117,2024|I117S1C97J4V1,No Presencial,A Distancia,Plan Regular,Metropolitana,SANTIAGO,PROVIDENCIA,CASA CENTRAL (SANTIAGO),349,154
2024,120,2024|I120S1C101J4V1,No Presencial,A Distancia,Plan Regular,Biobío,CONCEPCION,CONCEPCION,CASA CENTRAL (CONCEPCION),41,9
2024,120,2024|I120S1C104J4V1,No Presencial,A Distancia,Plan Regular,Biobío,CONCEPCION,CONCEPCION,CASA CENTRAL (CONCEPCION),86,30
2024,120,2024|I120S1C105J4V1,No Presencial,A Distancia,Plan Regular,Biobío,CONCEPCION,CONCEPCION,CASA CENTRAL (CONCEPCION),95,27
2024,120,2024|I120S1C110J2V2,Semipresencial,Vespertina,Plan Especial,Biobío,CONCEPCION,CONCEPCION,CASA CENTRAL (CONCEPCION),5,0
2024,120,2024|I120S1C114J4V1,No Presencial,A Distancia,Plan Regular,Biobío,CONCEPCION,CONCEPCION,CASA CENTRAL (CONCEPCION),149,25
2024,120,2024|I120S1C12J3V1,Semipresencial,Semipresencial,Plan Regular,Biobío,CONCEPCION,CONCEPCION,CASA CENTRAL (CONCEPCION),1,1
2024,120,2024|I120S1C14J3V1,Semipresencial,Semipresencial,Plan Regular,Biobío,CONCEPCION,CONCEPCION,CASA CENTRAL (CONCEPCION),10,2
2024,120,2024|I120S1C16J3V1,Semipresencial,Semipresencial,Plan Regular,Biobío,CONCEPCION,CONCEPCION,CASA CENTRAL (CONCEPCION),104,22
2024,120,2024|I120S1C1J3V1,Semipresencial,Semipresencial,Plan Regular,Biobío,CONCEPCION,CONCEPCION,CASA CENTRAL (CONCEPCION),47,24
2024,120,2024|I120S1C214J3V1,Semipresencial,Semipresencial,Plan Regular,Biobío,CONCEPCION,CONCEPCION,CASA CENTRAL (CONCEPCION),13,3
2024,120,2024|I120S1C235J4V1,No Presencial,A Distancia,Plan Regular,Biobío,CONCEPCION,CONCEPCION,CASA CENTRAL (CONCEPCION),71,14
2024,120,2024|I120S1C241J4V1,No Presencial,A Distancia,Plan Regular,Biobío,CONCEPCION,CONCEPCION,CASA CENTRAL (CONCEPCION),33,16
2024,120,2024|I120S1C244J3V2,Semipresencial,Semipresencial,Plan Especial,Biobío,CONCEPCION,CONCEPCION,CASA CENTRAL (CONCEPCION),2,2
2024,120,2024|I120S1C250J4V1,No Presencial,A Distancia,Plan Regular,Biobío,CONCEPCION,CONCEPCION,CASA CENTRAL (CONCEPCION),14,3
2024,120,2024|I120S1C251J3V1,Semipresencial,Semipresencial,Plan Regular,Biobío,CONCEPCION,CONCEPCION,CASA CENTRAL (CONCEPCION),21,8
2024,120,2024|I120S1C260J3V1,Semipresencial,Semipresencial,Plan Especial,Biobío,CONCEPCION,CONCEPCION,CASA CENTRAL (CONCEPCION),42,19
2024,120,2024|I120S1C260J3V4,Semipresencial,Semipresencial,Plan Especial,Biobío,CONCEPCION,CONCEPCION,CASA CENTRAL (CONCEPCION),48,23
2024,120,2024|I120S1C268J3V2,Semipresencial,Semipresencial,Plan Especial,Biobío,CONCEPCION,CONCEPCION,CASA CENTRAL (CONCEPCION),89,59
2024,120,2024|I120S1C26J3V2,Semipresencial,Semipresencial,Plan Especial,Biobío,CONCEPCION,CONCEPCION,CASA CENTRAL (CONCEPCION),43,20
2024,120,2024|I120S1C272J4V1,No Presencial,A Distancia,Plan Regular,Biobío,CONCEPCION,CONCEPCION,CASA CENTRAL (CONCEPCION),17,5
2024,120,2024|I120S1C288J3V2,Semipresencial,Semipresencial,Plan Especial,Biobío,CONCEPCION,CONCEPCION,CASA CENTRAL (CONCEPCION),4,4
2024,120,2024|I120S1C290J3V2,Semipresencial,Semipresencial,Plan Especial,Biobío,CONCEPCION,CONCEPCION,CASA CENTRAL (CONCEPCION),1,0
2024,120,2024|I120S1C291J3V2,Semipresencial,Semipresencial,Plan Especial,Biobío,CONCEPCION,CONCEPCION,CASA CENTRAL (CONCEPCION),4,0
2024,120,2024|I120S1C30J3V1,Semipresencial,Semipresencial,Plan Regular,Biobío,CONCEPCION,CONCEPCION,CASA CENTRAL (CONCEPCION),36,21
2024,120,2024|I120S1C310J4V1,No Presencial,A Distancia,Plan Regular,Biobío,CONCEPCION,CONCEPCION,CASA CENTRAL (CONCEPCION),20,8
2024,120,2024|I120S1C319J3V1,Semipresencial,Semipresencial,Plan Especial,Biobío,CONCEPCION,CONCEPCION,CASA CENTRAL (CONCEPCION),47,23
2024,120,2024|I120S1C333J3V1,Semipresencial,Semipresencial,Plan Regular,Biobío,CONCEPCION,CONCEPCION,CASA CENTRAL (CONCEPCION),7,0
2024,120,2024|I120S1C7J3V1,Semipresencial,Semipresencial,Plan Regular,Biobío,CONCEPCION,CONCEPCION,CASA CENTRAL (CONCEPCION),4,0
2024,120,2024|I120S1C9J3V1,Semipresencial,Semipresencial,Plan Regular,Biobío,CONCEPCION,CONCEPCION,CASA CENTRAL (CONCEPCION),43,7
2024,120,2024|I120S2C101J4V1,No Presencial,A Distancia,Plan Regular,Valparaíso,VALPARAISO,VIÑA DEL MAR,SEDE VIÑA DEL MAR,7,1
2024,120,2024|I120S2C104J4V1,No Presencial,A Distancia,Plan Regular,Valparaíso,VALPARAISO,VIÑA DEL MAR,SEDE VIÑA DEL MAR,8,2
2024,120,2024|I120S2C105J4V1,No Presencial,A Distancia,Plan Regular,Valparaíso,VALPARAISO,VIÑA DEL MAR,SEDE VIÑA DEL MAR,25,3
2024,120,2024|I120S2C114J4V1,No Presencial,A Distancia,Plan Regular,Valparaíso,VALPARAISO,VIÑA DEL MAR,SEDE VIÑA DEL MAR,129,12
2024,120,2024|I120S2C14J3V1,Semipresencial,Semipresencial,Plan Regular,Valparaíso,VALPARAISO,VIÑA DEL MAR,SEDE VIÑA DEL MAR,8,3
2024,120,2024|I120S2C16J3V1,Semipresencial,Semipresencial,Plan Regular,Valparaíso,VALPARAISO,VIÑA DEL MAR,SEDE VIÑA DEL MAR,40,12
2024,120,2024|I120S2C214J3V1,Semipresencial,Semipresencial,Plan Regular,Valparaíso,VALPARAISO,VIÑA DEL MAR,SEDE VIÑA DEL MAR,11,0
2024,120,2024|I120S2C235J4V1,No Presencial,A Distancia,Plan Regular,Valparaíso,VALPARAISO,VIÑA DEL MAR,SEDE VIÑA DEL MAR,16,6
2024,120,2024|I120S2C241J4V1,No Presencial,A Distancia,Plan Regular,Valparaíso,VALPARAISO,VIÑA DEL MAR,SEDE VIÑA DEL MAR,14,4
2024,120,2024|I120S2C244J3V1,Semipresencial,Semipresencial,Plan Regular,Valparaíso,VALPARAISO,VIÑA DEL MAR,SEDE VIÑA DEL MAR,12,11
2024,120,2024|I120S2C250J4V1,No Presencial,A Distancia,Plan Regular,Valparaíso,VALPARAISO,VIÑA DEL MAR,SEDE VIÑA DEL MAR,7,3
2024,120,2024|I120S2C251J3V1,Semipresencial,Semipresencial,Plan Regular,Valparaíso,VALPARAISO,VIÑA DEL MAR,SEDE VIÑA DEL MAR,14,5
2024,120,2024|I120S2C260J3V1,Semipresencial,Semipresencial,Plan Especial,Valparaíso,VALPARAISO,VIÑA DEL MAR,SEDE VIÑA DEL MAR,37,25
2024,120,2024|I120S2C268J3V2,Semipresencial,Semipresencial,Plan Especial,Valparaíso,VALPARAISO,VIÑA DEL MAR,SEDE VIÑA DEL MAR,47,25
2024,120,2024|I120S2C26J3V2,Semipresencial,Semipresencial,Plan Especial,Valparaíso,VALPARAISO,VIÑA DEL MAR,SEDE VIÑA DEL MAR,52,29
2024,120,2024|I120S2C272J4V1,No Presencial,A Distancia,Plan Regular,Valparaíso,VALPARAISO,VIÑA DEL MAR,SEDE VIÑA DEL MAR,7,3
2024,120,2024|I120S2C30J3V1,Semipresencial,Semipresencial,Plan Regular,Valparaíso,VALPARAISO,VIÑA DEL MAR,SEDE VIÑA DEL MAR,28,14
2024,120,2024|I120S2C310J4V1,No Presencial,A Distancia,Plan Regular,Valparaíso,VALPARAISO,VIÑA DEL MAR,SEDE VIÑA DEL MAR,3,2
2024,120,2024|I120S2C7J3V1,Semipresencial,Semipresencial,Plan Regular,Valparaíso,VALPARAISO,VIÑA DEL MAR,SEDE VIÑA DEL MAR,2,0
2024,120,2024|I120S2C9J3V1,Semipresencial,Semipresencial,Plan Regular,Valparaíso,VALPARAISO,VIÑA DEL MAR,SEDE VIÑA DEL MAR,13,9
2024,120,2024|I120S3C101J4V1,No Presencial,A Distancia,Plan Regular,Ñuble,DIGUILLIN,CHILLAN,SEDE CHILLAN,10,1
2024,120,2024|I120S3C104J4V1,No Presencial,A Distancia,Plan Regular,Ñuble,DIGUILLIN,CHILLAN,SEDE CHILLAN,25,8
2024,120,2024|I120S3C105J4V1,No Presencial,A Distancia,Plan Regular,Ñuble,DIGUILLIN,CHILLAN,SEDE CHILLAN,13,4
2024,120,2024|I120S3C110J1V1,Semipresencial,Diurna,Plan Especial,Ñuble,DIGUILLIN,CHILLAN,SEDE CHILLAN,2,0
2024,120,2024|I120S3C114J4V1,No Presencial,A Distancia,Plan Regular,Ñuble,DIGUILLIN,CHILLAN,SEDE CHILLAN,117,24
2024,120,2024|I120S3C12J3V1,Semipresencial,Semipresencial,Plan Regular,Ñuble,DIGUILLIN,CHILLAN,SEDE CHILLAN,17,14
2024,120,2024|I120S3C14J3V1,Semipresencial,Semipresencial,Plan Regular,Ñuble,DIGUILLIN,CHILLAN,SEDE CHILLAN,31,18
2024,120,2024|I120S3C16J3V1,Semipresencial,Semipresencial,Plan Regular,Ñuble,DIGUILLIN,CHILLAN,SEDE CHILLAN,26,9
2024,120,2024|I120S3C1J3V1,Semipresencial,Semipresencial,Plan Regular,Ñuble,DIGUILLIN,CHILLAN,SEDE CHILLAN,70,32
2024,120,2024|I120S3C214J3V1,Semipresencial,Semipresencial,Plan Regular,Ñuble,DIGUILLIN,CHILLAN,SEDE CHILLAN,46,19
2024,120,2024|I120S3C224J3V1,Semipresencial,Semipresencial,Plan Regular,Ñuble,DIGUILLIN,CHILLAN,SEDE CHILLAN,15,3
2024,120,2024|I120S3C235J4V1,No Presencial,A Distancia,Plan Regular,Ñuble,DIGUILLIN,CHILLAN,SEDE CHILLAN,22,1
2024,120,2024|I120S3C241J4V1,No Presencial,A Distancia,Plan Regular,Ñuble,DIGUILLIN,CHILLAN,SEDE CHILLAN,6,5
2024,120,2024|I120S3C244J3V2,Semipresencial,Semipresencial,Plan Especial,Ñuble,DIGUILLIN,CHILLAN,SEDE CHILLAN,46,19
2024,120,2024|I120S3C250J4V1,No Presencial,A Distancia,Plan Regular,Ñuble,DIGUILLIN,CHILLAN,SEDE CHILLAN,7,2
2024,120,2024|I120S3C260J3V1,Semipresencial,Semipresencial,Plan Especial,Ñuble,DIGUILLIN,CHILLAN,SEDE CHILLAN,33,20
2024,120,2024|I120S3C260J3V3,Semipresencial,Semipresencial,Plan Especial,Ñuble,DIGUILLIN,CHILLAN,SEDE CHILLAN,16,10
2024,120,2024|I120S3C268J3V2,Semipresencial,Semipresencial,Plan Especial,Ñuble,DIGUILLIN,CHILLAN,SEDE CHILLAN,5,4
2024,120,2024|I120S3C26J3V2,Semipresencial,Semipresencial,Plan Especial,Ñuble,DIGUILLIN,CHILLAN,SEDE CHILLAN,4,4
2024,120,2024|I120S3C272J4V1,No Presencial,A Distancia,Plan Regular,Ñuble,DIGUILLIN,CHILLAN,SEDE CHILLAN,5,1
2024,120,2024|I120S3C30J3V1,Semipresencial,Semipresencial,Plan Regular,Ñuble,DIGUILLIN,CHILLAN,SEDE CHILLAN,106,37
2024,120,2024|I120S3C310J4V1,No Presencial,A Distancia,Plan Regular,Ñuble,DIGUILLIN,CHILLAN,SEDE CHILLAN,9,6
2024,120,2024|I120S3C411J3V1,Semipresencial,Semipresencial,Plan Especial,Ñuble,DIGUILLIN,CHILLAN,SEDE CHILLAN,22,22
2024,120,2024|I120S3C7J3V1,Semipresencial,Semipresencial,Plan Regular,Ñuble,DIGUILLIN,CHILLAN,SEDE CHILLAN,17,9
2024,120,2024|I120S3C9J3V1,Semipresencial,Semipresencial,Plan Regular,Ñuble,DIGUILLIN,CHILLAN,SEDE CHILLAN,65,33
2024,120,2024|I120S4C101J4V1,No Presencial,A Distancia,Plan Regular,Metropolitana,SANTIAGO,ÑUÑOA,SEDE SANTIAGO - ÑUÑOA,21,4
2024,120,2024|I120S4C104J4V1,No Presencial,A Distancia,Plan Regular,Metropolitana,SANTIAGO,ÑUÑOA,SEDE SANTIAGO - ÑUÑOA,24,4
2024,120,2024|I120S4C105J4V1,No Presencial,A Distancia,Plan Regular,Metropolitana,SANTIAGO,ÑUÑOA,SEDE SANTIAGO - ÑUÑOA,29,6
2024,120,2024|I120S4C114J4V1,No Presencial,A Distancia,Plan Regular,Metropolitana,SANTIAGO,ÑUÑOA,SEDE SANTIAGO - ÑUÑOA,61,12
2024,120,2024|I120S4C14J3V1,Semipresencial,Semipresencial,Plan Regular,Metropolitana,SANTIAGO,ÑUÑOA,SEDE SANTIAGO - ÑUÑOA,8,5
2024,120,2024|I120S4C16J3V1,Semipresencial,Semipresencial,Plan Regular,Metropolitana,SANTIAGO,ÑUÑOA,SEDE SANTIAGO - ÑUÑOA,6,2
2024,120,2024|I120S4C1J3V1,Semipresencial,Semipresencial,Plan Regular,Metropolitana,SANTIAGO,ÑUÑOA,SEDE SANTIAGO - ÑUÑOA,9,3
2024,120,2024|I120S4C214J3V2,Semipresencial,Semipresencial,Plan Regular,Metropolitana,SANTIAGO,ÑUÑOA,SEDE SANTIAGO - ÑUÑOA,16,9
2024,120,2024|I120S4C235J4V1,No Presencial,A Distancia,Plan Regular,Metropolitana,SANTIAGO,ÑUÑOA,SEDE SANTIAGO - ÑUÑOA,53,2
2024,120,2024|I120S4C241J4V1,No Presencial,A Distancia,Plan Regular,Metropolitana,SANTIAGO,ÑUÑOA,SEDE SANTIAGO - ÑUÑOA,24,6
2024,120,2024|I120S4C244J3V1,Semipresencial,Semipresencial,Plan Especial,Metropolitana,SANTIAGO,ÑUÑOA,SEDE SANTIAGO - ÑUÑOA,13,8
2024,120,2024|I120S4C250J4V1,No Presencial,A Distancia,Plan Regular,Metropolitana,SANTIAGO,ÑUÑOA,SEDE SANTIAGO - ÑUÑOA,11,3
2024,120,2024|I120S4C251J3V1,Semipresencial,Semipresencial,Plan Regular,Metropolitana,SANTIAGO,ÑUÑOA,SEDE SANTIAGO - ÑUÑOA,49,19
2024,120,2024|I120S4C260J3V1,Semipresencial,Semipresencial,Plan Especial,Metropolitana,SANTIAGO,ÑUÑOA,SEDE SANTIAGO - ÑUÑOA,1,1
2024,120,2024|I120S4C260J3V3,Semipresencial,Semipresencial,Plan Especial,Metropolitana,SANTIAGO,ÑUÑOA,SEDE SANTIAGO - ÑUÑOA,44,39
2024,120,2024|I120S4C268J1V1,Semipresencial,Diurna,Plan Especial,Metropolitana,SANTIAGO,ÑUÑOA,SEDE SANTIAGO - ÑUÑOA,198,103
2024,120,2024|I120S4C26J3V2,Semipresencial,Semipresencial,Plan Especial,Metropolitana,SANTIAGO,ÑUÑOA,SEDE SANTIAGO - ÑUÑOA,7,7
2024,120,2024|I120S4C272J4V1,No Presencial,A Distancia,Plan Regular,Metropolitana,SANTIAGO,ÑUÑOA,SEDE SANTIAGO - ÑUÑOA,21,2
2024,120,2024|I120S4C274J3V1,Semipresencial,Semipresencial,Plan Regular,Metropolitana,SANTIAGO,ÑUÑOA,SEDE SANTIAGO - ÑUÑOA,13,7
2024,120,2024|I120S4C30J3V1,Semipresencial,Semipresencial,Plan Regular,Metropolitana,SANTIAGO,ÑUÑOA,SEDE SANTIAGO - ÑUÑOA,28,12
2024,120,2024|I120S4C310J3V1,Semipresencial,Semipresencial,Plan Regular,Metropolitana,SANTIAGO,ÑUÑOA,SEDE SANTIAGO - ÑUÑOA,9,2
2024,120,2024|I120S4C7J3V1,Semipresencial,Semipresencial,Plan Regular,Metropolitana,SANTIAGO,ÑUÑOA,SEDE SANTIAGO - ÑUÑOA,8,0
2024,120,2024|I120S4C9J3V1,Semipresencial,Semipresencial,Plan Regular,Metropolitana,SANTIAGO,ÑUÑOA,SEDE SANTIAGO - ÑUÑOA,14,0
2024,123,2024|I123S1C128J4V1,No Presencial,A Distancia,Plan Regular,Coquimbo,ELQUI,LA SERENA,SEDE LA SERENA,1,0
2024,123,2024|I123S1C151J4V1,No Presencial,A Distancia,Plan Regular,Coquimbo,ELQUI,LA SERENA,SEDE LA SERENA,2,0
2024,123,2024|I123S1C16J4V1,No Presencial,A Distancia,Plan Regular,Coquimbo,ELQUI,LA SERENA,SEDE LA SERENA,2,0
2024,123,2024|I123S1C18J4V1,No Presencial,A Distancia,Plan Regular,Coquimbo,ELQUI,LA SERENA,SEDE LA SERENA,17,0
2024,123,2024|I123S1C192J4V1,No Presencial,A Distancia,Plan Regular,Coquimbo,ELQUI,LA SERENA,SEDE LA SERENA,6,0
2024,123,2024|I123S1C198J4V1,No Presencial,A Distancia,Plan Regular,Coquimbo,ELQUI,LA SERENA,SEDE LA SERENA,8,0
2024,123,2024|I123S1C198J4V3,No Presencial,A Distancia,Plan Regular de Continuidad,Coquimbo,ELQUI,LA SERENA,SEDE LA SERENA,1,0
2024,123,2024|I123S1C199J4V1,No Presencial,A Distancia,Plan Regular,Coquimbo,ELQUI,LA SERENA,SEDE LA SERENA,3,0
2024,123,2024|I123S1C201J4V1,No Presencial,A Distancia,Plan Regular,Coquimbo,ELQUI,LA SERENA,SEDE LA SERENA,1,0
2024,123,2024|I123S1C203J4V1,No Presencial,A Distancia,Plan Regular,Coquimbo,ELQUI,LA SERENA,SEDE LA SERENA,2,0
2024,123,2024|I123S1C37J4V2,No Presencial,A Distancia,Plan Regular,Coquimbo,ELQUI,LA SERENA,SEDE LA SERENA,9,0
2024,123,2024|I123S1C37J4V3,No Presencial,A Distancia,Plan Regular de Continuidad,Coquimbo,ELQUI,LA SERENA,SEDE LA SERENA,9,0
2024,123,2024|I123S1C41J4V1,No Presencial,A Distancia,Plan Regular,Coquimbo,ELQUI,LA SERENA,SEDE LA SERENA,4,0
2024,123,2024|I123S1C41J4V3,No Presencial,A Distancia,Plan Regular de Continuidad,Coquimbo,ELQUI,LA SERENA,SEDE LA SERENA,1,0
2024,123,2024|I123S1C45J4V1,No Presencial,A Distancia,Plan Regular,Coquimbo,ELQUI,LA SERENA,SEDE LA SERENA,4,0
2024,123,2024|I123S1C48J4V1,No Presencial,A Distancia,Plan Regular,Coquimbo,ELQUI,LA SERENA,SEDE LA SERENA,6,0
2024,123,2024|I123S1C49J4V1,No Presencial,A Distancia,Plan Regular,Coquimbo,ELQUI,LA SERENA,SEDE LA SERENA,2,0
2024,123,2024|I123S1C50J4V3,No Presencial,A Distancia,Plan Regular de Continuidad,Coquimbo,ELQUI,LA SERENA,SEDE LA SERENA,9,0
2024,123,2024|I123S1C51J4V1,No Presencial,A Distancia,Plan Regular,Coquimbo,ELQUI,LA SERENA,SEDE LA SERENA,2,0
2024,123,2024|I123S1C56J4V1,No Presencial,A Distancia,Plan Regular,Coquimbo,ELQUI,LA SERENA,SEDE LA SERENA,1,0
2024,123,2024|I123S1C9J4V1,No Presencial,A Distancia,Plan Regular,Coquimbo,ELQUI,LA SERENA,SEDE LA SERENA,8,0
2024,123,2024|I123S2C128J4V1,No Presencial,A Distancia,Plan Regular,Metropolitana,SANTIAGO,SANTIAGO,CASA CENTRAL (SANTIAGO),100,48
2024,123,2024|I123S2C151J4V1,No Presencial,A Distancia,Plan Regular,Metropolitana,SANTIAGO,SANTIAGO,CASA CENTRAL (SANTIAGO),156,56
2024,123,2024|I123S2C16J4V1,No Presencial,A Distancia,Plan Regular,Metropolitana,SANTIAGO,SANTIAGO,CASA CENTRAL (SANTIAGO),44,0
2024,123,2024|I123S2C18J4V1,No Presencial,A Distancia,Plan Regular,Metropolitana,SANTIAGO,SANTIAGO,CASA CENTRAL (SANTIAGO),378,91
2024,123,2024|I123S2C192J4V1,No Presencial,A Distancia,Plan Regular,Metropolitana,SANTIAGO,SANTIAGO,CASA CENTRAL (SANTIAGO),172,64
2024,123,2024|I123S2C198J4V1,No Presencial,A Distancia,Plan Regular,Metropolitana,SANTIAGO,SANTIAGO,CASA CENTRAL (SANTIAGO),159,46
2024,123,2024|I123S2C198J4V3,No Presencial,A Distancia,Plan Regular de Continuidad,Metropolitana,SANTIAGO,SANTIAGO,CASA CENTRAL (SANTIAGO),50,0
2024,123,2024|I123S2C199J4V1,No Presencial,A Distancia,Plan Regular,Metropolitana,SANTIAGO,SANTIAGO,CASA CENTRAL (SANTIAGO),30,0
2024,123,2024|I123S2C199J4V3,No Presencial,A Distancia,Plan Regular de Continuidad,Metropolitana,SANTIAGO,SANTIAGO,CASA CENTRAL (SANTIAGO),1,0
2024,123,2024|I123S2C201J4V1,No Presencial,A Distancia,Plan Regular,Metropolitana,SANTIAGO,SANTIAGO,CASA CENTRAL (SANTIAGO),59,33
2024,123,2024|I123S2C203J4V1,No Presencial,A Distancia,Plan Regular,Metropolitana,SANTIAGO,SANTIAGO,CASA CENTRAL (SANTIAGO),67,20
2024,123,2024|I123S2C204J4V1,No Presencial,A Distancia,Plan Regular,Metropolitana,SANTIAGO,SANTIAGO,CASA CENTRAL (SANTIAGO),9,0
2024,123,2024|I123S2C210J4V2,No Presencial,A Distancia,Plan Regular de Continuidad,Metropolitana,SANTIAGO,SANTIAGO,CASA CENTRAL (SANTIAGO),223,0
2024,123,2024|I123S2C211J4V1,No Presencial,A Distancia,Plan Regular,Metropolitana,SANTIAGO,SANTIAGO,CASA CENTRAL (SANTIAGO),43,16
2024,123,2024|I123S2C218J4V1,No Presencial,A Distancia,Plan Regular,Metropolitana,SANTIAGO,SANTIAGO,CASA CENTRAL (SANTIAGO),35,19
2024,123,2024|I123S2C218J4V2,No Presencial,A Distancia,Plan Regular de Continuidad,Metropolitana,SANTIAGO,SANTIAGO,CASA CENTRAL (SANTIAGO),9,0
2024,123,2024|I123S2C219J4V1,No Presencial,A Distancia,Plan Regular,Metropolitana,SANTIAGO,SANTIAGO,CASA CENTRAL (SANTIAGO),51,30
2024,123,2024|I123S2C219J4V2,No Presencial,A Distancia,Plan Regular de Continuidad,Metropolitana,SANTIAGO,SANTIAGO,CASA CENTRAL (SANTIAGO),42,0
2024,123,2024|I123S2C220J4V1,No Presencial,A Distancia,Plan Regular,Metropolitana,SANTIAGO,SANTIAGO,CASA CENTRAL (SANTIAGO),63,40
2024,123,2024|I123S2C220J4V2,No Presencial,A Distancia,Plan Regular de Continuidad,Metropolitana,SANTIAGO,SANTIAGO,CASA CENTRAL (SANTIAGO),34,0
2024,123,2024|I123S2C221J4V1,No Presencial,A Distancia,Plan Regular,Metropolitana,SANTIAGO,SANTIAGO,CASA CENTRAL (SANTIAGO),40,27
2024,123,2024|I123S2C222J4V1,No Presencial,A Distancia,Plan Regular,Metropolitana,SANTIAGO,SANTIAGO,CASA CENTRAL (SANTIAGO),27,16
2024,123,2024|I123S2C223J4V1,No Presencial,A Distancia,Plan Regular,Metropolitana,SANTIAGO,SANTIAGO,CASA CENTRAL (SANTIAGO),94,72
2024,123,2024|I123S2C224J4V1,No Presencial,A Distancia,Plan Regular,Metropolitana,SANTIAGO,SANTIAGO,CASA CENTRAL (SANTIAGO),80,53
2024,123,2024|I123S2C229J4V1,No Presencial,A Distancia,Plan Regular,Metropolitana,SANTIAGO,SANTIAGO,CASA CENTRAL (SANTIAGO),23,23
2024,123,2024|I123S2C230J4V1,No Presencial,A Distancia,Plan Regular,Metropolitana,SANTIAGO,SANTIAGO,CASA CENTRAL (SANTIAGO),22,22
2024,123,2024|I123S2C231J4V1,No Presencial,A Distancia,Plan Regular,Metropolitana,SANTIAGO,SANTIAGO,CASA CENTRAL (SANTIAGO),37,36
2024,123,2024|I123S2C27J4V2,No Presencial,A Distancia,Plan Regular de Continuidad,Metropolitana,SANTIAGO,SANTIAGO,CASA CENTRAL (SANTIAGO),49,0
2024,123,2024|I123S2C28J4V3,No Presencial,A Distancia,Plan Regular de Continuidad,Metropolitana,SANTIAGO,SANTIAGO,CASA CENTRAL (SANTIAGO),1019,0
2024,123,2024|I123S2C31J4V2,No Presencial,A Distancia,Plan Regular de Continuidad,Metropolitana,SANTIAGO,SANTIAGO,CASA CENTRAL (SANTIAGO),274,0
2024,123,2024|I123S2C36J4V1,No Presencial,A Distancia,Plan Regular,Metropolitana,SANTIAGO,SANTIAGO,CASA CENTRAL (SANTIAGO),21,21
2024,123,2024|I123S2C37J4V2,No Presencial,A Distancia,Plan Regular,Metropolitana,SANTIAGO,SANTIAGO,CASA CENTRAL (SANTIAGO),129,28
2024,123,2024|I123S2C37J4V3,No Presencial,A Distancia,Plan Regular de Continuidad,Metropolitana,SANTIAGO,SANTIAGO,CASA CENTRAL (SANTIAGO),58,0
2024,123,2024|I123S2C38J4V3,No Presencial,A Distancia,Plan Regular de Continuidad,Metropolitana,SANTIAGO,SANTIAGO,CASA CENTRAL (SANTIAGO),14,0
2024,123,2024|I123S2C41J4V1,No Presencial,A Distancia,Plan Regular,Metropolitana,SANTIAGO,SANTIAGO,CASA CENTRAL (SANTIAGO),167,64
2024,123,2024|I123S2C41J4V3,No Presencial,A Distancia,Plan Regular de Continuidad,Metropolitana,SANTIAGO,SANTIAGO,CASA CENTRAL (SANTIAGO),64,0
2024,123,2024|I123S2C42J4V1,No Presencial,A Distancia,Plan Regular,Metropolitana,SANTIAGO,SANTIAGO,CASA CENTRAL (SANTIAGO),165,40
2024,123,2024|I123S2C42J4V2,No Presencial,A Distancia,Plan Regular de Continuidad,Metropolitana,SANTIAGO,SANTIAGO,CASA CENTRAL (SANTIAGO),47,0
2024,123,2024|I123S2C45J4V1,No Presencial,A Distancia,Plan Regular,Metropolitana,SANTIAGO,SANTIAGO,CASA CENTRAL (SANTIAGO),73,33
2024,123,2024|I123S2C45J4V3,No Presencial,A Distancia,Plan Regular de Continuidad,Metropolitana,SANTIAGO,SANTIAGO,CASA CENTRAL (SANTIAGO),102,0
2024,123,2024|I123S2C48J4V1,No Presencial,A Distancia,Plan Regular,Metropolitana,SANTIAGO,SANTIAGO,CASA CENTRAL (SANTIAGO),227,82
2024,123,2024|I123S2C49J4V1,No Presencial,A Distancia,Plan Regular,Metropolitana,SANTIAGO,SANTIAGO,CASA CENTRAL (SANTIAGO),95,31
2024,123,2024|I123S2C50J4V3,No Presencial,A Distancia,Plan Regular de Continuidad,Metropolitana,SANTIAGO,SANTIAGO,CASA CENTRAL (SANTIAGO),140,0
2024,123,2024|I123S2C51J4V1,No Presencial,A Distancia,Plan Regular,Metropolitana,SANTIAGO,SANTIAGO,CASA CENTRAL (SANTIAGO),157,54
2024,123,2024|I123S2C52J4V1,No Presencial,A Distancia,Plan Regular,Metropolitana,SANTIAGO,SANTIAGO,CASA CENTRAL (SANTIAGO),59,30
2024,123,2024|I123S2C55J4V1,No Presencial,A Distancia,Plan Regular,Metropolitana,SANTIAGO,SANTIAGO,CASA CENTRAL (SANTIAGO),20,19
2024,123,2024|I123S2C56J4V1,No Presencial,A Distancia,Plan Regular,Metropolitana,SANTIAGO,SANTIAGO,CASA CENTRAL (SANTIAGO),167,64
2024,123,2024|I123S2C9J4V1,No Presencial,A Distancia,Plan Regular,Metropolitana,SANTIAGO,SANTIAGO,CASA CENTRAL (SANTIAGO),110,28
2024,123,2024|I123S2C9J4V3,No Presencial,A Distancia,Plan Regular de Continuidad,Metropolitana,SANTIAGO,SANTIAGO,CASA CENTRAL (SANTIAGO),11,0
2024,123,2024|I123S3C151J4V1,No Presencial,A Distancia,Plan Regular,Lib. Gral. B. O'Higgins,CACHAPOAL,RANCAGUA,SEDE RANCAGUA,1,0
2024,123,2024|I123S3C18J4V1,No Presencial,A Distancia,Plan Regular,Lib. Gral. B. O'Higgins,CACHAPOAL,RANCAGUA,SEDE RANCAGUA,28,0
2024,123,2024|I123S3C198J4V1,No Presencial,A Distancia,Plan Regular,Lib. Gral. B. O'Higgins,CACHAPOAL,RANCAGUA,SEDE RANCAGUA,5,0
2024,123,2024|I123S3C37J4V2,No Presencial,A Distancia,Plan Regular,Lib. Gral. B. O'Higgins,CACHAPOAL,RANCAGUA,SEDE RANCAGUA,6,0
2024,123,2024|I123S3C41J4V1,No Presencial,A Distancia,Plan Regular,Lib. Gral. B. O'Higgins,CACHAPOAL,RANCAGUA,SEDE RANCAGUA,2,0
2024,123,2024|I123S3C45J4V1,No Presencial,A Distancia,Plan Regular,Lib. Gral. B. O'Higgins,CACHAPOAL,RANCAGUA,SEDE RANCAGUA,7,0
2024,123,2024|I123S3C48J4V1,No Presencial,A Distancia,Plan Regular,Lib. Gral. B. O'Higgins,CACHAPOAL,RANCAGUA,SEDE RANCAGUA,3,0
2024,123,2024|I123S3C49J4V1,No Presencial,A Distancia,Plan Regular,Lib. Gral. B. O'Higgins,CACHAPOAL,RANCAGUA,SEDE RANCAGUA,2,0
2024,123,2024|I123S3C50J4V3,No Presencial,A Distancia,Plan Regular de Continuidad,Lib. Gral. B. O'Higgins,CACHAPOAL,RANCAGUA,SEDE RANCAGUA,1,0
2024,123,2024|I123S3C51J4V1,No Presencial,A Distancia,Plan Regular,Lib. Gral. B. O'Higgins,CACHAPOAL,RANCAGUA,SEDE RANCAGUA,1,0
2024,123,2024|I123S3C56J4V1,No Presencial,A Distancia,Plan Regular,Lib. Gral. B. O'Higgins,CACHAPOAL,RANCAGUA,SEDE RANCAGUA,2,0
2024,123,2024|I123S3C9J4V1,No Presencial,A Distancia,Plan Regular,Lib. Gral. B. O'Higgins,CACHAPOAL,RANCAGUA,SEDE RANCAGUA,1,0
2024,123,2024|I123S3C9J4V3,No Presencial,A Distancia,Plan Regular de Continuidad,Lib. Gral. B. O'Higgins,CACHAPOAL,RANCAGUA,SEDE RANCAGUA,1,0
2024,123,2024|I123S5C151J4V1,No Presencial,A Distancia,Plan Regular,La Araucanía,CAUTIN,TEMUCO,SEDE TEMUCO,1,0
2024,123,2024|I123S5C18J4V1,No Presencial,A Distancia,Plan Regular,La Araucanía,CAUTIN,TEMUCO,SEDE TEMUCO,30,0
2024,123,2024|I123S5C192J4V1,No Presencial,A Distancia,Plan Regular,La Araucanía,CAUTIN,TEMUCO,SEDE TEMUCO,1,0
2024,123,2024|I123S5C198J4V1,No Presencial,A Distancia,Plan Regular,La Araucanía,CAUTIN,TEMUCO,SEDE TEMUCO,14,0
2024,123,2024|I123S5C199J4V1,No Presencial,A Distancia,Plan Regular,La Araucanía,CAUTIN,TEMUCO,SEDE TEMUCO,1,0
2024,123,2024|I123S5C201J4V1,No Presencial,A Distancia,Plan Regular,La Araucanía,CAUTIN,TEMUCO,SEDE TEMUCO,1,0
2024,123,2024|I123S5C203J4V1,No Presencial,A Distancia,Plan Regular,La Araucanía,CAUTIN,TEMUCO,SEDE TEMUCO,1,0
2024,123,2024|I123S5C37J4V2,No Presencial,A Distancia,Plan Regular,La Araucanía,CAUTIN,TEMUCO,SEDE TEMUCO,13,0
2024,123,2024|I123S5C37J4V3,No Presencial,A Distancia,Plan Regular de Continuidad,La Araucanía,CAUTIN,TEMUCO,SEDE TEMUCO,2,0
2024,123,2024|I123S5C41J4V1,No Presencial,A Distancia,Plan Regular,La Araucanía,CAUTIN,TEMUCO,SEDE TEMUCO,3,0
2024,123,2024|I123S5C45J4V1,No Presencial,A Distancia,Plan Regular,La Araucanía,CAUTIN,TEMUCO,SEDE TEMUCO,4,0
2024,123,2024|I123S5C45J4V3,No Presencial,A Distancia,Plan Regular de Continuidad,La Araucanía,CAUTIN,TEMUCO,SEDE TEMUCO,4,0
2024,123,2024|I123S5C48J4V1,No Presencial,A Distancia,Plan Regular,La Araucanía,CAUTIN,TEMUCO,SEDE TEMUCO,3,0
2024,123,2024|I123S5C49J4V1,No Presencial,A Distancia,Plan Regular,La Araucanía,CAUTIN,TEMUCO,SEDE TEMUCO,3,0
2024,123,2024|I123S5C50J4V3,No Presencial,A Distancia,Plan Regular de Continuidad,La Araucanía,CAUTIN,TEMUCO,SEDE TEMUCO,4,0
2024,123,2024|I123S5C51J4V1,No Presencial,A Distancia,Plan Regular,La Araucanía,CAUTIN,TEMUCO,SEDE TEMUCO,2,0
2024,123,2024|I123S5C9J4V1,No Presencial,A Distancia,Plan Regular,La Araucanía,CAUTIN,TEMUCO,SEDE TEMUCO,7,0
2024,129,2024|I129S1C30J4V2,No Presencial,A Distancia,Plan Regular,Metropolitana,SANTIAGO,VITACURA,CASA CENTRAL (SANTIAGO),29,19
2024,137,2024|I137S1C11J4V1,No Presencial,A Distancia,Plan Regular,Metropolitana,SANTIAGO,PROVIDENCIA,CASA CENTRAL,98,96
2024,137,2024|I137S1C2J4V2,No Presencial,A Distancia,Plan Regular,Metropolitana,SANTIAGO,PROVIDENCIA,CASA CENTRAL,146,45
2024,139,2024|I139S3C178J4V1,No Presencial,A Distancia,Plan Regular,Biobío,CONCEPCION,CONCEPCION,CASA CENTRAL (CONCEPCION),26,26
2024,139,2024|I139S3C199J4V1,No Presencial,A Distancia,Plan Regular,Biobío,CONCEPCION,CONCEPCION,CASA CENTRAL (CONCEPCION),54,28
2024,139,2024|I139S3C49J4V1,No Presencial,A Distancia,Plan Especial,Biobío,CONCEPCION,CONCEPCION,CASA CENTRAL (CONCEPCION),43,43
2024,143,2024|I143S10C616J3V2,Semipresencial,Semipresencial,Plan Regular,Maule,CURICO,CURICO,SEDE CURICO,1,1
2024,143,2024|I143S10C645J3V1,Semipresencial,Semipresencial,Plan Regular,Maule,CURICO,CURICO,SEDE CURICO,1,1
2024,143,2024|I143S12C34J3V1,Semipresencial,Semipresencial,Plan Regular,Los Lagos,LLANQUIHUE,PUERTO MONTT,SEDE PUERTO MONTT,12,12
2024,143,2024|I143S12C53J3V1,Semipresencial,Semipresencial,Plan Regular,Los Lagos,LLANQUIHUE,PUERTO MONTT,SEDE PUERTO MONTT,11,10
2024,143,2024|I143S12C645J3V1,Semipresencial,Semipresencial,Plan Regular,Los Lagos,LLANQUIHUE,PUERTO MONTT,SEDE PUERTO MONTT,2,0
2024,143,2024|I143S12C653J3V1,Semipresencial,Semipresencial,Plan Regular,Los Lagos,LLANQUIHUE,PUERTO MONTT,SEDE PUERTO MONTT,1,0
2024,143,2024|I143S13C62J3V1,Semipresencial,Semipresencial,Plan Regular,Biobío,CONCEPCION,CONCEPCION,SEDE CONCEPCION,19,18
2024,143,2024|I143S13C707J3V1,Semipresencial,Semipresencial,Plan Regular,Biobío,CONCEPCION,CONCEPCION,SEDE CONCEPCION,1,1
2024,143,2024|I143S15C113J3V1,Semipresencial,Semipresencial,Plan Regular,Metropolitana,SANTIAGO,SANTIAGO,SEDE BARRIO UNIVERSITARIO,1,0
2024,143,2024|I143S15C118J3V1,Semipresencial,Semipresencial,Plan Regular,Metropolitana,SANTIAGO,SANTIAGO,SEDE BARRIO UNIVERSITARIO,1,0
2024,143,2024|I143S20C660J3V1,Semipresencial,Semipresencial,Plan Regular,La Araucanía,CAUTIN,TEMUCO,SEDE TEMUCO,2,0
2024,143,2024|I143S22C34J3V1,Semipresencial,Semipresencial,Plan Regular,Maule,TALCA,TALCA,SEDE TALCA,17,17
2024,143,2024|I143S22C62J3V1,Semipresencial,Semipresencial,Plan Regular,Maule,TALCA,TALCA,SEDE TALCA,12,11
2024,143,2024|I143S26C111J3V1,Semipresencial,Semipresencial,Plan Regular,Metropolitana,SANTIAGO,SANTIAGO,SEDE BELLAVISTA,7,0
2024,143,2024|I143S26C112J3V1,Semipresencial,Semipresencial,Plan Regular,Metropolitana,SANTIAGO,SANTIAGO,SEDE BELLAVISTA,7,0
2024,143,2024|I143S26C113J3V1,Semipresencial,Semipresencial,Plan Regular,Metropolitana,SANTIAGO,SANTIAGO,SEDE BELLAVISTA,6,0
2024,143,2024|I143S26C17J3V1,Semipresencial,Semipresencial,Plan Regular,Metropolitana,SANTIAGO,SANTIAGO,SEDE BELLAVISTA,1,0
2024,143,2024|I143S26C219J3V1,Semipresencial,Semipresencial,Plan Regular,Metropolitana,SANTIAGO,SANTIAGO,SEDE BELLAVISTA,4,0
2024,143,2024|I143S26C651J3V1,Semipresencial,Semipresencial,Plan Regular,Metropolitana,SANTIAGO,SANTIAGO,SEDE BELLAVISTA,1,0
2024,143,2024|I143S27C116J3V1,Semipresencial,Semipresencial,Plan Regular,Metropolitana,SANTIAGO,CONCHALI,SEDE SANTIAGO NORTE,2,0
2024,143,2024|I143S28C100J4V1,No Presencial,A Distancia,Plan Regular,Metropolitana,SANTIAGO,CONCHALI,SEDE ONLINE,185,163
2024,143,2024|I143S28C111J4V1,No Presencial,A Distancia,Plan Regular,Metropolitana,SANTIAGO,CONCHALI,SEDE ONLINE,484,92
2024,143,2024|I143S28C112J4V1,No Presencial,A Distancia,Plan Regular,Metropolitana,SANTIAGO,CONCHALI,SEDE ONLINE,260,48
2024,143,2024|I143S28C113J4V1,No Presencial,A Distancia,Plan Regular,Metropolitana,SANTIAGO,CONCHALI,SEDE ONLINE,680,91
2024,143,2024|I143S28C115J4V1,No Presencial,A Distancia,Plan Regular,Metropolitana,SANTIAGO,CONCHALI,SEDE ONLINE,436,92
2024,143,2024|I143S28C117J4V1,No Presencial,A Distancia,Plan Regular,Metropolitana,SANTIAGO,CONCHALI,SEDE ONLINE,251,73
2024,143,2024|I143S28C118J4V1,No Presencial,A Distancia,Plan Regular,Metropolitana,SANTIAGO,CONCHALI,SEDE ONLINE,517,97
2024,143,2024|I143S28C219J4V1,No Presencial,A Distancia,Plan Regular,Metropolitana,SANTIAGO,CONCHALI,SEDE ONLINE,580,153
2024,143,2024|I143S28C27J4V1,No Presencial,A Distancia,Plan Regular,Metropolitana,SANTIAGO,CONCHALI,SEDE ONLINE,492,148
2024,143,2024|I143S28C28J4V1,No Presencial,A Distancia,Plan Regular,Metropolitana,SANTIAGO,CONCHALI,SEDE ONLINE,1534,303
2024,143,2024|I143S28C29J4V1,No Presencial,A Distancia,Plan Regular,Metropolitana,SANTIAGO,CONCHALI,SEDE ONLINE,815,260
2024,143,2024|I143S28C30J4V1,No Presencial,A Distancia,Plan Regular,Metropolitana,SANTIAGO,CONCHALI,SEDE ONLINE,507,177
2024,143,2024|I143S28C34J3V1,Semipresencial,Semipresencial,Plan Regular,Metropolitana,SANTIAGO,CONCHALI,SEDE ONLINE,109,49
2024,143,2024|I143S28C39J4V1,No Presencial,A Distancia,Plan Regular,Metropolitana,SANTIAGO,CONCHALI,SEDE ONLINE,127,56
2024,143,2024|I143S28C469J4V1,No Presencial,A Distancia,Plan Regular,Metropolitana,SANTIAGO,CONCHALI,SEDE ONLINE,354,93
2024,143,2024|I143S28C53J3V1,Semipresencial,Semipresencial,Plan Regular,Metropolitana,SANTIAGO,CONCHALI,SEDE ONLINE,46,17
2024,143,2024|I143S28C614J4V1,No Presencial,A Distancia,Plan Regular,Metropolitana,SANTIAGO,CONCHALI,SEDE ONLINE,25,23
2024,143,2024|I143S28C614J4V2,No Presencial,A Distancia,Plan Regular,Metropolitana,SANTIAGO,CONCHALI,SEDE ONLINE,34,0
2024,143,2024|I143S28C616J3V2,Semipresencial,Semipresencial,Plan Regular,Metropolitana,SANTIAGO,CONCHALI,SEDE ONLINE,54,22
2024,143,2024|I143S28C62J3V1,Semipresencial,Semipresencial,Plan Regular,Metropolitana,SANTIAGO,CONCHALI,SEDE ONLINE,92,35
2024,143,2024|I143S28C645J4V1,No Presencial,A Distancia,Plan Regular,Metropolitana,SANTIAGO,CONCHALI,SEDE ONLINE,931,325
2024,143,2024|I143S28C650J4V2,No Presencial,A Distancia,Plan Regular,Metropolitana,SANTIAGO,CONCHALI,SEDE ONLINE,346,139
2024,143,2024|I143S28C651J4V1,No Presencial,A Distancia,Plan Regular,Metropolitana,SANTIAGO,CONCHALI,SEDE ONLINE,1163,358
2024,143,2024|I143S28C653J4V1,No Presencial,A Distancia,Plan Regular,Metropolitana,SANTIAGO,CONCHALI,SEDE ONLINE,254,91
2024,143,2024|I143S28C654J4V1,No Presencial,A Distancia,Plan Regular,Metropolitana,SANTIAGO,CONCHALI,SEDE ONLINE,622,265
2024,143,2024|I143S28C655J4V1,No Presencial,A Distancia,Plan Regular,Metropolitana,SANTIAGO,CONCHALI,SEDE ONLINE,359,117
2024,143,2024|I143S28C660J4V1,No Presencial,A Distancia,Plan Regular,Metropolitana,SANTIAGO,CONCHALI,SEDE ONLINE,682,140
2024,143,2024|I143S28C665J4V1,No Presencial,A Distancia,Plan Regular,Metropolitana,SANTIAGO,CONCHALI,SEDE ONLINE,730,188
2024,143,2024|I143S28C667J4V1,No Presencial,A Distancia,Plan Regular,Metropolitana,SANTIAGO,CONCHALI,SEDE ONLINE,21,10
2024,143,2024|I143S28C668J4V1,No Presencial,A Distancia,Plan Regular,Metropolitana,SANTIAGO,CONCHALI,SEDE ONLINE,35,16
2024,143,2024|I143S28C677J4V1,No Presencial,A Distancia,Plan Regular,Metropolitana,SANTIAGO,CONCHALI,SEDE ONLINE,626,240
2024,143,2024|I143S28C700J4V1,No Presencial,A Distancia,Plan Regular,Metropolitana,SANTIAGO,CONCHALI,SEDE ONLINE,135,72
2024,143,2024|I143S28C701J4V1,No Presencial,A Distancia,Plan Regular,Metropolitana,SANTIAGO,CONCHALI,SEDE ONLINE,163,56
2024,143,2024|I143S28C702J4V1,No Presencial,A Distancia,Plan Regular,Metropolitana,SANTIAGO,CONCHALI,SEDE ONLINE,584,211
2024,143,2024|I143S28C703J4V1,No Presencial,A Distancia,Plan Regular,Metropolitana,SANTIAGO,CONCHALI,SEDE ONLINE,155,55
2024,143,2024|I143S28C707J4V1,No Presencial,A Distancia,Plan Regular,Metropolitana,SANTIAGO,CONCHALI,SEDE ONLINE,761,407
2024,143,2024|I143S28C708J4V1,No Presencial,A Distancia,Plan Regular,Metropolitana,SANTIAGO,CONCHALI,SEDE ONLINE,184,99
2024,143,2024|I143S28C709J4V1,No Presencial,A Distancia,Plan Regular,Metropolitana,SANTIAGO,CONCHALI,SEDE ONLINE,167,101
2024,143,2024|I143S28C710J4V1,No Presencial,A Distancia,Plan Regular,Metropolitana,SANTIAGO,CONCHALI,SEDE ONLINE,7,0
2024,143,2024|I143S28C711J4V1,No Presencial,A Distancia,Plan Regular,Metropolitana,SANTIAGO,CONCHALI,SEDE ONLINE,129,70
2024,143,2024|I143S28C712J4V1,No Presencial,A Distancia,Plan Regular,Metropolitana,SANTIAGO,CONCHALI,SEDE ONLINE,49,28
2024,143,2024|I143S28C713J4V1,No Presencial,A Distancia,Plan Regular,Metropolitana,SANTIAGO,CONCHALI,SEDE ONLINE,152,82
2024,143,2024|I143S28C714J4V1,No Presencial,A Distancia,Plan Regular,Metropolitana,SANTIAGO,CONCHALI,SEDE ONLINE,44,30
2024,143,2024|I143S28C728J4V1,No Presencial,A Distancia,Plan Regular,Metropolitana,SANTIAGO,CONCHALI,SEDE ONLINE,16,16
2024,143,2024|I143S28C736J4V1,No Presencial,A Distancia,Plan Regular,Metropolitana,SANTIAGO,CONCHALI,SEDE ONLINE,120,119
2024,143,2024|I143S28C73J4V1,No Presencial,A Distancia,Plan Regular,Metropolitana,SANTIAGO,CONCHALI,SEDE ONLINE,551,122
2024,143,2024|I143S28C77J4V1,No Presencial,A Distancia,Plan Regular,Metropolitana,SANTIAGO,CONCHALI,SEDE ONLINE,702,154
2024,143,2024|I143S28C83J4V1,No Presencial,A Distancia,Plan Regular,Metropolitana,SANTIAGO,CONCHALI,SEDE ONLINE,548,153
2024,143,2024|I143S28C95J4V1,No Presencial,A Distancia,Plan Regular,Metropolitana,SANTIAGO,CONCHALI,SEDE ONLINE,1136,260
2024,143,2024|I143S28C9J4V1,No Presencial,A Distancia,Plan Regular,Metropolitana,SANTIAGO,CONCHALI,SEDE ONLINE,686,207
2024,143,2024|I143S29C116J3V1,Semipresencial,Semipresencial,Plan Regular,Metropolitana,SANTIAGO,MAIPU,SEDE MAIPU,1,0
2024,143,2024|I143S29C645J3V1,Semipresencial,Semipresencial,Plan Regular,Metropolitana,SANTIAGO,MAIPU,SEDE MAIPU,6,0
2024,143,2024|I143S2C77J3V1,Semipresencial,Semipresencial,Plan Regular,Antofagasta,ANTOFAGASTA,ANTOFAGASTA,SEDE ANTOFAGASTA,23,22
2024,143,2024|I143S30C645J3V1,Semipresencial,Semipresencial,Plan Regular,Metropolitana,MAIPO,SAN BERNARDO,SEDE SAN BERNARDO,1,0
2024,143,2024|I143S30C653J3V1,Semipresencial,Semipresencial,Plan Regular,Metropolitana,MAIPO,SAN BERNARDO,SEDE SAN BERNARDO,2,0
2024,143,2024|I143S32C34J3V1,Semipresencial,Semipresencial,Plan Regular,Los Lagos,CHILOE,CASTRO,SEDE CASTRO,13,0
2024,143,2024|I143S32C34J3V2,Semipresencial,Semipresencial,Plan Regular,Los Lagos,CHILOE,CASTRO,SEDE CASTRO,13,12
2024,143,2024|I143S32C62J3V1,Semipresencial,Semipresencial,Plan Regular,Los Lagos,CHILOE,CASTRO,SEDE CASTRO,8,0
2024,143,2024|I143S32C62J3V2,Semipresencial,Semipresencial,Plan Regular,Los Lagos,CHILOE,CASTRO,SEDE CASTRO,18,17
2024,143,2024|I143S33C34J3V1,Semipresencial,Semipresencial,Plan Regular,Ñuble,DIGUILLIN,CHILLAN,SEDE CHILLAN,1,1
2024,143,2024|I143S5C651J3V1,Semipresencial,Semipresencial,Plan Regular,Antofagasta,EL LOA,CALAMA,SEDE CALAMA,4,0
2024,152,2024|I152S10C100J4V2,No Presencial,A Distancia,Plan Regular,Metropolitana,SANTIAGO,SANTIAGO,SEDE SANTIAGO,19,19
2024,152,2024|I152S10C107J2V2,Semipresencial,Vespertina,Plan Regular,Metropolitana,SANTIAGO,SANTIAGO,SEDE SANTIAGO,26,0
2024,152,2024|I152S10C107J4V1,No Presencial,A Distancia,Plan Regular,Metropolitana,SANTIAGO,SANTIAGO,SEDE SANTIAGO,1616,322
2024,152,2024|I152S10C109J4V1,No Presencial,A Distancia,Plan Regular,Metropolitana,SANTIAGO,SANTIAGO,SEDE SANTIAGO,1,0
2024,152,2024|I152S10C144J4V1,No Presencial,A Distancia,Plan Regular,Metropolitana,SANTIAGO,SANTIAGO,SEDE SANTIAGO,494,164
2024,152,2024|I152S10C18J3V1,Semipresencial,Semipresencial,Plan Regular,Metropolitana,SANTIAGO,SANTIAGO,SEDE SANTIAGO,248,55
2024,152,2024|I152S10C1J4V1,No Presencial,A Distancia,Plan Regular,Metropolitana,SANTIAGO,SANTIAGO,SEDE SANTIAGO,409,84
2024,152,2024|I152S10C21J4V3,No Presencial,A Distancia,Plan Regular,Metropolitana,SANTIAGO,SANTIAGO,SEDE SANTIAGO,1559,251
2024,152,2024|I152S10C22J2V1,Semipresencial,Vespertina,Plan Regular,Metropolitana,SANTIAGO,SANTIAGO,SEDE SANTIAGO,1436,460
2024,152,2024|I152S10C259J3V5,Semipresencial,Semipresencial,Plan Regular,Metropolitana,SANTIAGO,SANTIAGO,SEDE SANTIAGO,31,31
2024,152,2024|I152S10C274J2V3,Semipresencial,Vespertina,Plan Regular,Metropolitana,SANTIAGO,SANTIAGO,SEDE SANTIAGO,90,18
2024,152,2024|I152S10C274J4V4,No Presencial,A Distancia,Plan Regular,Metropolitana,SANTIAGO,SANTIAGO,SEDE SANTIAGO,2645,486
2024,152,2024|I152S10C278J4V2,No Presencial,A Distancia,Plan Regular,Metropolitana,SANTIAGO,SANTIAGO,SEDE SANTIAGO,551,192
2024,152,2024|I152S10C279J3V2,Semipresencial,Semipresencial,Plan Regular,Metropolitana,SANTIAGO,SANTIAGO,SEDE SANTIAGO,804,529
2024,152,2024|I152S10C281J4V1,No Presencial,A Distancia,Plan Regular,Metropolitana,SANTIAGO,SANTIAGO,SEDE SANTIAGO,3,0
2024,152,2024|I152S10C282J4V2,No Presencial,A Distancia,Plan Regular,Metropolitana,SANTIAGO,SANTIAGO,SEDE SANTIAGO,754,296
2024,152,2024|I152S10C283J4V4,No Presencial,A Distancia,Plan Regular,Metropolitana,SANTIAGO,SANTIAGO,SEDE SANTIAGO,525,180
2024,152,2024|I152S10C295J4V1,No Presencial,A Distancia,Plan Regular,Metropolitana,SANTIAGO,SANTIAGO,SEDE SANTIAGO,740,196
2024,152,2024|I152S10C297J3V1,Semipresencial,Semipresencial,Plan Regular,Metropolitana,SANTIAGO,SANTIAGO,SEDE SANTIAGO,207,79
2024,152,2024|I152S10C300J4V3,No Presencial,A Distancia,Plan Regular,Metropolitana,SANTIAGO,SANTIAGO,SEDE SANTIAGO,891,248
2024,152,2024|I152S10C301J3V4,Semipresencial,Semipresencial,Plan Regular,Metropolitana,SANTIAGO,SANTIAGO,SEDE SANTIAGO,181,181
2024,152,2024|I152S10C314J4V1,No Presencial,A Distancia,Plan Regular,Metropolitana,SANTIAGO,SANTIAGO,SEDE SANTIAGO,104,0
2024,152,2024|I152S10C316J4V1,No Presencial,A Distancia,Plan Regular,Metropolitana,SANTIAGO,SANTIAGO,SEDE SANTIAGO,1174,186
2024,152,2024|I152S10C318J4V1,No Presencial,A Distancia,Plan Regular,Metropolitana,SANTIAGO,SANTIAGO,SEDE SANTIAGO,778,138
2024,152,2024|I152S10C319J4V1,No Presencial,A Distancia,Plan Regular,Metropolitana,SANTIAGO,SANTIAGO,SEDE SANTIAGO,1245,0
2024,152,2024|I152S10C321J2V2,Semipresencial,Vespertina,Plan Regular,Metropolitana,SANTIAGO,SANTIAGO,SEDE SANTIAGO,1,0
2024,152,2024|I152S10C321J4V1,No Presencial,A Distancia,Plan Regular,Metropolitana,SANTIAGO,SANTIAGO,SEDE SANTIAGO,545,144
2024,152,2024|I152S10C323J4V1,No Presencial,A Distancia,Plan Regular,Metropolitana,SANTIAGO,SANTIAGO,SEDE SANTIAGO,1059,428
2024,152,2024|I152S10C325J4V1,No Presencial,A Distancia,Plan Regular,Metropolitana,SANTIAGO,SANTIAGO,SEDE SANTIAGO,1686,3
2024,152,2024|I152S10C326J4V6,No Presencial,A Distancia,Plan Regular,Metropolitana,SANTIAGO,SANTIAGO,SEDE SANTIAGO,1675,518
2024,152,2024|I152S10C327J4V1,No Presencial,A Distancia,Plan Regular,Metropolitana,SANTIAGO,SANTIAGO,SEDE SANTIAGO,72,0
2024,152,2024|I152S10C328J4V5,No Presencial,A Distancia,Plan Regular,Metropolitana,SANTIAGO,SANTIAGO,SEDE SANTIAGO,430,83
2024,152,2024|I152S10C363J4V2,No Presencial,A Distancia,Plan Regular,Metropolitana,SANTIAGO,SANTIAGO,SEDE SANTIAGO,81,0
2024,152,2024|I152S10C369J4V1,No Presencial,A Distancia,Plan Regular,Metropolitana,SANTIAGO,SANTIAGO,SEDE SANTIAGO,207,0
2024,152,2024|I152S10C370J2V1,Semipresencial,Vespertina,Plan Regular,Metropolitana,SANTIAGO,SANTIAGO,SEDE SANTIAGO,211,70
2024,152,2024|I152S10C371J4V1,No Presencial,A Distancia,Plan Regular,Metropolitana,SANTIAGO,SANTIAGO,SEDE SANTIAGO,30,0
2024,152,2024|I152S10C372J4V1,No Presencial,A Distancia,Plan Regular,Metropolitana,SANTIAGO,SANTIAGO,SEDE SANTIAGO,130,0
2024,152,2024|I152S10C383J4V1,No Presencial,A Distancia,Plan Regular,Metropolitana,SANTIAGO,SANTIAGO,SEDE SANTIAGO,397,84
2024,152,2024|I152S10C387J4V1,No Presencial,A Distancia,Plan Regular,Metropolitana,SANTIAGO,SANTIAGO,SEDE SANTIAGO,31,0
2024,152,2024|I152S10C389J4V1,No Presencial,A Distancia,Plan Regular,Metropolitana,SANTIAGO,SANTIAGO,SEDE SANTIAGO,241,0
2024,152,2024|I152S10C38J4V1,No Presencial,A Distancia,Plan Regular,Metropolitana,SANTIAGO,SANTIAGO,SEDE SANTIAGO,504,122
2024,152,2024|I152S10C390J3V1,Semipresencial,Semipresencial,Plan Regular,Metropolitana,SANTIAGO,SANTIAGO,SEDE SANTIAGO,117,30
2024,152,2024|I152S10C394J3V1,Semipresencial,Semipresencial,Plan Regular,Metropolitana,SANTIAGO,SANTIAGO,SEDE SANTIAGO,97,97
2024,152,2024|I152S10C395J4V1,No Presencial,A Distancia,Plan Regular,Metropolitana,SANTIAGO,SANTIAGO,SEDE SANTIAGO,1793,815
2024,152,2024|I152S10C396J4V1,No Presencial,A Distancia,Plan Regular,Metropolitana,SANTIAGO,SANTIAGO,SEDE SANTIAGO,132,37
2024,152,2024|I152S10C398J4V1,No Presencial,A Distancia,Plan Regular,Metropolitana,SANTIAGO,SANTIAGO,SEDE SANTIAGO,228,65
2024,152,2024|I152S10C41J4V2,No Presencial,A Distancia,Plan Regular,Metropolitana,SANTIAGO,SANTIAGO,SEDE SANTIAGO,3705,750
2024,152,2024|I152S10C420J4V1,No Presencial,A Distancia,Plan Regular,Metropolitana,SANTIAGO,SANTIAGO,SEDE SANTIAGO,737,308
2024,152,2024|I152S10C421J4V1,No Presencial,A Distancia,Plan Regular,Metropolitana,SANTIAGO,SANTIAGO,SEDE SANTIAGO,505,202
2024,152,2024|I152S10C428J4V1,No Presencial,A Distancia,Plan Regular,Metropolitana,SANTIAGO,SANTIAGO,SEDE SANTIAGO,1229,365
2024,152,2024|I152S10C429J3V1,Semipresencial,Semipresencial,Plan Regular,Metropolitana,SANTIAGO,SANTIAGO,SEDE SANTIAGO,224,83
2024,152,2024|I152S10C430J4V1,No Presencial,A Distancia,Plan Regular,Metropolitana,SANTIAGO,SANTIAGO,SEDE SANTIAGO,380,68
2024,152,2024|I152S10C431J4V1,No Presencial,A Distancia,Plan Regular,Metropolitana,SANTIAGO,SANTIAGO,SEDE SANTIAGO,1344,519
2024,152,2024|I152S10C432J3V1,Semipresencial,Semipresencial,Plan Regular,Metropolitana,SANTIAGO,SANTIAGO,SEDE SANTIAGO,13,13
2024,152,2024|I152S10C445J3V1,Semipresencial,Semipresencial,Plan Regular,Metropolitana,SANTIAGO,SANTIAGO,SEDE SANTIAGO,294,131
2024,152,2024|I152S10C446J4V1,No Presencial,A Distancia,Plan Regular,Metropolitana,SANTIAGO,SANTIAGO,SEDE SANTIAGO,93,46
2024,152,2024|I152S10C452J4V1,No Presencial,A Distancia,Plan Regular,Metropolitana,SANTIAGO,SANTIAGO,SEDE SANTIAGO,264,148
2024,152,2024|I152S10C454J4V1,No Presencial,A Distancia,Plan Regular,Metropolitana,SANTIAGO,SANTIAGO,SEDE SANTIAGO,337,183
2024,152,2024|I152S10C455J3V1,Semipresencial,Semipresencial,Plan Regular,Metropolitana,SANTIAGO,SANTIAGO,SEDE SANTIAGO,597,416
2024,152,2024|I152S10C456J4V1,No Presencial,A Distancia,Plan Regular,Metropolitana,SANTIAGO,SANTIAGO,SEDE SANTIAGO,99,42
2024,152,2024|I152S10C457J4V1,No Presencial,A Distancia,Plan Regular,Metropolitana,SANTIAGO,SANTIAGO,SEDE SANTIAGO,54,32
2024,152,2024|I152S10C458J4V1,No Presencial,A Distancia,Plan Regular,Metropolitana,SANTIAGO,SANTIAGO,SEDE SANTIAGO,257,127
2024,152,2024|I152S10C459J4V1,No Presencial,A Distancia,Plan Regular,Metropolitana,SANTIAGO,SANTIAGO,SEDE SANTIAGO,39,20
2024,152,2024|I152S10C470J4V1,No Presencial,A Distancia,Plan Regular,Metropolitana,SANTIAGO,SANTIAGO,SEDE SANTIAGO,39,36
2024,152,2024|I152S10C471J4V1,No Presencial,A Distancia,Plan Regular,Metropolitana,SANTIAGO,SANTIAGO,SEDE SANTIAGO,21,20
2024,152,2024|I152S10C472J4V1,No Presencial,A Distancia,Plan Regular,Metropolitana,SANTIAGO,SANTIAGO,SEDE SANTIAGO,724,420
2024,152,2024|I152S10C473J4V1,No Presencial,A Distancia,Plan Regular,Metropolitana,SANTIAGO,SANTIAGO,SEDE SANTIAGO,135,109
2024,152,2024|I152S10C474J4V1,No Presencial,A Distancia,Plan Regular de Continuidad,Metropolitana,SANTIAGO,SANTIAGO,SEDE SANTIAGO,130,0
2024,152,2024|I152S10C475J4V1,No Presencial,A Distancia,Plan Regular,Metropolitana,SANTIAGO,SANTIAGO,SEDE SANTIAGO,124,124
2024,152,2024|I152S10C476J4V1,No Presencial,A Distancia,Plan Regular,Metropolitana,SANTIAGO,SANTIAGO,SEDE SANTIAGO,45,45
2024,152,2024|I152S10C477J3V1,Semipresencial,Semipresencial,Plan Regular,Metropolitana,SANTIAGO,SANTIAGO,SEDE SANTIAGO,38,38
2024,152,2024|I152S10C478J4V1,No Presencial,A Distancia,Plan Regular,Metropolitana,SANTIAGO,SANTIAGO,SEDE SANTIAGO,227,227
2024,152,2024|I152S10C479J4V1,No Presencial,A Distancia,Plan Regular,Metropolitana,SANTIAGO,SANTIAGO,SEDE SANTIAGO,173,173
2024,152,2024|I152S10C480J4V1,No Presencial,A Distancia,Plan Regular,Metropolitana,SANTIAGO,SANTIAGO,SEDE SANTIAGO,45,45
2024,152,2024|I152S10C50J4V1,No Presencial,A Distancia,Plan Regular,Metropolitana,SANTIAGO,SANTIAGO,SEDE SANTIAGO,724,239
2024,152,2024|I152S10C9J4V3,No Presencial,A Distancia,Plan Regular,Metropolitana,SANTIAGO,SANTIAGO,SEDE SANTIAGO,611,103
2024,162,2024|I162S2C1J4V2,No Presencial,A Distancia,Plan Regular,Metropolitana,SANTIAGO,SANTIAGO,CASA CENTRAL (SANTIAGO),231,80
2024,162,2024|I162S2C1J4V3,No Presencial,A Distancia,Plan Regular de Continuidad,Metropolitana,SANTIAGO,SANTIAGO,CASA CENTRAL (SANTIAGO),1,0
2024,162,2024|I162S2C3J4V2,No Presencial,A Distancia,Plan Regular,Metropolitana,SANTIAGO,SANTIAGO,CASA CENTRAL (SANTIAGO),267,62
2024,162,2024|I162S2C46J4V1,No Presencial,A Distancia,Plan Regular de Continuidad,Metropolitana,SANTIAGO,SANTIAGO,CASA CENTRAL (SANTIAGO),1,0
2024,162,2024|I162S2C46J4V3,No Presencial,A Distancia,Plan Regular,Metropolitana,SANTIAGO,SANTIAGO,CASA CENTRAL (SANTIAGO),233,54
2024,162,2024|I162S2C47J4V1,No Presencial,A Distancia,Plan Regular,Metropolitana,SANTIAGO,SANTIAGO,CASA CENTRAL (SANTIAGO),117,55
2024,162,2024|I162S2C57J4V1,No Presencial,A Distancia,Plan Regular,Metropolitana,SANTIAGO,SANTIAGO,CASA CENTRAL (SANTIAGO),275,110
2024,162,2024|I162S2C6J4V2,No Presencial,A Distancia,Plan Regular,Metropolitana,SANTIAGO,SANTIAGO,CASA CENTRAL (SANTIAGO),63,23
2024,162,2024|I162S2C76J4V1,No Presencial,A Distancia,Plan Regular,Metropolitana,SANTIAGO,SANTIAGO,CASA CENTRAL (SANTIAGO),7,7
2024,162,2024|I162S2C77J4V1,No Presencial,A Distancia,Plan Regular,Metropolitana,SANTIAGO,SANTIAGO,CASA CENTRAL (SANTIAGO),9,9
2024,162,2024|I162S2C78J4V1,No Presencial,A Distancia,Plan Regular,Metropolitana,SANTIAGO,SANTIAGO,CASA CENTRAL (SANTIAGO),8,8
2024,162,2024|I162S2C79J4V1,No Presencial,A Distancia,Plan Regular,Metropolitana,SANTIAGO,SANTIAGO,CASA CENTRAL (SANTIAGO),15,15
2023,426,2023|I426S1C55J4V1,No Presencial,A Distancia,Plan Regular,Metropolitana,SANTIAGO,SANTIAGO,CASA CENTRAL (SANTIAGO),16,4
2023,426,2023|I426S1C7J4V1,No Presencial,A Distancia,Plan Regular,Metropolitana,SANTIAGO,SANTIAGO,CASA CENTRAL (SANTIAGO),13,4
2024,171,2024|I171S1C74J4V2,No Presencial,A Distancia,Plan Especial,Metropolitana,SANTIAGO,SANTIAGO,CASA CENTRAL (SANTIAGO),14,3
2023,171,2023|I171S1C73J4V1,No Presencial,A Distancia,Plan Regular,Metropolitana,SANTIAGO,SANTIAGO,CASA CENTRAL (SANTIAGO),4,2
2023,171,2023|I171S1C70J4V2,No Presencial,A Distancia,Plan Especial,Metropolitana,SANTIAGO,SANTIAGO,CASA CENTRAL (SANTIAGO),1,1
2023,171,2023|I171S1C82J4V1,No Presencial,A Distancia,Plan Regular,Metropolitana,SANTIAGO,SANTIAGO,CASA CENTRAL (SANTIAGO),1,1
2023,426,2023|I426S1C2J4V1,No Presencial,A Distancia,Plan Regular,Metropolitana,SANTIAGO,SANTIAGO,CASA CENTRAL (SANTIAGO),4,1
2026,171,2026|I171S1C11J4V1,No Presencial,A Distancia,Plan Especial,Metropolitana,SANTIAGO,SANTIAGO,CASA CENTRAL (SANTIAGO),288,0
2026,171,2026|I171S1C26J4V2,No Presencial,A Distancia,Plan Especial,Metropolitana,SANTIAGO,SANTIAGO,CASA CENTRAL (SANTIAGO),204,0
2026,171,2026|I171S1C28J4V2,No Presencial,A Distancia,Plan Especial,Metropolitana,SANTIAGO,SANTIAGO,CASA CENTRAL (SANTIAGO),239,0
2026,171,2026|I171S1C39J4V2,No Presencial,A Distancia,Plan Especial,Metropolitana,SANTIAGO,SANTIAGO,CASA CENTRAL (SANTIAGO),162,0
2026,171,2026|I171S1C57J4V2,No Presencial,A Distancia,Plan Especial,Metropolitana,SANTIAGO,SANTIAGO,CASA CENTRAL (SANTIAGO),3,0
2026,171,2026|I171S1C57J4V3,No Presencial,A Distancia,Plan Especial,Metropolitana,SANTIAGO,SANTIAGO,CASA CENTRAL (SANTIAGO),258,0
2024,176,2024|I176S10C40J3V1,Semipresencial,Semipresencial,Plan Regular,Ñuble,DIGUILLIN,CHILLAN,SEDE CHILLAN,1,0
2024,176,2024|I176S10C41J3V1,Semipresencial,Semipresencial,Plan Regular,Ñuble,DIGUILLIN,CHILLAN,SEDE CHILLAN,36,10
2024,176,2024|I176S10C41J3V2,Semipresencial,Semipresencial,Plan Especial,Ñuble,DIGUILLIN,CHILLAN,SEDE CHILLAN,49,15
2024,176,2024|I176S10C59J3V2,Semipresencial,Semipresencial,Plan Especial,Ñuble,DIGUILLIN,CHILLAN,SEDE CHILLAN,20,16
2024,176,2024|I176S10C59J3V4,Semipresencial,Semipresencial,Plan Regular,Ñuble,DIGUILLIN,CHILLAN,SEDE CHILLAN,31,16
2024,176,2024|I176S10C68J3V2,Semipresencial,Semipresencial,Plan Especial,Ñuble,DIGUILLIN,CHILLAN,SEDE CHILLAN,50,20
2024,176,2024|I176S10C74J3V2,Semipresencial,Semipresencial,Plan Especial,Ñuble,DIGUILLIN,CHILLAN,SEDE CHILLAN,81,20
2024,176,2024|I176S10C766J3V2,Semipresencial,Semipresencial,Plan Especial,Ñuble,DIGUILLIN,CHILLAN,SEDE CHILLAN,51,15
2024,176,2024|I176S10C830J3V1,Semipresencial,Semipresencial,Plan Regular de Continuidad,Ñuble,DIGUILLIN,CHILLAN,SEDE CHILLAN,37,0
2024,176,2024|I176S10C831J3V2,Semipresencial,Semipresencial,Plan Especial,Ñuble,DIGUILLIN,CHILLAN,SEDE CHILLAN,14,0
2024,176,2024|I176S3C110J3V1,Semipresencial,Semipresencial,Plan Especial,Coquimbo,ELQUI,LA SERENA,SEDE LA SERENA,42,8
2024,176,2024|I176S3C23J3V3,Semipresencial,Semipresencial,Plan Especial,Coquimbo,ELQUI,LA SERENA,SEDE LA SERENA,2,0
2024,176,2024|I176S3C41J3V2,Semipresencial,Semipresencial,Plan Especial,Coquimbo,ELQUI,LA SERENA,SEDE LA SERENA,26,0
2024,176,2024|I176S3C446J3V2,Semipresencial,Semipresencial,Plan Especial,Coquimbo,ELQUI,LA SERENA,SEDE LA SERENA,15,9
2024,176,2024|I176S3C585J3V2,Semipresencial,Semipresencial,Plan Especial,Coquimbo,ELQUI,LA SERENA,SEDE LA SERENA,1,0
2024,176,2024|I176S3C59J3V2,Semipresencial,Semipresencial,Plan Especial,Coquimbo,ELQUI,LA SERENA,SEDE LA SERENA,28,20
2024,176,2024|I176S3C74J3V2,Semipresencial,Semipresencial,Plan Especial,Coquimbo,ELQUI,LA SERENA,SEDE LA SERENA,42,20
2024,176,2024|I176S3C766J3V2,Semipresencial,Semipresencial,Plan Especial,Coquimbo,ELQUI,LA SERENA,SEDE LA SERENA,27,8
2024,176,2024|I176S3C910J3V1,Semipresencial,Semipresencial,Plan Regular de Continuidad,Coquimbo,ELQUI,LA SERENA,SEDE LA SERENA,19,0
2024,176,2024|I176S3C911J3V1,Semipresencial,Semipresencial,Plan Regular de Continuidad,Coquimbo,ELQUI,LA SERENA,SEDE LA SERENA,1,0
2024,176,2024|I176S7C115J4V1,No Presencial,A Distancia,Plan Regular,Biobío,CONCEPCION,CONCEPCION,CASA CENTRAL (CONCEPCION),2,0
2024,176,2024|I176S7C200J3V1,Semipresencial,Semipresencial,Plan Regular de Continuidad,Biobío,CONCEPCION,CONCEPCION,CASA CENTRAL (CONCEPCION),100,0
2024,176,2024|I176S7C200J4V1,No Presencial,A Distancia,Plan Regular de Continuidad,Biobío,CONCEPCION,CONCEPCION,CASA CENTRAL (CONCEPCION),12,0
2024,176,2024|I176S7C200J4V2,No Presencial,A Distancia,Plan Regular de Continuidad,Biobío,CONCEPCION,CONCEPCION,CASA CENTRAL (CONCEPCION),190,0
2024,176,2024|I176S7C3J3V1,Semipresencial,Semipresencial,Plan Regular,Biobío,CONCEPCION,CONCEPCION,CASA CENTRAL (CONCEPCION),51,0
2024,176,2024|I176S7C3J4V1,No Presencial,A Distancia,Plan Regular,Biobío,CONCEPCION,CONCEPCION,CASA CENTRAL (CONCEPCION),24,0
2024,176,2024|I176S7C3J4V2,No Presencial,A Distancia,Plan Regular,Biobío,CONCEPCION,CONCEPCION,CASA CENTRAL (CONCEPCION),359,10
2024,176,2024|I176S7C40J3V3,Semipresencial,Semipresencial,Plan Especial,Biobío,CONCEPCION,CONCEPCION,CASA CENTRAL (CONCEPCION),255,20
2024,176,2024|I176S7C40J4V1,No Presencial,A Distancia,Plan Regular,Biobío,CONCEPCION,CONCEPCION,CASA CENTRAL (CONCEPCION),4,0
2024,176,2024|I176S7C40J4V4,No Presencial,A Distancia,Plan Regular,Biobío,CONCEPCION,CONCEPCION,CASA CENTRAL (CONCEPCION),23,10
2024,176,2024|I176S7C41J3V2,Semipresencial,Semipresencial,Plan Especial,Biobío,CONCEPCION,CONCEPCION,CASA CENTRAL (CONCEPCION),55,19
2024,176,2024|I176S7C41J4V1,No Presencial,A Distancia,Plan Regular,Biobío,CONCEPCION,CONCEPCION,CASA CENTRAL (CONCEPCION),10,0
2024,176,2024|I176S7C41J4V4,No Presencial,A Distancia,Plan Regular,Biobío,CONCEPCION,CONCEPCION,CASA CENTRAL (CONCEPCION),32,10
2024,176,2024|I176S7C42J3V1,Semipresencial,Semipresencial,Plan Regular,Biobío,CONCEPCION,CONCEPCION,CASA CENTRAL (CONCEPCION),12,0
2024,176,2024|I176S7C42J4V1,No Presencial,A Distancia,Plan Regular,Biobío,CONCEPCION,CONCEPCION,CASA CENTRAL (CONCEPCION),39,0
2024,176,2024|I176S7C42J4V3,No Presencial,A Distancia,Plan Regular,Biobío,CONCEPCION,CONCEPCION,CASA CENTRAL (CONCEPCION),21,0
2024,176,2024|I176S7C446J3V2,Semipresencial,Semipresencial,Plan Especial,Biobío,CONCEPCION,CONCEPCION,CASA CENTRAL (CONCEPCION),25,0
2024,176,2024|I176S7C446J4V3,No Presencial,A Distancia,Plan Regular,Biobío,CONCEPCION,CONCEPCION,CASA CENTRAL (CONCEPCION),15,9
2024,176,2024|I176S7C545J3V1,Semipresencial,Semipresencial,Plan Regular,Biobío,CONCEPCION,CONCEPCION,CASA CENTRAL (CONCEPCION),1,0
2024,176,2024|I176S7C545J4V1,No Presencial,A Distancia,Plan Regular,Biobío,CONCEPCION,CONCEPCION,CASA CENTRAL (CONCEPCION),1,0
2024,176,2024|I176S7C545J4V3,No Presencial,A Distancia,Plan Regular,Biobío,CONCEPCION,CONCEPCION,CASA CENTRAL (CONCEPCION),24,0
2024,176,2024|I176S7C576J3V1,Semipresencial,Semipresencial,Plan Regular,Biobío,CONCEPCION,CONCEPCION,CASA CENTRAL (CONCEPCION),7,0
2024,176,2024|I176S7C576J4V1,No Presencial,A Distancia,Plan Regular,Biobío,CONCEPCION,CONCEPCION,CASA CENTRAL (CONCEPCION),2,0
2024,176,2024|I176S7C585J3V2,Semipresencial,Semipresencial,Plan Especial,Biobío,CONCEPCION,CONCEPCION,CASA CENTRAL (CONCEPCION),27,20
2024,176,2024|I176S7C585J4V3,No Presencial,A Distancia,Plan Regular,Biobío,CONCEPCION,CONCEPCION,CASA CENTRAL (CONCEPCION),3,0
2024,176,2024|I176S7C59J3V2,Semipresencial,Semipresencial,Plan Especial,Biobío,CONCEPCION,CONCEPCION,CASA CENTRAL (CONCEPCION),4,0
2024,176,2024|I176S7C68J4V1,No Presencial,A Distancia,Plan Regular,Biobío,CONCEPCION,CONCEPCION,CASA CENTRAL (CONCEPCION),2,0
2024,176,2024|I176S7C68J4V3,No Presencial,A Distancia,Plan Regular,Biobío,CONCEPCION,CONCEPCION,CASA CENTRAL (CONCEPCION),2,0
2024,176,2024|I176S7C74J3V2,Semipresencial,Semipresencial,Plan Especial,Biobío,CONCEPCION,CONCEPCION,CASA CENTRAL (CONCEPCION),48,20
2024,176,2024|I176S7C766J3V2,Semipresencial,Semipresencial,Plan Especial,Biobío,CONCEPCION,CONCEPCION,CASA CENTRAL (CONCEPCION),59,20
2024,176,2024|I176S7C778J4V1,No Presencial,A Distancia,Plan Regular de Continuidad,Biobío,CONCEPCION,CONCEPCION,CASA CENTRAL (CONCEPCION),3,0
2024,176,2024|I176S7C830J3V1,Semipresencial,Semipresencial,Plan Regular de Continuidad,Biobío,CONCEPCION,CONCEPCION,CASA CENTRAL (CONCEPCION),4,0
2024,176,2024|I176S7C830J4V1,No Presencial,A Distancia,Plan Regular de Continuidad,Biobío,CONCEPCION,CONCEPCION,CASA CENTRAL (CONCEPCION),1,0
2024,176,2024|I176S7C830J4V2,No Presencial,A Distancia,Plan Regular de Continuidad,Biobío,CONCEPCION,CONCEPCION,CASA CENTRAL (CONCEPCION),31,0
2024,176,2024|I176S7C831J3V2,Semipresencial,Semipresencial,Plan Especial,Biobío,CONCEPCION,CONCEPCION,CASA CENTRAL (CONCEPCION),74,12
2024,176,2024|I176S7C851J4V1,No Presencial,A Distancia,Plan Regular de Continuidad,Biobío,CONCEPCION,CONCEPCION,CASA CENTRAL (CONCEPCION),10,0
2024,176,2024|I176S7C867J3V1,Semipresencial,Semipresencial,Plan Regular de Continuidad,Biobío,CONCEPCION,CONCEPCION,CASA CENTRAL (CONCEPCION),7,0
2024,176,2024|I176S7C867J4V2,No Presencial,A Distancia,Plan Regular de Continuidad,Biobío,CONCEPCION,CONCEPCION,CASA CENTRAL (CONCEPCION),45,0
2024,176,2024|I176S7C868J4V1,No Presencial,A Distancia,Plan Regular,Biobío,CONCEPCION,CONCEPCION,CASA CENTRAL (CONCEPCION),2,0
2024,176,2024|I176S7C869J4V1,No Presencial,A Distancia,Plan Regular de Continuidad,Biobío,CONCEPCION,CONCEPCION,CASA CENTRAL (CONCEPCION),6,0
2024,176,2024|I176S7C869J4V3,No Presencial,A Distancia,Plan Regular de Continuidad,Biobío,CONCEPCION,CONCEPCION,CASA CENTRAL (CONCEPCION),145,0
2024,176,2024|I176S7C874J4V1,No Presencial,A Distancia,Plan Regular,Biobío,CONCEPCION,CONCEPCION,CASA CENTRAL (CONCEPCION),2,0
2024,176,2024|I176S7C880J4V1,No Presencial,A Distancia,Plan Regular,Biobío,CONCEPCION,CONCEPCION,CASA CENTRAL (CONCEPCION),681,70
2024,693,2024|I693S0C0J4V1,No Presencial,A Distancia,Plan Especial,Metropolitana,SANTIAGO,PROVIDENCIA,CASA CENTRAL,56,33
2024,214,2024|I214S1C100J4V2,No Presencial,A Distancia,Plan Especial,Metropolitana,SANTIAGO,SANTIAGO,CASA CENTRAL (SANTIAGO),10,0
2024,214,2024|I214S1C102J4V2,No Presencial,A Distancia,Plan Especial,Metropolitana,SANTIAGO,SANTIAGO,CASA CENTRAL (SANTIAGO),14,0
2024,214,2024|I214S1C103J4V2,No Presencial,A Distancia,Plan Especial,Metropolitana,SANTIAGO,SANTIAGO,CASA CENTRAL (SANTIAGO),16,0
2024,214,2024|I214S1C104J4V2,No Presencial,A Distancia,Plan Especial,Metropolitana,SANTIAGO,SANTIAGO,CASA CENTRAL (SANTIAGO),61,0
2024,214,2024|I214S1C19J4V1,No Presencial,A Distancia,Plan Regular,Metropolitana,SANTIAGO,SANTIAGO,CASA CENTRAL (SANTIAGO),9,1
2024,214,2024|I214S1C19J4V2,No Presencial,A Distancia,Plan Especial,Metropolitana,SANTIAGO,SANTIAGO,CASA CENTRAL (SANTIAGO),47,3
2024,214,2024|I214S1C22J4V2,No Presencial,A Distancia,Plan Especial,Metropolitana,SANTIAGO,SANTIAGO,CASA CENTRAL (SANTIAGO),12,0
2024,214,2024|I214S1C28J4V2,No Presencial,A Distancia,Plan Especial,Metropolitana,SANTIAGO,SANTIAGO,CASA CENTRAL (SANTIAGO),28,0
2024,214,2024|I214S1C315J4V1,No Presencial,A Distancia,Plan Regular,Metropolitana,SANTIAGO,SANTIAGO,CASA CENTRAL (SANTIAGO),18,0
2024,214,2024|I214S1C315J4V2,No Presencial,A Distancia,Plan Especial,Metropolitana,SANTIAGO,SANTIAGO,CASA CENTRAL (SANTIAGO),14,0
2024,214,2024|I214S1C316J4V2,No Presencial,A Distancia,Plan Especial,Metropolitana,SANTIAGO,SANTIAGO,CASA CENTRAL (SANTIAGO),123,0
2024,214,2024|I214S1C330J4V3,No Presencial,A Distancia,Plan Especial,Metropolitana,SANTIAGO,SANTIAGO,CASA CENTRAL (SANTIAGO),23,0
2024,214,2024|I214S1C343J3V1,Semipresencial,Semipresencial,Plan Regular,Metropolitana,SANTIAGO,SANTIAGO,CASA CENTRAL (SANTIAGO),42,0
2024,214,2024|I214S1C343J4V1,No Presencial,A Distancia,Plan Regular,Metropolitana,SANTIAGO,SANTIAGO,CASA CENTRAL (SANTIAGO),80,2
2024,214,2024|I214S1C49J4V2,No Presencial,A Distancia,Plan Especial,Metropolitana,SANTIAGO,SANTIAGO,CASA CENTRAL (SANTIAGO),175,0
2024,214,2024|I214S1C8J4V2,No Presencial,A Distancia,Plan Especial,Metropolitana,SANTIAGO,SANTIAGO,CASA CENTRAL (SANTIAGO),8,0
2024,218,2024|I218S1C10J3V2,Semipresencial,Semipresencial,Plan Regular,Metropolitana,SANTIAGO,SANTIAGO,CASA CENTRAL (SANTIAGO),69,69
2024,218,2024|I218S1C125J4V2,No Presencial,A Distancia,Plan Regular,Metropolitana,SANTIAGO,SANTIAGO,CASA CENTRAL (SANTIAGO),13,6
2024,218,2024|I218S1C137J4V2,No Presencial,A Distancia,Plan Regular,Metropolitana,SANTIAGO,SANTIAGO,CASA CENTRAL (SANTIAGO),7,4
2024,218,2024|I218S1C150J4V2,No Presencial,A Distancia,Plan Regular,Metropolitana,SANTIAGO,SANTIAGO,CASA CENTRAL (SANTIAGO),5,5
2024,218,2024|I218S1C25J4V2,No Presencial,A Distancia,Plan Regular,Metropolitana,SANTIAGO,SANTIAGO,CASA CENTRAL (SANTIAGO),49,38
2024,218,2024|I218S1C37J4V2,No Presencial,A Distancia,Plan Regular,Metropolitana,SANTIAGO,SANTIAGO,CASA CENTRAL (SANTIAGO),114,82
2024,218,2024|I218S1C41J4V2,No Presencial,A Distancia,Plan Regular,Metropolitana,SANTIAGO,SANTIAGO,CASA CENTRAL (SANTIAGO),21,11
2024,260,2024|I260S51C107J4V1,No Presencial,A Distancia,Plan Regular,Metropolitana,SANTIAGO,SANTIAGO,SEDE VIRTUAL,129,57
2024,260,2024|I260S51C120J4V1,No Presencial,A Distancia,Plan Regular,Metropolitana,SANTIAGO,SANTIAGO,SEDE VIRTUAL,253,100
2024,312,2024|I312S1C101J4V2,No Presencial,A Distancia,Plan Especial,Metropolitana,SANTIAGO,SANTIAGO,CASA CENTRAL (SANTIAGO),1,1
2024,312,2024|I312S1C101J4V4,No Presencial,A Distancia,Plan Especial,Metropolitana,SANTIAGO,SANTIAGO,CASA CENTRAL (SANTIAGO),263,81
2024,312,2024|I312S1C101J4V6,No Presencial,A Distancia,Plan Regular,Metropolitana,SANTIAGO,SANTIAGO,CASA CENTRAL (SANTIAGO),204,15
2024,312,2024|I312S1C102J4V1,No Presencial,A Distancia,Plan Regular,Metropolitana,SANTIAGO,SANTIAGO,CASA CENTRAL (SANTIAGO),80,4
2024,312,2024|I312S1C102J4V2,No Presencial,A Distancia,Plan Especial,Metropolitana,SANTIAGO,SANTIAGO,CASA CENTRAL (SANTIAGO),65,23
2024,312,2024|I312S1C103J4V1,No Presencial,A Distancia,Plan Regular,Metropolitana,SANTIAGO,SANTIAGO,CASA CENTRAL (SANTIAGO),91,9
2024,312,2024|I312S1C103J4V2,No Presencial,A Distancia,Plan Especial,Metropolitana,SANTIAGO,SANTIAGO,CASA CENTRAL (SANTIAGO),108,13
2024,312,2024|I312S1C110J4V1,No Presencial,A Distancia,Plan Regular,Metropolitana,SANTIAGO,SANTIAGO,CASA CENTRAL (SANTIAGO),81,8
2024,312,2024|I312S1C110J4V2,No Presencial,A Distancia,Plan Especial,Metropolitana,SANTIAGO,SANTIAGO,CASA CENTRAL (SANTIAGO),274,60
2024,312,2024|I312S1C116J4V1,No Presencial,A Distancia,Plan Regular,Metropolitana,SANTIAGO,SANTIAGO,CASA CENTRAL (SANTIAGO),49,3
2024,312,2024|I312S1C116J4V4,No Presencial,A Distancia,Plan Especial,Metropolitana,SANTIAGO,SANTIAGO,CASA CENTRAL (SANTIAGO),78,20
2024,312,2024|I312S1C120J4V1,No Presencial,A Distancia,Plan Especial,Metropolitana,SANTIAGO,SANTIAGO,CASA CENTRAL (SANTIAGO),71,11
2024,312,2024|I312S1C121J4V1,No Presencial,A Distancia,Plan Regular,Metropolitana,SANTIAGO,SANTIAGO,CASA CENTRAL (SANTIAGO),22,2
2024,312,2024|I312S1C121J4V2,No Presencial,A Distancia,Plan Especial,Metropolitana,SANTIAGO,SANTIAGO,CASA CENTRAL (SANTIAGO),22,1
2024,312,2024|I312S1C122J4V1,No Presencial,A Distancia,Plan Regular,Metropolitana,SANTIAGO,SANTIAGO,CASA CENTRAL (SANTIAGO),100,8
2024,312,2024|I312S1C122J4V2,No Presencial,A Distancia,Plan Especial,Metropolitana,SANTIAGO,SANTIAGO,CASA CENTRAL (SANTIAGO),158,36
2024,312,2024|I312S1C123J4V1,No Presencial,A Distancia,Plan Regular,Metropolitana,SANTIAGO,SANTIAGO,CASA CENTRAL (SANTIAGO),12,3
2024,312,2024|I312S1C123J4V2,No Presencial,A Distancia,Plan Especial,Metropolitana,SANTIAGO,SANTIAGO,CASA CENTRAL (SANTIAGO),52,14
2024,312,2024|I312S1C124J4V1,No Presencial,A Distancia,Plan Regular,Metropolitana,SANTIAGO,SANTIAGO,CASA CENTRAL (SANTIAGO),26,1
2024,312,2024|I312S1C124J4V2,No Presencial,A Distancia,Plan Especial,Metropolitana,SANTIAGO,SANTIAGO,CASA CENTRAL (SANTIAGO),18,1
2024,312,2024|I312S1C13J4V1,No Presencial,A Distancia,Plan Regular,Metropolitana,SANTIAGO,SANTIAGO,CASA CENTRAL (SANTIAGO),51,5
2024,312,2024|I312S1C13J4V2,No Presencial,A Distancia,Plan Especial,Metropolitana,SANTIAGO,SANTIAGO,CASA CENTRAL (SANTIAGO),168,37
2024,312,2024|I312S1C25J4V2,No Presencial,A Distancia,Plan Especial,Metropolitana,SANTIAGO,SANTIAGO,CASA CENTRAL (SANTIAGO),225,51
2024,312,2024|I312S1C56J4V1,No Presencial,A Distancia,Plan Regular,Metropolitana,SANTIAGO,SANTIAGO,CASA CENTRAL (SANTIAGO),126,5
2024,312,2024|I312S1C56J4V2,No Presencial,A Distancia,Plan Especial,Metropolitana,SANTIAGO,SANTIAGO,CASA CENTRAL (SANTIAGO),273,72
2024,312,2024|I312S1C56J4V4,No Presencial,A Distancia,Plan Especial,Metropolitana,SANTIAGO,SANTIAGO,CASA CENTRAL (SANTIAGO),1,1
2024,312,2024|I312S1C80J4V1,No Presencial,A Distancia,Plan Regular,Metropolitana,SANTIAGO,SANTIAGO,CASA CENTRAL (SANTIAGO),120,6
2024,312,2024|I312S1C80J4V2,No Presencial,A Distancia,Plan Especial,Metropolitana,SANTIAGO,SANTIAGO,CASA CENTRAL (SANTIAGO),194,47
2024,312,2024|I312S1C82J4V1,No Presencial,A Distancia,Plan Regular,Metropolitana,SANTIAGO,SANTIAGO,CASA CENTRAL (SANTIAGO),89,6
2024,312,2024|I312S1C82J4V2,No Presencial,A Distancia,Plan Especial,Metropolitana,SANTIAGO,SANTIAGO,CASA CENTRAL (SANTIAGO),269,61
2024,312,2024|I312S1C83J4V1,No Presencial,A Distancia,Plan Regular,Metropolitana,SANTIAGO,SANTIAGO,CASA CENTRAL (SANTIAGO),32,0
2024,312,2024|I312S1C83J4V2,No Presencial,A Distancia,Plan Especial,Metropolitana,SANTIAGO,SANTIAGO,CASA CENTRAL (SANTIAGO),1,0
2024,312,2024|I312S1C84J4V3,No Presencial,A Distancia,Plan Especial,Metropolitana,SANTIAGO,SANTIAGO,CASA CENTRAL (SANTIAGO),497,87
2024,312,2024|I312S1C84J4V4,No Presencial,A Distancia,Plan Regular,Metropolitana,SANTIAGO,SANTIAGO,CASA CENTRAL (SANTIAGO),301,30
2024,312,2024|I312S1C86J4V1,No Presencial,A Distancia,Plan Regular,Metropolitana,SANTIAGO,SANTIAGO,CASA CENTRAL (SANTIAGO),28,4
2024,312,2024|I312S1C86J4V2,No Presencial,A Distancia,Plan Especial,Metropolitana,SANTIAGO,SANTIAGO,CASA CENTRAL (SANTIAGO),155,33
2024,312,2024|I312S1C86J4V3,No Presencial,A Distancia,Plan Especial,Metropolitana,SANTIAGO,SANTIAGO,CASA CENTRAL (SANTIAGO),2,2
2024,312,2024|I312S1C89J4V1,No Presencial,A Distancia,Plan Regular,Metropolitana,SANTIAGO,SANTIAGO,CASA CENTRAL (SANTIAGO),257,16
2024,312,2024|I312S1C89J4V2,No Presencial,A Distancia,Plan Especial,Metropolitana,SANTIAGO,SANTIAGO,CASA CENTRAL (SANTIAGO),280,56
2024,312,2024|I312S1C89J4V3,No Presencial,A Distancia,Plan Especial,Metropolitana,SANTIAGO,SANTIAGO,CASA CENTRAL (SANTIAGO),1,1
2024,312,2024|I312S1C96J4V2,No Presencial,A Distancia,Plan Especial,Metropolitana,SANTIAGO,SANTIAGO,CASA CENTRAL (SANTIAGO),71,0
2024,312,2024|I312S1C96J4V3,No Presencial,A Distancia,Plan Especial,Metropolitana,SANTIAGO,SANTIAGO,CASA CENTRAL (SANTIAGO),14,14
2024,319,2024|I319S8C37J4V1,No Presencial,A Distancia,Plan Regular,Valparaíso,VALPARAISO,VIÑA DEL MAR,SEDE VIÑA DEL MAR,134,134
2026,171,2026|I171S1C58J4V1,No Presencial,A Distancia,Plan Especial,Metropolitana,SANTIAGO,SANTIAGO,CASA CENTRAL (SANTIAGO),106,0
2026,171,2026|I171S1C60J4V4,No Presencial,A Distancia,Plan Especial,Metropolitana,SANTIAGO,SANTIAGO,CASA CENTRAL (SANTIAGO),180,0
2026,171,2026|I171S1C70J4V2,No Presencial,A Distancia,Plan Especial,Metropolitana,SANTIAGO,SANTIAGO,CASA CENTRAL (SANTIAGO),178,0
2026,171,2026|I171S1C71J4V2,No Presencial,A Distancia,Plan Especial,Metropolitana,SANTIAGO,SANTIAGO,CASA CENTRAL (SANTIAGO),212,0
2026,171,2026|I171S1C73J4V2,No Presencial,A Distancia,Plan Especial,Metropolitana,SANTIAGO,SANTIAGO,CASA CENTRAL (SANTIAGO),30,0
2026,171,2026|I171S1C74J4V2,No Presencial,A Distancia,Plan Especial,Metropolitana,SANTIAGO,SANTIAGO,CASA CENTRAL (SANTIAGO),88,0
2026,171,2026|I171S1C75J4V1,No Presencial,A Distancia,Plan Regular,Metropolitana,SANTIAGO,SANTIAGO,CASA CENTRAL (SANTIAGO),1,0
2026,171,2026|I171S1C75J4V4,No Presencial,A Distancia,Plan Especial,Metropolitana,SANTIAGO,SANTIAGO,CASA CENTRAL (SANTIAGO),55,0
2026,171,2026|I171S1C76J4V2,No Presencial,A Distancia,Plan Especial,Metropolitana,SANTIAGO,SANTIAGO,CASA CENTRAL (SANTIAGO),75,0
2026,171,2026|I171S1C81J4V2,No Presencial,A Distancia,Plan Especial,Metropolitana,SANTIAGO,SANTIAGO,CASA CENTRAL (SANTIAGO),149,0
2026,171,2026|I171S1C82J4V2,No Presencial,A Distancia,Plan Especial,Metropolitana,SANTIAGO,SANTIAGO,CASA CENTRAL (SANTIAGO),72,0
2026,171,2026|I171S1C84J4V2,No Presencial,A Distancia,Plan Especial,Metropolitana,SANTIAGO,SANTIAGO,CASA CENTRAL (SANTIAGO),55,0
2025,171,2025|I171S1C27J4V1,No Presencial,A Distancia,Plan Regular,Metropolitana,SANTIAGO,SANTIAGO,CASA CENTRAL (SANTIAGO),1,0
2025,171,2025|I171S1C39J4V2,No Presencial,A Distancia,Plan Especial,Metropolitana,SANTIAGO,SANTIAGO,CASA CENTRAL (SANTIAGO),79,0
2025,171,2025|I171S1C75J4V1,No Presencial,A Distancia,Plan Regular,Metropolitana,SANTIAGO,SANTIAGO,CASA CENTRAL (SANTIAGO),1,0
2024,430,2024|I430S40C201J4V1,No Presencial,A Distancia,Plan Regular,Metropolitana,SANTIAGO,VITACURA,SEDE ONLINE,336,324
2024,435,2024|I435S1C114J3V1,Semipresencial,Semipresencial,Plan Especial,Metropolitana,SANTIAGO,ÑUÑOA,CASA CENTRAL (SANTIAGO),2,0
2024,435,2024|I435S1C1J4V1,No Presencial,A Distancia,Plan Regular,Metropolitana,SANTIAGO,ÑUÑOA,CASA CENTRAL (SANTIAGO),79,40
2024,435,2024|I435S2C114J3V1,Semipresencial,Semipresencial,Plan Especial,Metropolitana,MAIPO,BUIN,SEDE BUIN,117,56
2024,534,2024|I534S1C31J4V2,No Presencial,A Distancia,Plan Regular,Metropolitana,SANTIAGO,SANTIAGO,CASA CENTRAL (SANTIAGO),17,0
2024,534,2024|I534S1C44J4V1,No Presencial,A Distancia,Plan Regular,Metropolitana,SANTIAGO,SANTIAGO,CASA CENTRAL (SANTIAGO),245,102
2024,534,2024|I534S1C60J4V1,No Presencial,A Distancia,Plan Regular,Metropolitana,SANTIAGO,SANTIAGO,CASA CENTRAL (SANTIAGO),10,0
2024,534,2024|I534S1C66J4V1,No Presencial,A Distancia,Plan Regular,Metropolitana,SANTIAGO,SANTIAGO,CASA CENTRAL (SANTIAGO),6,0
2024,534,2024|I534S1C66J4V2,No Presencial,A Distancia,Plan Especial,Metropolitana,SANTIAGO,SANTIAGO,CASA CENTRAL (SANTIAGO),1,0
2024,534,2024|I534S1C67J4V1,No Presencial,A Distancia,Plan Regular,Metropolitana,SANTIAGO,SANTIAGO,CASA CENTRAL (SANTIAGO),11,0
2024,534,2024|I534S1C67J4V2,No Presencial,A Distancia,Plan Especial,Metropolitana,SANTIAGO,SANTIAGO,CASA CENTRAL (SANTIAGO),2,0
2024,534,2024|I534S1C71J4V1,No Presencial,A Distancia,Plan Regular,Metropolitana,SANTIAGO,SANTIAGO,CASA CENTRAL (SANTIAGO),52,25
2024,629,2024|I629S0C100J4V1,No Presencial,A Distancia,Plan Regular,Valparaíso,VALPARAISO,VALPARAISO,CASA CENTRAL (VALPARAISO),60,44
2024,629,2024|I629S0C113J4V1,No Presencial,A Distancia,Plan Regular,Valparaíso,VALPARAISO,VALPARAISO,CASA CENTRAL (VALPARAISO),71,71
2024,629,2024|I629S0C115J4V1,No Presencial,A Distancia,Plan Regular,Valparaíso,VALPARAISO,VALPARAISO,CASA CENTRAL (VALPARAISO),72,70
2024,629,2024|I629S0C136J4V1,No Presencial,A Distancia,Plan Regular,Valparaíso,VALPARAISO,VALPARAISO,CASA CENTRAL (VALPARAISO),37,37
2024,629,2024|I629S0C156J4V1,No Presencial,A Distancia,Plan Regular,Valparaíso,VALPARAISO,VALPARAISO,CASA CENTRAL (VALPARAISO),57,56
2024,629,2024|I629S0C167J4V1,No Presencial,A Distancia,Plan Regular,Valparaíso,VALPARAISO,VALPARAISO,CASA CENTRAL (VALPARAISO),204,128
2024,633,2024|I633S0C55J4V2,No Presencial,A Distancia,Plan Regular,La Araucanía,CAUTIN,TEMUCO,CASA CENTRAL (TEMUCO),26,26
2024,633,2024|I633S0C90J4V1,No Presencial,A Distancia,Plan Regular,La Araucanía,CAUTIN,TEMUCO,CASA CENTRAL (TEMUCO),6,0
2024,633,2024|I633S0C96J4V1,No Presencial,A Distancia,Plan Regular,La Araucanía,CAUTIN,TEMUCO,CASA CENTRAL (TEMUCO),12,0
2024,701,2024|I701S0C2J3V1,Semipresencial,Semipresencial,Plan Regular,Metropolitana,SANTIAGO,SANTIAGO,CASA CENTRAL (SANTIAGO),68,27
2024,701,2024|I701S0C2J4V1,No Presencial,A Distancia,Plan Regular,Metropolitana,SANTIAGO,SANTIAGO,CASA CENTRAL (SANTIAGO),63,62
2024,701,2024|I701S0C30J3V1,Semipresencial,Semipresencial,Plan Regular,Metropolitana,SANTIAGO,SANTIAGO,CASA CENTRAL (SANTIAGO),27,13
2024,701,2024|I701S0C30J4V1,No Presencial,A Distancia,Plan Regular,Metropolitana,SANTIAGO,SANTIAGO,CASA CENTRAL (SANTIAGO),90,31
2024,701,2024|I701S0C35J4V1,No Presencial,A Distancia,Plan Regular,Metropolitana,SANTIAGO,SANTIAGO,CASA CENTRAL (SANTIAGO),78,53
2024,701,2024|I701S0C36J4V1,No Presencial,A Distancia,Plan Regular,Metropolitana,SANTIAGO,SANTIAGO,CASA CENTRAL (SANTIAGO),64,48
2024,701,2024|I701S0C3J4V1,No Presencial,A Distancia,Plan Regular,Metropolitana,SANTIAGO,SANTIAGO,CASA CENTRAL (SANTIAGO),158,93
2024,701,2024|I701S0C42J4V1,No Presencial,A Distancia,Plan Regular,Metropolitana,SANTIAGO,SANTIAGO,CASA CENTRAL (SANTIAGO),36,22
2024,730,2024|I730S1C2J3V1,Semipresencial,Semipresencial,Plan Regular,Metropolitana,SANTIAGO,LAS CONDES,CASA CENTRAL (LAS CONDES),5,0
2024,730,2024|I730S1C8J3V1,Semipresencial,Semipresencial,Plan Regular,Metropolitana,SANTIAGO,LAS CONDES,CASA CENTRAL (LAS CONDES),238,73
2024,730,2024|I730S1C9J3V1,Semipresencial,Semipresencial,Plan Regular,Metropolitana,SANTIAGO,LAS CONDES,CASA CENTRAL (LAS CONDES),17,2
2024,920,2024|I920S1C10J3V1,Semipresencial,Semipresencial,Plan Regular,Magallanes,TIERRA DEL FUEGO,PORVENIR,SEDE PORVENIR,1,0
2024,920,2024|I920S2C10J3V1,Semipresencial,Semipresencial,Plan Regular,Magallanes,MAGALLANES,PUNTA ARENAS,SEDE ENLACE PUNTA ARENAS,3,1
2024,920,2024|I920S2C1J3V3,Semipresencial,Semipresencial,Plan Especial,Magallanes,MAGALLANES,PUNTA ARENAS,SEDE ENLACE PUNTA ARENAS,11,2
2024,959,2024|I959S1C1J3V1,Semipresencial,Semipresencial,Plan Regular,Metropolitana,SANTIAGO,PROVIDENCIA,CASA CENTRAL,40,40
2023,1,2023|I1S1C10J4V1,No Presencial,A Distancia,Plan Regular,Metropolitana,SANTIAGO,PROVIDENCIA,CASA CENTRAL,52,9
2023,1,2023|I1S1C12J4V4,No Presencial,A Distancia,Plan Regular de Continuidad,Metropolitana,SANTIAGO,PROVIDENCIA,CASA CENTRAL,452,0
2023,1,2023|I1S1C20J4V3,No Presencial,A Distancia,Plan Regular de Continuidad,Metropolitana,SANTIAGO,PROVIDENCIA,CASA CENTRAL,59,0
2023,1,2023|I1S1C20J4V4,No Presencial,A Distancia,Plan Regular de Continuidad,Metropolitana,SANTIAGO,PROVIDENCIA,CASA CENTRAL,122,0
2023,1,2023|I1S1C227J4V2,No Presencial,A Distancia,Plan Regular de Continuidad,Metropolitana,SANTIAGO,PROVIDENCIA,CASA CENTRAL,50,0
2023,1,2023|I1S1C227J4V4,No Presencial,A Distancia,Plan Regular de Continuidad,Metropolitana,SANTIAGO,PROVIDENCIA,CASA CENTRAL,117,0
2023,1,2023|I1S1C232J4V3,No Presencial,A Distancia,Plan Regular de Continuidad,Metropolitana,SANTIAGO,PROVIDENCIA,CASA CENTRAL,5,0
2023,1,2023|I1S1C232J4V4,No Presencial,A Distancia,Plan Regular de Continuidad,Metropolitana,SANTIAGO,PROVIDENCIA,CASA CENTRAL,26,0
2023,1,2023|I1S1C242J3V2,Semipresencial,Semipresencial,Plan Regular,Metropolitana,SANTIAGO,PROVIDENCIA,CASA CENTRAL,32,22
2023,1,2023|I1S1C250J4V2,No Presencial,A Distancia,Plan Regular de Continuidad,Metropolitana,SANTIAGO,PROVIDENCIA,CASA CENTRAL,36,0
2023,1,2023|I1S1C250J4V4,No Presencial,A Distancia,Plan Regular de Continuidad,Metropolitana,SANTIAGO,PROVIDENCIA,CASA CENTRAL,5,0
2023,1,2023|I1S1C251J4V2,No Presencial,A Distancia,Plan Regular de Continuidad,Metropolitana,SANTIAGO,PROVIDENCIA,CASA CENTRAL,78,0
2023,1,2023|I1S1C251J4V3,No Presencial,A Distancia,Plan Regular de Continuidad,Metropolitana,SANTIAGO,PROVIDENCIA,CASA CENTRAL,103,0
2023,1,2023|I1S1C252J4V1,No Presencial,A Distancia,Plan Regular de Continuidad,Metropolitana,SANTIAGO,PROVIDENCIA,CASA CENTRAL,154,0
2023,1,2023|I1S1C26J4V2,No Presencial,A Distancia,Plan Regular de Continuidad,Metropolitana,SANTIAGO,PROVIDENCIA,CASA CENTRAL,46,0
2023,1,2023|I1S1C26J4V5,No Presencial,A Distancia,Plan Regular de Continuidad,Metropolitana,SANTIAGO,PROVIDENCIA,CASA CENTRAL,75,0
2023,1,2023|I1S1C289J4V1,No Presencial,A Distancia,Plan Regular,Metropolitana,SANTIAGO,PROVIDENCIA,CASA CENTRAL,19,7
2023,1,2023|I1S1C7J4V3,No Presencial,A Distancia,Plan Regular de Continuidad,Metropolitana,SANTIAGO,PROVIDENCIA,CASA CENTRAL,46,0
2023,1,2023|I1S1C7J4V4,No Presencial,A Distancia,Plan Regular de Continuidad,Metropolitana,SANTIAGO,PROVIDENCIA,CASA CENTRAL,68,0
2023,1,2023|I1S1C9J4V1,No Presencial,A Distancia,Plan Regular,Metropolitana,SANTIAGO,PROVIDENCIA,CASA CENTRAL,39,4
2023,4,2023|I4S1C2J4V2,No Presencial,A Distancia,Plan Regular de Continuidad,Metropolitana,SANTIAGO,SANTIAGO,SANTIAGO,67,0
2023,4,2023|I4S1C2J4V3,No Presencial,A Distancia,Plan Regular de Continuidad,Metropolitana,SANTIAGO,SANTIAGO,SANTIAGO,68,0
2023,4,2023|I4S1C3J4V3,No Presencial,A Distancia,Plan Regular,Metropolitana,SANTIAGO,SANTIAGO,SANTIAGO,21,14
2023,4,2023|I4S1C3J4V4,No Presencial,A Distancia,Plan Regular de Continuidad,Metropolitana,SANTIAGO,SANTIAGO,SANTIAGO,34,0
2023,4,2023|I4S1C3J4V5,No Presencial,A Distancia,Plan Regular de Continuidad,Metropolitana,SANTIAGO,SANTIAGO,SANTIAGO,1,0
2023,4,2023|I4S1C54J4V3,No Presencial,A Distancia,Plan Regular de Continuidad,Metropolitana,SANTIAGO,SANTIAGO,SANTIAGO,84,0
2023,4,2023|I4S1C54J4V4,No Presencial,A Distancia,Plan Regular de Continuidad,Metropolitana,SANTIAGO,SANTIAGO,SANTIAGO,474,0
2023,4,2023|I4S1C5J4V1,No Presencial,A Distancia,Plan Regular,Metropolitana,SANTIAGO,SANTIAGO,SANTIAGO,24,14
2023,4,2023|I4S1C5J4V2,No Presencial,A Distancia,Plan Regular de Continuidad,Metropolitana,SANTIAGO,SANTIAGO,SANTIAGO,82,0
2023,4,2023|I4S1C5J4V4,No Presencial,A Distancia,Plan Regular de Continuidad,Metropolitana,SANTIAGO,SANTIAGO,SANTIAGO,151,0
2023,4,2023|I4S1C5J4V6,No Presencial,A Distancia,Plan Regular de Continuidad,Metropolitana,SANTIAGO,SANTIAGO,SANTIAGO,7,0
2023,4,2023|I4S1C648J3V2,Semipresencial,Semipresencial,Plan Regular de Continuidad,Metropolitana,SANTIAGO,SANTIAGO,SANTIAGO,84,0
2023,4,2023|I4S1C857J4V1,No Presencial,A Distancia,Plan Regular,Metropolitana,SANTIAGO,SANTIAGO,SANTIAGO,16,8
2023,4,2023|I4S1C875J3V1,Semipresencial,Semipresencial,Plan Regular,Metropolitana,SANTIAGO,SANTIAGO,SANTIAGO,10,0
2023,4,2023|I4S1C875J4V4,No Presencial,A Distancia,Plan Regular de Continuidad,Metropolitana,SANTIAGO,SANTIAGO,SANTIAGO,82,0
2023,4,2023|I4S1C875J4V5,No Presencial,A Distancia,Plan Regular de Continuidad,Metropolitana,SANTIAGO,SANTIAGO,SANTIAGO,3,0
2023,4,2023|I4S1C875J4V6,No Presencial,A Distancia,Plan Regular de Continuidad,Metropolitana,SANTIAGO,SANTIAGO,SANTIAGO,8,0
2023,4,2023|I4S1C983J4V1,No Presencial,A Distancia,Plan Regular de Continuidad,Metropolitana,SANTIAGO,SANTIAGO,SANTIAGO,93,0
2023,4,2023|I4S1C983J4V2,No Presencial,A Distancia,Plan Regular de Continuidad,Metropolitana,SANTIAGO,SANTIAGO,SANTIAGO,11,0
2023,4,2023|I4S1C989J3V1,Semipresencial,Semipresencial,Plan Regular de Continuidad,Metropolitana,SANTIAGO,SANTIAGO,SANTIAGO,12,0
2023,9,2023|I9S1C357J4V1,No Presencial,A Distancia,Plan Especial,Metropolitana,SANTIAGO,PROVIDENCIA,CASA CENTRAL (SANTIAGO - PROVIDENCIA),60,21
2023,9,2023|I9S1C359J4V1,No Presencial,A Distancia,Plan Especial,Metropolitana,SANTIAGO,PROVIDENCIA,CASA CENTRAL (SANTIAGO - PROVIDENCIA),40,26
2023,9,2023|I9S1C360J4V1,No Presencial,A Distancia,Plan Especial,Metropolitana,SANTIAGO,PROVIDENCIA,CASA CENTRAL (SANTIAGO - PROVIDENCIA),104,48
2023,10,2023|I10S11C287J4V1,No Presencial,A Distancia,Plan Regular de Continuidad,Metropolitana,SANTIAGO,SANTIAGO,SEDE REPUBLICA,348,0
2023,10,2023|I10S11C376J3V1,Semipresencial,Semipresencial,Plan Regular,Metropolitana,SANTIAGO,SANTIAGO,SEDE REPUBLICA,2,0
2023,10,2023|I10S11C380J4V1,No Presencial,A Distancia,Plan Especial,Metropolitana,SANTIAGO,SANTIAGO,SEDE REPUBLICA,240,0
2023,10,2023|I10S11C380J4V2,No Presencial,A Distancia,Plan Regular de Continuidad,Metropolitana,SANTIAGO,SANTIAGO,SEDE REPUBLICA,183,0
2023,10,2023|I10S11C603J4V1,No Presencial,A Distancia,Plan Regular de Continuidad,Metropolitana,SANTIAGO,SANTIAGO,SEDE REPUBLICA,213,0
2023,10,2023|I10S12C31J3V1,Semipresencial,Semipresencial,Plan Regular,Metropolitana,SANTIAGO,SANTIAGO,SEDE ORIENTE,138,77
2023,10,2023|I10S7C156J3V3,Semipresencial,Semipresencial,Plan Regular de Continuidad,Metropolitana,SANTIAGO,PROVIDENCIA,SEDE MANUEL MONTT,3,0
2023,10,2023|I10S7C156J4V1,No Presencial,A Distancia,Plan Regular de Continuidad,Metropolitana,SANTIAGO,PROVIDENCIA,SEDE MANUEL MONTT,759,0
2023,10,2023|I10S7C16J3V1,Semipresencial,Semipresencial,Plan Regular,Metropolitana,SANTIAGO,PROVIDENCIA,SEDE MANUEL MONTT,109,0
2023,10,2023|I10S7C16J4V2,No Presencial,A Distancia,Plan Regular,Metropolitana,SANTIAGO,PROVIDENCIA,SEDE MANUEL MONTT,81,48
2023,10,2023|I10S7C16J4V3,No Presencial,A Distancia,Plan Regular de Continuidad,Metropolitana,SANTIAGO,PROVIDENCIA,SEDE MANUEL MONTT,123,0
2023,10,2023|I10S7C285J4V2,No Presencial,A Distancia,Plan Regular,Metropolitana,SANTIAGO,PROVIDENCIA,SEDE MANUEL MONTT,304,82
2023,10,2023|I10S7C286J4V3,No Presencial,A Distancia,Plan Regular,Metropolitana,SANTIAGO,PROVIDENCIA,SEDE MANUEL MONTT,218,82
2023,10,2023|I10S7C287J4V1,No Presencial,A Distancia,Plan Regular de Continuidad,Metropolitana,SANTIAGO,PROVIDENCIA,SEDE MANUEL MONTT,146,0
2023,10,2023|I10S7C289J3V1,Semipresencial,Semipresencial,Plan Regular,Metropolitana,SANTIAGO,PROVIDENCIA,SEDE MANUEL MONTT,148,0
2023,10,2023|I10S7C289J3V2,Semipresencial,Semipresencial,Plan Regular de Continuidad,Metropolitana,SANTIAGO,PROVIDENCIA,SEDE MANUEL MONTT,31,0
2023,10,2023|I10S7C289J4V1,No Presencial,A Distancia,Plan Regular,Metropolitana,SANTIAGO,PROVIDENCIA,SEDE MANUEL MONTT,149,49
2023,10,2023|I10S7C289J4V2,No Presencial,A Distancia,Plan Regular de Continuidad,Metropolitana,SANTIAGO,PROVIDENCIA,SEDE MANUEL MONTT,203,0
2023,10,2023|I10S7C375J4V2,No Presencial,A Distancia,Plan Regular,Metropolitana,SANTIAGO,PROVIDENCIA,SEDE MANUEL MONTT,44,30
2023,10,2023|I10S7C376J3V1,Semipresencial,Semipresencial,Plan Regular,Metropolitana,SANTIAGO,PROVIDENCIA,SEDE MANUEL MONTT,3,0
2023,10,2023|I10S7C380J4V2,No Presencial,A Distancia,Plan Regular de Continuidad,Metropolitana,SANTIAGO,PROVIDENCIA,SEDE MANUEL MONTT,142,0
2023,10,2023|I10S7C380J4V3,No Presencial,A Distancia,Plan Regular,Metropolitana,SANTIAGO,PROVIDENCIA,SEDE MANUEL MONTT,64,51
2023,10,2023|I10S7C501J4V1,No Presencial,A Distancia,Plan Regular,Metropolitana,SANTIAGO,PROVIDENCIA,SEDE MANUEL MONTT,71,26
2023,10,2023|I10S7C501J4V2,No Presencial,A Distancia,Plan Regular de Continuidad,Metropolitana,SANTIAGO,PROVIDENCIA,SEDE MANUEL MONTT,122,0
2023,10,2023|I10S7C603J4V1,No Presencial,A Distancia,Plan Regular de Continuidad,Metropolitana,SANTIAGO,PROVIDENCIA,SEDE MANUEL MONTT,130,0
2023,10,2023|I10S7C766J4V2,No Presencial,A Distancia,Plan Regular de Continuidad,Metropolitana,SANTIAGO,PROVIDENCIA,SEDE MANUEL MONTT,149,0
2023,10,2023|I10S7C799J4V1,No Presencial,A Distancia,Plan Regular,Metropolitana,SANTIAGO,PROVIDENCIA,SEDE MANUEL MONTT,94,31
2023,10,2023|I10S7C800J4V1,No Presencial,A Distancia,Plan Regular,Metropolitana,SANTIAGO,PROVIDENCIA,SEDE MANUEL MONTT,53,32
2023,10,2023|I10S7C801J4V1,No Presencial,A Distancia,Plan Regular,Metropolitana,SANTIAGO,PROVIDENCIA,SEDE MANUEL MONTT,75,38
2023,10,2023|I10S7C802J4V1,No Presencial,A Distancia,Plan Regular,Metropolitana,SANTIAGO,PROVIDENCIA,SEDE MANUEL MONTT,44,22
2023,10,2023|I10S7C803J4V1,No Presencial,A Distancia,Plan Regular,Metropolitana,SANTIAGO,PROVIDENCIA,SEDE MANUEL MONTT,10,5
2023,10,2023|I10S7C832J4V1,No Presencial,A Distancia,Plan Regular,Metropolitana,SANTIAGO,PROVIDENCIA,SEDE MANUEL MONTT,8,2
2023,10,2023|I10S7C833J4V1,No Presencial,A Distancia,Plan Regular,Metropolitana,SANTIAGO,PROVIDENCIA,SEDE MANUEL MONTT,38,29
2023,10,2023|I10S7C834J4V1,No Presencial,A Distancia,Plan Regular,Metropolitana,SANTIAGO,PROVIDENCIA,SEDE MANUEL MONTT,16,15
2023,10,2023|I10S7C859J4V1,No Presencial,A Distancia,Plan Regular,Metropolitana,SANTIAGO,PROVIDENCIA,SEDE MANUEL MONTT,11,10
2023,10,2023|I10S7C860J4V1,No Presencial,A Distancia,Plan Regular,Metropolitana,SANTIAGO,PROVIDENCIA,SEDE MANUEL MONTT,17,15
2023,10,2023|I10S7C861J4V1,No Presencial,A Distancia,Plan Regular,Metropolitana,SANTIAGO,PROVIDENCIA,SEDE MANUEL MONTT,1,0
2023,10,2023|I10S7C862J4V1,No Presencial,A Distancia,Plan Regular,Metropolitana,SANTIAGO,PROVIDENCIA,SEDE MANUEL MONTT,20,20
2023,10,2023|I10S8C281J4V1,No Presencial,A Distancia,Plan Regular,Metropolitana,SANTIAGO,SANTIAGO,SEDE SANTO DOMINGO,6,2
2023,16,2023|I16S1C267J4V1,No Presencial,A Distancia,Plan Regular,Metropolitana,SANTIAGO,SANTIAGO,SEDE SANTIAGO,10,4
2023,16,2023|I16S1C267J4V3,No Presencial,A Distancia,Plan Especial,Metropolitana,SANTIAGO,SANTIAGO,SEDE SANTIAGO,5,0
2023,16,2023|I16S1C300J4V1,No Presencial,A Distancia,Plan Regular,Metropolitana,SANTIAGO,SANTIAGO,SEDE SANTIAGO,3,3
2023,16,2023|I16S1C300J4V2,No Presencial,A Distancia,Plan Regular,Metropolitana,SANTIAGO,SANTIAGO,SEDE SANTIAGO,1,1
2023,16,2023|I16S1C316J4V2,No Presencial,A Distancia,Plan Regular,Metropolitana,SANTIAGO,SANTIAGO,SEDE SANTIAGO,5,3
2023,16,2023|I16S1C318J4V2,No Presencial,A Distancia,Plan Regular,Metropolitana,SANTIAGO,SANTIAGO,SEDE SANTIAGO,11,9
2023,16,2023|I16S1C344J4V1,No Presencial,A Distancia,Plan Regular,Metropolitana,SANTIAGO,SANTIAGO,SEDE SANTIAGO,2,2
2023,16,2023|I16S1C355J4V3,No Presencial,A Distancia,Plan Especial,Metropolitana,SANTIAGO,SANTIAGO,SEDE SANTIAGO,128,32
2023,16,2023|I16S1C363J4V1,No Presencial,A Distancia,Plan Regular,Metropolitana,SANTIAGO,SANTIAGO,SEDE SANTIAGO,1,0
2023,16,2023|I16S1C45J4V2,No Presencial,A Distancia,Plan Especial,Metropolitana,SANTIAGO,SANTIAGO,SEDE SANTIAGO,2,0
2023,17,2023|I17S2C101J4V2,No Presencial,A Distancia,Plan Regular,Metropolitana,SANTIAGO,PROVIDENCIA,SEDE PROVIDENCIA,35,20
2023,17,2023|I17S2C101J4V3,No Presencial,A Distancia,Plan Regular de Continuidad,Metropolitana,SANTIAGO,PROVIDENCIA,SEDE PROVIDENCIA,54,0
2023,17,2023|I17S2C101J5V2,Semipresencial,Otra,Plan Regular,Metropolitana,SANTIAGO,PROVIDENCIA,SEDE PROVIDENCIA,14,0
2023,17,2023|I17S2C115J3V1,Semipresencial,Semipresencial,Plan Regular,Metropolitana,SANTIAGO,PROVIDENCIA,SEDE PROVIDENCIA,7,0
2023,17,2023|I17S2C151J3V1,Semipresencial,Semipresencial,Plan Regular,Metropolitana,SANTIAGO,PROVIDENCIA,SEDE PROVIDENCIA,32,20
2023,17,2023|I17S2C182J4V2,No Presencial,A Distancia,Plan Especial,Metropolitana,SANTIAGO,PROVIDENCIA,SEDE PROVIDENCIA,107,82
2023,17,2023|I17S2C227J4V1,No Presencial,A Distancia,Plan Regular,Metropolitana,SANTIAGO,PROVIDENCIA,SEDE PROVIDENCIA,22,0
2023,17,2023|I17S2C23J3V1,Semipresencial,Semipresencial,Plan Regular,Metropolitana,SANTIAGO,PROVIDENCIA,SEDE PROVIDENCIA,23,0
2023,17,2023|I17S2C23J3V2,Semipresencial,Semipresencial,Plan Regular de Continuidad,Metropolitana,SANTIAGO,PROVIDENCIA,SEDE PROVIDENCIA,241,0
2023,17,2023|I17S2C23J4V1,No Presencial,A Distancia,Plan Regular,Metropolitana,SANTIAGO,PROVIDENCIA,SEDE PROVIDENCIA,26,26
2023,17,2023|I17S2C23J4V2,No Presencial,A Distancia,Plan Regular de Continuidad,Metropolitana,SANTIAGO,PROVIDENCIA,SEDE PROVIDENCIA,201,0
2023,17,2023|I17S2C251J1V1,Semipresencial,Diurna,Plan Regular,Metropolitana,SANTIAGO,PROVIDENCIA,SEDE PROVIDENCIA,8,0
2023,17,2023|I17S2C251J2V1,Semipresencial,Vespertina,Plan Regular,Metropolitana,SANTIAGO,PROVIDENCIA,SEDE PROVIDENCIA,33,17
2023,17,2023|I17S2C298J4V1,No Presencial,A Distancia,Plan Regular,Metropolitana,SANTIAGO,PROVIDENCIA,SEDE PROVIDENCIA,41,23
2023,17,2023|I17S2C298J4V2,No Presencial,A Distancia,Plan Regular de Continuidad,Metropolitana,SANTIAGO,PROVIDENCIA,SEDE PROVIDENCIA,35,0
2023,17,2023|I17S2C298J5V1,Semipresencial,Otra,Plan Regular,Metropolitana,SANTIAGO,PROVIDENCIA,SEDE PROVIDENCIA,12,0
2023,17,2023|I17S2C306J4V1,No Presencial,A Distancia,Plan Especial,Metropolitana,SANTIAGO,PROVIDENCIA,SEDE PROVIDENCIA,112,58
2023,17,2023|I17S2C329J4V1,No Presencial,A Distancia,Plan Regular,Metropolitana,SANTIAGO,PROVIDENCIA,SEDE PROVIDENCIA,68,42
2023,17,2023|I17S2C334J4V1,No Presencial,A Distancia,Plan Regular,Metropolitana,SANTIAGO,PROVIDENCIA,SEDE PROVIDENCIA,74,49
2023,17,2023|I17S2C38J4V1,No Presencial,A Distancia,Plan Regular,Metropolitana,SANTIAGO,PROVIDENCIA,SEDE PROVIDENCIA,7,0
2023,17,2023|I17S2C38J4V3,No Presencial,A Distancia,Plan Regular de Continuidad,Metropolitana,SANTIAGO,PROVIDENCIA,SEDE PROVIDENCIA,469,0
2023,17,2023|I17S2C57J3V1,Semipresencial,Semipresencial,Plan Regular,Metropolitana,SANTIAGO,PROVIDENCIA,SEDE PROVIDENCIA,170,84
2023,17,2023|I17S2C58J3V1,Semipresencial,Semipresencial,Plan Regular,Metropolitana,SANTIAGO,PROVIDENCIA,SEDE PROVIDENCIA,11,11
2023,19,2023|I19S1C104J4V2,No Presencial,A Distancia,Plan Regular de Continuidad,Metropolitana,SANTIAGO,PROVIDENCIA,CAMPUS PROVIDENCIA,9,0
2023,19,2023|I19S1C10J4V1,No Presencial,A Distancia,Plan Regular,Metropolitana,SANTIAGO,PROVIDENCIA,CAMPUS PROVIDENCIA,338,20
2023,19,2023|I19S1C10J4V2,No Presencial,A Distancia,Plan Regular de Continuidad,Metropolitana,SANTIAGO,PROVIDENCIA,CAMPUS PROVIDENCIA,68,0
2023,19,2023|I19S1C129J4V1,No Presencial,A Distancia,Plan Regular,Metropolitana,SANTIAGO,PROVIDENCIA,CAMPUS PROVIDENCIA,186,35
2023,19,2023|I19S1C129J4V2,No Presencial,A Distancia,Plan Regular de Continuidad,Metropolitana,SANTIAGO,PROVIDENCIA,CAMPUS PROVIDENCIA,26,0
2023,19,2023|I19S1C12J4V1,No Presencial,A Distancia,Plan Regular,Metropolitana,SANTIAGO,PROVIDENCIA,CAMPUS PROVIDENCIA,84,23
2023,19,2023|I19S1C132J4V1,No Presencial,A Distancia,Plan Regular,Metropolitana,SANTIAGO,PROVIDENCIA,CAMPUS PROVIDENCIA,250,49
2023,19,2023|I19S1C132J4V2,No Presencial,A Distancia,Plan Regular de Continuidad,Metropolitana,SANTIAGO,PROVIDENCIA,CAMPUS PROVIDENCIA,33,0
2023,19,2023|I19S1C138J4V1,No Presencial,A Distancia,Plan Regular,Metropolitana,SANTIAGO,PROVIDENCIA,CAMPUS PROVIDENCIA,391,50
2023,19,2023|I19S1C138J4V2,No Presencial,A Distancia,Plan Regular de Continuidad,Metropolitana,SANTIAGO,PROVIDENCIA,CAMPUS PROVIDENCIA,138,0
2023,19,2023|I19S1C226J4V1,No Presencial,A Distancia,Plan Regular,Metropolitana,SANTIAGO,PROVIDENCIA,CAMPUS PROVIDENCIA,526,221
2023,19,2023|I19S1C228J3V1,Semipresencial,Semipresencial,Plan Regular,Metropolitana,SANTIAGO,PROVIDENCIA,CAMPUS PROVIDENCIA,48,42
2023,19,2023|I19S1C229J3V1,Semipresencial,Semipresencial,Plan Regular,Metropolitana,SANTIAGO,PROVIDENCIA,CAMPUS PROVIDENCIA,29,27
2023,19,2023|I19S1C334J4V2,No Presencial,A Distancia,Plan Regular de Continuidad,Metropolitana,SANTIAGO,PROVIDENCIA,CAMPUS PROVIDENCIA,1400,0
2023,19,2023|I19S1C492J4V1,No Presencial,A Distancia,Plan Regular,Metropolitana,SANTIAGO,PROVIDENCIA,CAMPUS PROVIDENCIA,98,30
2023,19,2023|I19S1C512J3V1,Semipresencial,Semipresencial,Plan Regular,Metropolitana,SANTIAGO,PROVIDENCIA,CAMPUS PROVIDENCIA,25,14
2023,19,2023|I19S1C55J4V1,No Presencial,A Distancia,Plan Regular,Metropolitana,SANTIAGO,PROVIDENCIA,CAMPUS PROVIDENCIA,16,15
2023,19,2023|I19S1C8J4V1,No Presencial,A Distancia,Plan Regular,Metropolitana,SANTIAGO,PROVIDENCIA,CAMPUS PROVIDENCIA,25,18
2023,19,2023|I19S1C9J3V2,Semipresencial,Semipresencial,Plan Regular,Metropolitana,SANTIAGO,PROVIDENCIA,CAMPUS PROVIDENCIA,34,26
2023,19,2023|I19S2C9J3V2,Semipresencial,Semipresencial,Plan Regular,Metropolitana,SANTIAGO,LA FLORIDA,CAMPUS LA FLORIDA,48,24
2023,19,2023|I19S3C9J3V2,Semipresencial,Semipresencial,Plan Regular,Metropolitana,SANTIAGO,MAIPU,CAMPUS MAIPU,24,14
2023,19,2023|I19S4C104J3V1,Semipresencial,Semipresencial,Plan Regular,Metropolitana,SANTIAGO,SANTIAGO,CAMPUS SANTIAGO CENTRO,22,20
2023,19,2023|I19S4C148J3V1,Semipresencial,Semipresencial,Plan Regular,Metropolitana,SANTIAGO,SANTIAGO,CAMPUS SANTIAGO CENTRO,46,39
2023,19,2023|I19S4C37J3V1,Semipresencial,Semipresencial,Plan Regular,Metropolitana,SANTIAGO,SANTIAGO,CAMPUS SANTIAGO CENTRO,131,57
2023,19,2023|I19S4C9J3V2,Semipresencial,Semipresencial,Plan Regular,Metropolitana,SANTIAGO,SANTIAGO,CAMPUS SANTIAGO CENTRO,56,30
2023,19,2023|I19S5C37J3V1,Semipresencial,Semipresencial,Plan Regular,Biobío,CONCEPCION,CONCEPCION,SEDE CONCEPCION,38,16
2023,19,2023|I19S5C9J3V2,Semipresencial,Semipresencial,Plan Regular,Biobío,CONCEPCION,CONCEPCION,SEDE CONCEPCION,121,78
2023,19,2023|I19S6C148J3V1,Semipresencial,Semipresencial,Plan Regular,Valparaíso,VALPARAISO,VIÑA DEL MAR,SEDE VIÑA DEL MAR,17,13
2023,19,2023|I19S6C228J3V1,Semipresencial,Semipresencial,Plan Regular,Valparaíso,VALPARAISO,VIÑA DEL MAR,SEDE VIÑA DEL MAR,14,12
2023,19,2023|I19S6C37J3V1,Semipresencial,Semipresencial,Plan Regular,Valparaíso,VALPARAISO,VIÑA DEL MAR,SEDE VIÑA DEL MAR,55,22
2023,19,2023|I19S6C9J3V2,Semipresencial,Semipresencial,Plan Regular,Valparaíso,VALPARAISO,VIÑA DEL MAR,SEDE VIÑA DEL MAR,73,55
2023,19,2023|I19S9C37J3V1,Semipresencial,Semipresencial,Plan Regular,Metropolitana,MELIPILLA,MELIPILLA,CAMPUS MELIPILLA,24,15
2023,19,2023|I19S9C512J3V1,Semipresencial,Semipresencial,Plan Regular,Metropolitana,MELIPILLA,MELIPILLA,CAMPUS MELIPILLA,45,43
2023,20,2023|I20S1C115J4V3,No Presencial,A Distancia,Plan Regular de Continuidad,Metropolitana,SANTIAGO,SANTIAGO,CASA CENTRAL (SANTIAGO),1657,0
2023,20,2023|I20S1C12J4V4,No Presencial,A Distancia,Plan Regular de Continuidad,Metropolitana,SANTIAGO,SANTIAGO,CASA CENTRAL (SANTIAGO),822,0
2023,20,2023|I20S1C1J4V4,No Presencial,A Distancia,Plan Regular de Continuidad,Metropolitana,SANTIAGO,SANTIAGO,CASA CENTRAL (SANTIAGO),899,0
2023,20,2023|I20S1C3J4V4,No Presencial,A Distancia,Plan Regular de Continuidad,Metropolitana,SANTIAGO,SANTIAGO,CASA CENTRAL (SANTIAGO),389,0
2023,20,2023|I20S1C495J4V1,No Presencial,A Distancia,Plan Regular de Continuidad,Metropolitana,SANTIAGO,SANTIAGO,CASA CENTRAL (SANTIAGO),315,0
2023,20,2023|I20S1C539J4V1,No Presencial,A Distancia,Plan Regular de Continuidad,Metropolitana,SANTIAGO,SANTIAGO,CASA CENTRAL (SANTIAGO),202,0
2023,20,2023|I20S1C555J3V2,Semipresencial,Semipresencial,Plan Regular de Continuidad,Metropolitana,SANTIAGO,SANTIAGO,CASA CENTRAL (SANTIAGO),25,0
2023,20,2023|I20S1C661J4V1,No Presencial,A Distancia,Plan Regular de Continuidad,Metropolitana,SANTIAGO,SANTIAGO,CASA CENTRAL (SANTIAGO),100,0
2023,20,2023|I20S1C662J4V2,No Presencial,A Distancia,Plan Regular de Continuidad,Metropolitana,SANTIAGO,SANTIAGO,CASA CENTRAL (SANTIAGO),41,0
2023,20,2023|I20S1C70J4V2,No Presencial,A Distancia,Plan Regular de Continuidad,Metropolitana,SANTIAGO,SANTIAGO,CASA CENTRAL (SANTIAGO),379,0
2023,20,2023|I20S1C71J4V4,No Presencial,A Distancia,Plan Regular de Continuidad,Metropolitana,SANTIAGO,SANTIAGO,CASA CENTRAL (SANTIAGO),1286,0
2023,20,2023|I20S1C7J3V3,Semipresencial,Semipresencial,Plan Regular de Continuidad,Metropolitana,SANTIAGO,SANTIAGO,CASA CENTRAL (SANTIAGO),282,0
2023,20,2023|I20S1C82J3V2,Semipresencial,Semipresencial,Plan Regular de Continuidad,Metropolitana,SANTIAGO,SANTIAGO,CASA CENTRAL (SANTIAGO),30,0
2023,20,2023|I20S1C8J4V2,No Presencial,A Distancia,Plan Regular de Continuidad,Metropolitana,SANTIAGO,SANTIAGO,CASA CENTRAL (SANTIAGO),60,0
2023,20,2023|I20S2C33J3V2,Semipresencial,Semipresencial,Plan Regular de Continuidad,Metropolitana,SANTIAGO,LAS CONDES,SEDE CASONA DE LAS CONDES,91,0
2023,20,2023|I20S3C555J3V2,Semipresencial,Semipresencial,Plan Regular de Continuidad,Valparaíso,VALPARAISO,VIÑA DEL MAR,SEDE VIÑA DEL MAR,16,0
2023,20,2023|I20S3C7J3V3,Semipresencial,Semipresencial,Plan Regular de Continuidad,Valparaíso,VALPARAISO,VIÑA DEL MAR,SEDE VIÑA DEL MAR,209,0
2023,20,2023|I20S4C555J3V2,Semipresencial,Semipresencial,Plan Regular de Continuidad,Biobío,CONCEPCION,CONCEPCION,SEDE CONCEPCION,8,0
2023,20,2023|I20S4C7J3V3,Semipresencial,Semipresencial,Plan Regular de Continuidad,Biobío,CONCEPCION,CONCEPCION,SEDE CONCEPCION,164,0
2023,22,2023|I22S1C17J2V1,Semipresencial,Vespertina,Plan Regular de Continuidad,Valparaíso,VALPARAISO,VIÑA DEL MAR,CASA CENTRAL (VIÑA DEL MAR),697,0
2023,22,2023|I22S1C17J4V1,No Presencial,A Distancia,Plan Regular de Continuidad,Valparaíso,VALPARAISO,VIÑA DEL MAR,CASA CENTRAL (VIÑA DEL MAR),334,0
2023,22,2023|I22S1C1J2V3,Semipresencial,Vespertina,Plan Regular,Valparaíso,VALPARAISO,VIÑA DEL MAR,CASA CENTRAL (VIÑA DEL MAR),92,13
2023,22,2023|I22S1C1J2V4,Semipresencial,Vespertina,Plan Regular de Continuidad,Valparaíso,VALPARAISO,VIÑA DEL MAR,CASA CENTRAL (VIÑA DEL MAR),30,0
2023,22,2023|I22S1C1J2V5,Semipresencial,Vespertina,Plan Regular de Continuidad,Valparaíso,VALPARAISO,VIÑA DEL MAR,CASA CENTRAL (VIÑA DEL MAR),8,0
2023,22,2023|I22S1C283J2V3,Semipresencial,Vespertina,Plan Regular,Valparaíso,VALPARAISO,VIÑA DEL MAR,CASA CENTRAL (VIÑA DEL MAR),58,14
2023,22,2023|I22S1C286J2V2,Semipresencial,Vespertina,Plan Regular de Continuidad,Valparaíso,VALPARAISO,VIÑA DEL MAR,CASA CENTRAL (VIÑA DEL MAR),2,0
2023,22,2023|I22S1C286J2V3,Semipresencial,Vespertina,Plan Regular,Valparaíso,VALPARAISO,VIÑA DEL MAR,CASA CENTRAL (VIÑA DEL MAR),7,0
2023,22,2023|I22S1C287J2V2,Semipresencial,Vespertina,Plan Regular,Valparaíso,VALPARAISO,VIÑA DEL MAR,CASA CENTRAL (VIÑA DEL MAR),2,0
2023,22,2023|I22S1C288J2V2,Semipresencial,Vespertina,Plan Regular,Valparaíso,VALPARAISO,VIÑA DEL MAR,CASA CENTRAL (VIÑA DEL MAR),42,7
2023,22,2023|I22S1C299J2V1,Semipresencial,Vespertina,Plan Regular,Valparaíso,VALPARAISO,VIÑA DEL MAR,CASA CENTRAL (VIÑA DEL MAR),5,0
2023,22,2023|I22S1C299J4V1,No Presencial,A Distancia,Plan Regular,Valparaíso,VALPARAISO,VIÑA DEL MAR,CASA CENTRAL (VIÑA DEL MAR),31,9
2023,22,2023|I22S1C336J1V1,Semipresencial,Diurna,Plan Regular de Continuidad,Valparaíso,VALPARAISO,VIÑA DEL MAR,CASA CENTRAL (VIÑA DEL MAR),1,0
2023,22,2023|I22S1C336J4V1,No Presencial,A Distancia,Plan Regular de Continuidad,Valparaíso,VALPARAISO,VIÑA DEL MAR,CASA CENTRAL (VIÑA DEL MAR),159,0
2023,22,2023|I22S1C337J4V1,No Presencial,A Distancia,Plan Regular de Continuidad,Valparaíso,VALPARAISO,VIÑA DEL MAR,CASA CENTRAL (VIÑA DEL MAR),39,0
2023,22,2023|I22S1C338J2V1,Semipresencial,Vespertina,Plan Regular,Valparaíso,VALPARAISO,VIÑA DEL MAR,CASA CENTRAL (VIÑA DEL MAR),103,20
2023,22,2023|I22S1C347J2V1,Semipresencial,Vespertina,Plan Regular,Valparaíso,VALPARAISO,VIÑA DEL MAR,CASA CENTRAL (VIÑA DEL MAR),2,0
2023,22,2023|I22S1C347J4V1,No Presencial,A Distancia,Plan Regular,Valparaíso,VALPARAISO,VIÑA DEL MAR,CASA CENTRAL (VIÑA DEL MAR),32,10
2023,22,2023|I22S1C347J4V3,No Presencial,A Distancia,Plan Regular de Continuidad,Valparaíso,VALPARAISO,VIÑA DEL MAR,CASA CENTRAL (VIÑA DEL MAR),64,0
2023,22,2023|I22S1C368J4V1,No Presencial,A Distancia,Plan Regular de Continuidad,Valparaíso,VALPARAISO,VIÑA DEL MAR,CASA CENTRAL (VIÑA DEL MAR),8,0
2023,22,2023|I22S1C55J3V2,Semipresencial,Semipresencial,Plan Regular de Continuidad,Valparaíso,VALPARAISO,VIÑA DEL MAR,CASA CENTRAL (VIÑA DEL MAR),28,0
2023,22,2023|I22S1C55J3V3,Semipresencial,Semipresencial,Plan Regular de Continuidad,Valparaíso,VALPARAISO,VIÑA DEL MAR,CASA CENTRAL (VIÑA DEL MAR),1,0
2023,22,2023|I22S1C8J2V3,Semipresencial,Vespertina,Plan Regular,Valparaíso,VALPARAISO,VIÑA DEL MAR,CASA CENTRAL (VIÑA DEL MAR),30,0
2023,22,2023|I22S1C8J4V1,No Presencial,A Distancia,Plan Regular,Valparaíso,VALPARAISO,VIÑA DEL MAR,CASA CENTRAL (VIÑA DEL MAR),24,16
2023,22,2023|I22S1C8J4V2,No Presencial,A Distancia,Plan Regular de Continuidad,Valparaíso,VALPARAISO,VIÑA DEL MAR,CASA CENTRAL (VIÑA DEL MAR),6,0
2023,22,2023|I22S1C8J4V3,No Presencial,A Distancia,Plan Regular de Continuidad,Valparaíso,VALPARAISO,VIÑA DEL MAR,CASA CENTRAL (VIÑA DEL MAR),24,0
2023,22,2023|I22S1C9J2V1,Semipresencial,Vespertina,Plan Regular,Valparaíso,VALPARAISO,VIÑA DEL MAR,CASA CENTRAL (VIÑA DEL MAR),6,0
2023,22,2023|I22S1C9J2V2,Semipresencial,Vespertina,Plan Regular de Continuidad,Valparaíso,VALPARAISO,VIÑA DEL MAR,CASA CENTRAL (VIÑA DEL MAR),3,0
2023,26,2023|I26S1C100J4V2,No Presencial,A Distancia,Plan Regular,Metropolitana,SANTIAGO,PROVIDENCIA,CASA CENTRAL (SANTIAGO),49,21
2023,26,2023|I26S1C100J4V3,No Presencial,A Distancia,Plan Regular de Continuidad,Metropolitana,SANTIAGO,PROVIDENCIA,CASA CENTRAL (SANTIAGO),26,0
2023,26,2023|I26S1C155J3V1,Semipresencial,Semipresencial,Plan Regular,Metropolitana,SANTIAGO,PROVIDENCIA,CASA CENTRAL (SANTIAGO),11,0
2023,26,2023|I26S1C155J4V1,No Presencial,A Distancia,Plan Especial,Metropolitana,SANTIAGO,PROVIDENCIA,CASA CENTRAL (SANTIAGO),11,0
2023,26,2023|I26S1C155J4V3,No Presencial,A Distancia,Plan Regular de Continuidad,Metropolitana,SANTIAGO,PROVIDENCIA,CASA CENTRAL (SANTIAGO),53,0
2023,26,2023|I26S1C155J4V4,No Presencial,A Distancia,Plan Regular,Metropolitana,SANTIAGO,PROVIDENCIA,CASA CENTRAL (SANTIAGO),161,61
2023,26,2023|I26S1C165J4V1,No Presencial,A Distancia,Plan Regular,Metropolitana,SANTIAGO,PROVIDENCIA,CASA CENTRAL (SANTIAGO),6,0
2023,26,2023|I26S1C174J4V1,No Presencial,A Distancia,Plan Regular,Metropolitana,SANTIAGO,PROVIDENCIA,CASA CENTRAL (SANTIAGO),99,53
2023,26,2023|I26S1C176J4V1,No Presencial,A Distancia,Plan Especial,Metropolitana,SANTIAGO,PROVIDENCIA,CASA CENTRAL (SANTIAGO),20,0
2023,26,2023|I26S1C177J4V1,No Presencial,A Distancia,Plan Especial,Metropolitana,SANTIAGO,PROVIDENCIA,CASA CENTRAL (SANTIAGO),9,0
2023,26,2023|I26S1C178J4V1,No Presencial,A Distancia,Plan Especial,Metropolitana,SANTIAGO,PROVIDENCIA,CASA CENTRAL (SANTIAGO),7,0
2023,26,2023|I26S1C178J4V2,No Presencial,A Distancia,Plan Regular de Continuidad,Metropolitana,SANTIAGO,PROVIDENCIA,CASA CENTRAL (SANTIAGO),33,0
2023,26,2023|I26S1C179J4V1,No Presencial,A Distancia,Plan Especial,Metropolitana,SANTIAGO,PROVIDENCIA,CASA CENTRAL (SANTIAGO),2,0
2023,26,2023|I26S1C179J4V2,No Presencial,A Distancia,Plan Regular de Continuidad,Metropolitana,SANTIAGO,PROVIDENCIA,CASA CENTRAL (SANTIAGO),68,0
2023,26,2023|I26S1C182J4V1,No Presencial,A Distancia,Plan Regular,Metropolitana,SANTIAGO,PROVIDENCIA,CASA CENTRAL (SANTIAGO),44,12
2023,26,2023|I26S1C182J4V2,No Presencial,A Distancia,Plan Especial,Metropolitana,SANTIAGO,PROVIDENCIA,CASA CENTRAL (SANTIAGO),6,0
2023,26,2023|I26S1C182J4V3,No Presencial,A Distancia,Plan Regular de Continuidad,Metropolitana,SANTIAGO,PROVIDENCIA,CASA CENTRAL (SANTIAGO),67,0
2023,26,2023|I26S1C185J4V1,No Presencial,A Distancia,Plan Especial,Metropolitana,SANTIAGO,PROVIDENCIA,CASA CENTRAL (SANTIAGO),4,0
2023,26,2023|I26S1C199J3V1,Semipresencial,Semipresencial,Plan Regular,Metropolitana,SANTIAGO,PROVIDENCIA,CASA CENTRAL (SANTIAGO),107,37
2023,26,2023|I26S1C219J4V1,No Presencial,A Distancia,Plan Regular,Metropolitana,SANTIAGO,PROVIDENCIA,CASA CENTRAL (SANTIAGO),52,23
2023,26,2023|I26S1C2J3V1,Semipresencial,Semipresencial,Plan Regular,Metropolitana,SANTIAGO,PROVIDENCIA,CASA CENTRAL (SANTIAGO),253,66
2023,26,2023|I26S1C4J3V1,Semipresencial,Semipresencial,Plan Regular,Metropolitana,SANTIAGO,PROVIDENCIA,CASA CENTRAL (SANTIAGO),64,21
2023,26,2023|I26S1C60J4V2,No Presencial,A Distancia,Plan Regular,Metropolitana,SANTIAGO,PROVIDENCIA,CASA CENTRAL (SANTIAGO),86,41
2023,26,2023|I26S1C82J4V2,No Presencial,A Distancia,Plan Regular,Metropolitana,SANTIAGO,PROVIDENCIA,CASA CENTRAL (SANTIAGO),185,37
2023,26,2023|I26S1C82J4V3,No Presencial,A Distancia,Plan Regular de Continuidad,Metropolitana,SANTIAGO,PROVIDENCIA,CASA CENTRAL (SANTIAGO),155,0
2023,26,2023|I26S1C82J4V4,No Presencial,A Distancia,Plan Regular de Continuidad,Metropolitana,SANTIAGO,PROVIDENCIA,CASA CENTRAL (SANTIAGO),99,0
2023,26,2023|I26S1C83J4V2,No Presencial,A Distancia,Plan Regular,Metropolitana,SANTIAGO,PROVIDENCIA,CASA CENTRAL (SANTIAGO),56,17
2023,26,2023|I26S1C84J3V2,Semipresencial,Semipresencial,Plan Regular,Metropolitana,SANTIAGO,PROVIDENCIA,CASA CENTRAL (SANTIAGO),1049,225
2023,38,2023|I38S1C151J4V1,No Presencial,A Distancia,Plan Especial,Ñuble,DIGUILLIN,CHILLAN,CASA CENTRAL (CHILLAN),40,15
2023,38,2023|I38S1C34J4V1,No Presencial,A Distancia,Plan Regular,Ñuble,DIGUILLIN,CHILLAN,CASA CENTRAL (CHILLAN),14,0
2023,39,2023|I39S6C180J4V1,No Presencial,A Distancia,Plan Regular de Continuidad,Metropolitana,SANTIAGO,SANTIAGO,SEDE SANTIAGO,163,0
2023,39,2023|I39S6C180J4V2,No Presencial,A Distancia,Plan Regular de Continuidad,Metropolitana,SANTIAGO,SANTIAGO,SEDE SANTIAGO,374,0
2023,39,2023|I39S6C1J4V1,No Presencial,A Distancia,Plan Regular de Continuidad,Metropolitana,SANTIAGO,SANTIAGO,SEDE SANTIAGO,47,0
2023,39,2023|I39S6C1J4V2,No Presencial,A Distancia,Plan Regular de Continuidad,Metropolitana,SANTIAGO,SANTIAGO,SEDE SANTIAGO,176,0
2023,39,2023|I39S6C45J4V1,No Presencial,A Distancia,Plan Regular de Continuidad,Metropolitana,SANTIAGO,SANTIAGO,SEDE SANTIAGO,210,0
2023,39,2023|I39S6C45J4V2,No Presencial,A Distancia,Plan Regular de Continuidad,Metropolitana,SANTIAGO,SANTIAGO,SEDE SANTIAGO,43,0
2023,39,2023|I39S6C78J4V1,No Presencial,A Distancia,Plan Regular de Continuidad,Metropolitana,SANTIAGO,SANTIAGO,SEDE SANTIAGO,61,0
2023,39,2023|I39S6C78J4V2,No Presencial,A Distancia,Plan Regular de Continuidad,Metropolitana,SANTIAGO,SANTIAGO,SEDE SANTIAGO,212,0
2023,39,2023|I39S6C87J4V1,No Presencial,A Distancia,Plan Regular de Continuidad,Metropolitana,SANTIAGO,SANTIAGO,SEDE SANTIAGO,17,0
2023,39,2023|I39S6C87J4V2,No Presencial,A Distancia,Plan Regular de Continuidad,Metropolitana,SANTIAGO,SANTIAGO,SEDE SANTIAGO,764,0
2023,46,2023|I46S11C104J3V1,Semipresencial,Semipresencial,Plan Regular de Continuidad,Valparaíso,LOS ANDES,LOS ANDES,SEDE LOS ANDES,10,0
2023,46,2023|I46S11C126J3V2,Semipresencial,Semipresencial,Plan Regular de Continuidad,Valparaíso,LOS ANDES,LOS ANDES,SEDE LOS ANDES,4,0
2023,46,2023|I46S11C168J3V1,Semipresencial,Semipresencial,Plan Regular de Continuidad,Valparaíso,LOS ANDES,LOS ANDES,SEDE LOS ANDES,86,0
2023,46,2023|I46S11C174J3V1,Semipresencial,Semipresencial,Plan Especial,Valparaíso,LOS ANDES,LOS ANDES,SEDE LOS ANDES,1,0
2023,46,2023|I46S11C177J3V1,Semipresencial,Semipresencial,Plan Regular de Continuidad,Valparaíso,LOS ANDES,LOS ANDES,SEDE LOS ANDES,48,0
2023,46,2023|I46S11C188J3V2,Semipresencial,Semipresencial,Plan Regular de Continuidad,Valparaíso,LOS ANDES,LOS ANDES,SEDE LOS ANDES,79,0
2023,46,2023|I46S11C194J3V3,Semipresencial,Semipresencial,Plan Especial,Valparaíso,LOS ANDES,LOS ANDES,SEDE LOS ANDES,18,0
2023,46,2023|I46S11C368J3V1,Semipresencial,Semipresencial,Plan Especial,Valparaíso,LOS ANDES,LOS ANDES,SEDE LOS ANDES,26,0
2023,46,2023|I46S11C369J3V3,Semipresencial,Semipresencial,Plan Especial,Valparaíso,LOS ANDES,LOS ANDES,SEDE LOS ANDES,17,12
2023,46,2023|I46S11C371J3V2,Semipresencial,Semipresencial,Plan Regular de Continuidad,Valparaíso,LOS ANDES,LOS ANDES,SEDE LOS ANDES,40,0
2023,46,2023|I46S11C533J3V2,Semipresencial,Semipresencial,Plan Especial,Valparaíso,LOS ANDES,LOS ANDES,SEDE LOS ANDES,30,0
2023,46,2023|I46S11C534J3V3,Semipresencial,Semipresencial,Plan Especial,Valparaíso,LOS ANDES,LOS ANDES,SEDE LOS ANDES,5,0
2023,46,2023|I46S11C59J3V1,Semipresencial,Semipresencial,Plan Regular de Continuidad,Valparaíso,LOS ANDES,LOS ANDES,SEDE LOS ANDES,11,0
2023,46,2023|I46S11C632J3V2,Semipresencial,Semipresencial,Plan Especial,Valparaíso,LOS ANDES,LOS ANDES,SEDE LOS ANDES,22,0
2023,46,2023|I46S11C661J3V2,Semipresencial,Semipresencial,Plan Especial,Valparaíso,LOS ANDES,LOS ANDES,SEDE LOS ANDES,11,11
2023,46,2023|I46S12C195J3V2,Semipresencial,Semipresencial,Plan Especial,Lib. Gral. B. O'Higgins,CACHAPOAL,MACHALI,SEDE MACHALI,29,1
2023,46,2023|I46S12C639J3V2,Semipresencial,Semipresencial,Plan Regular de Continuidad,Lib. Gral. B. O'Higgins,CACHAPOAL,MACHALI,SEDE MACHALI,20,0
2023,46,2023|I46S17C629J3V2,Semipresencial,Semipresencial,Plan Especial,Los Lagos,CHILOE,ANCUD,SEDE ANCUD,15,0
2023,46,2023|I46S17C630J3V2,Semipresencial,Semipresencial,Plan Especial,Los Lagos,CHILOE,ANCUD,SEDE ANCUD,1,0
2023,46,2023|I46S19C108J3V3,Semipresencial,Semipresencial,Plan Regular de Continuidad,Valparaíso,SAN FELIPE DE ACONCAGUA,SAN FELIPE,SEDE SAN FELIPE,44,0
2023,46,2023|I46S19C215J3V3,Semipresencial,Semipresencial,Plan Especial,Valparaíso,SAN FELIPE DE ACONCAGUA,SAN FELIPE,SEDE SAN FELIPE,19,14
2023,46,2023|I46S19C59J3V2,Semipresencial,Semipresencial,Plan Regular de Continuidad,Valparaíso,SAN FELIPE DE ACONCAGUA,SAN FELIPE,SEDE SAN FELIPE,9,0
2023,46,2023|I46S5C129J4V1,No Presencial,A Distancia,Plan Regular,Metropolitana,SANTIAGO,SANTIAGO,SEDE SANTIAGO,23,0
2023,46,2023|I46S5C132J4V2,No Presencial,A Distancia,Plan Regular de Continuidad,Metropolitana,SANTIAGO,SANTIAGO,SEDE SANTIAGO,27,0
2023,46,2023|I46S5C144J4V1,No Presencial,A Distancia,Plan Regular,Metropolitana,SANTIAGO,SANTIAGO,SEDE SANTIAGO,23,0
2023,46,2023|I46S5C181J4V2,No Presencial,A Distancia,Plan Regular de Continuidad,Metropolitana,SANTIAGO,SANTIAGO,SEDE SANTIAGO,7,0
2023,46,2023|I46S5C194J4V2,No Presencial,A Distancia,Plan Regular de Continuidad,Metropolitana,SANTIAGO,SANTIAGO,SEDE SANTIAGO,5,0
2023,46,2023|I46S5C512J4V1,No Presencial,A Distancia,Plan Regular de Continuidad,Metropolitana,SANTIAGO,SANTIAGO,SEDE SANTIAGO,23,0
2023,46,2023|I46S5C529J4V1,No Presencial,A Distancia,Plan Regular,Metropolitana,SANTIAGO,SANTIAGO,SEDE SANTIAGO,3,0
2023,46,2023|I46S5C539J4V2,No Presencial,A Distancia,Plan Regular,Metropolitana,SANTIAGO,SANTIAGO,SEDE SANTIAGO,4,0
2023,46,2023|I46S5C59J4V2,No Presencial,A Distancia,Plan Regular de Continuidad,Metropolitana,SANTIAGO,SANTIAGO,SEDE SANTIAGO,39,0
2023,46,2023|I46S5C59J4V3,No Presencial,A Distancia,Plan Regular de Continuidad,Metropolitana,SANTIAGO,SANTIAGO,SEDE SANTIAGO,9,0
2023,46,2023|I46S5C613J4V2,No Presencial,A Distancia,Plan Regular de Continuidad,Metropolitana,SANTIAGO,SANTIAGO,SEDE SANTIAGO,10,0
2023,46,2023|I46S5C614J4V1,No Presencial,A Distancia,Plan Regular de Continuidad,Metropolitana,SANTIAGO,SANTIAGO,SEDE SANTIAGO,143,0
2023,46,2023|I46S5C615J4V1,No Presencial,A Distancia,Plan Regular de Continuidad,Metropolitana,SANTIAGO,SANTIAGO,SEDE SANTIAGO,265,0
2023,46,2023|I46S5C616J4V1,No Presencial,A Distancia,Plan Regular de Continuidad,Metropolitana,SANTIAGO,SANTIAGO,SEDE SANTIAGO,173,0
2023,46,2023|I46S5C617J4V1,No Presencial,A Distancia,Plan Regular de Continuidad,Metropolitana,SANTIAGO,SANTIAGO,SEDE SANTIAGO,256,0
2023,46,2023|I46S5C618J4V1,No Presencial,A Distancia,Plan Regular de Continuidad,Metropolitana,SANTIAGO,SANTIAGO,SEDE SANTIAGO,272,0
2023,46,2023|I46S5C619J4V1,No Presencial,A Distancia,Plan Regular de Continuidad,Metropolitana,SANTIAGO,SANTIAGO,SEDE SANTIAGO,68,0
2023,46,2023|I46S5C620J4V1,No Presencial,A Distancia,Plan Regular de Continuidad,Metropolitana,SANTIAGO,SANTIAGO,SEDE SANTIAGO,53,0
2023,46,2023|I46S5C621J4V1,No Presencial,A Distancia,Plan Regular de Continuidad,Metropolitana,SANTIAGO,SANTIAGO,SEDE SANTIAGO,9,0
2023,46,2023|I46S5C622J4V1,No Presencial,A Distancia,Plan Regular de Continuidad,Metropolitana,SANTIAGO,SANTIAGO,SEDE SANTIAGO,167,0
2023,46,2023|I46S5C623J4V1,No Presencial,A Distancia,Plan Regular de Continuidad,Metropolitana,SANTIAGO,SANTIAGO,SEDE SANTIAGO,242,0
2023,46,2023|I46S5C624J4V1,No Presencial,A Distancia,Plan Regular de Continuidad,Metropolitana,SANTIAGO,SANTIAGO,SEDE SANTIAGO,27,0
2023,46,2023|I46S5C625J4V1,No Presencial,A Distancia,Plan Regular de Continuidad,Metropolitana,SANTIAGO,SANTIAGO,SEDE SANTIAGO,12,0
2023,46,2023|I46S5C646J4V2,No Presencial,A Distancia,Plan Regular de Continuidad,Metropolitana,SANTIAGO,SANTIAGO,SEDE SANTIAGO,13,0
2023,46,2023|I46S9C104J3V1,Semipresencial,Semipresencial,Plan Regular de Continuidad,Antofagasta,EL LOA,CALAMA,SEDE CALAMA,61,0
2023,46,2023|I46S9C168J3V1,Semipresencial,Semipresencial,Plan Regular de Continuidad,Antofagasta,EL LOA,CALAMA,SEDE CALAMA,75,0
2023,46,2023|I46S9C174J3V1,Semipresencial,Semipresencial,Plan Especial,Antofagasta,EL LOA,CALAMA,SEDE CALAMA,18,0
2023,46,2023|I46S9C188J3V2,Semipresencial,Semipresencial,Plan Regular de Continuidad,Antofagasta,EL LOA,CALAMA,SEDE CALAMA,71,0
2023,46,2023|I46S9C194J3V1,Semipresencial,Semipresencial,Plan Regular,Antofagasta,EL LOA,CALAMA,SEDE CALAMA,35,17
2023,46,2023|I46S9C59J3V1,Semipresencial,Semipresencial,Plan Regular de Continuidad,Antofagasta,EL LOA,CALAMA,SEDE CALAMA,9,0
2023,46,2023|I46S9C632J3V2,Semipresencial,Semipresencial,Plan Especial,Antofagasta,EL LOA,CALAMA,SEDE CALAMA,14,1
2023,50,2023|I50S1C349J4V1,No Presencial,A Distancia,Plan Especial,Metropolitana,SANTIAGO,SANTIAGO,CASA CENTRAL (SANTIAGO),9,0
2023,50,2023|I50S1C349J4V2,No Presencial,A Distancia,Plan Especial,Metropolitana,SANTIAGO,SANTIAGO,CASA CENTRAL (SANTIAGO),19,0
2023,50,2023|I50S1C350J4V1,No Presencial,A Distancia,Plan Regular de Continuidad,Metropolitana,SANTIAGO,SANTIAGO,CASA CENTRAL (SANTIAGO),103,0
2023,50,2023|I50S2C311J4V1,No Presencial,A Distancia,Plan Especial,Metropolitana,SANTIAGO,SANTIAGO,CAMPUS RONDIZZONI,98,35
2023,50,2023|I50S2C324J4V1,No Presencial,A Distancia,Plan Especial,Metropolitana,SANTIAGO,SANTIAGO,CAMPUS RONDIZZONI,404,125
2023,68,2023|I68S1C121J4V1,No Presencial,A Distancia,Plan Especial,Metropolitana,SANTIAGO,SANTIAGO,CASA CENTRAL (SANTIAGO),29,29
2023,68,2023|I68S1C132J4V2,No Presencial,A Distancia,Plan Especial,Metropolitana,SANTIAGO,SANTIAGO,CASA CENTRAL (SANTIAGO),41,38
2023,71,2023|I71S1C120J4V1,No Presencial,A Distancia,Plan Especial,Metropolitana,SANTIAGO,ESTACION CENTRAL,CASA CENTRAL (SANTIAGO),208,89
2023,71,2023|I71S1C127J4V1,No Presencial,A Distancia,Plan Especial,Metropolitana,SANTIAGO,ESTACION CENTRAL,CASA CENTRAL (SANTIAGO),57,24
2023,78,2023|I78S3C378J3V1,Semipresencial,Semipresencial,Plan Regular de Continuidad,Maule,CURICO,CURICO,CAMPUS CURICO,52,0
2023,91,2023|I91S1C519J3V1,Semipresencial,Semipresencial,Plan Especial,Antofagasta,ANTOFAGASTA,ANTOFAGASTA,CASA CENTRAL,29,29
2023,91,2023|I91S1C520J4V1,No Presencial,A Distancia,Plan Especial,Antofagasta,ANTOFAGASTA,ANTOFAGASTA,CASA CENTRAL,9,9
2023,91,2023|I91S1C521J4V1,No Presencial,A Distancia,Plan Especial,Antofagasta,ANTOFAGASTA,ANTOFAGASTA,CASA CENTRAL,16,16
2023,91,2023|I91S1C522J4V1,No Presencial,A Distancia,Plan Especial,Antofagasta,ANTOFAGASTA,ANTOFAGASTA,CASA CENTRAL,7,7
2023,93,2023|I93S1C9J3V2,Semipresencial,Semipresencial,Plan Especial,Biobío,CONCEPCION,CONCEPCION,CASA CENTRAL (CONCEPCION),18,8
2023,106,2023|I106S3C287J4V1,No Presencial,A Distancia,Plan Regular,Metropolitana,SANTIAGO,MACUL,CASA CENTRAL (SANTIAGO VICUÑA MACKENNA 3030),12,0
2023,106,2023|I106S5C263J4V1,No Presencial,A Distancia,Plan Regular,Biobío,CONCEPCION,CONCEPCION,SEDE CONCEPCION,42,0
2023,106,2023|I106S6C10J4V1,No Presencial,A Distancia,Plan Regular,Metropolitana,SANTIAGO,PROVIDENCIA,SEDE VICUÑA MACKENNA (SANTIAGO VICUÑA MACKENNA 380),75,0
2023,106,2023|I106S6C10J4V2,No Presencial,A Distancia,Plan Especial,Metropolitana,SANTIAGO,PROVIDENCIA,SEDE VICUÑA MACKENNA (SANTIAGO VICUÑA MACKENNA 380),64,41
2023,106,2023|I106S6C10J4V3,No Presencial,A Distancia,Plan Regular,Metropolitana,SANTIAGO,PROVIDENCIA,SEDE VICUÑA MACKENNA (SANTIAGO VICUÑA MACKENNA 380),359,187
2023,106,2023|I106S6C15J4V1,No Presencial,A Distancia,Plan Regular,Metropolitana,SANTIAGO,PROVIDENCIA,SEDE VICUÑA MACKENNA (SANTIAGO VICUÑA MACKENNA 380),12,11
2023,106,2023|I106S6C20J4V1,No Presencial,A Distancia,Plan Regular,Metropolitana,SANTIAGO,PROVIDENCIA,SEDE VICUÑA MACKENNA (SANTIAGO VICUÑA MACKENNA 380),870,328
2023,106,2023|I106S6C20J4V2,No Presencial,A Distancia,Plan Especial,Metropolitana,SANTIAGO,PROVIDENCIA,SEDE VICUÑA MACKENNA (SANTIAGO VICUÑA MACKENNA 380),215,134
2023,106,2023|I106S6C231J4V1,No Presencial,A Distancia,Plan Regular,Metropolitana,SANTIAGO,PROVIDENCIA,SEDE VICUÑA MACKENNA (SANTIAGO VICUÑA MACKENNA 380),191,116
2023,106,2023|I106S6C250J4V1,No Presencial,A Distancia,Plan Regular,Metropolitana,SANTIAGO,PROVIDENCIA,SEDE VICUÑA MACKENNA (SANTIAGO VICUÑA MACKENNA 380),538,273
2023,106,2023|I106S6C262J4V1,No Presencial,A Distancia,Plan Regular,Metropolitana,SANTIAGO,PROVIDENCIA,SEDE VICUÑA MACKENNA (SANTIAGO VICUÑA MACKENNA 380),739,349
2023,106,2023|I106S6C263J4V2,No Presencial,A Distancia,Plan Regular,Metropolitana,SANTIAGO,PROVIDENCIA,SEDE VICUÑA MACKENNA (SANTIAGO VICUÑA MACKENNA 380),146,68
2023,106,2023|I106S6C263J4V3,No Presencial,A Distancia,Plan Especial,Metropolitana,SANTIAGO,PROVIDENCIA,SEDE VICUÑA MACKENNA (SANTIAGO VICUÑA MACKENNA 380),35,19
2023,106,2023|I106S6C265J4V1,No Presencial,A Distancia,Plan Regular,Metropolitana,SANTIAGO,PROVIDENCIA,SEDE VICUÑA MACKENNA (SANTIAGO VICUÑA MACKENNA 380),101,55
2023,106,2023|I106S6C266J4V1,No Presencial,A Distancia,Plan Regular,Metropolitana,SANTIAGO,PROVIDENCIA,SEDE VICUÑA MACKENNA (SANTIAGO VICUÑA MACKENNA 380),711,409
2023,106,2023|I106S6C268J4V1,No Presencial,A Distancia,Plan Regular,Metropolitana,SANTIAGO,PROVIDENCIA,SEDE VICUÑA MACKENNA (SANTIAGO VICUÑA MACKENNA 380),153,85
2023,106,2023|I106S6C269J4V1,No Presencial,A Distancia,Plan Regular,Metropolitana,SANTIAGO,PROVIDENCIA,SEDE VICUÑA MACKENNA (SANTIAGO VICUÑA MACKENNA 380),403,207
2023,106,2023|I106S6C284J4V1,No Presencial,A Distancia,Plan Regular,Metropolitana,SANTIAGO,PROVIDENCIA,SEDE VICUÑA MACKENNA (SANTIAGO VICUÑA MACKENNA 380),240,157
2023,106,2023|I106S6C286J4V1,No Presencial,A Distancia,Plan Regular,Metropolitana,SANTIAGO,PROVIDENCIA,SEDE VICUÑA MACKENNA (SANTIAGO VICUÑA MACKENNA 380),359,208
2023,106,2023|I106S6C287J4V2,No Presencial,A Distancia,Plan Regular,Metropolitana,SANTIAGO,PROVIDENCIA,SEDE VICUÑA MACKENNA (SANTIAGO VICUÑA MACKENNA 380),414,162
2023,106,2023|I106S6C287J4V3,No Presencial,A Distancia,Plan Especial,Metropolitana,SANTIAGO,PROVIDENCIA,SEDE VICUÑA MACKENNA (SANTIAGO VICUÑA MACKENNA 380),82,45
2023,106,2023|I106S6C292J4V1,No Presencial,A Distancia,Plan Regular,Metropolitana,SANTIAGO,PROVIDENCIA,SEDE VICUÑA MACKENNA (SANTIAGO VICUÑA MACKENNA 380),55,28
2023,106,2023|I106S6C293J4V1,No Presencial,A Distancia,Plan Regular,Metropolitana,SANTIAGO,PROVIDENCIA,SEDE VICUÑA MACKENNA (SANTIAGO VICUÑA MACKENNA 380),141,72
2023,106,2023|I106S6C294J4V1,No Presencial,A Distancia,Plan Regular,Metropolitana,SANTIAGO,PROVIDENCIA,SEDE VICUÑA MACKENNA (SANTIAGO VICUÑA MACKENNA 380),1328,774
2023,106,2023|I106S6C295J4V1,No Presencial,A Distancia,Plan Regular,Metropolitana,SANTIAGO,PROVIDENCIA,SEDE VICUÑA MACKENNA (SANTIAGO VICUÑA MACKENNA 380),263,130
2023,106,2023|I106S6C296J4V1,No Presencial,A Distancia,Plan Regular,Metropolitana,SANTIAGO,PROVIDENCIA,SEDE VICUÑA MACKENNA (SANTIAGO VICUÑA MACKENNA 380),452,274
2023,106,2023|I106S6C297J4V1,No Presencial,A Distancia,Plan Regular,Metropolitana,SANTIAGO,PROVIDENCIA,SEDE VICUÑA MACKENNA (SANTIAGO VICUÑA MACKENNA 380),734,340
2023,106,2023|I106S6C297J4V2,No Presencial,A Distancia,Plan Especial,Metropolitana,SANTIAGO,PROVIDENCIA,SEDE VICUÑA MACKENNA (SANTIAGO VICUÑA MACKENNA 380),27,18
2023,106,2023|I106S6C303J4V1,No Presencial,A Distancia,Plan Regular,Metropolitana,SANTIAGO,PROVIDENCIA,SEDE VICUÑA MACKENNA (SANTIAGO VICUÑA MACKENNA 380),382,200
2023,106,2023|I106S6C304J4V2,No Presencial,A Distancia,Plan Especial,Metropolitana,SANTIAGO,PROVIDENCIA,SEDE VICUÑA MACKENNA (SANTIAGO VICUÑA MACKENNA 380),66,36
2023,106,2023|I106S6C305J4V2,No Presencial,A Distancia,Plan Especial,Metropolitana,SANTIAGO,PROVIDENCIA,SEDE VICUÑA MACKENNA (SANTIAGO VICUÑA MACKENNA 380),25,15
2023,106,2023|I106S6C306J4V2,No Presencial,A Distancia,Plan Especial,Metropolitana,SANTIAGO,PROVIDENCIA,SEDE VICUÑA MACKENNA (SANTIAGO VICUÑA MACKENNA 380),135,69
2023,106,2023|I106S6C307J4V1,No Presencial,A Distancia,Plan Regular,Metropolitana,SANTIAGO,PROVIDENCIA,SEDE VICUÑA MACKENNA (SANTIAGO VICUÑA MACKENNA 380),156,104
2023,106,2023|I106S6C309J4V1,No Presencial,A Distancia,Plan Regular,Metropolitana,SANTIAGO,PROVIDENCIA,SEDE VICUÑA MACKENNA (SANTIAGO VICUÑA MACKENNA 380),160,92
2023,106,2023|I106S6C310J4V1,No Presencial,A Distancia,Plan Regular,Metropolitana,SANTIAGO,PROVIDENCIA,SEDE VICUÑA MACKENNA (SANTIAGO VICUÑA MACKENNA 380),399,226
2023,106,2023|I106S6C317J4V1,No Presencial,A Distancia,Plan Regular,Metropolitana,SANTIAGO,PROVIDENCIA,SEDE VICUÑA MACKENNA (SANTIAGO VICUÑA MACKENNA 380),49,29
2023,106,2023|I106S6C318J4V1,No Presencial,A Distancia,Plan Regular,Metropolitana,SANTIAGO,PROVIDENCIA,SEDE VICUÑA MACKENNA (SANTIAGO VICUÑA MACKENNA 380),276,206
2023,106,2023|I106S6C328J4V1,No Presencial,A Distancia,Plan Regular,Metropolitana,SANTIAGO,PROVIDENCIA,SEDE VICUÑA MACKENNA (SANTIAGO VICUÑA MACKENNA 380),34,13
2023,106,2023|I106S6C329J4V1,No Presencial,A Distancia,Plan Regular,Metropolitana,SANTIAGO,PROVIDENCIA,SEDE VICUÑA MACKENNA (SANTIAGO VICUÑA MACKENNA 380),21,7
2023,106,2023|I106S6C330J4V1,No Presencial,A Distancia,Plan Regular,Metropolitana,SANTIAGO,PROVIDENCIA,SEDE VICUÑA MACKENNA (SANTIAGO VICUÑA MACKENNA 380),196,131
2023,106,2023|I106S6C331J4V1,No Presencial,A Distancia,Plan Regular,Metropolitana,SANTIAGO,PROVIDENCIA,SEDE VICUÑA MACKENNA (SANTIAGO VICUÑA MACKENNA 380),15,14
2023,106,2023|I106S6C335J4V1,No Presencial,A Distancia,Plan Regular,Metropolitana,SANTIAGO,PROVIDENCIA,SEDE VICUÑA MACKENNA (SANTIAGO VICUÑA MACKENNA 380),80,67
2023,106,2023|I106S6C340J4V1,No Presencial,A Distancia,Plan Regular,Metropolitana,SANTIAGO,PROVIDENCIA,SEDE VICUÑA MACKENNA (SANTIAGO VICUÑA MACKENNA 380),5,5
2023,106,2023|I106S6C341J4V1,No Presencial,A Distancia,Plan Regular,Metropolitana,SANTIAGO,PROVIDENCIA,SEDE VICUÑA MACKENNA (SANTIAGO VICUÑA MACKENNA 380),13,12
2023,106,2023|I106S6C342J4V1,No Presencial,A Distancia,Plan Regular,Metropolitana,SANTIAGO,PROVIDENCIA,SEDE VICUÑA MACKENNA (SANTIAGO VICUÑA MACKENNA 380),22,20
2023,106,2023|I106S6C343J4V1,No Presencial,A Distancia,Plan Regular,Metropolitana,SANTIAGO,PROVIDENCIA,SEDE VICUÑA MACKENNA (SANTIAGO VICUÑA MACKENNA 380),32,32
2023,106,2023|I106S6C64J4V1,No Presencial,A Distancia,Plan Regular,Metropolitana,SANTIAGO,PROVIDENCIA,SEDE VICUÑA MACKENNA (SANTIAGO VICUÑA MACKENNA 380),492,290
2023,106,2023|I106S6C67J4V1,No Presencial,A Distancia,Plan Regular,Metropolitana,SANTIAGO,PROVIDENCIA,SEDE VICUÑA MACKENNA (SANTIAGO VICUÑA MACKENNA 380),1075,585
2023,106,2023|I106S6C6J4V1,No Presencial,A Distancia,Plan Regular,Metropolitana,SANTIAGO,PROVIDENCIA,SEDE VICUÑA MACKENNA (SANTIAGO VICUÑA MACKENNA 380),484,234
2023,108,2023|I108S1C31J4V1,No Presencial,A Distancia,Plan Regular,Metropolitana,SANTIAGO,SANTIAGO,CASA CENTRAL (SANTIAGO),33,28
2023,108,2023|I108S1C35J4V1,No Presencial,A Distancia,Plan Regular,Metropolitana,SANTIAGO,SANTIAGO,CASA CENTRAL (SANTIAGO),41,41
2023,111,2023|I111S10C204J2V1,Semipresencial,Vespertina,Plan Regular,Metropolitana,SANTIAGO,CERRILLOS,SEDE PLAZA OESTE,20,5
2023,111,2023|I111S10C281J2V1,Semipresencial,Vespertina,Plan Regular,Metropolitana,SANTIAGO,CERRILLOS,SEDE PLAZA OESTE,1,0
2023,111,2023|I111S10C309J2V1,Semipresencial,Vespertina,Plan Regular,Metropolitana,SANTIAGO,CERRILLOS,SEDE PLAZA OESTE,31,2
2023,111,2023|I111S10C441J2V1,Semipresencial,Vespertina,Plan Regular,Metropolitana,SANTIAGO,CERRILLOS,SEDE PLAZA OESTE,5,0
2023,111,2023|I111S12C259J2V1,Semipresencial,Vespertina,Plan Regular,Metropolitana,CORDILLERA,PUENTE ALTO,SEDE PUENTE ALTO,1,0
2023,111,2023|I111S12C281J2V1,Semipresencial,Vespertina,Plan Regular,Metropolitana,CORDILLERA,PUENTE ALTO,SEDE PUENTE ALTO,1,0
2023,111,2023|I111S12C285J2V1,Semipresencial,Vespertina,Plan Regular,Metropolitana,CORDILLERA,PUENTE ALTO,SEDE PUENTE ALTO,2,0
2023,111,2023|I111S15C139J2V1,Semipresencial,Vespertina,Plan Regular,Metropolitana,SANTIAGO,MAIPU,SEDE MAIPU,14,0
2023,111,2023|I111S15C141J2V1,Semipresencial,Vespertina,Plan Regular,Metropolitana,SANTIAGO,MAIPU,SEDE MAIPU,6,0
2023,111,2023|I111S15C145J2V1,Semipresencial,Vespertina,Plan Regular,Metropolitana,SANTIAGO,MAIPU,SEDE MAIPU,42,3
2023,111,2023|I111S15C281J2V1,Semipresencial,Vespertina,Plan Regular,Metropolitana,SANTIAGO,MAIPU,SEDE MAIPU,2,0
2023,111,2023|I111S15C309J2V1,Semipresencial,Vespertina,Plan Regular,Metropolitana,SANTIAGO,MAIPU,SEDE MAIPU,46,0
2023,111,2023|I111S15C484J3V1,Semipresencial,Semipresencial,Plan Regular,Metropolitana,SANTIAGO,MAIPU,SEDE MAIPU,12,2
2023,111,2023|I111S15C490J3V1,Semipresencial,Semipresencial,Plan Regular,Metropolitana,SANTIAGO,MAIPU,SEDE MAIPU,15,0
2023,111,2023|I111S15C6J2V2,Semipresencial,Vespertina,Plan Regular,Metropolitana,SANTIAGO,MAIPU,SEDE MAIPU,1,0
2023,111,2023|I111S16C415J2V1,Semipresencial,Vespertina,Plan Regular,Metropolitana,SANTIAGO,SAN JOAQUIN,SEDE SAN JOAQUIN,1,0
2023,111,2023|I111S16C48J2V2,Semipresencial,Vespertina,Plan Regular,Metropolitana,SANTIAGO,SAN JOAQUIN,SEDE SAN JOAQUIN,1,0
2023,111,2023|I111S20C139J2V1,Semipresencial,Vespertina,Plan Regular,Metropolitana,MAIPO,SAN BERNARDO,SEDE SAN BERNARDO,1,0
2023,111,2023|I111S20C259J2V1,Semipresencial,Vespertina,Plan Regular,Metropolitana,MAIPO,SAN BERNARDO,SEDE SAN BERNARDO,1,0
2023,111,2023|I111S20C278J2V1,Semipresencial,Vespertina,Plan Regular,Metropolitana,MAIPO,SAN BERNARDO,SEDE SAN BERNARDO,1,0
2023,111,2023|I111S20C281J2V1,Semipresencial,Vespertina,Plan Regular,Metropolitana,MAIPO,SAN BERNARDO,SEDE SAN BERNARDO,1,0
2023,111,2023|I111S20C309J2V1,Semipresencial,Vespertina,Plan Regular,Metropolitana,MAIPO,SAN BERNARDO,SEDE SAN BERNARDO,34,0
2023,111,2023|I111S21C259J2V1,Semipresencial,Vespertina,Plan Regular,Metropolitana,SANTIAGO,HUECHURABA,SEDE PLAZA NORTE,1,0
2023,111,2023|I111S21C281J2V1,Semipresencial,Vespertina,Plan Regular,Metropolitana,SANTIAGO,HUECHURABA,SEDE PLAZA NORTE,1,0
2023,111,2023|I111S21C309J2V1,Semipresencial,Vespertina,Plan Regular,Metropolitana,SANTIAGO,HUECHURABA,SEDE PLAZA NORTE,48,2
2023,111,2023|I111S21C441J2V1,Semipresencial,Vespertina,Plan Regular,Metropolitana,SANTIAGO,HUECHURABA,SEDE PLAZA NORTE,2,0
2023,111,2023|I111S22C204J2V1,Semipresencial,Vespertina,Plan Regular,Metropolitana,SANTIAGO,SANTIAGO,SEDE PADRE ALONSO DE OVALLE,41,6
2023,111,2023|I111S22C259J2V1,Semipresencial,Vespertina,Plan Regular,Metropolitana,SANTIAGO,SANTIAGO,SEDE PADRE ALONSO DE OVALLE,3,0
2023,111,2023|I111S22C309J2V1,Semipresencial,Vespertina,Plan Regular,Metropolitana,SANTIAGO,SANTIAGO,SEDE PADRE ALONSO DE OVALLE,40,0
2023,111,2023|I111S22C37J2V1,Semipresencial,Vespertina,Plan Regular,Metropolitana,SANTIAGO,SANTIAGO,SEDE PADRE ALONSO DE OVALLE,1,0
2023,111,2023|I111S22C490J3V1,Semipresencial,Semipresencial,Plan Regular,Metropolitana,SANTIAGO,SANTIAGO,SEDE PADRE ALONSO DE OVALLE,26,9
2023,111,2023|I111S27C23J4V1,No Presencial,A Distancia,Plan Regular,Metropolitana,SANTIAGO,PROVIDENCIA,CASA CENTRAL,277,145
2023,111,2023|I111S27C477J4V2,No Presencial,A Distancia,Plan Regular,Metropolitana,SANTIAGO,PROVIDENCIA,CASA CENTRAL,30,26
2023,111,2023|I111S27C513J4V2,No Presencial,A Distancia,Plan Regular,Metropolitana,SANTIAGO,PROVIDENCIA,CASA CENTRAL,79,64
2023,111,2023|I111S3C278J2V1,Semipresencial,Vespertina,Plan Regular,Biobío,CONCEPCION,CONCEPCION,SEDE CONCEPCION,1,0
2023,111,2023|I111S3C285J2V1,Semipresencial,Vespertina,Plan Regular,Biobío,CONCEPCION,CONCEPCION,SEDE CONCEPCION,1,0
2023,111,2023|I111S3C492J3V1,Semipresencial,Semipresencial,Plan Regular,Biobío,CONCEPCION,CONCEPCION,SEDE CONCEPCION,7,0
2023,111,2023|I111S4C278J2V1,Semipresencial,Vespertina,Plan Regular,Valparaíso,VALPARAISO,VIÑA DEL MAR,SEDE VIÑA DEL MAR,1,0
2023,111,2023|I111S4C285J2V1,Semipresencial,Vespertina,Plan Regular,Valparaíso,VALPARAISO,VIÑA DEL MAR,SEDE VIÑA DEL MAR,1,0
2023,111,2023|I111S5C139J2V1,Semipresencial,Vespertina,Plan Regular,Metropolitana,SANTIAGO,PROVIDENCIA,SEDE ANTONIO VARAS,5,0
2023,111,2023|I111S5C141J2V1,Semipresencial,Vespertina,Plan Regular,Metropolitana,SANTIAGO,PROVIDENCIA,SEDE ANTONIO VARAS,19,0
2023,111,2023|I111S5C281J2V1,Semipresencial,Vespertina,Plan Regular,Metropolitana,SANTIAGO,PROVIDENCIA,SEDE ANTONIO VARAS,19,4
2023,111,2023|I111S5C285J2V1,Semipresencial,Vespertina,Plan Regular,Metropolitana,SANTIAGO,PROVIDENCIA,SEDE ANTONIO VARAS,1,0
2023,111,2023|I111S5C455J2V1,Semipresencial,Vespertina,Plan Regular,Metropolitana,SANTIAGO,PROVIDENCIA,SEDE ANTONIO VARAS,21,0
2023,111,2023|I111S5C48J2V2,Semipresencial,Vespertina,Plan Regular,Metropolitana,SANTIAGO,PROVIDENCIA,SEDE ANTONIO VARAS,12,0
2023,111,2023|I111S5C492J3V1,Semipresencial,Semipresencial,Plan Regular,Metropolitana,SANTIAGO,PROVIDENCIA,SEDE ANTONIO VARAS,32,1
2023,111,2023|I111S5C50J2V2,Semipresencial,Vespertina,Plan Regular,Metropolitana,SANTIAGO,PROVIDENCIA,SEDE ANTONIO VARAS,3,0
2023,111,2023|I111S5C6J2V2,Semipresencial,Vespertina,Plan Regular,Metropolitana,SANTIAGO,PROVIDENCIA,SEDE ANTONIO VARAS,5,0
2023,111,2023|I111S6C484J3V1,Semipresencial,Semipresencial,Plan Regular,Metropolitana,SANTIAGO,LAS CONDES,SEDE SAN CARLOS DE APOQUINDO,36,18
2023,111,2023|I111S6C486J3V3,Semipresencial,Semipresencial,Plan Regular,Metropolitana,SANTIAGO,LAS CONDES,SEDE SAN CARLOS DE APOQUINDO,36,2
2023,111,2023|I111S6C52J1V2,Semipresencial,Diurna,Plan Regular,Metropolitana,SANTIAGO,LAS CONDES,SEDE SAN CARLOS DE APOQUINDO,15,0
2023,111,2023|I111S7C37J2V1,Semipresencial,Vespertina,Plan Regular,Metropolitana,SANTIAGO,SANTIAGO,SEDE ALAMEDA,1,0
2023,111,2023|I111S9C139J2V1,Semipresencial,Vespertina,Plan Regular,Metropolitana,SANTIAGO,LA FLORIDA,SEDE PLAZA VESPUCIO,10,0
2023,111,2023|I111S9C141J2V1,Semipresencial,Vespertina,Plan Regular,Metropolitana,SANTIAGO,LA FLORIDA,SEDE PLAZA VESPUCIO,8,0
2023,111,2023|I111S9C204J2V1,Semipresencial,Vespertina,Plan Regular,Metropolitana,SANTIAGO,LA FLORIDA,SEDE PLAZA VESPUCIO,36,15
2023,111,2023|I111S9C259J2V1,Semipresencial,Vespertina,Plan Regular,Metropolitana,SANTIAGO,LA FLORIDA,SEDE PLAZA VESPUCIO,2,0
2023,111,2023|I111S9C285J2V1,Semipresencial,Vespertina,Plan Regular,Metropolitana,SANTIAGO,LA FLORIDA,SEDE PLAZA VESPUCIO,2,0
2023,111,2023|I111S9C410J2V1,Semipresencial,Vespertina,Plan Regular,Metropolitana,SANTIAGO,LA FLORIDA,SEDE PLAZA VESPUCIO,37,1
2023,111,2023|I111S9C422J2V2,Semipresencial,Vespertina,Plan Regular,Metropolitana,SANTIAGO,LA FLORIDA,SEDE PLAZA VESPUCIO,1,0
2023,111,2023|I111S9C441J2V1,Semipresencial,Vespertina,Plan Regular,Metropolitana,SANTIAGO,LA FLORIDA,SEDE PLAZA VESPUCIO,22,0
2023,111,2023|I111S9C455J2V1,Semipresencial,Vespertina,Plan Regular,Metropolitana,SANTIAGO,LA FLORIDA,SEDE PLAZA VESPUCIO,3,0
2023,111,2023|I111S9C484J3V1,Semipresencial,Semipresencial,Plan Regular,Metropolitana,SANTIAGO,LA FLORIDA,SEDE PLAZA VESPUCIO,43,2
2023,111,2023|I111S9C490J3V1,Semipresencial,Semipresencial,Plan Regular,Metropolitana,SANTIAGO,LA FLORIDA,SEDE PLAZA VESPUCIO,47,13
2023,111,2023|I111S9C492J3V1,Semipresencial,Semipresencial,Plan Regular,Metropolitana,SANTIAGO,LA FLORIDA,SEDE PLAZA VESPUCIO,21,0
2023,113,2023|I113S7C178J4V1,No Presencial,A Distancia,Plan Regular,Metropolitana,SANTIAGO,PROVIDENCIA,SEDE PROVIDENCIA,30,30
2023,113,2023|I113S7C193J3V2,Semipresencial,Semipresencial,Plan Regular de Continuidad,Metropolitana,SANTIAGO,PROVIDENCIA,SEDE PROVIDENCIA,7,0
2023,113,2023|I113S7C259J4V1,No Presencial,A Distancia,Plan Regular,Metropolitana,SANTIAGO,PROVIDENCIA,SEDE PROVIDENCIA,21,13
2023,113,2023|I113S7C330J4V2,No Presencial,A Distancia,Plan Regular,Metropolitana,SANTIAGO,PROVIDENCIA,SEDE PROVIDENCIA,14,14
2023,113,2023|I113S7C392J4V3,No Presencial,A Distancia,Plan Regular,Metropolitana,SANTIAGO,PROVIDENCIA,SEDE PROVIDENCIA,31,14
2023,113,2023|I113S7C430J4V1,No Presencial,A Distancia,Plan Regular de Continuidad,Metropolitana,SANTIAGO,PROVIDENCIA,SEDE PROVIDENCIA,20,0
2023,113,2023|I113S7C433J4V1,No Presencial,A Distancia,Plan Regular de Continuidad,Metropolitana,SANTIAGO,PROVIDENCIA,SEDE PROVIDENCIA,578,0
2023,113,2023|I113S7C433J4V3,No Presencial,A Distancia,Plan Regular,Metropolitana,SANTIAGO,PROVIDENCIA,SEDE PROVIDENCIA,31,31
2023,113,2023|I113S7C435J4V1,No Presencial,A Distancia,Plan Regular,Metropolitana,SANTIAGO,PROVIDENCIA,SEDE PROVIDENCIA,10,0
2023,113,2023|I113S7C459J4V1,No Presencial,A Distancia,Plan Regular,Metropolitana,SANTIAGO,PROVIDENCIA,SEDE PROVIDENCIA,121,56
2023,113,2023|I113S7C495J4V1,No Presencial,A Distancia,Plan Regular de Continuidad,Metropolitana,SANTIAGO,PROVIDENCIA,SEDE PROVIDENCIA,51,0
2023,113,2023|I113S7C495J4V2,No Presencial,A Distancia,Plan Regular,Metropolitana,SANTIAGO,PROVIDENCIA,SEDE PROVIDENCIA,15,14
2023,113,2023|I113S7C496J4V1,No Presencial,A Distancia,Plan Regular,Metropolitana,SANTIAGO,PROVIDENCIA,SEDE PROVIDENCIA,54,13
2023,113,2023|I113S7C505J4V1,No Presencial,A Distancia,Plan Regular,Metropolitana,SANTIAGO,PROVIDENCIA,SEDE PROVIDENCIA,74,27
2023,113,2023|I113S7C506J4V1,No Presencial,A Distancia,Plan Regular,Metropolitana,SANTIAGO,PROVIDENCIA,SEDE PROVIDENCIA,25,25
2023,113,2023|I113S7C507J4V1,No Presencial,A Distancia,Plan Regular,Metropolitana,SANTIAGO,PROVIDENCIA,SEDE PROVIDENCIA,19,0
2023,113,2023|I113S7C511J4V1,No Presencial,A Distancia,Plan Regular de Continuidad,Metropolitana,SANTIAGO,PROVIDENCIA,SEDE PROVIDENCIA,24,0
2023,113,2023|I113S7C520J4V1,No Presencial,A Distancia,Plan Regular,Metropolitana,SANTIAGO,PROVIDENCIA,SEDE PROVIDENCIA,4,0
2023,113,2023|I113S7C533J4V1,No Presencial,A Distancia,Plan Regular,Metropolitana,SANTIAGO,PROVIDENCIA,SEDE PROVIDENCIA,13,0
2023,113,2023|I113S7C540J4V1,No Presencial,A Distancia,Plan Regular,Metropolitana,SANTIAGO,PROVIDENCIA,SEDE PROVIDENCIA,28,27
2023,113,2023|I113S7C542J4V2,No Presencial,A Distancia,Plan Regular,Metropolitana,SANTIAGO,PROVIDENCIA,SEDE PROVIDENCIA,4,0
2023,113,2023|I113S7C548J4V1,No Presencial,A Distancia,Plan Regular de Continuidad,Metropolitana,SANTIAGO,PROVIDENCIA,SEDE PROVIDENCIA,9,0
2023,113,2023|I113S7C548J4V2,No Presencial,A Distancia,Plan Regular,Metropolitana,SANTIAGO,PROVIDENCIA,SEDE PROVIDENCIA,8,8
2023,113,2023|I113S7C553J4V1,No Presencial,A Distancia,Plan Regular de Continuidad,Metropolitana,SANTIAGO,PROVIDENCIA,SEDE PROVIDENCIA,44,0
2023,113,2023|I113S7C553J4V2,No Presencial,A Distancia,Plan Regular,Metropolitana,SANTIAGO,PROVIDENCIA,SEDE PROVIDENCIA,16,16
2023,113,2023|I113S7C566J4V1,No Presencial,A Distancia,Plan Regular,Metropolitana,SANTIAGO,PROVIDENCIA,SEDE PROVIDENCIA,19,19
2023,113,2023|I113S7C567J4V1,No Presencial,A Distancia,Plan Regular,Metropolitana,SANTIAGO,PROVIDENCIA,SEDE PROVIDENCIA,12,12
2023,113,2023|I113S7C568J4V1,No Presencial,A Distancia,Plan Regular,Metropolitana,SANTIAGO,PROVIDENCIA,SEDE PROVIDENCIA,9,9
2023,113,2023|I113S7C61J4V1,No Presencial,A Distancia,Plan Regular,Metropolitana,SANTIAGO,PROVIDENCIA,SEDE PROVIDENCIA,92,55
2023,113,2023|I113S7C67J4V1,No Presencial,A Distancia,Plan Regular,Metropolitana,SANTIAGO,PROVIDENCIA,SEDE PROVIDENCIA,52,30
2023,113,2023|I113S8C430J4V1,No Presencial,A Distancia,Plan Regular de Continuidad,Lib. Gral. B. O'Higgins,CACHAPOAL,RANCAGUA,SEDE RANCAGUA,2,0
2023,116,2023|I116S10C201J2V1,Semipresencial,Vespertina,Plan Regular de Continuidad,Antofagasta,ANTOFAGASTA,ANTOFAGASTA,SEDE ANTOFAGASTA,61,0
2023,116,2023|I116S31C174J2V1,Semipresencial,Vespertina,Plan Regular de Continuidad,Metropolitana,SANTIAGO,SANTIAGO,SEDE SANTIAGO,1,0
2023,116,2023|I116S31C201J2V1,Semipresencial,Vespertina,Plan Regular de Continuidad,Metropolitana,SANTIAGO,SANTIAGO,SEDE SANTIAGO,75,0
2023,116,2023|I116S40C148J4V1,No Presencial,A Distancia,Plan Regular,Metropolitana,SANTIAGO,SAN JOAQUIN,SEDE VIRTUAL IPST,17,17
2023,116,2023|I116S40C17J4V1,No Presencial,A Distancia,Plan Regular,Metropolitana,SANTIAGO,SAN JOAQUIN,SEDE VIRTUAL IPST,19,19
2023,116,2023|I116S40C196J4V1,No Presencial,A Distancia,Plan Regular,Metropolitana,SANTIAGO,SAN JOAQUIN,SEDE VIRTUAL IPST,23,23
2023,116,2023|I116S40C221J4V1,No Presencial,A Distancia,Plan Regular,Metropolitana,SANTIAGO,SAN JOAQUIN,SEDE VIRTUAL IPST,10,10
2023,116,2023|I116S40C4J4V1,No Presencial,A Distancia,Plan Regular,Metropolitana,SANTIAGO,SAN JOAQUIN,SEDE VIRTUAL IPST,14,14
2023,116,2023|I116S40C9J4V1,No Presencial,A Distancia,Plan Regular,Metropolitana,SANTIAGO,SAN JOAQUIN,SEDE VIRTUAL IPST,11,11
2023,117,2023|I117S1C101J4V1,No Presencial,A Distancia,Plan Regular,Metropolitana,SANTIAGO,PROVIDENCIA,CASA CENTRAL (SANTIAGO),614,252
2023,117,2023|I117S1C102J4V1,No Presencial,A Distancia,Plan Regular,Metropolitana,SANTIAGO,PROVIDENCIA,CASA CENTRAL (SANTIAGO),186,75
2023,117,2023|I117S1C103J4V1,No Presencial,A Distancia,Plan Regular,Metropolitana,SANTIAGO,PROVIDENCIA,CASA CENTRAL (SANTIAGO),236,72
2023,117,2023|I117S1C107J4V1,No Presencial,A Distancia,Plan Regular,Metropolitana,SANTIAGO,PROVIDENCIA,CASA CENTRAL (SANTIAGO),617,436
2023,117,2023|I117S1C107J4V2,No Presencial,A Distancia,Plan Regular de Continuidad,Metropolitana,SANTIAGO,PROVIDENCIA,CASA CENTRAL (SANTIAGO),147,0
2023,117,2023|I117S1C108J4V1,No Presencial,A Distancia,Plan Regular,Metropolitana,SANTIAGO,PROVIDENCIA,CASA CENTRAL (SANTIAGO),320,198
2023,117,2023|I117S1C108J4V2,No Presencial,A Distancia,Plan Regular de Continuidad,Metropolitana,SANTIAGO,PROVIDENCIA,CASA CENTRAL (SANTIAGO),46,0
2023,117,2023|I117S1C112J4V1,No Presencial,A Distancia,Plan Regular,Metropolitana,SANTIAGO,PROVIDENCIA,CASA CENTRAL (SANTIAGO),178,178
2023,117,2023|I117S1C114J4V1,No Presencial,A Distancia,Plan Regular,Metropolitana,SANTIAGO,PROVIDENCIA,CASA CENTRAL (SANTIAGO),17,17
2023,117,2023|I117S1C115J4V1,No Presencial,A Distancia,Plan Regular,Metropolitana,SANTIAGO,PROVIDENCIA,CASA CENTRAL (SANTIAGO),639,639
2023,117,2023|I117S1C17J4V1,No Presencial,A Distancia,Plan Regular,Metropolitana,SANTIAGO,PROVIDENCIA,CASA CENTRAL (SANTIAGO),824,293
2023,117,2023|I117S1C1J4V1,No Presencial,A Distancia,Plan Regular,Metropolitana,SANTIAGO,PROVIDENCIA,CASA CENTRAL (SANTIAGO),3435,1154
2023,117,2023|I117S1C27J4V1,No Presencial,A Distancia,Plan Regular,Metropolitana,SANTIAGO,PROVIDENCIA,CASA CENTRAL (SANTIAGO),2350,806
2023,117,2023|I117S1C29J4V1,No Presencial,A Distancia,Plan Regular,Metropolitana,SANTIAGO,PROVIDENCIA,CASA CENTRAL (SANTIAGO),816,272
2023,117,2023|I117S1C2J4V1,No Presencial,A Distancia,Plan Regular,Metropolitana,SANTIAGO,PROVIDENCIA,CASA CENTRAL (SANTIAGO),1878,652
2023,117,2023|I117S1C30J4V1,No Presencial,A Distancia,Plan Regular,Metropolitana,SANTIAGO,PROVIDENCIA,CASA CENTRAL (SANTIAGO),1334,387
2023,117,2023|I117S1C31J4V1,No Presencial,A Distancia,Plan Regular,Metropolitana,SANTIAGO,PROVIDENCIA,CASA CENTRAL (SANTIAGO),746,236
2023,117,2023|I117S1C32J4V1,No Presencial,A Distancia,Plan Regular,Metropolitana,SANTIAGO,PROVIDENCIA,CASA CENTRAL (SANTIAGO),7,0
2023,117,2023|I117S1C35J4V1,No Presencial,A Distancia,Plan Regular,Metropolitana,SANTIAGO,PROVIDENCIA,CASA CENTRAL (SANTIAGO),1424,540
2023,117,2023|I117S1C45J4V1,No Presencial,A Distancia,Plan Regular,Metropolitana,SANTIAGO,PROVIDENCIA,CASA CENTRAL (SANTIAGO),3,0
2023,117,2023|I117S1C46J4V1,No Presencial,A Distancia,Plan Regular,Metropolitana,SANTIAGO,PROVIDENCIA,CASA CENTRAL (SANTIAGO),534,198
2023,117,2023|I117S1C57J4V1,No Presencial,A Distancia,Plan Regular,Metropolitana,SANTIAGO,PROVIDENCIA,CASA CENTRAL (SANTIAGO),995,317
2023,117,2023|I117S1C58J4V1,No Presencial,A Distancia,Plan Regular,Metropolitana,SANTIAGO,PROVIDENCIA,CASA CENTRAL (SANTIAGO),39,0
2023,117,2023|I117S1C59J4V1,No Presencial,A Distancia,Plan Regular,Metropolitana,SANTIAGO,PROVIDENCIA,CASA CENTRAL (SANTIAGO),557,176
2023,117,2023|I117S1C60J4V1,No Presencial,A Distancia,Plan Regular,Metropolitana,SANTIAGO,PROVIDENCIA,CASA CENTRAL (SANTIAGO),1511,626
2023,117,2023|I117S1C61J4V1,No Presencial,A Distancia,Plan Regular,Metropolitana,SANTIAGO,PROVIDENCIA,CASA CENTRAL (SANTIAGO),1116,385
2023,117,2023|I117S1C62J4V1,No Presencial,A Distancia,Plan Regular,Metropolitana,SANTIAGO,PROVIDENCIA,CASA CENTRAL (SANTIAGO),1248,361
2023,117,2023|I117S1C63J4V1,No Presencial,A Distancia,Plan Regular,Metropolitana,SANTIAGO,PROVIDENCIA,CASA CENTRAL (SANTIAGO),556,165
2023,117,2023|I117S1C65J4V1,No Presencial,A Distancia,Plan Regular,Metropolitana,SANTIAGO,PROVIDENCIA,CASA CENTRAL (SANTIAGO),612,195
2023,117,2023|I117S1C67J4V1,No Presencial,A Distancia,Plan Regular,Metropolitana,SANTIAGO,PROVIDENCIA,CASA CENTRAL (SANTIAGO),3950,1279
2023,117,2023|I117S1C68J4V1,No Presencial,A Distancia,Plan Regular,Metropolitana,SANTIAGO,PROVIDENCIA,CASA CENTRAL (SANTIAGO),155,46
2023,117,2023|I117S1C69J4V1,No Presencial,A Distancia,Plan Regular,Metropolitana,SANTIAGO,PROVIDENCIA,CASA CENTRAL (SANTIAGO),1831,599
2023,117,2023|I117S1C70J4V1,No Presencial,A Distancia,Plan Regular,Metropolitana,SANTIAGO,PROVIDENCIA,CASA CENTRAL (SANTIAGO),738,276
2023,117,2023|I117S1C71J4V1,No Presencial,A Distancia,Plan Regular,Metropolitana,SANTIAGO,PROVIDENCIA,CASA CENTRAL (SANTIAGO),875,292
2023,117,2023|I117S1C73J4V1,No Presencial,A Distancia,Plan Regular,Metropolitana,SANTIAGO,PROVIDENCIA,CASA CENTRAL (SANTIAGO),1649,803
2023,117,2023|I117S1C83J4V1,No Presencial,A Distancia,Plan Regular,Metropolitana,SANTIAGO,PROVIDENCIA,CASA CENTRAL (SANTIAGO),456,0
2023,117,2023|I117S1C84J4V1,No Presencial,A Distancia,Plan Regular,Metropolitana,SANTIAGO,PROVIDENCIA,CASA CENTRAL (SANTIAGO),14,0
2023,117,2023|I117S1C90J4V1,No Presencial,A Distancia,Plan Regular,Metropolitana,SANTIAGO,PROVIDENCIA,CASA CENTRAL (SANTIAGO),1270,554
2023,117,2023|I117S1C91J4V1,No Presencial,A Distancia,Plan Regular,Metropolitana,SANTIAGO,PROVIDENCIA,CASA CENTRAL (SANTIAGO),846,269
2023,117,2023|I117S1C96J4V1,No Presencial,A Distancia,Plan Regular,Metropolitana,SANTIAGO,PROVIDENCIA,CASA CENTRAL (SANTIAGO),755,281
2023,117,2023|I117S1C97J4V1,No Presencial,A Distancia,Plan Regular,Metropolitana,SANTIAGO,PROVIDENCIA,CASA CENTRAL (SANTIAGO),339,165
2023,120,2023|I120S1C101J4V1,No Presencial,A Distancia,Plan Regular,Biobío,CONCEPCION,CONCEPCION,CASA CENTRAL (CONCEPCION),46,13
2023,120,2023|I120S1C104J4V1,No Presencial,A Distancia,Plan Regular,Biobío,CONCEPCION,CONCEPCION,CASA CENTRAL (CONCEPCION),88,30
2023,120,2023|I120S1C105J4V1,No Presencial,A Distancia,Plan Regular,Biobío,CONCEPCION,CONCEPCION,CASA CENTRAL (CONCEPCION),92,22
2023,120,2023|I120S1C110J2V2,Semipresencial,Vespertina,Plan Especial,Biobío,CONCEPCION,CONCEPCION,CASA CENTRAL (CONCEPCION),1,1
2023,120,2023|I120S1C114J4V1,No Presencial,A Distancia,Plan Regular,Biobío,CONCEPCION,CONCEPCION,CASA CENTRAL (CONCEPCION),197,45
2023,120,2023|I120S1C14J3V1,Semipresencial,Semipresencial,Plan Regular,Biobío,CONCEPCION,CONCEPCION,CASA CENTRAL (CONCEPCION),23,19
2023,120,2023|I120S1C16J3V1,Semipresencial,Semipresencial,Plan Regular,Biobío,CONCEPCION,CONCEPCION,CASA CENTRAL (CONCEPCION),136,134
2023,120,2023|I120S1C1J3V1,Semipresencial,Semipresencial,Plan Regular,Biobío,CONCEPCION,CONCEPCION,CASA CENTRAL (CONCEPCION),49,48
2023,120,2023|I120S1C214J3V1,Semipresencial,Semipresencial,Plan Regular,Biobío,CONCEPCION,CONCEPCION,CASA CENTRAL (CONCEPCION),13,3
2023,120,2023|I120S1C224J3V1,Semipresencial,Semipresencial,Plan Regular,Biobío,CONCEPCION,CONCEPCION,CASA CENTRAL (CONCEPCION),4,4
2023,120,2023|I120S1C235J4V1,No Presencial,A Distancia,Plan Regular,Biobío,CONCEPCION,CONCEPCION,CASA CENTRAL (CONCEPCION),75,17
2023,120,2023|I120S1C241J4V1,No Presencial,A Distancia,Plan Regular,Biobío,CONCEPCION,CONCEPCION,CASA CENTRAL (CONCEPCION),43,8
2023,120,2023|I120S1C244J3V1,Semipresencial,Semipresencial,Plan Regular,Biobío,CONCEPCION,CONCEPCION,CASA CENTRAL (CONCEPCION),7,5
2023,120,2023|I120S1C250J4V1,No Presencial,A Distancia,Plan Regular,Biobío,CONCEPCION,CONCEPCION,CASA CENTRAL (CONCEPCION),22,7
2023,120,2023|I120S1C251J3V1,Semipresencial,Semipresencial,Plan Regular,Biobío,CONCEPCION,CONCEPCION,CASA CENTRAL (CONCEPCION),22,10
2023,120,2023|I120S1C260J3V1,Semipresencial,Semipresencial,Plan Especial,Biobío,CONCEPCION,CONCEPCION,CASA CENTRAL (CONCEPCION),54,42
2023,120,2023|I120S1C26J3V2,Semipresencial,Semipresencial,Plan Especial,Biobío,CONCEPCION,CONCEPCION,CASA CENTRAL (CONCEPCION),18,18
2023,120,2023|I120S1C272J4V1,No Presencial,A Distancia,Plan Regular,Biobío,CONCEPCION,CONCEPCION,CASA CENTRAL (CONCEPCION),26,4
2023,120,2023|I120S1C279J1V1,Semipresencial,Diurna,Plan Especial,Biobío,CONCEPCION,CONCEPCION,CASA CENTRAL (CONCEPCION),6,6
2023,120,2023|I120S1C281J3V1,Semipresencial,Semipresencial,Plan Regular,Biobío,CONCEPCION,CONCEPCION,CASA CENTRAL (CONCEPCION),4,4
2023,120,2023|I120S1C286J3V2,Semipresencial,Semipresencial,Plan Especial,Biobío,CONCEPCION,CONCEPCION,CASA CENTRAL (CONCEPCION),1,1
2023,120,2023|I120S1C288J3V2,Semipresencial,Semipresencial,Plan Especial,Biobío,CONCEPCION,CONCEPCION,CASA CENTRAL (CONCEPCION),1,1
2023,120,2023|I120S1C290J3V2,Semipresencial,Semipresencial,Plan Especial,Biobío,CONCEPCION,CONCEPCION,CASA CENTRAL (CONCEPCION),4,4
2023,120,2023|I120S1C291J3V2,Semipresencial,Semipresencial,Plan Especial,Biobío,CONCEPCION,CONCEPCION,CASA CENTRAL (CONCEPCION),8,8
2023,120,2023|I120S1C30J3V1,Semipresencial,Semipresencial,Plan Regular,Biobío,CONCEPCION,CONCEPCION,CASA CENTRAL (CONCEPCION),119,84
2023,120,2023|I120S1C310J4V1,No Presencial,A Distancia,Plan Regular,Biobío,CONCEPCION,CONCEPCION,CASA CENTRAL (CONCEPCION),14,8
2023,120,2023|I120S1C319J3V1,Semipresencial,Semipresencial,Plan Especial,Biobío,CONCEPCION,CONCEPCION,CASA CENTRAL (CONCEPCION),17,17
2023,120,2023|I120S1C333J3V1,Semipresencial,Semipresencial,Plan Regular,Biobío,CONCEPCION,CONCEPCION,CASA CENTRAL (CONCEPCION),18,18
2023,120,2023|I120S1C7J3V1,Semipresencial,Semipresencial,Plan Regular,Biobío,CONCEPCION,CONCEPCION,CASA CENTRAL (CONCEPCION),11,10
2023,120,2023|I120S1C9J3V1,Semipresencial,Semipresencial,Plan Regular,Biobío,CONCEPCION,CONCEPCION,CASA CENTRAL (CONCEPCION),72,38
2023,120,2023|I120S2C101J4V1,No Presencial,A Distancia,Plan Regular,Valparaíso,VALPARAISO,VIÑA DEL MAR,SEDE VIÑA DEL MAR,12,4
2023,120,2023|I120S2C104J4V1,No Presencial,A Distancia,Plan Regular,Valparaíso,VALPARAISO,VIÑA DEL MAR,SEDE VIÑA DEL MAR,13,4
2023,120,2023|I120S2C105J4V1,No Presencial,A Distancia,Plan Regular,Valparaíso,VALPARAISO,VIÑA DEL MAR,SEDE VIÑA DEL MAR,26,10
2023,120,2023|I120S2C114J4V1,No Presencial,A Distancia,Plan Regular,Valparaíso,VALPARAISO,VIÑA DEL MAR,SEDE VIÑA DEL MAR,175,34
2023,120,2023|I120S2C14J3V1,Semipresencial,Semipresencial,Plan Regular,Valparaíso,VALPARAISO,VIÑA DEL MAR,SEDE VIÑA DEL MAR,7,3
2023,120,2023|I120S2C16J3V1,Semipresencial,Semipresencial,Plan Regular,Valparaíso,VALPARAISO,VIÑA DEL MAR,SEDE VIÑA DEL MAR,47,9
2023,120,2023|I120S2C214J3V1,Semipresencial,Semipresencial,Plan Regular,Valparaíso,VALPARAISO,VIÑA DEL MAR,SEDE VIÑA DEL MAR,19,7
2023,120,2023|I120S2C235J4V1,No Presencial,A Distancia,Plan Regular,Valparaíso,VALPARAISO,VIÑA DEL MAR,SEDE VIÑA DEL MAR,13,2
2023,120,2023|I120S2C241J4V1,No Presencial,A Distancia,Plan Regular,Valparaíso,VALPARAISO,VIÑA DEL MAR,SEDE VIÑA DEL MAR,14,6
2023,120,2023|I120S2C244J3V1,Semipresencial,Semipresencial,Plan Regular,Valparaíso,VALPARAISO,VIÑA DEL MAR,SEDE VIÑA DEL MAR,17,9
2023,120,2023|I120S2C250J4V1,No Presencial,A Distancia,Plan Regular,Valparaíso,VALPARAISO,VIÑA DEL MAR,SEDE VIÑA DEL MAR,3,1
2023,120,2023|I120S2C251J3V1,Semipresencial,Semipresencial,Plan Regular,Valparaíso,VALPARAISO,VIÑA DEL MAR,SEDE VIÑA DEL MAR,16,11
2023,120,2023|I120S2C260J3V1,Semipresencial,Semipresencial,Plan Especial,Valparaíso,VALPARAISO,VIÑA DEL MAR,SEDE VIÑA DEL MAR,17,17
2023,120,2023|I120S2C26J3V2,Semipresencial,Semipresencial,Plan Especial,Valparaíso,VALPARAISO,VIÑA DEL MAR,SEDE VIÑA DEL MAR,13,13
2023,120,2023|I120S2C272J4V1,No Presencial,A Distancia,Plan Regular,Valparaíso,VALPARAISO,VIÑA DEL MAR,SEDE VIÑA DEL MAR,5,2
2023,120,2023|I120S2C30J3V1,Semipresencial,Semipresencial,Plan Regular,Valparaíso,VALPARAISO,VIÑA DEL MAR,SEDE VIÑA DEL MAR,78,30
2023,120,2023|I120S2C310J4V1,No Presencial,A Distancia,Plan Regular,Valparaíso,VALPARAISO,VIÑA DEL MAR,SEDE VIÑA DEL MAR,8,5
2023,120,2023|I120S2C7J3V1,Semipresencial,Semipresencial,Plan Regular,Valparaíso,VALPARAISO,VIÑA DEL MAR,SEDE VIÑA DEL MAR,4,2
2023,120,2023|I120S2C9J3V1,Semipresencial,Semipresencial,Plan Regular,Valparaíso,VALPARAISO,VIÑA DEL MAR,SEDE VIÑA DEL MAR,12,9
2023,120,2023|I120S3C101J4V1,No Presencial,A Distancia,Plan Regular,Ñuble,DIGUILLIN,CHILLAN,SEDE CHILLAN,13,2
2023,120,2023|I120S3C104J4V1,No Presencial,A Distancia,Plan Regular,Ñuble,DIGUILLIN,CHILLAN,SEDE CHILLAN,27,8
2023,120,2023|I120S3C105J4V1,No Presencial,A Distancia,Plan Regular,Ñuble,DIGUILLIN,CHILLAN,SEDE CHILLAN,12,2
2023,120,2023|I120S3C110J1V1,Semipresencial,Diurna,Plan Especial,Ñuble,DIGUILLIN,CHILLAN,SEDE CHILLAN,3,3
2023,120,2023|I120S3C114J4V1,No Presencial,A Distancia,Plan Regular,Ñuble,DIGUILLIN,CHILLAN,SEDE CHILLAN,122,33
2023,120,2023|I120S3C12J3V1,Semipresencial,Semipresencial,Plan Regular,Ñuble,DIGUILLIN,CHILLAN,SEDE CHILLAN,12,12
2023,120,2023|I120S3C14J3V1,Semipresencial,Semipresencial,Plan Regular,Ñuble,DIGUILLIN,CHILLAN,SEDE CHILLAN,34,30
2023,120,2023|I120S3C16J3V1,Semipresencial,Semipresencial,Plan Regular,Ñuble,DIGUILLIN,CHILLAN,SEDE CHILLAN,22,10
2023,120,2023|I120S3C1J3V1,Semipresencial,Semipresencial,Plan Regular,Ñuble,DIGUILLIN,CHILLAN,SEDE CHILLAN,66,36
2023,120,2023|I120S3C214J3V1,Semipresencial,Semipresencial,Plan Regular,Ñuble,DIGUILLIN,CHILLAN,SEDE CHILLAN,45,26
2023,120,2023|I120S3C224J3V1,Semipresencial,Semipresencial,Plan Regular,Ñuble,DIGUILLIN,CHILLAN,SEDE CHILLAN,12,12
2023,120,2023|I120S3C235J4V1,No Presencial,A Distancia,Plan Regular,Ñuble,DIGUILLIN,CHILLAN,SEDE CHILLAN,23,8
2023,120,2023|I120S3C241J4V1,No Presencial,A Distancia,Plan Regular,Ñuble,DIGUILLIN,CHILLAN,SEDE CHILLAN,4,0
2023,120,2023|I120S3C244J3V1,Semipresencial,Semipresencial,Plan Regular,Ñuble,DIGUILLIN,CHILLAN,SEDE CHILLAN,50,31
2023,120,2023|I120S3C250J4V1,No Presencial,A Distancia,Plan Regular,Ñuble,DIGUILLIN,CHILLAN,SEDE CHILLAN,4,1
2023,120,2023|I120S3C260J3V1,Semipresencial,Semipresencial,Plan Especial,Ñuble,DIGUILLIN,CHILLAN,SEDE CHILLAN,32,32
2023,120,2023|I120S3C272J4V1,No Presencial,A Distancia,Plan Regular,Ñuble,DIGUILLIN,CHILLAN,SEDE CHILLAN,7,4
2023,120,2023|I120S3C288J3V2,Semipresencial,Semipresencial,Plan Especial,Ñuble,DIGUILLIN,CHILLAN,SEDE CHILLAN,5,5
2023,120,2023|I120S3C30J3V1,Semipresencial,Semipresencial,Plan Regular,Ñuble,DIGUILLIN,CHILLAN,SEDE CHILLAN,140,61
2023,120,2023|I120S3C310J4V1,No Presencial,A Distancia,Plan Regular,Ñuble,DIGUILLIN,CHILLAN,SEDE CHILLAN,3,3
2023,120,2023|I120S3C7J3V1,Semipresencial,Semipresencial,Plan Regular,Ñuble,DIGUILLIN,CHILLAN,SEDE CHILLAN,11,11
2023,120,2023|I120S3C9J3V1,Semipresencial,Semipresencial,Plan Regular,Ñuble,DIGUILLIN,CHILLAN,SEDE CHILLAN,56,38
2023,120,2023|I120S4C101J4V1,No Presencial,A Distancia,Plan Regular,Metropolitana,SANTIAGO,ÑUÑOA,SEDE SANTIAGO - ÑUÑOA,26,11
2023,120,2023|I120S4C104J4V1,No Presencial,A Distancia,Plan Regular,Metropolitana,SANTIAGO,ÑUÑOA,SEDE SANTIAGO - ÑUÑOA,33,8
2023,120,2023|I120S4C105J4V1,No Presencial,A Distancia,Plan Regular,Metropolitana,SANTIAGO,ÑUÑOA,SEDE SANTIAGO - ÑUÑOA,34,8
2023,120,2023|I120S4C114J4V1,No Presencial,A Distancia,Plan Regular,Metropolitana,SANTIAGO,ÑUÑOA,SEDE SANTIAGO - ÑUÑOA,74,10
2023,120,2023|I120S4C14J3V1,Semipresencial,Semipresencial,Plan Regular,Metropolitana,SANTIAGO,ÑUÑOA,SEDE SANTIAGO - ÑUÑOA,7,4
2023,120,2023|I120S4C16J3V1,Semipresencial,Semipresencial,Plan Regular,Metropolitana,SANTIAGO,ÑUÑOA,SEDE SANTIAGO - ÑUÑOA,6,6
2023,120,2023|I120S4C1J3V1,Semipresencial,Semipresencial,Plan Regular,Metropolitana,SANTIAGO,ÑUÑOA,SEDE SANTIAGO - ÑUÑOA,17,7
2023,120,2023|I120S4C214J3V2,Semipresencial,Semipresencial,Plan Regular,Metropolitana,SANTIAGO,ÑUÑOA,SEDE SANTIAGO - ÑUÑOA,15,11
2023,120,2023|I120S4C235J4V1,No Presencial,A Distancia,Plan Regular,Metropolitana,SANTIAGO,ÑUÑOA,SEDE SANTIAGO - ÑUÑOA,71,12
2023,120,2023|I120S4C241J4V1,No Presencial,A Distancia,Plan Regular,Metropolitana,SANTIAGO,ÑUÑOA,SEDE SANTIAGO - ÑUÑOA,29,11
2023,120,2023|I120S4C244J3V1,Semipresencial,Semipresencial,Plan Especial,Metropolitana,SANTIAGO,ÑUÑOA,SEDE SANTIAGO - ÑUÑOA,16,3
2023,120,2023|I120S4C250J4V1,No Presencial,A Distancia,Plan Regular,Metropolitana,SANTIAGO,ÑUÑOA,SEDE SANTIAGO - ÑUÑOA,14,8
2023,120,2023|I120S4C251J3V1,Semipresencial,Semipresencial,Plan Regular,Metropolitana,SANTIAGO,ÑUÑOA,SEDE SANTIAGO - ÑUÑOA,69,24
2023,120,2023|I120S4C260J3V1,Semipresencial,Semipresencial,Plan Especial,Metropolitana,SANTIAGO,ÑUÑOA,SEDE SANTIAGO - ÑUÑOA,20,17
2023,120,2023|I120S4C272J4V1,No Presencial,A Distancia,Plan Regular,Metropolitana,SANTIAGO,ÑUÑOA,SEDE SANTIAGO - ÑUÑOA,23,8
2023,120,2023|I120S4C274J3V1,Semipresencial,Semipresencial,Plan Regular,Metropolitana,SANTIAGO,ÑUÑOA,SEDE SANTIAGO - ÑUÑOA,10,0
2023,120,2023|I120S4C30J3V1,Semipresencial,Semipresencial,Plan Regular,Metropolitana,SANTIAGO,ÑUÑOA,SEDE SANTIAGO - ÑUÑOA,207,148
2023,120,2023|I120S4C7J3V1,Semipresencial,Semipresencial,Plan Regular,Metropolitana,SANTIAGO,ÑUÑOA,SEDE SANTIAGO - ÑUÑOA,9,6
2023,120,2023|I120S4C9J3V1,Semipresencial,Semipresencial,Plan Regular,Metropolitana,SANTIAGO,ÑUÑOA,SEDE SANTIAGO - ÑUÑOA,20,9
2023,123,2023|I123S1C128J4V1,No Presencial,A Distancia,Plan Regular,Coquimbo,ELQUI,LA SERENA,SEDE LA SERENA,6,0
2023,123,2023|I123S1C151J4V1,No Presencial,A Distancia,Plan Regular,Coquimbo,ELQUI,LA SERENA,SEDE LA SERENA,15,0
2023,123,2023|I123S1C16J4V1,No Presencial,A Distancia,Plan Regular,Coquimbo,ELQUI,LA SERENA,SEDE LA SERENA,3,0
2023,123,2023|I123S1C180J4V3,No Presencial,A Distancia,Plan Regular de Continuidad,Coquimbo,ELQUI,LA SERENA,SEDE LA SERENA,3,0
2023,123,2023|I123S1C18J4V1,No Presencial,A Distancia,Plan Regular,Coquimbo,ELQUI,LA SERENA,SEDE LA SERENA,19,0
2023,123,2023|I123S1C192J4V1,No Presencial,A Distancia,Plan Regular,Coquimbo,ELQUI,LA SERENA,SEDE LA SERENA,7,0
2023,123,2023|I123S1C198J4V1,No Presencial,A Distancia,Plan Regular,Coquimbo,ELQUI,LA SERENA,SEDE LA SERENA,9,0
2023,123,2023|I123S1C199J4V1,No Presencial,A Distancia,Plan Regular,Coquimbo,ELQUI,LA SERENA,SEDE LA SERENA,4,0
2023,123,2023|I123S1C201J4V1,No Presencial,A Distancia,Plan Regular,Coquimbo,ELQUI,LA SERENA,SEDE LA SERENA,3,0
2023,123,2023|I123S1C203J4V1,No Presencial,A Distancia,Plan Regular,Coquimbo,ELQUI,LA SERENA,SEDE LA SERENA,2,0
2023,123,2023|I123S1C204J4V1,No Presencial,A Distancia,Plan Regular,Coquimbo,ELQUI,LA SERENA,SEDE LA SERENA,1,0
2023,123,2023|I123S1C37J4V1,No Presencial,A Distancia,Plan Regular,Coquimbo,ELQUI,LA SERENA,SEDE LA SERENA,13,0
2023,123,2023|I123S1C37J4V2,No Presencial,A Distancia,Plan Regular,Coquimbo,ELQUI,LA SERENA,SEDE LA SERENA,5,0
2023,123,2023|I123S1C37J4V3,No Presencial,A Distancia,Plan Regular de Continuidad,Coquimbo,ELQUI,LA SERENA,SEDE LA SERENA,1,0
2023,123,2023|I123S1C41J4V1,No Presencial,A Distancia,Plan Regular,Coquimbo,ELQUI,LA SERENA,SEDE LA SERENA,4,0
2023,123,2023|I123S1C41J4V3,No Presencial,A Distancia,Plan Regular de Continuidad,Coquimbo,ELQUI,LA SERENA,SEDE LA SERENA,3,0
2023,123,2023|I123S1C45J4V1,No Presencial,A Distancia,Plan Regular,Coquimbo,ELQUI,LA SERENA,SEDE LA SERENA,6,0
2023,123,2023|I123S1C48J4V1,No Presencial,A Distancia,Plan Regular,Coquimbo,ELQUI,LA SERENA,SEDE LA SERENA,33,0
2023,123,2023|I123S1C49J4V1,No Presencial,A Distancia,Plan Regular,Coquimbo,ELQUI,LA SERENA,SEDE LA SERENA,4,0
2023,123,2023|I123S1C50J4V3,No Presencial,A Distancia,Plan Regular de Continuidad,Coquimbo,ELQUI,LA SERENA,SEDE LA SERENA,4,0
2023,123,2023|I123S1C51J4V1,No Presencial,A Distancia,Plan Regular,Coquimbo,ELQUI,LA SERENA,SEDE LA SERENA,2,0
2023,123,2023|I123S1C56J4V1,No Presencial,A Distancia,Plan Regular,Coquimbo,ELQUI,LA SERENA,SEDE LA SERENA,1,0
2023,123,2023|I123S1C9J4V1,No Presencial,A Distancia,Plan Regular,Coquimbo,ELQUI,LA SERENA,SEDE LA SERENA,14,0
2023,123,2023|I123S1C9J4V3,No Presencial,A Distancia,Plan Regular de Continuidad,Coquimbo,ELQUI,LA SERENA,SEDE LA SERENA,1,0
2023,123,2023|I123S2C128J4V1,No Presencial,A Distancia,Plan Regular,Metropolitana,SANTIAGO,SANTIAGO,CASA CENTRAL (SANTIAGO),86,36
2023,123,2023|I123S2C151J4V1,No Presencial,A Distancia,Plan Regular,Metropolitana,SANTIAGO,SANTIAGO,CASA CENTRAL (SANTIAGO),162,41
2023,123,2023|I123S2C16J4V1,No Presencial,A Distancia,Plan Regular,Metropolitana,SANTIAGO,SANTIAGO,CASA CENTRAL (SANTIAGO),85,37
2023,123,2023|I123S2C180J4V3,No Presencial,A Distancia,Plan Regular de Continuidad,Metropolitana,SANTIAGO,SANTIAGO,CASA CENTRAL (SANTIAGO),2,0
2023,123,2023|I123S2C18J4V1,No Presencial,A Distancia,Plan Regular,Metropolitana,SANTIAGO,SANTIAGO,CASA CENTRAL (SANTIAGO),341,89
2023,123,2023|I123S2C192J4V1,No Presencial,A Distancia,Plan Regular,Metropolitana,SANTIAGO,SANTIAGO,CASA CENTRAL (SANTIAGO),149,67
2023,123,2023|I123S2C198J4V1,No Presencial,A Distancia,Plan Regular,Metropolitana,SANTIAGO,SANTIAGO,CASA CENTRAL (SANTIAGO),131,43
2023,123,2023|I123S2C198J4V3,No Presencial,A Distancia,Plan Regular de Continuidad,Metropolitana,SANTIAGO,SANTIAGO,CASA CENTRAL (SANTIAGO),22,0
2023,123,2023|I123S2C199J4V1,No Presencial,A Distancia,Plan Regular,Metropolitana,SANTIAGO,SANTIAGO,CASA CENTRAL (SANTIAGO),49,12
2023,123,2023|I123S2C199J4V3,No Presencial,A Distancia,Plan Regular de Continuidad,Metropolitana,SANTIAGO,SANTIAGO,CASA CENTRAL (SANTIAGO),2,0
2023,123,2023|I123S2C201J4V1,No Presencial,A Distancia,Plan Regular,Metropolitana,SANTIAGO,SANTIAGO,CASA CENTRAL (SANTIAGO),55,16
2023,123,2023|I123S2C203J4V1,No Presencial,A Distancia,Plan Regular,Metropolitana,SANTIAGO,SANTIAGO,CASA CENTRAL (SANTIAGO),63,24
2023,123,2023|I123S2C204J4V1,No Presencial,A Distancia,Plan Regular,Metropolitana,SANTIAGO,SANTIAGO,CASA CENTRAL (SANTIAGO),17,5
2023,123,2023|I123S2C210J4V2,No Presencial,A Distancia,Plan Regular de Continuidad,Metropolitana,SANTIAGO,SANTIAGO,CASA CENTRAL (SANTIAGO),183,0
2023,123,2023|I123S2C211J4V1,No Presencial,A Distancia,Plan Regular,Metropolitana,SANTIAGO,SANTIAGO,CASA CENTRAL (SANTIAGO),36,17
2023,123,2023|I123S2C218J4V1,No Presencial,A Distancia,Plan Regular,Metropolitana,SANTIAGO,SANTIAGO,CASA CENTRAL (SANTIAGO),19,19
2023,123,2023|I123S2C218J4V2,No Presencial,A Distancia,Plan Regular de Continuidad,Metropolitana,SANTIAGO,SANTIAGO,CASA CENTRAL (SANTIAGO),4,0
2023,123,2023|I123S2C219J4V1,No Presencial,A Distancia,Plan Regular,Metropolitana,SANTIAGO,SANTIAGO,CASA CENTRAL (SANTIAGO),23,20
2023,123,2023|I123S2C219J4V2,No Presencial,A Distancia,Plan Regular de Continuidad,Metropolitana,SANTIAGO,SANTIAGO,CASA CENTRAL (SANTIAGO),17,0
2023,123,2023|I123S2C220J4V1,No Presencial,A Distancia,Plan Regular,Metropolitana,SANTIAGO,SANTIAGO,CASA CENTRAL (SANTIAGO),33,31
2023,123,2023|I123S2C220J4V2,No Presencial,A Distancia,Plan Regular de Continuidad,Metropolitana,SANTIAGO,SANTIAGO,CASA CENTRAL (SANTIAGO),11,0
2023,123,2023|I123S2C221J4V1,No Presencial,A Distancia,Plan Regular,Metropolitana,SANTIAGO,SANTIAGO,CASA CENTRAL (SANTIAGO),23,21
2023,123,2023|I123S2C222J4V1,No Presencial,A Distancia,Plan Regular,Metropolitana,SANTIAGO,SANTIAGO,CASA CENTRAL (SANTIAGO),12,12
2023,123,2023|I123S2C223J4V1,No Presencial,A Distancia,Plan Regular,Metropolitana,SANTIAGO,SANTIAGO,CASA CENTRAL (SANTIAGO),37,36
2023,123,2023|I123S2C224J4V1,No Presencial,A Distancia,Plan Regular,Metropolitana,SANTIAGO,SANTIAGO,CASA CENTRAL (SANTIAGO),39,36
2023,123,2023|I123S2C28J4V3,No Presencial,A Distancia,Plan Regular de Continuidad,Metropolitana,SANTIAGO,SANTIAGO,CASA CENTRAL (SANTIAGO),397,0
2023,123,2023|I123S2C31J4V2,No Presencial,A Distancia,Plan Regular de Continuidad,Metropolitana,SANTIAGO,SANTIAGO,CASA CENTRAL (SANTIAGO),193,0
2023,123,2023|I123S2C37J4V1,No Presencial,A Distancia,Plan Regular,Metropolitana,SANTIAGO,SANTIAGO,CASA CENTRAL (SANTIAGO),64,0
2023,123,2023|I123S2C37J4V2,No Presencial,A Distancia,Plan Regular,Metropolitana,SANTIAGO,SANTIAGO,CASA CENTRAL (SANTIAGO),110,44
2023,123,2023|I123S2C37J4V3,No Presencial,A Distancia,Plan Regular de Continuidad,Metropolitana,SANTIAGO,SANTIAGO,CASA CENTRAL (SANTIAGO),50,0
2023,123,2023|I123S2C38J4V3,No Presencial,A Distancia,Plan Regular de Continuidad,Metropolitana,SANTIAGO,SANTIAGO,CASA CENTRAL (SANTIAGO),18,0
2023,123,2023|I123S2C41J4V1,No Presencial,A Distancia,Plan Regular,Metropolitana,SANTIAGO,SANTIAGO,CASA CENTRAL (SANTIAGO),140,62
2023,123,2023|I123S2C41J4V3,No Presencial,A Distancia,Plan Regular de Continuidad,Metropolitana,SANTIAGO,SANTIAGO,CASA CENTRAL (SANTIAGO),44,0
2023,123,2023|I123S2C42J4V1,No Presencial,A Distancia,Plan Regular,Metropolitana,SANTIAGO,SANTIAGO,CASA CENTRAL (SANTIAGO),138,65
2023,123,2023|I123S2C45J4V1,No Presencial,A Distancia,Plan Regular,Metropolitana,SANTIAGO,SANTIAGO,CASA CENTRAL (SANTIAGO),83,26
2023,123,2023|I123S2C45J4V3,No Presencial,A Distancia,Plan Regular de Continuidad,Metropolitana,SANTIAGO,SANTIAGO,CASA CENTRAL (SANTIAGO),48,0
2023,123,2023|I123S2C48J4V1,No Presencial,A Distancia,Plan Regular,Metropolitana,SANTIAGO,SANTIAGO,CASA CENTRAL (SANTIAGO),245,76
2023,123,2023|I123S2C49J4V1,No Presencial,A Distancia,Plan Regular,Metropolitana,SANTIAGO,SANTIAGO,CASA CENTRAL (SANTIAGO),103,32
2023,123,2023|I123S2C50J4V3,No Presencial,A Distancia,Plan Regular de Continuidad,Metropolitana,SANTIAGO,SANTIAGO,CASA CENTRAL (SANTIAGO),98,0
2023,123,2023|I123S2C51J4V1,No Presencial,A Distancia,Plan Regular,Metropolitana,SANTIAGO,SANTIAGO,CASA CENTRAL (SANTIAGO),137,53
2023,123,2023|I123S2C52J4V1,No Presencial,A Distancia,Plan Regular,Metropolitana,SANTIAGO,SANTIAGO,CASA CENTRAL (SANTIAGO),42,21
2023,123,2023|I123S2C56J4V1,No Presencial,A Distancia,Plan Regular,Metropolitana,SANTIAGO,SANTIAGO,CASA CENTRAL (SANTIAGO),159,60
2023,123,2023|I123S2C9J4V1,No Presencial,A Distancia,Plan Regular,Metropolitana,SANTIAGO,SANTIAGO,CASA CENTRAL (SANTIAGO),106,28
2023,123,2023|I123S2C9J4V3,No Presencial,A Distancia,Plan Regular de Continuidad,Metropolitana,SANTIAGO,SANTIAGO,CASA CENTRAL (SANTIAGO),20,0
2023,123,2023|I123S3C128J4V1,No Presencial,A Distancia,Plan Regular,Lib. Gral. B. O'Higgins,CACHAPOAL,RANCAGUA,SEDE RANCAGUA,3,0
2023,123,2023|I123S3C151J4V1,No Presencial,A Distancia,Plan Regular,Lib. Gral. B. O'Higgins,CACHAPOAL,RANCAGUA,SEDE RANCAGUA,5,0
2023,123,2023|I123S3C16J4V1,No Presencial,A Distancia,Plan Regular,Lib. Gral. B. O'Higgins,CACHAPOAL,RANCAGUA,SEDE RANCAGUA,3,0
2023,123,2023|I123S3C180J4V3,No Presencial,A Distancia,Plan Regular de Continuidad,Lib. Gral. B. O'Higgins,CACHAPOAL,RANCAGUA,SEDE RANCAGUA,1,0
2023,123,2023|I123S3C18J4V1,No Presencial,A Distancia,Plan Regular,Lib. Gral. B. O'Higgins,CACHAPOAL,RANCAGUA,SEDE RANCAGUA,24,0
2023,123,2023|I123S3C191J4V1,No Presencial,A Distancia,Plan Regular,Lib. Gral. B. O'Higgins,CACHAPOAL,RANCAGUA,SEDE RANCAGUA,1,0
2023,123,2023|I123S3C192J4V1,No Presencial,A Distancia,Plan Regular,Lib. Gral. B. O'Higgins,CACHAPOAL,RANCAGUA,SEDE RANCAGUA,3,0
2023,123,2023|I123S3C198J4V1,No Presencial,A Distancia,Plan Regular,Lib. Gral. B. O'Higgins,CACHAPOAL,RANCAGUA,SEDE RANCAGUA,7,0
2023,123,2023|I123S3C201J4V1,No Presencial,A Distancia,Plan Regular,Lib. Gral. B. O'Higgins,CACHAPOAL,RANCAGUA,SEDE RANCAGUA,2,0
2023,123,2023|I123S3C203J4V1,No Presencial,A Distancia,Plan Regular,Lib. Gral. B. O'Higgins,CACHAPOAL,RANCAGUA,SEDE RANCAGUA,4,0
2023,123,2023|I123S3C37J4V1,No Presencial,A Distancia,Plan Regular,Lib. Gral. B. O'Higgins,CACHAPOAL,RANCAGUA,SEDE RANCAGUA,4,0
2023,123,2023|I123S3C37J4V2,No Presencial,A Distancia,Plan Regular,Lib. Gral. B. O'Higgins,CACHAPOAL,RANCAGUA,SEDE RANCAGUA,1,0
2023,123,2023|I123S3C41J4V1,No Presencial,A Distancia,Plan Regular,Lib. Gral. B. O'Higgins,CACHAPOAL,RANCAGUA,SEDE RANCAGUA,2,0
2023,123,2023|I123S3C45J4V1,No Presencial,A Distancia,Plan Regular,Lib. Gral. B. O'Higgins,CACHAPOAL,RANCAGUA,SEDE RANCAGUA,7,0
2023,123,2023|I123S3C48J4V1,No Presencial,A Distancia,Plan Regular,Lib. Gral. B. O'Higgins,CACHAPOAL,RANCAGUA,SEDE RANCAGUA,8,0
2023,123,2023|I123S3C49J4V1,No Presencial,A Distancia,Plan Regular,Lib. Gral. B. O'Higgins,CACHAPOAL,RANCAGUA,SEDE RANCAGUA,9,0
2023,123,2023|I123S3C50J4V3,No Presencial,A Distancia,Plan Regular de Continuidad,Lib. Gral. B. O'Higgins,CACHAPOAL,RANCAGUA,SEDE RANCAGUA,3,0
2023,123,2023|I123S3C51J4V1,No Presencial,A Distancia,Plan Regular,Lib. Gral. B. O'Higgins,CACHAPOAL,RANCAGUA,SEDE RANCAGUA,2,0
2023,123,2023|I123S3C56J4V1,No Presencial,A Distancia,Plan Regular,Lib. Gral. B. O'Higgins,CACHAPOAL,RANCAGUA,SEDE RANCAGUA,12,0
2023,123,2023|I123S3C9J4V1,No Presencial,A Distancia,Plan Regular,Lib. Gral. B. O'Higgins,CACHAPOAL,RANCAGUA,SEDE RANCAGUA,3,0
2023,123,2023|I123S3C9J4V3,No Presencial,A Distancia,Plan Regular de Continuidad,Lib. Gral. B. O'Higgins,CACHAPOAL,RANCAGUA,SEDE RANCAGUA,1,0
2023,123,2023|I123S5C128J4V1,No Presencial,A Distancia,Plan Regular,La Araucanía,CAUTIN,TEMUCO,SEDE TEMUCO,5,0
2023,123,2023|I123S5C151J4V1,No Presencial,A Distancia,Plan Regular,La Araucanía,CAUTIN,TEMUCO,SEDE TEMUCO,16,0
2023,123,2023|I123S5C16J4V1,No Presencial,A Distancia,Plan Regular,La Araucanía,CAUTIN,TEMUCO,SEDE TEMUCO,1,0
2023,123,2023|I123S5C18J4V1,No Presencial,A Distancia,Plan Regular,La Araucanía,CAUTIN,TEMUCO,SEDE TEMUCO,26,0
2023,123,2023|I123S5C192J4V1,No Presencial,A Distancia,Plan Regular,La Araucanía,CAUTIN,TEMUCO,SEDE TEMUCO,8,0
2023,123,2023|I123S5C198J4V1,No Presencial,A Distancia,Plan Regular,La Araucanía,CAUTIN,TEMUCO,SEDE TEMUCO,19,0
2023,123,2023|I123S5C199J4V1,No Presencial,A Distancia,Plan Regular,La Araucanía,CAUTIN,TEMUCO,SEDE TEMUCO,2,0
2023,123,2023|I123S5C201J4V1,No Presencial,A Distancia,Plan Regular,La Araucanía,CAUTIN,TEMUCO,SEDE TEMUCO,4,0
2023,123,2023|I123S5C203J4V1,No Presencial,A Distancia,Plan Regular,La Araucanía,CAUTIN,TEMUCO,SEDE TEMUCO,3,0
2023,123,2023|I123S5C37J4V1,No Presencial,A Distancia,Plan Regular,La Araucanía,CAUTIN,TEMUCO,SEDE TEMUCO,7,0
2023,123,2023|I123S5C37J4V2,No Presencial,A Distancia,Plan Regular,La Araucanía,CAUTIN,TEMUCO,SEDE TEMUCO,5,0
2023,123,2023|I123S5C41J4V1,No Presencial,A Distancia,Plan Regular,La Araucanía,CAUTIN,TEMUCO,SEDE TEMUCO,3,0
2023,123,2023|I123S5C45J4V1,No Presencial,A Distancia,Plan Regular,La Araucanía,CAUTIN,TEMUCO,SEDE TEMUCO,5,0
2023,123,2023|I123S5C45J4V3,No Presencial,A Distancia,Plan Regular de Continuidad,La Araucanía,CAUTIN,TEMUCO,SEDE TEMUCO,1,0
2023,123,2023|I123S5C48J4V1,No Presencial,A Distancia,Plan Regular,La Araucanía,CAUTIN,TEMUCO,SEDE TEMUCO,18,0
2023,123,2023|I123S5C49J4V1,No Presencial,A Distancia,Plan Regular,La Araucanía,CAUTIN,TEMUCO,SEDE TEMUCO,6,0
2023,123,2023|I123S5C51J4V1,No Presencial,A Distancia,Plan Regular,La Araucanía,CAUTIN,TEMUCO,SEDE TEMUCO,5,0
2023,123,2023|I123S5C56J4V1,No Presencial,A Distancia,Plan Regular,La Araucanía,CAUTIN,TEMUCO,SEDE TEMUCO,6,0
2023,123,2023|I123S5C9J4V1,No Presencial,A Distancia,Plan Regular,La Araucanía,CAUTIN,TEMUCO,SEDE TEMUCO,11,0
2023,129,2023|I129S1C30J4V2,No Presencial,A Distancia,Plan Regular,Metropolitana,SANTIAGO,VITACURA,CASA CENTRAL (SANTIAGO),12,12
2023,137,2023|I137S1C2J4V2,No Presencial,A Distancia,Plan Regular,Metropolitana,SANTIAGO,PROVIDENCIA,CASA CENTRAL,138,90
2023,139,2023|I139S3C199J4V1,No Presencial,A Distancia,Plan Regular,Biobío,CONCEPCION,CONCEPCION,CASA CENTRAL (CONCEPCION),47,47
2023,143,2023|I143S12C645J3V1,Semipresencial,Semipresencial,Plan Regular,Los Lagos,LLANQUIHUE,PUERTO MONTT,SEDE PUERTO MONTT,5,0
2023,143,2023|I143S12C653J3V1,Semipresencial,Semipresencial,Plan Regular,Los Lagos,LLANQUIHUE,PUERTO MONTT,SEDE PUERTO MONTT,1,0
2023,143,2023|I143S13C116J3V1,Semipresencial,Semipresencial,Plan Regular,Biobío,CONCEPCION,CONCEPCION,SEDE CONCEPCION,1,0
2023,143,2023|I143S13C645J3V1,Semipresencial,Semipresencial,Plan Regular,Biobío,CONCEPCION,CONCEPCION,SEDE CONCEPCION,1,0
2023,143,2023|I143S13C73J3V1,Semipresencial,Semipresencial,Plan Regular,Biobío,CONCEPCION,CONCEPCION,SEDE CONCEPCION,1,0
2023,143,2023|I143S13C9J3V1,Semipresencial,Semipresencial,Plan Regular,Biobío,CONCEPCION,CONCEPCION,SEDE CONCEPCION,1,0
2023,143,2023|I143S15C111J3V1,Semipresencial,Semipresencial,Plan Regular,Metropolitana,SANTIAGO,SANTIAGO,SEDE BARRIO UNIVERSITARIO,2,0
2023,143,2023|I143S15C112J3V1,Semipresencial,Semipresencial,Plan Regular,Metropolitana,SANTIAGO,SANTIAGO,SEDE BARRIO UNIVERSITARIO,1,0
2023,143,2023|I143S15C113J3V1,Semipresencial,Semipresencial,Plan Regular,Metropolitana,SANTIAGO,SANTIAGO,SEDE BARRIO UNIVERSITARIO,1,0
2023,143,2023|I143S15C116J3V1,Semipresencial,Semipresencial,Plan Regular,Metropolitana,SANTIAGO,SANTIAGO,SEDE BARRIO UNIVERSITARIO,1,0
2023,143,2023|I143S15C651J3V1,Semipresencial,Semipresencial,Plan Regular,Metropolitana,SANTIAGO,SANTIAGO,SEDE BARRIO UNIVERSITARIO,2,0
2023,143,2023|I143S17C645J3V1,Semipresencial,Semipresencial,Plan Regular,Coquimbo,ELQUI,LA SERENA,SEDE LA SERENA,1,0
2023,143,2023|I143S20C219J3V1,Semipresencial,Semipresencial,Plan Regular,La Araucanía,CAUTIN,TEMUCO,SEDE TEMUCO,6,0
2023,143,2023|I143S20C30J3V1,Semipresencial,Semipresencial,Plan Regular,La Araucanía,CAUTIN,TEMUCO,SEDE TEMUCO,2,0
2023,143,2023|I143S20C660J3V1,Semipresencial,Semipresencial,Plan Regular,La Araucanía,CAUTIN,TEMUCO,SEDE TEMUCO,2,0
2023,143,2023|I143S26C111J3V1,Semipresencial,Semipresencial,Plan Regular,Metropolitana,SANTIAGO,SANTIAGO,SEDE BELLAVISTA,11,0
2023,143,2023|I143S26C112J3V1,Semipresencial,Semipresencial,Plan Regular,Metropolitana,SANTIAGO,SANTIAGO,SEDE BELLAVISTA,16,0
2023,143,2023|I143S26C113J3V1,Semipresencial,Semipresencial,Plan Regular,Metropolitana,SANTIAGO,SANTIAGO,SEDE BELLAVISTA,15,0
2023,143,2023|I143S26C117J3V1,Semipresencial,Semipresencial,Plan Regular,Metropolitana,SANTIAGO,SANTIAGO,SEDE BELLAVISTA,1,0
2023,143,2023|I143S26C219J3V1,Semipresencial,Semipresencial,Plan Regular,Metropolitana,SANTIAGO,SANTIAGO,SEDE BELLAVISTA,13,0
2023,143,2023|I143S26C651J3V1,Semipresencial,Semipresencial,Plan Regular,Metropolitana,SANTIAGO,SANTIAGO,SEDE BELLAVISTA,3,0
2023,143,2023|I143S26C83J3V1,Semipresencial,Semipresencial,Plan Regular,Metropolitana,SANTIAGO,SANTIAGO,SEDE BELLAVISTA,1,0
2023,143,2023|I143S26C9J3V1,Semipresencial,Semipresencial,Plan Regular,Metropolitana,SANTIAGO,SANTIAGO,SEDE BELLAVISTA,1,0
2023,143,2023|I143S27C116J3V1,Semipresencial,Semipresencial,Plan Regular,Metropolitana,SANTIAGO,CONCHALI,SEDE SANTIAGO NORTE,1,0
2023,143,2023|I143S27C645J3V1,Semipresencial,Semipresencial,Plan Regular,Metropolitana,SANTIAGO,CONCHALI,SEDE SANTIAGO NORTE,16,0
2023,143,2023|I143S27C651J3V1,Semipresencial,Semipresencial,Plan Regular,Metropolitana,SANTIAGO,CONCHALI,SEDE SANTIAGO NORTE,7,0
2023,143,2023|I143S28C100J4V1,No Presencial,A Distancia,Plan Regular,Metropolitana,SANTIAGO,CONCHALI,SEDE ONLINE,4,0
2023,143,2023|I143S28C111J4V1,No Presencial,A Distancia,Plan Regular,Metropolitana,SANTIAGO,CONCHALI,SEDE ONLINE,530,144
2023,143,2023|I143S28C112J4V1,No Presencial,A Distancia,Plan Regular,Metropolitana,SANTIAGO,CONCHALI,SEDE ONLINE,334,102
2023,143,2023|I143S28C113J4V1,No Presencial,A Distancia,Plan Regular,Metropolitana,SANTIAGO,CONCHALI,SEDE ONLINE,753,159
2023,143,2023|I143S28C115J4V1,No Presencial,A Distancia,Plan Regular,Metropolitana,SANTIAGO,CONCHALI,SEDE ONLINE,506,200
2023,143,2023|I143S28C116J4V1,No Presencial,A Distancia,Plan Regular,Metropolitana,SANTIAGO,CONCHALI,SEDE ONLINE,2,0
2023,143,2023|I143S28C117J4V1,No Presencial,A Distancia,Plan Regular,Metropolitana,SANTIAGO,CONCHALI,SEDE ONLINE,354,136
2023,143,2023|I143S28C118J4V1,No Presencial,A Distancia,Plan Regular,Metropolitana,SANTIAGO,CONCHALI,SEDE ONLINE,748,223
2023,143,2023|I143S28C219J4V1,No Presencial,A Distancia,Plan Regular,Metropolitana,SANTIAGO,CONCHALI,SEDE ONLINE,505,192
2023,143,2023|I143S28C27J4V1,No Presencial,A Distancia,Plan Regular,Metropolitana,SANTIAGO,CONCHALI,SEDE ONLINE,570,241
2023,143,2023|I143S28C28J4V1,No Presencial,A Distancia,Plan Regular,Metropolitana,SANTIAGO,CONCHALI,SEDE ONLINE,1372,382
2023,143,2023|I143S28C29J4V1,No Presencial,A Distancia,Plan Regular,Metropolitana,SANTIAGO,CONCHALI,SEDE ONLINE,770,273
2023,143,2023|I143S28C30J4V1,No Presencial,A Distancia,Plan Regular,Metropolitana,SANTIAGO,CONCHALI,SEDE ONLINE,601,228
2023,143,2023|I143S28C34J3V1,Semipresencial,Semipresencial,Plan Regular,Metropolitana,SANTIAGO,CONCHALI,SEDE ONLINE,48,40
2023,143,2023|I143S28C39J4V1,No Presencial,A Distancia,Plan Regular,Metropolitana,SANTIAGO,CONCHALI,SEDE ONLINE,102,51
2023,143,2023|I143S28C469J4V1,No Presencial,A Distancia,Plan Regular,Metropolitana,SANTIAGO,CONCHALI,SEDE ONLINE,412,173
2023,143,2023|I143S28C53J3V1,Semipresencial,Semipresencial,Plan Regular,Metropolitana,SANTIAGO,CONCHALI,SEDE ONLINE,32,18
2023,143,2023|I143S28C614J4V1,No Presencial,A Distancia,Plan Regular,Metropolitana,SANTIAGO,CONCHALI,SEDE ONLINE,44,20
2023,143,2023|I143S28C616J3V2,Semipresencial,Semipresencial,Plan Regular,Metropolitana,SANTIAGO,CONCHALI,SEDE ONLINE,44,37
2023,143,2023|I143S28C62J3V1,Semipresencial,Semipresencial,Plan Regular,Metropolitana,SANTIAGO,CONCHALI,SEDE ONLINE,65,31
2023,143,2023|I143S28C645J4V1,No Presencial,A Distancia,Plan Regular,Metropolitana,SANTIAGO,CONCHALI,SEDE ONLINE,1029,401
2023,143,2023|I143S28C650J4V2,No Presencial,A Distancia,Plan Regular,Metropolitana,SANTIAGO,CONCHALI,SEDE ONLINE,288,183
2023,143,2023|I143S28C651J4V1,No Presencial,A Distancia,Plan Regular,Metropolitana,SANTIAGO,CONCHALI,SEDE ONLINE,1174,424
2023,143,2023|I143S28C653J4V1,No Presencial,A Distancia,Plan Regular,Metropolitana,SANTIAGO,CONCHALI,SEDE ONLINE,297,102
2023,143,2023|I143S28C654J4V1,No Presencial,A Distancia,Plan Regular,Metropolitana,SANTIAGO,CONCHALI,SEDE ONLINE,594,248
2023,143,2023|I143S28C655J4V1,No Presencial,A Distancia,Plan Regular,Metropolitana,SANTIAGO,CONCHALI,SEDE ONLINE,385,167
2023,143,2023|I143S28C660J4V1,No Presencial,A Distancia,Plan Regular,Metropolitana,SANTIAGO,CONCHALI,SEDE ONLINE,644,193
2023,143,2023|I143S28C665J4V1,No Presencial,A Distancia,Plan Regular,Metropolitana,SANTIAGO,CONCHALI,SEDE ONLINE,535,222
2023,143,2023|I143S28C667J4V1,No Presencial,A Distancia,Plan Regular,Metropolitana,SANTIAGO,CONCHALI,SEDE ONLINE,23,15
2023,143,2023|I143S28C668J4V1,No Presencial,A Distancia,Plan Regular,Metropolitana,SANTIAGO,CONCHALI,SEDE ONLINE,42,21
2023,143,2023|I143S28C677J4V1,No Presencial,A Distancia,Plan Regular,Metropolitana,SANTIAGO,CONCHALI,SEDE ONLINE,603,277
2023,143,2023|I143S28C700J4V1,No Presencial,A Distancia,Plan Regular,Metropolitana,SANTIAGO,CONCHALI,SEDE ONLINE,88,51
2023,143,2023|I143S28C701J4V1,No Presencial,A Distancia,Plan Regular,Metropolitana,SANTIAGO,CONCHALI,SEDE ONLINE,152,92
2023,143,2023|I143S28C702J4V1,No Presencial,A Distancia,Plan Regular,Metropolitana,SANTIAGO,CONCHALI,SEDE ONLINE,471,226
2023,143,2023|I143S28C703J4V1,No Presencial,A Distancia,Plan Regular,Metropolitana,SANTIAGO,CONCHALI,SEDE ONLINE,130,62
2023,143,2023|I143S28C707J4V1,No Presencial,A Distancia,Plan Regular,Metropolitana,SANTIAGO,CONCHALI,SEDE ONLINE,391,368
2023,143,2023|I143S28C708J4V1,No Presencial,A Distancia,Plan Regular,Metropolitana,SANTIAGO,CONCHALI,SEDE ONLINE,98,95
2023,143,2023|I143S28C709J4V1,No Presencial,A Distancia,Plan Regular,Metropolitana,SANTIAGO,CONCHALI,SEDE ONLINE,100,93
2023,143,2023|I143S28C710J4V1,No Presencial,A Distancia,Plan Regular,Metropolitana,SANTIAGO,CONCHALI,SEDE ONLINE,21,20
2023,143,2023|I143S28C711J4V1,No Presencial,A Distancia,Plan Regular,Metropolitana,SANTIAGO,CONCHALI,SEDE ONLINE,75,69
2023,143,2023|I143S28C712J4V1,No Presencial,A Distancia,Plan Regular,Metropolitana,SANTIAGO,CONCHALI,SEDE ONLINE,34,32
2023,143,2023|I143S28C713J4V1,No Presencial,A Distancia,Plan Regular,Metropolitana,SANTIAGO,CONCHALI,SEDE ONLINE,79,77
2023,143,2023|I143S28C714J4V1,No Presencial,A Distancia,Plan Regular,Metropolitana,SANTIAGO,CONCHALI,SEDE ONLINE,20,20
2023,143,2023|I143S28C73J4V1,No Presencial,A Distancia,Plan Regular,Metropolitana,SANTIAGO,CONCHALI,SEDE ONLINE,515,173
2023,143,2023|I143S28C77J4V1,No Presencial,A Distancia,Plan Regular,Metropolitana,SANTIAGO,CONCHALI,SEDE ONLINE,572,190
2023,143,2023|I143S28C83J4V1,No Presencial,A Distancia,Plan Regular,Metropolitana,SANTIAGO,CONCHALI,SEDE ONLINE,658,244
2023,143,2023|I143S28C94J4V1,No Presencial,A Distancia,Plan Regular,Metropolitana,SANTIAGO,CONCHALI,SEDE ONLINE,2,0
2023,143,2023|I143S28C95J4V1,No Presencial,A Distancia,Plan Regular,Metropolitana,SANTIAGO,CONCHALI,SEDE ONLINE,1001,256
2023,143,2023|I143S28C9J4V1,No Presencial,A Distancia,Plan Regular,Metropolitana,SANTIAGO,CONCHALI,SEDE ONLINE,685,263
2023,143,2023|I143S29C645J3V1,Semipresencial,Semipresencial,Plan Regular,Metropolitana,SANTIAGO,MAIPU,SEDE MAIPU,15,0
2023,143,2023|I143S29C651J3V1,Semipresencial,Semipresencial,Plan Regular,Metropolitana,SANTIAGO,MAIPU,SEDE MAIPU,2,0
2023,143,2023|I143S30C645J3V1,Semipresencial,Semipresencial,Plan Regular,Metropolitana,MAIPO,SAN BERNARDO,SEDE SAN BERNARDO,12,0
2023,143,2023|I143S30C653J3V1,Semipresencial,Semipresencial,Plan Regular,Metropolitana,MAIPO,SAN BERNARDO,SEDE SAN BERNARDO,5,0
2023,143,2023|I143S32C34J3V1,Semipresencial,Semipresencial,Plan Regular,Los Lagos,CHILOE,CASTRO,SEDE CASTRO,20,19
2023,143,2023|I143S32C62J3V1,Semipresencial,Semipresencial,Plan Regular,Los Lagos,CHILOE,CASTRO,SEDE CASTRO,9,8
2023,143,2023|I143S5C116J3V1,Semipresencial,Semipresencial,Plan Regular,Antofagasta,EL LOA,CALAMA,SEDE CALAMA,1,0
2023,143,2023|I143S5C645J3V1,Semipresencial,Semipresencial,Plan Regular,Antofagasta,EL LOA,CALAMA,SEDE CALAMA,8,0
2023,143,2023|I143S5C651J3V1,Semipresencial,Semipresencial,Plan Regular,Antofagasta,EL LOA,CALAMA,SEDE CALAMA,26,0
2023,152,2023|I152S10C107J4V1,No Presencial,A Distancia,Plan Regular,Metropolitana,SANTIAGO,SANTIAGO,SEDE SANTIAGO,2,0
2023,152,2023|I152S10C107J4V3,No Presencial,A Distancia,Plan Regular,Metropolitana,SANTIAGO,SANTIAGO,SEDE SANTIAGO,2,0
2023,152,2023|I152S10C107J4V4,No Presencial,A Distancia,Plan Regular,Metropolitana,SANTIAGO,SANTIAGO,SEDE SANTIAGO,1406,203
2023,152,2023|I152S10C144J4V1,No Presencial,A Distancia,Plan Regular,Metropolitana,SANTIAGO,SANTIAGO,SEDE SANTIAGO,115,115
2023,152,2023|I152S10C1J4V2,No Presencial,A Distancia,Plan Regular,Metropolitana,SANTIAGO,SANTIAGO,SEDE SANTIAGO,1,0
2023,152,2023|I152S10C1J4V3,No Presencial,A Distancia,Plan Regular,Metropolitana,SANTIAGO,SANTIAGO,SEDE SANTIAGO,365,55
2023,152,2023|I152S10C21J4V4,No Presencial,A Distancia,Plan Regular,Metropolitana,SANTIAGO,SANTIAGO,SEDE SANTIAGO,10,0
2023,152,2023|I152S10C21J4V5,No Presencial,A Distancia,Plan Regular,Metropolitana,SANTIAGO,SANTIAGO,SEDE SANTIAGO,1270,205
2023,152,2023|I152S10C22J2V1,Semipresencial,Vespertina,Plan Regular,Metropolitana,SANTIAGO,SANTIAGO,SEDE SANTIAGO,1070,380
2023,152,2023|I152S10C274J4V4,No Presencial,A Distancia,Plan Regular,Metropolitana,SANTIAGO,SANTIAGO,SEDE SANTIAGO,7,0
2023,152,2023|I152S10C274J4V5,No Presencial,A Distancia,Plan Regular,Metropolitana,SANTIAGO,SANTIAGO,SEDE SANTIAGO,2400,422
2023,152,2023|I152S10C278J4V3,No Presencial,A Distancia,Plan Regular,Metropolitana,SANTIAGO,SANTIAGO,SEDE SANTIAGO,502,164
2023,152,2023|I152S10C279J3V2,Semipresencial,Semipresencial,Plan Regular,Metropolitana,SANTIAGO,SANTIAGO,SEDE SANTIAGO,157,157
2023,152,2023|I152S10C281J4V4,No Presencial,A Distancia,Plan Regular,Metropolitana,SANTIAGO,SANTIAGO,SEDE SANTIAGO,10,0
2023,152,2023|I152S10C282J4V4,No Presencial,A Distancia,Plan Regular,Metropolitana,SANTIAGO,SANTIAGO,SEDE SANTIAGO,608,218
2023,152,2023|I152S10C283J4V4,No Presencial,A Distancia,Plan Regular,Metropolitana,SANTIAGO,SANTIAGO,SEDE SANTIAGO,538,154
2023,152,2023|I152S10C295J4V4,No Presencial,A Distancia,Plan Regular,Metropolitana,SANTIAGO,SANTIAGO,SEDE SANTIAGO,689,232
2023,152,2023|I152S10C297J3V1,Semipresencial,Semipresencial,Plan Regular,Metropolitana,SANTIAGO,SANTIAGO,SEDE SANTIAGO,119,54
2023,152,2023|I152S10C300J4V3,No Presencial,A Distancia,Plan Regular,Metropolitana,SANTIAGO,SANTIAGO,SEDE SANTIAGO,946,241
2023,152,2023|I152S10C312J4V1,No Presencial,A Distancia,Plan Regular,Metropolitana,SANTIAGO,SANTIAGO,SEDE SANTIAGO,14,0
2023,152,2023|I152S10C314J4V1,No Presencial,A Distancia,Plan Regular,Metropolitana,SANTIAGO,SANTIAGO,SEDE SANTIAGO,130,22
2023,152,2023|I152S10C316J4V1,No Presencial,A Distancia,Plan Regular,Metropolitana,SANTIAGO,SANTIAGO,SEDE SANTIAGO,9,0
2023,152,2023|I152S10C316J4V2,No Presencial,A Distancia,Plan Regular,Metropolitana,SANTIAGO,SANTIAGO,SEDE SANTIAGO,1144,173
2023,152,2023|I152S10C318J4V1,No Presencial,A Distancia,Plan Regular,Metropolitana,SANTIAGO,SANTIAGO,SEDE SANTIAGO,1,0
2023,152,2023|I152S10C318J4V2,No Presencial,A Distancia,Plan Regular,Metropolitana,SANTIAGO,SANTIAGO,SEDE SANTIAGO,690,130
2023,152,2023|I152S10C319J4V1,No Presencial,A Distancia,Plan Regular,Metropolitana,SANTIAGO,SANTIAGO,SEDE SANTIAGO,7,0
2023,152,2023|I152S10C319J4V3,No Presencial,A Distancia,Plan Regular,Metropolitana,SANTIAGO,SANTIAGO,SEDE SANTIAGO,1482,2
2023,152,2023|I152S10C321J4V3,No Presencial,A Distancia,Plan Regular,Metropolitana,SANTIAGO,SANTIAGO,SEDE SANTIAGO,591,171
2023,152,2023|I152S10C323J4V3,No Presencial,A Distancia,Plan Regular,Metropolitana,SANTIAGO,SANTIAGO,SEDE SANTIAGO,795,295
2023,152,2023|I152S10C325J4V1,No Presencial,A Distancia,Plan Regular,Metropolitana,SANTIAGO,SANTIAGO,SEDE SANTIAGO,717,340
2023,152,2023|I152S10C325J4V2,No Presencial,A Distancia,Plan Regular,Metropolitana,SANTIAGO,SANTIAGO,SEDE SANTIAGO,1386,206
2023,152,2023|I152S10C326J4V6,No Presencial,A Distancia,Plan Regular,Metropolitana,SANTIAGO,SANTIAGO,SEDE SANTIAGO,1521,370
2023,152,2023|I152S10C327J4V2,No Presencial,A Distancia,Plan Regular,Metropolitana,SANTIAGO,SANTIAGO,SEDE SANTIAGO,109,32
2023,152,2023|I152S10C328J4V6,No Presencial,A Distancia,Plan Regular,Metropolitana,SANTIAGO,SANTIAGO,SEDE SANTIAGO,478,134
2023,152,2023|I152S10C363J4V2,No Presencial,A Distancia,Plan Regular,Metropolitana,SANTIAGO,SANTIAGO,SEDE SANTIAGO,106,18
2023,152,2023|I152S10C369J4V1,No Presencial,A Distancia,Plan Regular,Metropolitana,SANTIAGO,SANTIAGO,SEDE SANTIAGO,321,0
2023,152,2023|I152S10C370J2V1,Semipresencial,Vespertina,Plan Regular,Metropolitana,SANTIAGO,SANTIAGO,SEDE SANTIAGO,234,67
2023,152,2023|I152S10C371J4V1,No Presencial,A Distancia,Plan Regular,Metropolitana,SANTIAGO,SANTIAGO,SEDE SANTIAGO,74,3
2023,152,2023|I152S10C372J4V1,No Presencial,A Distancia,Plan Regular,Metropolitana,SANTIAGO,SANTIAGO,SEDE SANTIAGO,299,1
2023,152,2023|I152S10C383J4V1,No Presencial,A Distancia,Plan Regular,Metropolitana,SANTIAGO,SANTIAGO,SEDE SANTIAGO,351,99
2023,152,2023|I152S10C387J4V1,No Presencial,A Distancia,Plan Regular,Metropolitana,SANTIAGO,SANTIAGO,SEDE SANTIAGO,75,1
2023,152,2023|I152S10C389J4V1,No Presencial,A Distancia,Plan Regular,Metropolitana,SANTIAGO,SANTIAGO,SEDE SANTIAGO,365,97
2023,152,2023|I152S10C38J4V1,No Presencial,A Distancia,Plan Regular,Metropolitana,SANTIAGO,SANTIAGO,SEDE SANTIAGO,483,143
2023,152,2023|I152S10C390J3V1,Semipresencial,Semipresencial,Plan Regular,Metropolitana,SANTIAGO,SANTIAGO,SEDE SANTIAGO,83,47
2023,152,2023|I152S10C395J4V1,No Presencial,A Distancia,Plan Regular,Metropolitana,SANTIAGO,SANTIAGO,SEDE SANTIAGO,1144,467
2023,152,2023|I152S10C396J4V1,No Presencial,A Distancia,Plan Regular,Metropolitana,SANTIAGO,SANTIAGO,SEDE SANTIAGO,177,38
2023,152,2023|I152S10C398J4V1,No Presencial,A Distancia,Plan Regular,Metropolitana,SANTIAGO,SANTIAGO,SEDE SANTIAGO,225,80
2023,152,2023|I152S10C41J2V2,Semipresencial,Vespertina,Plan Regular,Metropolitana,SANTIAGO,SANTIAGO,SEDE SANTIAGO,1,0
2023,152,2023|I152S10C41J4V3,No Presencial,A Distancia,Plan Regular,Metropolitana,SANTIAGO,SANTIAGO,SEDE SANTIAGO,1,0
2023,152,2023|I152S10C41J4V4,No Presencial,A Distancia,Plan Regular,Metropolitana,SANTIAGO,SANTIAGO,SEDE SANTIAGO,3240,613
2023,152,2023|I152S10C420J4V1,No Presencial,A Distancia,Plan Regular,Metropolitana,SANTIAGO,SANTIAGO,SEDE SANTIAGO,463,165
2023,152,2023|I152S10C421J4V1,No Presencial,A Distancia,Plan Regular,Metropolitana,SANTIAGO,SANTIAGO,SEDE SANTIAGO,375,150
2023,152,2023|I152S10C428J4V1,No Presencial,A Distancia,Plan Regular,Metropolitana,SANTIAGO,SANTIAGO,SEDE SANTIAGO,740,353
2023,152,2023|I152S10C429J3V1,Semipresencial,Semipresencial,Plan Regular,Metropolitana,SANTIAGO,SANTIAGO,SEDE SANTIAGO,120,50
2023,152,2023|I152S10C430J4V1,No Presencial,A Distancia,Plan Regular,Metropolitana,SANTIAGO,SANTIAGO,SEDE SANTIAGO,249,76
2023,152,2023|I152S10C431J4V1,No Presencial,A Distancia,Plan Regular,Metropolitana,SANTIAGO,SANTIAGO,SEDE SANTIAGO,904,434
2023,152,2023|I152S10C445J3V1,Semipresencial,Semipresencial,Plan Regular,Metropolitana,SANTIAGO,SANTIAGO,SEDE SANTIAGO,104,104
2023,152,2023|I152S10C446J4V1,No Presencial,A Distancia,Plan Regular,Metropolitana,SANTIAGO,SANTIAGO,SEDE SANTIAGO,45,45
2023,152,2023|I152S10C452J4V1,No Presencial,A Distancia,Plan Regular,Metropolitana,SANTIAGO,SANTIAGO,SEDE SANTIAGO,110,109
2023,152,2023|I152S10C454J4V1,No Presencial,A Distancia,Plan Regular,Metropolitana,SANTIAGO,SANTIAGO,SEDE SANTIAGO,81,81
2023,152,2023|I152S10C455J3V1,Semipresencial,Semipresencial,Plan Regular,Metropolitana,SANTIAGO,SANTIAGO,SEDE SANTIAGO,91,90
2023,152,2023|I152S10C456J4V1,No Presencial,A Distancia,Plan Regular,Metropolitana,SANTIAGO,SANTIAGO,SEDE SANTIAGO,37,36
2023,152,2023|I152S10C457J4V1,No Presencial,A Distancia,Plan Regular,Metropolitana,SANTIAGO,SANTIAGO,SEDE SANTIAGO,18,18
2023,152,2023|I152S10C458J4V1,No Presencial,A Distancia,Plan Regular,Metropolitana,SANTIAGO,SANTIAGO,SEDE SANTIAGO,98,98
2023,152,2023|I152S10C459J4V1,No Presencial,A Distancia,Plan Regular,Metropolitana,SANTIAGO,SANTIAGO,SEDE SANTIAGO,11,11
2023,152,2023|I152S10C50J4V3,No Presencial,A Distancia,Plan Regular,Metropolitana,SANTIAGO,SANTIAGO,SEDE SANTIAGO,586,209
2023,152,2023|I152S10C9J4V3,No Presencial,A Distancia,Plan Regular,Metropolitana,SANTIAGO,SANTIAGO,SEDE SANTIAGO,1,0
2023,152,2023|I152S10C9J4V4,No Presencial,A Distancia,Plan Regular,Metropolitana,SANTIAGO,SANTIAGO,SEDE SANTIAGO,576,77
2023,162,2023|I162S2C1J4V1,No Presencial,A Distancia,Plan Regular,Metropolitana,SANTIAGO,SANTIAGO,CASA CENTRAL (SANTIAGO),1,0
2023,162,2023|I162S2C1J4V2,No Presencial,A Distancia,Plan Regular,Metropolitana,SANTIAGO,SANTIAGO,CASA CENTRAL (SANTIAGO),163,54
2023,162,2023|I162S2C3J4V2,No Presencial,A Distancia,Plan Regular,Metropolitana,SANTIAGO,SANTIAGO,CASA CENTRAL (SANTIAGO),202,36
2023,162,2023|I162S2C46J4V3,No Presencial,A Distancia,Plan Regular,Metropolitana,SANTIAGO,SANTIAGO,CASA CENTRAL (SANTIAGO),173,55
2023,162,2023|I162S2C47J4V1,No Presencial,A Distancia,Plan Regular,Metropolitana,SANTIAGO,SANTIAGO,CASA CENTRAL (SANTIAGO),103,56
2023,162,2023|I162S2C57J4V1,No Presencial,A Distancia,Plan Regular,Metropolitana,SANTIAGO,SANTIAGO,CASA CENTRAL (SANTIAGO),252,117
2023,162,2023|I162S2C6J4V2,No Presencial,A Distancia,Plan Regular,Metropolitana,SANTIAGO,SANTIAGO,CASA CENTRAL (SANTIAGO),73,24
2023,176,2023|I176S10C200J3V1,Semipresencial,Semipresencial,Plan Regular de Continuidad,Ñuble,DIGUILLIN,CHILLAN,SEDE CHILLAN,1,0
2023,176,2023|I176S10C40J3V3,Semipresencial,Semipresencial,Plan Especial,Ñuble,DIGUILLIN,CHILLAN,SEDE CHILLAN,12,0
2023,176,2023|I176S10C41J3V1,Semipresencial,Semipresencial,Plan Regular,Ñuble,DIGUILLIN,CHILLAN,SEDE CHILLAN,31,18
2023,176,2023|I176S10C41J3V2,Semipresencial,Semipresencial,Plan Especial,Ñuble,DIGUILLIN,CHILLAN,SEDE CHILLAN,84,21
2023,176,2023|I176S10C585J3V2,Semipresencial,Semipresencial,Plan Especial,Ñuble,DIGUILLIN,CHILLAN,SEDE CHILLAN,34,0
2023,176,2023|I176S10C59J3V2,Semipresencial,Semipresencial,Plan Especial,Ñuble,DIGUILLIN,CHILLAN,SEDE CHILLAN,65,47
2023,176,2023|I176S10C68J3V1,Semipresencial,Semipresencial,Plan Regular,Ñuble,DIGUILLIN,CHILLAN,SEDE CHILLAN,2,0
2023,176,2023|I176S10C68J3V2,Semipresencial,Semipresencial,Plan Especial,Ñuble,DIGUILLIN,CHILLAN,SEDE CHILLAN,21,0
2023,176,2023|I176S10C74J3V2,Semipresencial,Semipresencial,Plan Especial,Ñuble,DIGUILLIN,CHILLAN,SEDE CHILLAN,103,17
2023,176,2023|I176S10C766J3V2,Semipresencial,Semipresencial,Plan Especial,Ñuble,DIGUILLIN,CHILLAN,SEDE CHILLAN,44,28
2023,176,2023|I176S10C778J3V1,Semipresencial,Semipresencial,Plan Regular,Ñuble,DIGUILLIN,CHILLAN,SEDE CHILLAN,18,0
2023,176,2023|I176S10C830J3V1,Semipresencial,Semipresencial,Plan Regular de Continuidad,Ñuble,DIGUILLIN,CHILLAN,SEDE CHILLAN,42,0
2023,176,2023|I176S10C831J3V2,Semipresencial,Semipresencial,Plan Especial,Ñuble,DIGUILLIN,CHILLAN,SEDE CHILLAN,14,14
2023,176,2023|I176S3C110J3V1,Semipresencial,Semipresencial,Plan Especial,Coquimbo,ELQUI,LA SERENA,SEDE LA SERENA,54,40
2023,176,2023|I176S3C23J3V3,Semipresencial,Semipresencial,Plan Especial,Coquimbo,ELQUI,LA SERENA,SEDE LA SERENA,40,0
2023,176,2023|I176S3C41J3V2,Semipresencial,Semipresencial,Plan Especial,Coquimbo,ELQUI,LA SERENA,SEDE LA SERENA,13,12
2023,176,2023|I176S3C446J3V2,Semipresencial,Semipresencial,Plan Especial,Coquimbo,ELQUI,LA SERENA,SEDE LA SERENA,15,13
2023,176,2023|I176S3C585J3V2,Semipresencial,Semipresencial,Plan Especial,Coquimbo,ELQUI,LA SERENA,SEDE LA SERENA,34,0
2023,176,2023|I176S3C59J3V2,Semipresencial,Semipresencial,Plan Especial,Coquimbo,ELQUI,LA SERENA,SEDE LA SERENA,48,20
2023,176,2023|I176S3C74J3V2,Semipresencial,Semipresencial,Plan Especial,Coquimbo,ELQUI,LA SERENA,SEDE LA SERENA,29,0
2023,176,2023|I176S3C766J3V2,Semipresencial,Semipresencial,Plan Especial,Coquimbo,ELQUI,LA SERENA,SEDE LA SERENA,20,20
2023,176,2023|I176S3C910J3V1,Semipresencial,Semipresencial,Plan Regular de Continuidad,Coquimbo,ELQUI,LA SERENA,SEDE LA SERENA,20,0
2023,176,2023|I176S3C911J3V1,Semipresencial,Semipresencial,Plan Regular de Continuidad,Coquimbo,ELQUI,LA SERENA,SEDE LA SERENA,10,0
2023,176,2023|I176S7C110J3V1,Semipresencial,Semipresencial,Plan Especial,Biobío,CONCEPCION,CONCEPCION,CASA CENTRAL (CONCEPCION),5,0
2023,176,2023|I176S7C115J4V1,No Presencial,A Distancia,Plan Regular,Biobío,CONCEPCION,CONCEPCION,CASA CENTRAL (CONCEPCION),6,0
2023,176,2023|I176S7C115J4V3,No Presencial,A Distancia,Plan Regular,Biobío,CONCEPCION,CONCEPCION,CASA CENTRAL (CONCEPCION),1,0
2023,176,2023|I176S7C200J3V1,Semipresencial,Semipresencial,Plan Regular de Continuidad,Biobío,CONCEPCION,CONCEPCION,CASA CENTRAL (CONCEPCION),122,0
2023,176,2023|I176S7C200J4V1,No Presencial,A Distancia,Plan Regular de Continuidad,Biobío,CONCEPCION,CONCEPCION,CASA CENTRAL (CONCEPCION),30,0
2023,176,2023|I176S7C200J4V2,No Presencial,A Distancia,Plan Regular de Continuidad,Biobío,CONCEPCION,CONCEPCION,CASA CENTRAL (CONCEPCION),199,0
2023,176,2023|I176S7C3J4V1,No Presencial,A Distancia,Plan Regular,Biobío,CONCEPCION,CONCEPCION,CASA CENTRAL (CONCEPCION),24,0
2023,176,2023|I176S7C3J4V2,No Presencial,A Distancia,Plan Regular,Biobío,CONCEPCION,CONCEPCION,CASA CENTRAL (CONCEPCION),21,9
2023,176,2023|I176S7C40J3V3,Semipresencial,Semipresencial,Plan Especial,Biobío,CONCEPCION,CONCEPCION,CASA CENTRAL (CONCEPCION),294,260
2023,176,2023|I176S7C40J4V1,No Presencial,A Distancia,Plan Regular,Biobío,CONCEPCION,CONCEPCION,CASA CENTRAL (CONCEPCION),6,0
2023,176,2023|I176S7C40J4V4,No Presencial,A Distancia,Plan Regular,Biobío,CONCEPCION,CONCEPCION,CASA CENTRAL (CONCEPCION),38,17
2023,176,2023|I176S7C41J3V2,Semipresencial,Semipresencial,Plan Especial,Biobío,CONCEPCION,CONCEPCION,CASA CENTRAL (CONCEPCION),158,91
2023,176,2023|I176S7C41J4V1,No Presencial,A Distancia,Plan Regular,Biobío,CONCEPCION,CONCEPCION,CASA CENTRAL (CONCEPCION),17,0
2023,176,2023|I176S7C41J4V4,No Presencial,A Distancia,Plan Regular,Biobío,CONCEPCION,CONCEPCION,CASA CENTRAL (CONCEPCION),32,21
2023,176,2023|I176S7C42J3V1,Semipresencial,Semipresencial,Plan Regular,Biobío,CONCEPCION,CONCEPCION,CASA CENTRAL (CONCEPCION),27,1
2023,176,2023|I176S7C42J4V1,No Presencial,A Distancia,Plan Regular,Biobío,CONCEPCION,CONCEPCION,CASA CENTRAL (CONCEPCION),62,12
2023,176,2023|I176S7C42J4V3,No Presencial,A Distancia,Plan Regular,Biobío,CONCEPCION,CONCEPCION,CASA CENTRAL (CONCEPCION),7,6
2023,176,2023|I176S7C446J4V1,No Presencial,A Distancia,Plan Especial,Biobío,CONCEPCION,CONCEPCION,CASA CENTRAL (CONCEPCION),3,0
2023,176,2023|I176S7C446J4V3,No Presencial,A Distancia,Plan Regular,Biobío,CONCEPCION,CONCEPCION,CASA CENTRAL (CONCEPCION),8,8
2023,176,2023|I176S7C545J4V1,No Presencial,A Distancia,Plan Regular,Biobío,CONCEPCION,CONCEPCION,CASA CENTRAL (CONCEPCION),1,0
2023,176,2023|I176S7C545J4V3,No Presencial,A Distancia,Plan Regular,Biobío,CONCEPCION,CONCEPCION,CASA CENTRAL (CONCEPCION),3,0
2023,176,2023|I176S7C576J3V1,Semipresencial,Semipresencial,Plan Regular,Biobío,CONCEPCION,CONCEPCION,CASA CENTRAL (CONCEPCION),32,0
2023,176,2023|I176S7C576J4V1,No Presencial,A Distancia,Plan Regular,Biobío,CONCEPCION,CONCEPCION,CASA CENTRAL (CONCEPCION),7,0
2023,176,2023|I176S7C585J3V2,Semipresencial,Semipresencial,Plan Especial,Biobío,CONCEPCION,CONCEPCION,CASA CENTRAL (CONCEPCION),69,35
2023,176,2023|I176S7C585J4V1,No Presencial,A Distancia,Plan Regular,Biobío,CONCEPCION,CONCEPCION,CASA CENTRAL (CONCEPCION),9,0
2023,176,2023|I176S7C585J4V3,No Presencial,A Distancia,Plan Regular,Biobío,CONCEPCION,CONCEPCION,CASA CENTRAL (CONCEPCION),5,0
2023,176,2023|I176S7C59J3V2,Semipresencial,Semipresencial,Plan Especial,Biobío,CONCEPCION,CONCEPCION,CASA CENTRAL (CONCEPCION),20,0
2023,176,2023|I176S7C68J4V1,No Presencial,A Distancia,Plan Regular,Biobío,CONCEPCION,CONCEPCION,CASA CENTRAL (CONCEPCION),5,0
2023,176,2023|I176S7C68J4V3,No Presencial,A Distancia,Plan Regular,Biobío,CONCEPCION,CONCEPCION,CASA CENTRAL (CONCEPCION),22,0
2023,176,2023|I176S7C74J3V2,Semipresencial,Semipresencial,Plan Especial,Biobío,CONCEPCION,CONCEPCION,CASA CENTRAL (CONCEPCION),97,45
2023,176,2023|I176S7C766J3V2,Semipresencial,Semipresencial,Plan Especial,Biobío,CONCEPCION,CONCEPCION,CASA CENTRAL (CONCEPCION),92,64
2023,176,2023|I176S7C778J4V1,No Presencial,A Distancia,Plan Regular de Continuidad,Biobío,CONCEPCION,CONCEPCION,CASA CENTRAL (CONCEPCION),7,0
2023,176,2023|I176S7C789J4V1,No Presencial,A Distancia,Plan Regular,Biobío,CONCEPCION,CONCEPCION,CASA CENTRAL (CONCEPCION),1,0
2023,176,2023|I176S7C830J3V1,Semipresencial,Semipresencial,Plan Regular de Continuidad,Biobío,CONCEPCION,CONCEPCION,CASA CENTRAL (CONCEPCION),6,0
2023,176,2023|I176S7C830J4V1,No Presencial,A Distancia,Plan Regular de Continuidad,Biobío,CONCEPCION,CONCEPCION,CASA CENTRAL (CONCEPCION),14,0
2023,176,2023|I176S7C830J4V2,No Presencial,A Distancia,Plan Regular de Continuidad,Biobío,CONCEPCION,CONCEPCION,CASA CENTRAL (CONCEPCION),31,0
2023,176,2023|I176S7C831J3V2,Semipresencial,Semipresencial,Plan Especial,Biobío,CONCEPCION,CONCEPCION,CASA CENTRAL (CONCEPCION),70,11
2023,176,2023|I176S7C831J4V1,No Presencial,A Distancia,Plan Regular,Biobío,CONCEPCION,CONCEPCION,CASA CENTRAL (CONCEPCION),2,0
2023,176,2023|I176S7C851J4V1,No Presencial,A Distancia,Plan Regular de Continuidad,Biobío,CONCEPCION,CONCEPCION,CASA CENTRAL (CONCEPCION),18,0
2023,176,2023|I176S7C867J3V1,Semipresencial,Semipresencial,Plan Regular de Continuidad,Biobío,CONCEPCION,CONCEPCION,CASA CENTRAL (CONCEPCION),86,0
2023,176,2023|I176S7C867J4V2,No Presencial,A Distancia,Plan Regular de Continuidad,Biobío,CONCEPCION,CONCEPCION,CASA CENTRAL (CONCEPCION),59,0
2023,176,2023|I176S7C868J4V1,No Presencial,A Distancia,Plan Regular,Biobío,CONCEPCION,CONCEPCION,CASA CENTRAL (CONCEPCION),2,0
2023,176,2023|I176S7C869J4V1,No Presencial,A Distancia,Plan Regular de Continuidad,Biobío,CONCEPCION,CONCEPCION,CASA CENTRAL (CONCEPCION),39,0
2023,176,2023|I176S7C869J4V3,No Presencial,A Distancia,Plan Regular de Continuidad,Biobío,CONCEPCION,CONCEPCION,CASA CENTRAL (CONCEPCION),126,0
2023,176,2023|I176S7C874J4V1,No Presencial,A Distancia,Plan Regular,Biobío,CONCEPCION,CONCEPCION,CASA CENTRAL (CONCEPCION),3,0
2023,176,2023|I176S7C880J4V1,No Presencial,A Distancia,Plan Regular,Biobío,CONCEPCION,CONCEPCION,CASA CENTRAL (CONCEPCION),855,227
2023,176,2023|I176S7C894J3V1,Semipresencial,Semipresencial,Plan Especial,Biobío,CONCEPCION,CONCEPCION,CASA CENTRAL (CONCEPCION),3,0
2023,693,2023|I693S0C0J4V1,No Presencial,A Distancia,Plan Especial,Metropolitana,SANTIAGO,PROVIDENCIA,CASA CENTRAL,63,18
2023,218,2023|I218S1C125J4V2,No Presencial,A Distancia,Plan Regular,Metropolitana,SANTIAGO,SANTIAGO,CASA CENTRAL (SANTIAGO),24,24
2023,218,2023|I218S1C137J4V2,No Presencial,A Distancia,Plan Regular,Metropolitana,SANTIAGO,SANTIAGO,CASA CENTRAL (SANTIAGO),17,17
2023,218,2023|I218S1C150J4V2,No Presencial,A Distancia,Plan Regular,Metropolitana,SANTIAGO,SANTIAGO,CASA CENTRAL (SANTIAGO),17,17
2023,218,2023|I218S1C25J4V2,No Presencial,A Distancia,Plan Regular,Metropolitana,SANTIAGO,SANTIAGO,CASA CENTRAL (SANTIAGO),56,56
2023,218,2023|I218S1C37J4V2,No Presencial,A Distancia,Plan Regular,Metropolitana,SANTIAGO,SANTIAGO,CASA CENTRAL (SANTIAGO),95,95
2023,218,2023|I218S1C41J4V2,No Presencial,A Distancia,Plan Regular,Metropolitana,SANTIAGO,SANTIAGO,CASA CENTRAL (SANTIAGO),25,25
2023,260,2023|I260S51C107J4V1,No Presencial,A Distancia,Plan Regular,Metropolitana,SANTIAGO,SANTIAGO,SEDE VIRTUAL CFTST,18,17
2023,260,2023|I260S51C120J4V1,No Presencial,A Distancia,Plan Regular,Metropolitana,SANTIAGO,SANTIAGO,SEDE VIRTUAL CFTST,30,29
2023,312,2023|I312S1C101J4V2,No Presencial,A Distancia,Plan Especial,Metropolitana,SANTIAGO,SANTIAGO,CASA CENTRAL (SANTIAGO),2,2
2023,312,2023|I312S1C101J4V3,No Presencial,A Distancia,Plan Especial,Metropolitana,SANTIAGO,SANTIAGO,CASA CENTRAL (SANTIAGO),2,1
2023,312,2023|I312S1C101J4V4,No Presencial,A Distancia,Plan Especial,Metropolitana,SANTIAGO,SANTIAGO,CASA CENTRAL (SANTIAGO),216,58
2023,312,2023|I312S1C101J4V6,No Presencial,A Distancia,Plan Regular,Metropolitana,SANTIAGO,SANTIAGO,CASA CENTRAL (SANTIAGO),117,0
2023,312,2023|I312S1C102J4V1,No Presencial,A Distancia,Plan Regular,Metropolitana,SANTIAGO,SANTIAGO,CASA CENTRAL (SANTIAGO),120,0
2023,312,2023|I312S1C102J4V3,No Presencial,A Distancia,Plan Especial,Metropolitana,SANTIAGO,SANTIAGO,CASA CENTRAL (SANTIAGO),73,29
2023,312,2023|I312S1C103J4V1,No Presencial,A Distancia,Plan Regular,Metropolitana,SANTIAGO,SANTIAGO,CASA CENTRAL (SANTIAGO),67,0
2023,312,2023|I312S1C103J4V3,No Presencial,A Distancia,Plan Especial,Metropolitana,SANTIAGO,SANTIAGO,CASA CENTRAL (SANTIAGO),98,35
2023,312,2023|I312S1C110J4V1,No Presencial,A Distancia,Plan Regular,Metropolitana,SANTIAGO,SANTIAGO,CASA CENTRAL (SANTIAGO),56,0
2023,312,2023|I312S1C110J4V3,No Presencial,A Distancia,Plan Especial,Metropolitana,SANTIAGO,SANTIAGO,CASA CENTRAL (SANTIAGO),197,66
2023,312,2023|I312S1C116J4V1,No Presencial,A Distancia,Plan Regular,Metropolitana,SANTIAGO,SANTIAGO,CASA CENTRAL (SANTIAGO),61,0
2023,312,2023|I312S1C116J4V4,No Presencial,A Distancia,Plan Especial,Metropolitana,SANTIAGO,SANTIAGO,CASA CENTRAL (SANTIAGO),70,32
2023,312,2023|I312S1C120J4V1,No Presencial,A Distancia,Plan Especial,Metropolitana,SANTIAGO,SANTIAGO,CASA CENTRAL (SANTIAGO),36,22
2023,312,2023|I312S1C121J4V2,No Presencial,A Distancia,Plan Especial,Metropolitana,SANTIAGO,SANTIAGO,CASA CENTRAL (SANTIAGO),15,8
2023,312,2023|I312S1C122J4V1,No Presencial,A Distancia,Plan Regular,Metropolitana,SANTIAGO,SANTIAGO,CASA CENTRAL (SANTIAGO),37,0
2023,312,2023|I312S1C122J4V2,No Presencial,A Distancia,Plan Especial,Metropolitana,SANTIAGO,SANTIAGO,CASA CENTRAL (SANTIAGO),78,29
2023,312,2023|I312S1C123J4V1,No Presencial,A Distancia,Plan Regular,Metropolitana,SANTIAGO,SANTIAGO,CASA CENTRAL (SANTIAGO),4,0
2023,312,2023|I312S1C123J4V2,No Presencial,A Distancia,Plan Especial,Metropolitana,SANTIAGO,SANTIAGO,CASA CENTRAL (SANTIAGO),36,30
2023,312,2023|I312S1C124J4V1,No Presencial,A Distancia,Plan Regular,Metropolitana,SANTIAGO,SANTIAGO,CASA CENTRAL (SANTIAGO),5,0
2023,312,2023|I312S1C124J4V2,No Presencial,A Distancia,Plan Especial,Metropolitana,SANTIAGO,SANTIAGO,CASA CENTRAL (SANTIAGO),10,10
2023,312,2023|I312S1C13J4V2,No Presencial,A Distancia,Plan Especial,Metropolitana,SANTIAGO,SANTIAGO,CASA CENTRAL (SANTIAGO),48,48
2023,312,2023|I312S1C25J4V3,No Presencial,A Distancia,Plan Especial,Metropolitana,SANTIAGO,SANTIAGO,CASA CENTRAL (SANTIAGO),175,44
2023,312,2023|I312S1C56J4V1,No Presencial,A Distancia,Plan Regular,Metropolitana,SANTIAGO,SANTIAGO,CASA CENTRAL (SANTIAGO),122,0
2023,312,2023|I312S1C56J4V4,No Presencial,A Distancia,Plan Especial,Metropolitana,SANTIAGO,SANTIAGO,CASA CENTRAL (SANTIAGO),226,79
2023,312,2023|I312S1C80J4V1,No Presencial,A Distancia,Plan Regular,Metropolitana,SANTIAGO,SANTIAGO,CASA CENTRAL (SANTIAGO),98,0
2023,312,2023|I312S1C80J4V3,No Presencial,A Distancia,Plan Especial,Metropolitana,SANTIAGO,SANTIAGO,CASA CENTRAL (SANTIAGO),181,48
2023,312,2023|I312S1C82J4V1,No Presencial,A Distancia,Plan Regular,Metropolitana,SANTIAGO,SANTIAGO,CASA CENTRAL (SANTIAGO),71,0
2023,312,2023|I312S1C82J4V3,No Presencial,A Distancia,Plan Especial,Metropolitana,SANTIAGO,SANTIAGO,CASA CENTRAL (SANTIAGO),226,76
2023,312,2023|I312S1C83J4V1,No Presencial,A Distancia,Plan Regular,Metropolitana,SANTIAGO,SANTIAGO,CASA CENTRAL (SANTIAGO),93,0
2023,312,2023|I312S1C83J4V4,No Presencial,A Distancia,Plan Especial,Metropolitana,SANTIAGO,SANTIAGO,CASA CENTRAL (SANTIAGO),57,1
2023,312,2023|I312S1C84J4V2,No Presencial,A Distancia,Plan Especial,Metropolitana,SANTIAGO,SANTIAGO,CASA CENTRAL (SANTIAGO),1,0
2023,312,2023|I312S1C84J4V3,No Presencial,A Distancia,Plan Especial,Metropolitana,SANTIAGO,SANTIAGO,CASA CENTRAL (SANTIAGO),532,168
2023,312,2023|I312S1C84J4V4,No Presencial,A Distancia,Plan Regular,Metropolitana,SANTIAGO,SANTIAGO,CASA CENTRAL (SANTIAGO),158,0
2023,312,2023|I312S1C86J4V1,No Presencial,A Distancia,Plan Regular,Metropolitana,SANTIAGO,SANTIAGO,CASA CENTRAL (SANTIAGO),40,0
2023,312,2023|I312S1C86J4V2,No Presencial,A Distancia,Plan Especial,Metropolitana,SANTIAGO,SANTIAGO,CASA CENTRAL (SANTIAGO),9,5
2023,312,2023|I312S1C86J4V3,No Presencial,A Distancia,Plan Especial,Metropolitana,SANTIAGO,SANTIAGO,CASA CENTRAL (SANTIAGO),146,53
2023,312,2023|I312S1C89J4V1,No Presencial,A Distancia,Plan Regular,Metropolitana,SANTIAGO,SANTIAGO,CASA CENTRAL (SANTIAGO),325,0
2023,312,2023|I312S1C89J4V2,No Presencial,A Distancia,Plan Especial,Metropolitana,SANTIAGO,SANTIAGO,CASA CENTRAL (SANTIAGO),3,0
2023,312,2023|I312S1C89J4V3,No Presencial,A Distancia,Plan Especial,Metropolitana,SANTIAGO,SANTIAGO,CASA CENTRAL (SANTIAGO),239,73
2023,312,2023|I312S1C96J4V3,No Presencial,A Distancia,Plan Especial,Metropolitana,SANTIAGO,SANTIAGO,CASA CENTRAL (SANTIAGO),45,0
2023,171,2023|I171S1C41J4V1,No Presencial,A Distancia,Plan Regular,Metropolitana,SANTIAGO,SANTIAGO,CASA CENTRAL (SANTIAGO),1,0
2023,171,2023|I171S1C42J4V1,No Presencial,A Distancia,Plan Regular,Metropolitana,SANTIAGO,SANTIAGO,CASA CENTRAL (SANTIAGO),3,0
2023,171,2023|I171S1C44J4V1,No Presencial,A Distancia,Plan Regular,Metropolitana,SANTIAGO,SANTIAGO,CASA CENTRAL (SANTIAGO),1,0
2023,171,2023|I171S1C64J4V1,No Presencial,A Distancia,Plan Regular,Metropolitana,SANTIAGO,SANTIAGO,CASA CENTRAL (SANTIAGO),1,0
2023,171,2023|I171S1C74J4V2,No Presencial,A Distancia,Plan Especial,Metropolitana,SANTIAGO,SANTIAGO,CASA CENTRAL (SANTIAGO),18,0
2023,171,2023|I171S1C76J4V2,No Presencial,A Distancia,Plan Especial,Metropolitana,SANTIAGO,SANTIAGO,CASA CENTRAL (SANTIAGO),10,0
2023,426,2023|I426S1C26J4V1,No Presencial,A Distancia,Plan Regular,Metropolitana,SANTIAGO,SANTIAGO,CASA CENTRAL (SANTIAGO),2,0
2023,426,2023|I426S1C40J4V1,No Presencial,A Distancia,Plan Regular,Metropolitana,SANTIAGO,SANTIAGO,CASA CENTRAL (SANTIAGO),4,0
2023,435,2023|I435S1C114J3V1,Semipresencial,Semipresencial,Plan Especial,Metropolitana,SANTIAGO,ÑUÑOA,CASA CENTRAL (SANTIAGO),18,0
2023,435,2023|I435S1C1J4V1,No Presencial,A Distancia,Plan Regular,Metropolitana,SANTIAGO,ÑUÑOA,CASA CENTRAL (SANTIAGO),85,55
2023,435,2023|I435S2C114J3V1,Semipresencial,Semipresencial,Plan Especial,Metropolitana,MAIPO,BUIN,SEDE BUIN,94,64
2023,534,2023|I534S1C31J4V2,No Presencial,A Distancia,Plan Regular,Metropolitana,SANTIAGO,SANTIAGO,CASA CENTRAL (SANTIAGO),17,17
2023,534,2023|I534S1C44J4V1,No Presencial,A Distancia,Plan Regular,Metropolitana,SANTIAGO,SANTIAGO,CASA CENTRAL (SANTIAGO),153,73
2023,534,2023|I534S1C60J4V1,No Presencial,A Distancia,Plan Regular,Metropolitana,SANTIAGO,SANTIAGO,CASA CENTRAL (SANTIAGO),10,0
2023,534,2023|I534S1C66J4V1,No Presencial,A Distancia,Plan Regular,Metropolitana,SANTIAGO,SANTIAGO,CASA CENTRAL (SANTIAGO),6,6
2023,534,2023|I534S1C66J4V2,No Presencial,A Distancia,Plan Especial,Metropolitana,SANTIAGO,SANTIAGO,CASA CENTRAL (SANTIAGO),1,1
2023,534,2023|I534S1C67J4V1,No Presencial,A Distancia,Plan Regular,Metropolitana,SANTIAGO,SANTIAGO,CASA CENTRAL (SANTIAGO),11,11
2023,534,2023|I534S1C67J4V2,No Presencial,A Distancia,Plan Especial,Metropolitana,SANTIAGO,SANTIAGO,CASA CENTRAL (SANTIAGO),2,2
2023,534,2023|I534S1C71J4V1,No Presencial,A Distancia,Plan Regular,Metropolitana,SANTIAGO,SANTIAGO,CASA CENTRAL (SANTIAGO),32,32
2023,629,2023|I629S0C100J4V1,No Presencial,A Distancia,Plan Regular,Valparaíso,VALPARAISO,VALPARAISO,CASA CENTRAL (VALPARAISO),19,19
2023,629,2023|I629S0C167J4V1,No Presencial,A Distancia,Plan Regular,Valparaíso,VALPARAISO,VALPARAISO,CASA CENTRAL (VALPARAISO),88,88
2023,633,2023|I633S0C90J4V1,No Presencial,A Distancia,Plan Regular,La Araucanía,CAUTIN,TEMUCO,CASA CENTRAL (TEMUCO),24,20
2023,633,2023|I633S0C96J4V1,No Presencial,A Distancia,Plan Regular,La Araucanía,CAUTIN,TEMUCO,CASA CENTRAL (TEMUCO),26,21
2023,701,2023|I701S0C2J3V1,Semipresencial,Semipresencial,Plan Regular,Metropolitana,SANTIAGO,SANTIAGO,CASA CENTRAL (SANTIAGO),63,29
2023,701,2023|I701S0C30J3V1,Semipresencial,Semipresencial,Plan Regular,Metropolitana,SANTIAGO,SANTIAGO,CASA CENTRAL (SANTIAGO),27,13
2023,701,2023|I701S0C30J4V1,No Presencial,A Distancia,Plan Regular,Metropolitana,SANTIAGO,SANTIAGO,CASA CENTRAL (SANTIAGO),89,42
2023,701,2023|I701S0C35J4V1,No Presencial,A Distancia,Plan Regular,Metropolitana,SANTIAGO,SANTIAGO,CASA CENTRAL (SANTIAGO),38,17
2023,701,2023|I701S0C36J4V1,No Presencial,A Distancia,Plan Regular,Metropolitana,SANTIAGO,SANTIAGO,CASA CENTRAL (SANTIAGO),46,25
2023,701,2023|I701S0C3J4V1,No Presencial,A Distancia,Plan Regular,Metropolitana,SANTIAGO,SANTIAGO,CASA CENTRAL (SANTIAGO),110,35
2023,701,2023|I701S0C42J4V1,No Presencial,A Distancia,Plan Regular,Metropolitana,SANTIAGO,SANTIAGO,CASA CENTRAL (SANTIAGO),20,20
2023,730,2023|I730S1C2J3V1,Semipresencial,Semipresencial,Plan Regular,Metropolitana,SANTIAGO,LAS CONDES,CASA CENTRAL (LAS CONDES),46,0
2023,730,2023|I730S1C8J3V1,Semipresencial,Semipresencial,Plan Regular,Metropolitana,SANTIAGO,LAS CONDES,CASA CENTRAL (LAS CONDES),246,97
2023,730,2023|I730S1C9J3V1,Semipresencial,Semipresencial,Plan Regular,Metropolitana,SANTIAGO,LAS CONDES,CASA CENTRAL (LAS CONDES),18,7
2023,912,2023|I912S1C10J3V1,Semipresencial,Semipresencial,Plan Regular,Metropolitana,SANTIAGO,PEÑALOLEN,CASA CENTRAL,1,1
2023,912,2023|I912S1C8J3V1,Semipresencial,Semipresencial,Plan Regular,Metropolitana,SANTIAGO,PEÑALOLEN,CASA CENTRAL,1,1
2023,920,2023|I920S2C10J3V1,Semipresencial,Semipresencial,Plan Regular,Magallanes,MAGALLANES,PUNTA ARENAS,SEDE ENLACE PUNTA ARENAS,5,5
2023,920,2023|I920S2C1J3V3,Semipresencial,Semipresencial,Plan Especial,Magallanes,MAGALLANES,PUNTA ARENAS,SEDE ENLACE PUNTA ARENAS,20,8
